game_id,season_id,year,phase,group,date,started_at,ended_at,location,innings,audience,status,finished_status,home_team,home_team_id,away_team,away_team_id,home_runs,away_runs,home_hits,away_hits,home_errors,away_errors,home_scores,away_scores,winner_side,home_win
6GSLX,CPBL-2026-oB,2026,一軍,例行賽,2026-05-24,2026-05-24 17:05,2026-05-24 20:05,樂天桃園棒球場,9,,FINISHED,NORMAL,樂天桃猿,b7yJt,富邦悍將,H0zzP,4,1,8,6,1,0,"0,1,1,0,0,0,0,2,0","0,0,0,1,0,0,0,0,0",HOME,1
CzvYx,CPBL-2026-oB,2026,一軍,例行賽,2026-05-24,2026-05-24 16:05,2026-05-24 19:50,澄清湖棒球場,9,,FINISHED,NORMAL,台鋼雄鷹,UuZ3x,統一7-ELEVEn獅,NsGzj,5,7,12,12,1,1,"0,1,2,2,0,0,0,0,0","0,0,0,1,3,0,0,1,2",AWAY,0
ShsaU,CPBL-2026-oB,2026,一軍,例行賽,2026-05-24,2026-05-24 15:05,2026-05-24 17:50,臺北大巨蛋,9,,FINISHED,NORMAL,中信兄弟,RAe8S,味全龍,GJ5tu,0,5,6,10,0,0,"0,0,0,0,0,0,0,0,0","0,0,0,1,0,3,0,0,1",AWAY,0
2ILp1,CPBL-2026-oB,2026,一軍,例行賽,2026-05-23,2026-05-23 17:06,2026-05-23 19:09,臺北大巨蛋,9,,FINISHED,NORMAL,中信兄弟,RAe8S,味全龍,GJ5tu,0,2,5,5,0,0,"0,0,0,0,0,0,0,0,0","0,0,0,0,0,0,0,2,0",AWAY,0
5pFWP,CPBL-2026-oB,2026,一軍,例行賽,2026-05-23,2026-05-23 17:05,2026-05-23 19:47,樂天桃園棒球場,9,,FINISHED,NORMAL,樂天桃猿,b7yJt,富邦悍將,H0zzP,1,3,8,9,1,0,"1,0,0,0,0,0,0,0,0","1,0,1,0,1,0,0,0,0",AWAY,0
umqEZ,CPBL-2026-oB,2026,一軍,例行賽,2026-05-23,2026-05-23 16:05,2026-05-23 18:07,澄清湖棒球場,9,,FINISHED,NORMAL,台鋼雄鷹,UuZ3x,統一7-ELEVEn獅,NsGzj,2,0,6,4,0,0,"0,0,0,2,0,0,0,0,0","0,0,0,0,0,0,0,0,0",HOME,1
iofgh,CPBL-2026-oB,2026,一軍,例行賽,2026-05-22,2026-05-22 18:36,2026-05-22 21:12,澄清湖棒球場,9,,FINISHED,NORMAL,台鋼雄鷹,UuZ3x,統一7-ELEVEn獅,NsGzj,3,1,8,7,0,1,"0,0,1,0,0,2,0,0,0","0,1,0,0,0,0,0,0,0",HOME,1
xSnE1,CPBL-2026-oB,2026,一軍,例行賽,2026-05-22,2026-05-22 18:35,2026-05-22 21:42,臺北大巨蛋,9,,FINISHED,NORMAL,中信兄弟,RAe8S,味全龍,GJ5tu,2,7,8,11,0,0,"0,0,1,0,0,0,0,1,0","0,0,0,1,0,0,0,0,6",AWAY,0
TgAWc,CPBL-2026-oB,2026,一軍,例行賽,2026-05-22,2026-05-22 18:35,2026-05-22 21:20,樂天桃園棒球場,9,,FINISHED,NORMAL,樂天桃猿,b7yJt,富邦悍將,H0zzP,3,2,8,6,0,0,"0,0,3,0,0,0,0,0,0","1,0,0,0,0,0,1,0,0",HOME,1
r0AlK,CPBL-2026-oB,2026,一軍,例行賽,2026-05-21,2026-05-21 18:35,2026-05-21 21:35,新北市立新莊棒球場,9,,FINISHED,NORMAL,富邦悍將,H0zzP,統一7-ELEVEn獅,NsGzj,6,2,9,8,0,0,"3,2,0,0,0,0,1,0,0","0,0,0,0,0,0,0,0,2",HOME,1
91ohx,CPBL-2026-oB,2026,一軍,例行賽,2026-05-20,2026-05-20 18:35,2026-05-20 21:13,新北市立新莊棒球場,9,,FINISHED,NORMAL,富邦悍將,H0zzP,統一7-ELEVEn獅,NsGzj,9,2,11,5,0,2,"0,2,1,0,0,0,4,2,0","0,0,0,0,1,0,0,0,1",HOME,1
FT4zg,CPBL-2026-oB,2026,一軍,例行賽,2026-05-20,2026-05-20 18:35,2026-05-20 21:59,樂天桃園棒球場,9,,FINISHED,NORMAL,樂天桃猿,b7yJt,中信兄弟,RAe8S,9,7,13,10,1,1,"0,0,0,4,1,2,2,0,0","0,1,0,0,3,0,0,3,0",HOME,1
2jwzB,CPBL-2026-oB,2026,一軍,例行賽,2026-05-20,2026-05-20 18:35,2026-05-20 21:27,花蓮縣立德興棒球場,9,,FINISHED,NORMAL,味全龍,GJ5tu,台鋼雄鷹,UuZ3x,5,2,9,8,0,2,"0,0,2,2,0,0,0,1,0","1,0,0,0,0,0,0,0,1",HOME,1
XkgRb,CPBL-2026-oB,2026,一軍,例行賽,2026-05-19,2026-05-19 18:35,2026-05-19 21:31,花蓮縣立德興棒球場,9,,FINISHED,NORMAL,味全龍,GJ5tu,台鋼雄鷹,UuZ3x,2,0,9,7,1,1,"0,0,0,0,0,0,0,2,0","0,0,0,0,0,0,0,0,0",HOME,1
BWiPO,CPBL-2026-oB,2026,一軍,例行賽,2026-05-17,2026-05-17 17:06,2026-05-17 20:52,新北市立新莊棒球場,9,,FINISHED,NORMAL,富邦悍將,H0zzP,台鋼雄鷹,UuZ3x,5,6,7,8,1,3,"3,0,0,0,0,1,0,0,1","1,0,4,0,0,0,0,0,1",AWAY,0
zsQYA,CPBL-2026-oB,2026,一軍,例行賽,2026-05-17,2026-05-17 16:05,2026-05-17 18:15,臺北市立天母棒球場,9,,FINISHED,NORMAL,味全龍,GJ5tu,樂天桃猿,b7yJt,2,0,4,5,2,1,"0,1,0,0,0,0,1,0,0","0,0,0,0,0,0,0,0,0",HOME,1
MiNrZ,CPBL-2026-oB,2026,一軍,例行賽,2026-05-17,2026-05-17 16:05,2026-05-17 19:05,亞太國際棒球訓練中心-主球場,9,,FINISHED,NORMAL,統一7-ELEVEn獅,NsGzj,中信兄弟,RAe8S,4,3,6,8,0,0,"0,0,0,0,0,4,0,0,0","0,0,0,1,2,0,0,0,0",HOME,1
iYUUY,CPBL-2026-oB,2026,一軍,例行賽,2026-05-16,2026-05-16 17:05,2026-05-16 20:05,新北市立新莊棒球場,9,,FINISHED,NORMAL,富邦悍將,H0zzP,台鋼雄鷹,UuZ3x,6,3,13,13,0,0,"1,1,1,3,0,0,0,0,0","0,0,0,0,1,0,0,0,2",HOME,1
OcarC,CPBL-2026-oB,2026,一軍,例行賽,2026-05-16,2026-05-16 17:05,2026-05-16 19:31,臺北市立天母棒球場,9,,FINISHED,NORMAL,味全龍,GJ5tu,樂天桃猿,b7yJt,3,1,8,6,1,0,"2,1,0,0,0,0,0,0,0","0,0,0,0,1,0,0,0,0",HOME,1
tNRvn,CPBL-2026-oB,2026,一軍,例行賽,2026-05-16,2026-05-16 16:05,2026-05-16 18:28,亞太國際棒球訓練中心-主球場,9,,FINISHED,NORMAL,統一7-ELEVEn獅,NsGzj,中信兄弟,RAe8S,0,1,7,7,0,0,"0,0,0,0,0,0,0,0,0","0,0,0,0,0,1,0,0,0",AWAY,0
5VI0o,CPBL-2026-oB,2026,一軍,例行賽,2026-05-15,2026-05-15 18:35,2026-05-15 21:07,新北市立新莊棒球場,9,,FINISHED,NORMAL,富邦悍將,H0zzP,台鋼雄鷹,UuZ3x,3,1,5,4,0,0,"1,0,0,1,0,0,0,1,0","0,0,0,0,0,0,1,0,0",HOME,1
5MVVm,CPBL-2026-oB,2026,一軍,例行賽,2026-05-15,2026-05-15 18:35,2026-05-15 21:31,臺北市立天母棒球場,9,,FINISHED,NORMAL,味全龍,GJ5tu,樂天桃猿,b7yJt,3,1,7,9,0,0,"0,0,1,0,0,0,0,2,0","0,0,0,0,0,1,0,0,0",HOME,1
bvKOH,CPBL-2026-oB,2026,一軍,例行賽,2026-05-15,2026-05-15 18:35,2026-05-15 21:50,亞太國際棒球訓練中心-主球場,9,,FINISHED,NORMAL,統一7-ELEVEn獅,NsGzj,中信兄弟,RAe8S,4,7,7,11,2,0,"0,0,0,2,0,0,2,0,0","0,0,0,0,2,2,1,0,2",AWAY,0
VxdTV,CPBL-2026-oB,2026,一軍,例行賽,2026-05-14,2026-05-14 18:35,2026-05-14 21:28,澄清湖棒球場,9,,FINISHED,NORMAL,台鋼雄鷹,UuZ3x,樂天桃猿,b7yJt,3,2,11,6,0,0,"0,0,2,0,0,0,0,0,1","0,0,0,0,0,0,0,2,0",HOME,1
cdjBA,CPBL-2026-oB,2026,一軍,例行賽,2026-05-13,2026-05-13 18:35,2026-05-13 21:21,嘉義市立棒球場,9,,FINISHED,NORMAL,台鋼雄鷹,UuZ3x,樂天桃猿,b7yJt,1,3,3,8,2,0,"0,1,0,0,0,0,0,0,0","0,0,0,0,0,3,0,0,0",AWAY,0
BSRnd,CPBL-2026-oB,2026,一軍,例行賽,2026-05-13,2026-05-13 18:35,2026-05-13 21:59,臺中市洲際棒球場,9,,FINISHED,NORMAL,中信兄弟,RAe8S,富邦悍將,H0zzP,2,17,11,18,0,1,"2,0,0,0,0,0,0,0,0","13,1,0,0,0,0,0,2,1",AWAY,0
iZ5KQ,CPBL-2026-oB,2026,一軍,例行賽,2026-05-13,2026-05-13 18:35,2026-05-13 21:07,亞太國際棒球訓練中心-主球場,9,,FINISHED,NORMAL,統一7-ELEVEn獅,NsGzj,味全龍,GJ5tu,2,1,5,4,0,1,"0,0,2,0,0,0,0,0,0","0,0,1,0,0,0,0,0,0",HOME,1
CDc0Y,CPBL-2026-oB,2026,一軍,例行賽,2026-05-12,2026-05-12 18:35,2026-05-12 21:37,亞太國際棒球訓練中心-主球場,9,,FINISHED,NORMAL,統一7-ELEVEn獅,NsGzj,味全龍,GJ5tu,5,3,12,10,1,3,"0,1,1,3,0,0,0,0,0","0,0,0,2,1,0,0,0,0",HOME,1
zUJPL,CPBL-2026-oB,2026,一軍,例行賽,2026-05-12,2026-05-12 18:35,2026-05-12 21:10,新北市立新莊棒球場,9,,FINISHED,NORMAL,富邦悍將,H0zzP,中信兄弟,RAe8S,2,1,4,5,0,0,"0,0,0,2,0,0,0,0,0","0,0,0,0,0,0,0,0,1",HOME,1
RShdF,CPBL-2026-oB,2026,一軍,例行賽,2026-05-10,2026-05-10 17:05,2026-05-10 20:00,臺中市洲際棒球場,9,,FINISHED,NORMAL,中信兄弟,RAe8S,台鋼雄鷹,UuZ3x,0,2,6,5,0,0,"0,0,0,0,0,0,0,0,0","1,0,1,0,0,0,0,0,0",AWAY,0
wHfzA,CPBL-2026-oB,2026,一軍,例行賽,2026-05-10,2026-05-10 17:06,2026-05-10 20:07,樂天桃園棒球場,9,,FINISHED,NORMAL,樂天桃猿,b7yJt,統一7-ELEVEn獅,NsGzj,7,2,11,9,1,0,"0,0,0,7,0,0,0,0,0","0,0,0,0,0,1,0,1,0",HOME,1
nIT5J,CPBL-2026-oB,2026,一軍,例行賽,2026-05-10,2026-05-10 17:06,2026-05-10 20:39,新北市立新莊棒球場,10,,FINISHED,NORMAL,富邦悍將,H0zzP,味全龍,GJ5tu,8,7,16,13,0,1,"0,3,0,0,0,1,0,0,1,3","3,0,0,0,1,0,1,0,0,2",HOME,1
kA0ee,CPBL-2026-oB,2026,一軍,例行賽,2026-05-09,2026-05-09 17:05,2026-05-09 19:54,臺中市洲際棒球場,9,,FINISHED,NORMAL,中信兄弟,RAe8S,台鋼雄鷹,UuZ3x,4,2,6,10,1,2,"2,0,0,0,1,1,0,0,0","0,0,0,0,1,0,1,0,0",HOME,1
IO0Ni,CPBL-2026-oB,2026,一軍,例行賽,2026-05-09,2026-05-09 17:05,2026-05-09 19:17,樂天桃園棒球場,9,,FINISHED,NORMAL,樂天桃猿,b7yJt,統一7-ELEVEn獅,NsGzj,0,1,7,6,0,0,"0,0,0,0,0,0,0,0,0","0,0,0,0,1,0,0,0,0",AWAY,0
oot60,CPBL-2026-oB,2026,一軍,例行賽,2026-05-09,2026-05-09 17:05,2026-05-09 20:42,新北市立新莊棒球場,9,,FINISHED,NORMAL,富邦悍將,H0zzP,味全龍,GJ5tu,2,8,8,10,2,0,"0,0,0,2,0,0,0,0,0","0,0,2,3,1,1,1,0,0",AWAY,0
OPVVo,CPBL-2026-oB,2026,一軍,例行賽,2026-05-08,2026-05-08 18:35,2026-05-08 21:30,臺中市洲際棒球場,9,,FINISHED,NORMAL,中信兄弟,RAe8S,台鋼雄鷹,UuZ3x,0,6,8,7,1,0,"0,0,0,0,0,0,0,0,0","1,0,3,2,0,0,0,0,0",AWAY,0
Fix82,CPBL-2026-oB,2026,一軍,例行賽,2026-05-08,2026-05-08 18:35,2026-05-08 21:11,樂天桃園棒球場,9,,FINISHED,NORMAL,樂天桃猿,b7yJt,統一7-ELEVEn獅,NsGzj,2,1,6,7,0,2,"0,0,0,0,0,0,1,1,0","0,0,0,1,0,0,0,0,0",HOME,1
YCpGD,CPBL-2026-oB,2026,一軍,例行賽,2026-05-08,2026-05-08 18:35,2026-05-08 21:10,新北市立新莊棒球場,9,,FINISHED,NORMAL,富邦悍將,H0zzP,味全龍,GJ5tu,2,1,5,4,1,1,"0,0,1,0,1,0,0,0,0","0,0,1,0,0,0,0,0,0",HOME,1
uo8jw,CPBL-2026-oB,2026,一軍,例行賽,2026-05-06,2026-05-06 18:35,2026-05-06 21:43,嘉義市立棒球場,9,,FINISHED,NORMAL,統一7-ELEVEn獅,NsGzj,台鋼雄鷹,UuZ3x,4,1,8,9,0,1,"2,1,0,1,0,0,0,0,0","0,0,0,0,1,0,0,0,0",HOME,1
85EP5,CPBL-2026-oB,2026,一軍,例行賽,2026-05-06,2026-05-06 18:35,2026-05-06 21:50,臺北大巨蛋,9,,FINISHED,NORMAL,味全龍,GJ5tu,中信兄弟,RAe8S,0,6,6,13,0,1,"0,0,0,0,0,0,0,0,0","1,0,0,0,0,0,0,0,5",AWAY,0
bLWyG,CPBL-2026-oB,2026,一軍,例行賽,2026-05-06,2026-05-06 18:35,2026-05-06 21:34,新北市立新莊棒球場,9,,FINISHED,NORMAL,富邦悍將,H0zzP,樂天桃猿,b7yJt,7,1,12,9,0,1,"4,0,2,1,0,0,0,0,0","0,0,0,0,1,0,0,0,0",HOME,1
60QG7,CPBL-2026-oB,2026,一軍,例行賽,2026-05-05,2026-05-05 18:35,2026-05-05 21:58,臺北大巨蛋,11,,FINISHED,NORMAL,味全龍,GJ5tu,中信兄弟,RAe8S,5,3,8,11,0,0,"1,0,2,0,0,0,0,0,0,0,2","1,0,0,0,0,0,0,0,2,0,0",HOME,1
j4kov,CPBL-2026-oB,2026,一軍,例行賽,2026-05-03,2026-05-03 16:05,2026-05-03 19:01,臺北市立天母棒球場,9,,FINISHED,NORMAL,味全龍,GJ5tu,富邦悍將,H0zzP,6,4,9,10,0,1,"0,0,1,1,0,1,0,3,0","1,0,0,3,0,0,0,0,0",HOME,1
3U75w,CPBL-2026-oB,2026,一軍,例行賽,2026-05-03,2026-05-03 16:05,2026-05-03 18:42,亞太國際棒球訓練中心-主球場,9,,FINISHED,NORMAL,統一7-ELEVEn獅,NsGzj,樂天桃猿,b7yJt,4,1,5,3,1,1,"0,0,0,0,2,0,2,0,0","1,0,0,0,0,0,0,0,0",HOME,1
hwgvG,CPBL-2026-oB,2026,一軍,例行賽,2026-05-03,2026-05-03 15:05,2026-05-03 17:50,臺北大巨蛋,10,,FINISHED,NORMAL,台鋼雄鷹,UuZ3x,中信兄弟,RAe8S,3,2,7,2,0,0,"0,0,0,0,0,1,0,1,0,1","0,0,0,0,0,2,0,0,0,0",HOME,1
D5FjN,CPBL-2026-oB,2026,一軍,例行賽,2026-05-02,2026-05-02 17:05,2026-05-02 20:04,臺北市立天母棒球場,9,,FINISHED,NORMAL,味全龍,GJ5tu,富邦悍將,H0zzP,4,5,8,8,0,0,"0,2,0,0,0,0,2,0,0","2,0,1,0,1,0,1,0,0",AWAY,0
hak0C,CPBL-2026-oB,2026,一軍,例行賽,2026-05-02,2026-05-02 16:05,2026-05-02 18:35,臺北大巨蛋,9,,FINISHED,NORMAL,台鋼雄鷹,UuZ3x,中信兄弟,RAe8S,2,0,7,4,0,1,"0,0,1,1,0,0,0,0,0","0,0,0,0,0,0,0,0,0",HOME,1
f5t9t,CPBL-2026-oB,2026,一軍,例行賽,2026-05-02,2026-05-02 16:05,2026-05-02 19:19,亞太國際棒球訓練中心-主球場,9,,FINISHED,NORMAL,統一7-ELEVEn獅,NsGzj,樂天桃猿,b7yJt,9,2,13,8,0,3,"4,0,1,0,0,0,0,4,0","0,2,0,0,0,0,0,0,0",HOME,1
SgSxl,CPBL-2026-oB,2026,一軍,例行賽,2026-05-01,2026-05-01 17:05,2026-05-01 19:42,臺北市立天母棒球場,9,,FINISHED,NORMAL,味全龍,GJ5tu,富邦悍將,H0zzP,3,1,5,7,0,4,"0,2,0,1,0,0,0,0,0","0,0,0,0,0,0,0,1,0",HOME,1
OB8x3,CPBL-2026-oB,2026,一軍,例行賽,2026-05-01,2026-05-01 16:05,2026-05-01 18:47,臺北大巨蛋,9,,FINISHED,NORMAL,台鋼雄鷹,UuZ3x,中信兄弟,RAe8S,0,2,9,3,0,0,"0,0,0,0,0,0,0,0,0","0,0,0,0,0,2,0,0,0",AWAY,0
8wLQU,CPBL-2026-oB,2026,一軍,例行賽,2026-05-01,2026-05-01 16:05,2026-05-01 18:17,亞太國際棒球訓練中心-主球場,9,,FINISHED,NORMAL,統一7-ELEVEn獅,NsGzj,樂天桃猿,b7yJt,3,0,7,5,1,0,"1,1,0,0,0,1,0,0,0","0,0,0,0,0,0,0,0,0",HOME,1
PTH8b,CPBL-2026-oB,2026,一軍,例行賽,2026-04-30,2026-04-30 18:35,2026-04-30 20:57,臺中市洲際棒球場,9,,FINISHED,NORMAL,中信兄弟,RAe8S,樂天桃猿,b7yJt,1,3,1,6,1,0,"0,1,0,0,0,0,0,0,0","0,0,0,3,0,0,0,0,0",AWAY,0
sbzxH,CPBL-2026-oB,2026,一軍,例行賽,2026-04-29,2026-04-29 19:59,2026-04-29 22:43,新北市立新莊棒球場,9,,FINISHED,NORMAL,富邦悍將,H0zzP,台鋼雄鷹,UuZ3x,1,5,8,8,0,1,"1,0,0,0,0,0,0,0,0","1,0,3,0,0,1,0,0,0",AWAY,0
kXJV1,CPBL-2026-oB,2026,一軍,例行賽,2026-04-29,2026-04-29 18:35,2026-04-29 21:13,臺中市洲際棒球場,8,,FINISHED,NORMAL,中信兄弟,RAe8S,樂天桃猿,b7yJt,2,2,6,7,1,2,"1,0,0,0,1,0,0,0","0,0,0,0,2,0,0,0",TIE,
ZY6hT,CPBL-2026-oB,2026,一軍,例行賽,2026-04-29,2026-04-29 18:35,2026-04-29 21:02,臺北市立天母棒球場,9,,FINISHED,NORMAL,味全龍,GJ5tu,統一7-ELEVEn獅,NsGzj,1,0,5,6,2,1,"0,0,0,0,0,1,0,0,0","0,0,0,0,0,0,0,0,0",HOME,1
BlizF,CPBL-2026-oB,2026,一軍,例行賽,2026-04-28,2026-04-28 18:35,2026-04-28 21:04,新北市立新莊棒球場,9,,FINISHED,NORMAL,富邦悍將,H0zzP,台鋼雄鷹,UuZ3x,6,0,10,3,1,3,"1,1,0,1,0,0,2,1,0","0,0,0,0,0,0,0,0,0",HOME,1
xX3PE,CPBL-2026-oB,2026,一軍,例行賽,2026-04-28,2026-04-28 18:35,2026-04-28 21:12,臺北市立天母棒球場,9,,FINISHED,NORMAL,味全龍,GJ5tu,統一7-ELEVEn獅,NsGzj,5,3,9,7,1,1,"1,2,0,0,0,2,0,0,0","0,0,0,1,2,0,0,0,0",HOME,1
ZSXnb,CPBL-2026-oB,2026,一軍,例行賽,2026-04-26,2026-04-26 17:05,2026-04-26 19:57,樂天桃園棒球場,9,,FINISHED,NORMAL,樂天桃猿,b7yJt,味全龍,GJ5tu,3,2,8,6,1,1,"0,0,0,0,0,0,2,0,1","0,0,0,0,0,0,0,0,2",HOME,1
G6qfU,CPBL-2026-oB,2026,一軍,例行賽,2026-04-26,2026-04-26 17:05,2026-04-26 20:49,臺中市洲際棒球場,9,,FINISHED,NORMAL,中信兄弟,RAe8S,富邦悍將,H0zzP,5,8,8,9,0,0,"0,0,1,0,0,0,2,2,0","0,0,0,0,0,7,1,0,0",AWAY,0
t6ETa,CPBL-2026-oB,2026,一軍,例行賽,2026-04-26,2026-04-26 16:05,2026-04-26 19:21,亞太國際棒球訓練中心-主球場,9,,FINISHED,NORMAL,統一7-ELEVEn獅,NsGzj,台鋼雄鷹,UuZ3x,9,5,13,13,1,0,"5,1,0,1,0,0,0,2,0","2,0,2,0,0,0,1,0,0",HOME,1
I8Wp1,CPBL-2026-oB,2026,一軍,例行賽,2026-04-25,2026-04-25 17:06,2026-04-25 20:35,樂天桃園棒球場,9,,FINISHED,NORMAL,樂天桃猿,b7yJt,味全龍,GJ5tu,1,4,5,9,0,0,"0,0,0,0,0,1,0,0,0","0,0,1,0,0,0,0,0,3",AWAY,0
HAtpQ,CPBL-2026-oB,2026,一軍,例行賽,2026-04-25,2026-04-25 17:35,2026-04-25 20:07,臺中市洲際棒球場,9,,FINISHED,NORMAL,中信兄弟,RAe8S,富邦悍將,H0zzP,1,0,6,6,0,0,"0,0,0,1,0,0,0,0,0","0,0,0,0,0,0,0,0,0",HOME,1
hwrff,CPBL-2026-oB,2026,一軍,例行賽,2026-04-25,2026-04-25 17:50,2026-04-25 20:35,亞太國際棒球訓練中心-主球場,9,,FINISHED,NORMAL,統一7-ELEVEn獅,NsGzj,台鋼雄鷹,UuZ3x,6,4,8,10,1,0,"0,3,0,0,0,0,2,1,0","0,0,4,0,0,0,0,0,0",HOME,1
XM40J,CPBL-2026-oB,2026,一軍,例行賽,2026-04-24,2026-04-24 18:35,2026-04-24 22:23,亞太國際棒球訓練中心-主球場,10,,FINISHED,NORMAL,統一7-ELEVEn獅,NsGzj,台鋼雄鷹,UuZ3x,7,6,10,11,1,1,"1,0,2,0,0,0,0,2,0,2","0,0,0,0,3,0,2,0,0,1",HOME,1
8rLfz,CPBL-2026-oB,2026,一軍,例行賽,2026-04-23,2026-04-23 18:35,2026-04-23 21:22,澄清湖棒球場,9,,FINISHED,NORMAL,台鋼雄鷹,UuZ3x,味全龍,GJ5tu,4,3,12,9,0,1,"0,0,0,2,0,0,2,0,0","0,2,0,1,0,0,0,0,0",HOME,1
bV94m,CPBL-2026-oB,2026,一軍,例行賽,2026-04-22,2026-04-22 18:35,2026-04-22 21:40,嘉義市立棒球場,9,,FINISHED,NORMAL,台鋼雄鷹,UuZ3x,味全龍,GJ5tu,0,8,3,13,1,1,"0,0,0,0,0,0,0,0,0","5,0,2,0,1,0,0,0,0",AWAY,0
PHvdC,CPBL-2026-oB,2026,一軍,例行賽,2026-04-22,2026-04-22 18:35,2026-04-22 21:01,樂天桃園棒球場,9,,FINISHED,NORMAL,樂天桃猿,b7yJt,富邦悍將,H0zzP,4,2,10,6,1,0,"1,2,0,0,1,0,0,0,0","0,0,1,0,0,0,0,1,0",HOME,1
Uzdu2,CPBL-2026-oB,2026,一軍,例行賽,2026-04-22,2026-04-22 18:35,2026-04-22 21:21,亞太國際棒球訓練中心-主球場,9,,FINISHED,NORMAL,統一7-ELEVEn獅,NsGzj,中信兄弟,RAe8S,2,7,5,8,1,0,"1,0,0,1,0,0,0,0,0","0,0,0,0,0,0,6,1,0",AWAY,0
GvnuC,CPBL-2026-oB,2026,一軍,例行賽,2026-04-21,2026-04-21 18:35,2026-04-21 21:09,樂天桃園棒球場,9,,FINISHED,NORMAL,樂天桃猿,b7yJt,富邦悍將,H0zzP,6,1,11,3,2,2,"0,0,0,0,0,0,5,1,0","1,0,0,0,0,0,0,0,0",HOME,1
NiV53,CPBL-2026-oB,2026,一軍,例行賽,2026-04-21,2026-04-21 18:35,2026-04-21 20:56,亞太國際棒球訓練中心-主球場,9,,FINISHED,NORMAL,統一7-ELEVEn獅,NsGzj,中信兄弟,RAe8S,0,6,0,14,0,0,"0,0,0,0,0,0,0,0,0","1,0,0,0,0,0,1,2,2",AWAY,0
quPX3,CPBL-2026-oB,2026,一軍,例行賽,2026-04-19,2026-04-19 17:05,2026-04-19 20:01,新北市立新莊棒球場,9,,FINISHED,NORMAL,富邦悍將,H0zzP,統一7-ELEVEn獅,NsGzj,7,1,9,5,1,1,"1,4,0,0,0,0,0,2,0","0,0,0,1,0,0,0,0,0",HOME,1
1EqFQ,CPBL-2026-oB,2026,一軍,例行賽,2026-04-19,2026-04-19 16:05,2026-04-19 18:47,臺北市立天母棒球場,9,,FINISHED,NORMAL,味全龍,GJ5tu,中信兄弟,RAe8S,9,3,7,9,0,1,"0,0,4,3,0,0,2,0,0","1,0,0,0,1,1,0,0,0",HOME,1
CsksN,CPBL-2026-oB,2026,一軍,例行賽,2026-04-19,2026-04-19 16:05,2026-04-19 19:08,澄清湖棒球場,9,,FINISHED,NORMAL,台鋼雄鷹,UuZ3x,樂天桃猿,b7yJt,5,4,7,10,1,0,"0,1,0,1,0,2,1,0,0","2,2,0,0,0,0,0,0,0",HOME,1
JvSwL,CPBL-2026-oB,2026,一軍,例行賽,2026-04-18,2026-04-18 17:05,2026-04-18 20:18,臺北市立天母棒球場,9,,FINISHED,NORMAL,味全龍,GJ5tu,中信兄弟,RAe8S,8,1,12,8,1,0,"0,0,0,0,0,2,0,6,0","1,0,0,0,0,0,0,0,0",HOME,1
DA5n4,CPBL-2026-oB,2026,一軍,例行賽,2026-04-18,2026-04-18 17:05,2026-04-18 19:41,新北市立新莊棒球場,9,,FINISHED,NORMAL,富邦悍將,H0zzP,統一7-ELEVEn獅,NsGzj,1,0,3,7,0,1,"1,0,0,0,0,0,0,0,0","0,0,0,0,0,0,0,0,0",HOME,1
Hob1Y,CPBL-2026-oB,2026,一軍,例行賽,2026-04-18,2026-04-18 16:05,2026-04-18 18:37,澄清湖棒球場,9,,FINISHED,NORMAL,台鋼雄鷹,UuZ3x,樂天桃猿,b7yJt,6,1,9,6,1,1,"0,0,2,1,1,0,1,1,0","0,0,0,0,0,0,0,0,1",HOME,1
vxM9b,CPBL-2026-oB,2026,一軍,例行賽,2026-04-17,2026-04-17 18:35,2026-04-17 21:28,臺北市立天母棒球場,9,,FINISHED,NORMAL,味全龍,GJ5tu,中信兄弟,RAe8S,3,5,7,9,1,0,"0,2,0,0,0,0,0,0,1","0,0,0,1,0,3,1,0,0",AWAY,0
L0jYz,CPBL-2026-oB,2026,一軍,例行賽,2026-04-17,2026-04-17 18:35,2026-04-17 21:41,新北市立新莊棒球場,9,,FINISHED,NORMAL,富邦悍將,H0zzP,統一7-ELEVEn獅,NsGzj,5,9,8,16,2,0,"0,3,0,0,2,0,0,0,0","0,0,2,2,1,0,1,3,0",AWAY,0
Hc6cp,CPBL-2026-oB,2026,一軍,例行賽,2026-04-17,2026-04-17 18:35,2026-04-17 21:32,澄清湖棒球場,9,,FINISHED,NORMAL,台鋼雄鷹,UuZ3x,樂天桃猿,b7yJt,3,6,7,11,1,1,"0,0,0,0,1,1,0,0,1","2,0,0,4,0,0,0,0,0",AWAY,0
LODD3,CPBL-2026-oB,2026,一軍,例行賽,2026-04-16,2026-04-16 18:35,2026-04-16 21:51,樂天桃園棒球場,9,,FINISHED,NORMAL,樂天桃猿,b7yJt,統一7-ELEVEn獅,NsGzj,3,7,7,12,2,0,"0,0,0,0,1,0,1,1,0","1,0,2,0,0,0,0,3,1",AWAY,0
AuQX3,CPBL-2026-oB,2026,一軍,例行賽,2026-04-15,2026-04-15 18:35,2026-04-15 21:13,樂天桃園棒球場,9,,FINISHED,NORMAL,樂天桃猿,b7yJt,統一7-ELEVEn獅,NsGzj,1,5,6,8,1,0,"0,0,0,0,0,0,1,0,0","0,0,0,3,1,1,0,0,0",AWAY,0
vACHU,CPBL-2026-oB,2026,一軍,例行賽,2026-04-15,2026-04-15 18:35,2026-04-15 21:18,臺中市洲際棒球場,9,,FINISHED,NORMAL,中信兄弟,RAe8S,台鋼雄鷹,UuZ3x,0,4,6,8,0,0,"0,0,0,0,0,0,0,0,0","0,0,3,0,0,0,0,0,1",AWAY,0
i0Ttv,CPBL-2026-oB,2026,一軍,例行賽,2026-04-15,2026-04-15 18:35,2026-04-15 22:48,新北市立新莊棒球場,10,,FINISHED,NORMAL,富邦悍將,H0zzP,味全龍,GJ5tu,0,1,9,8,1,0,"0,0,0,0,0,0,0,0,0,0","0,0,0,0,0,0,0,0,0,1",AWAY,0
i1B9E,CPBL-2026-oB,2026,一軍,例行賽,2026-04-14,2026-04-14 18:35,2026-04-14 21:38,臺中市洲際棒球場,9,,FINISHED,NORMAL,中信兄弟,RAe8S,台鋼雄鷹,UuZ3x,4,8,5,13,1,0,"0,0,0,0,0,0,0,4,0","4,1,0,3,0,0,0,0,0",AWAY,0
k2RmU,CPBL-2026-oB,2026,一軍,例行賽,2026-04-14,2026-04-14 18:35,2026-04-14 21:30,新北市立新莊棒球場,9,,FINISHED,NORMAL,富邦悍將,H0zzP,味全龍,GJ5tu,4,3,7,9,1,0,"1,0,0,0,0,0,0,1,2","0,1,1,0,0,0,0,0,1",HOME,1
SUa5j,CPBL-2026-oB,2026,一軍,例行賽,2026-04-12,2026-04-12 17:05,2026-04-12 20:25,樂天桃園棒球場,9,,FINISHED,NORMAL,樂天桃猿,b7yJt,中信兄弟,RAe8S,4,14,10,19,2,0,"1,2,0,0,1,0,0,0,0","3,0,5,0,0,0,2,4,0",AWAY,0
uQS6I,CPBL-2026-oB,2026,一軍,例行賽,2026-04-12,2026-04-12 16:05,2026-04-12 18:32,亞太國際棒球訓練中心-主球場,9,,FINISHED,NORMAL,統一7-ELEVEn獅,NsGzj,味全龍,GJ5tu,2,4,6,6,0,0,"0,2,0,0,0,0,0,0,0","0,2,0,0,0,1,0,0,1",AWAY,0
bN1Bu,CPBL-2026-oB,2026,一軍,例行賽,2026-04-12,2026-04-12 16:05,2026-04-12 19:29,澄清湖棒球場,9,,FINISHED,NORMAL,台鋼雄鷹,UuZ3x,富邦悍將,H0zzP,12,5,17,10,0,1,"2,3,0,0,3,0,4,0,0","0,1,0,3,0,1,0,0,0",HOME,1
SIHBH,CPBL-2026-oB,2026,一軍,例行賽,2026-04-11,2026-04-11 17:05,2026-04-11 19:33,樂天桃園棒球場,9,,FINISHED,NORMAL,樂天桃猿,b7yJt,中信兄弟,RAe8S,2,1,5,7,0,0,"1,0,0,0,0,0,0,0,1","0,0,0,1,0,0,0,0,0",HOME,1
0RAOJ,CPBL-2026-oB,2026,一軍,例行賽,2026-04-11,2026-04-11 16:05,2026-04-11 19:29,亞太國際棒球訓練中心-主球場,9,,FINISHED,NORMAL,統一7-ELEVEn獅,NsGzj,味全龍,GJ5tu,0,8,8,15,1,0,"0,0,0,0,0,0,0,0,0","1,0,0,0,2,0,3,2,0",AWAY,0
Y9P3F,CPBL-2026-oB,2026,一軍,例行賽,2026-04-11,2026-04-11 16:05,2026-04-11 18:55,澄清湖棒球場,9,,FINISHED,NORMAL,台鋼雄鷹,UuZ3x,富邦悍將,H0zzP,12,0,14,5,0,1,"0,0,1,7,0,2,0,2,0","0,0,0,0,0,0,0,0,0",HOME,1
OzPYD,CPBL-2026-oB,2026,一軍,例行賽,2026-04-10,2026-04-10 18:35,2026-04-10 21:11,樂天桃園棒球場,9,,FINISHED,NORMAL,樂天桃猿,b7yJt,中信兄弟,RAe8S,4,2,7,7,1,1,"1,0,0,1,1,0,1,0,0","0,1,0,0,0,1,0,0,0",HOME,1
cDtrA,CPBL-2026-oB,2026,一軍,例行賽,2026-04-10,2026-04-10 18:36,2026-04-10 21:17,亞太國際棒球訓練中心-主球場,9,,FINISHED,NORMAL,統一7-ELEVEn獅,NsGzj,味全龍,GJ5tu,2,4,6,7,0,1,"0,0,0,0,1,0,0,0,1","1,0,0,0,0,0,3,0,0",AWAY,0
ft7wR,CPBL-2026-oB,2026,一軍,例行賽,2026-04-10,2026-04-10 18:36,2026-04-10 21:47,澄清湖棒球場,9,,FINISHED,NORMAL,台鋼雄鷹,UuZ3x,富邦悍將,H0zzP,2,6,9,11,1,0,"0,0,0,0,0,0,0,0,2","0,0,0,0,0,3,0,0,3",AWAY,0
KMMG8,CPBL-2026-oB,2026,一軍,例行賽,2026-04-07,2026-04-07 18:35,2026-04-07 21:11,澄清湖棒球場,8,,FINISHED,NORMAL,台鋼雄鷹,UuZ3x,統一7-ELEVEn獅,NsGzj,1,1,5,5,1,0,"0,0,0,1,0,0,0,0","0,1,0,0,0,0,0,0",TIE,
cpCIe,CPBL-2026-oB,2026,一軍,例行賽,2026-04-06,2026-04-06 17:05,2026-04-06 20:33,新北市立新莊棒球場,10,,FINISHED,NORMAL,富邦悍將,H0zzP,中信兄弟,RAe8S,5,4,9,13,1,0,"2,0,1,0,0,0,0,1,0,1","0,1,3,0,0,0,0,0,0,0",HOME,1
J5kRG,CPBL-2026-oB,2026,一軍,例行賽,2026-04-06,2026-04-06 16:05,2026-04-06 18:38,臺北市立天母棒球場,9,,FINISHED,NORMAL,味全龍,GJ5tu,樂天桃猿,b7yJt,0,1,5,6,2,0,"0,0,0,0,0,0,0,0,0","0,0,0,0,0,1,0,0,0",AWAY,0
18f9q,CPBL-2026-oB,2026,一軍,例行賽,2026-04-06,2026-04-06 16:05,2026-04-06 18:42,澄清湖棒球場,9,,FINISHED,NORMAL,台鋼雄鷹,UuZ3x,統一7-ELEVEn獅,NsGzj,7,4,7,6,1,1,"3,0,3,0,0,1,0,0,0","0,0,0,0,0,2,0,1,1",HOME,1
T8sYv,CPBL-2026-oB,2026,一軍,例行賽,2026-04-05,2026-04-05 17:05,2026-04-05 19:59,新北市立新莊棒球場,9,,FINISHED,NORMAL,富邦悍將,H0zzP,樂天桃猿,b7yJt,1,5,6,9,0,0,"1,0,0,0,0,0,0,0,0","1,0,1,0,1,1,0,1,0",AWAY,0
54qs5,CPBL-2026-oB,2026,一軍,例行賽,2026-04-05,2026-04-05 17:05,2026-04-05 20:16,臺中市洲際棒球場,9,,FINISHED,NORMAL,中信兄弟,RAe8S,統一7-ELEVEn獅,NsGzj,4,9,11,12,0,0,"0,0,0,3,0,1,0,0,0","1,1,0,0,4,0,0,3,0",AWAY,0
VmgSH,CPBL-2026-oB,2026,一軍,例行賽,2026-04-05,2026-04-05 16:05,2026-04-05 18:29,臺北市立天母棒球場,9,,FINISHED,NORMAL,味全龍,GJ5tu,台鋼雄鷹,UuZ3x,2,1,5,4,0,0,"0,0,0,0,0,1,0,0,1","0,0,0,0,0,0,0,0,1",HOME,1
fJDTg,CPBL-2026-oB,2026,一軍,例行賽,2026-04-04,2026-04-04 17:05,2026-04-04 20:47,臺北市立天母棒球場,9,,FINISHED,NORMAL,味全龍,GJ5tu,台鋼雄鷹,UuZ3x,6,7,9,11,1,0,"0,1,4,0,1,0,0,0,0","0,0,0,0,0,1,2,3,1",AWAY,0
rk0EJ,CPBL-2026-oB,2026,一軍,例行賽,2026-04-03,2026-04-03 17:05,2026-04-03 20:25,臺北市立天母棒球場,9,,FINISHED,NORMAL,味全龍,GJ5tu,台鋼雄鷹,UuZ3x,5,4,10,6,2,0,"0,0,0,1,0,0,0,3,1","0,1,0,2,0,0,0,1,0",HOME,1
gSqiw,CPBL-2026-oB,2026,一軍,例行賽,2026-04-03,2026-04-03 17:05,2026-04-03 19:51,新北市立新莊棒球場,9,,FINISHED,NORMAL,富邦悍將,H0zzP,樂天桃猿,b7yJt,3,2,7,4,2,0,"1,0,0,0,0,1,1,0,0","1,0,0,1,0,0,0,0,0",HOME,1
pWzi4,CPBL-2026-oB,2026,一軍,例行賽,2026-04-03,2026-04-03 17:05,2026-04-03 20:02,臺中市洲際棒球場,9,,FINISHED,NORMAL,中信兄弟,RAe8S,統一7-ELEVEn獅,NsGzj,2,6,3,12,0,1,"0,0,2,0,0,0,0,0,0","0,0,1,0,2,1,1,1,0",AWAY,0
F5ntQ,CPBL-2026-oB,2026,一軍,例行賽,2026-04-01,2026-04-01 18:35,2026-04-01 21:27,亞太國際棒球訓練中心-主球場,9,,FINISHED,NORMAL,統一7-ELEVEn獅,NsGzj,富邦悍將,H0zzP,4,2,8,6,0,1,"0,0,0,2,2,0,0,0,0","0,0,0,0,0,0,0,2,0",HOME,1
X1Dsr,CPBL-2026-oB,2026,一軍,例行賽,2026-04-01,2026-04-01 18:35,2026-04-01 21:48,樂天桃園棒球場,9,,FINISHED,NORMAL,樂天桃猿,b7yJt,台鋼雄鷹,UuZ3x,1,6,8,10,0,1,"0,0,0,0,1,0,0,0,0","0,0,3,0,1,0,0,0,2",AWAY,0
jlpHu,CPBL-2026-oB,2026,一軍,例行賽,2026-04-01,2026-04-01 18:35,2026-04-01 21:48,臺中市洲際棒球場,9,,FINISHED,NORMAL,中信兄弟,RAe8S,味全龍,GJ5tu,2,8,6,13,0,2,"0,0,1,0,0,1,0,0,0","0,0,1,0,0,0,7,0,0",AWAY,0
AKUsB,CPBL-2026-oB,2026,一軍,例行賽,2026-03-31,2026-03-31 18:35,2026-03-31 21:31,亞太國際棒球訓練中心-主球場,9,,FINISHED,NORMAL,統一7-ELEVEn獅,NsGzj,富邦悍將,H0zzP,3,5,7,11,0,0,"0,3,0,0,0,0,0,0,0","1,0,1,0,1,0,0,1,1",AWAY,0
OhZGS,CPBL-2026-oB,2026,一軍,例行賽,2026-03-31,2026-03-31 18:36,2026-03-31 21:33,樂天桃園棒球場,9,,FINISHED,NORMAL,樂天桃猿,b7yJt,台鋼雄鷹,UuZ3x,1,3,2,7,0,0,"0,0,0,1,0,0,0,0,0","0,0,0,0,0,2,0,0,1",AWAY,0
nMU51,CPBL-2026-oB,2026,一軍,例行賽,2026-03-31,2026-03-31 18:35,2026-03-31 21:07,臺中市洲際棒球場,9,,FINISHED,NORMAL,中信兄弟,RAe8S,味全龍,GJ5tu,4,1,5,5,0,1,"0,0,0,0,0,3,0,1,0","0,0,0,0,0,0,0,0,1",HOME,1
WAJFz,CPBL-2026-oB,2026,一軍,例行賽,2026-03-29,2026-03-29 17:05,2026-03-29 20:23,臺中市洲際棒球場,9,,FINISHED,NORMAL,中信兄弟,RAe8S,富邦悍將,H0zzP,2,8,11,17,1,0,"0,1,1,0,0,0,0,0,0","2,0,0,2,1,1,2,0,0",AWAY,0
VtD8Q,CPBL-2026-oB,2026,一軍,例行賽,2026-03-29,2026-03-29 17:07,2026-03-29 19:56,臺北大巨蛋,9,,FINISHED,NORMAL,樂天桃猿,b7yJt,味全龍,GJ5tu,2,3,8,6,2,0,"2,0,0,0,0,0,0,0,0","0,0,0,2,1,0,0,0,0",AWAY,0
s6CGJ,CPBL-2026-oB,2026,一軍,例行賽,2026-03-29,2026-03-29 16:05,2026-03-29 18:37,亞太國際棒球訓練中心-主球場,9,,FINISHED,NORMAL,統一7-ELEVEn獅,NsGzj,台鋼雄鷹,UuZ3x,3,1,7,5,0,0,"0,1,0,0,0,1,0,1,0","0,0,0,0,0,0,1,0,0",HOME,1
vcrRn,CPBL-2026-oB,2026,一軍,例行賽,2026-03-28,2026-03-28 17:06,2026-03-28 20:02,臺北大巨蛋,9,,FINISHED,NORMAL,樂天桃猿,b7yJt,中信兄弟,RAe8S,3,2,8,10,0,1,"0,0,0,0,1,0,0,1,1","0,0,0,0,0,0,2,0,0",HOME,1
135a3,CPBL-2026-4j,2026,一軍-2,春訓,2026-03-25,2026-03-25 18:35,2026-03-25 21:24,澄清湖棒球場,9,,FINISHED,NORMAL,統一7-ELEVEn獅,1K0VJ,台鋼雄鷹,Zay48,5,6,10,8,1,1,"0,0,0,0,1,3,1,0,0","0,0,0,1,0,1,0,2,2",AWAY,0
Qp3a6,CPBL-2026-4j,2026,一軍-2,春訓,2026-03-25,2026-03-25 18:35,2026-03-25 21:29,嘉義市立棒球場,9,,FINISHED,NORMAL,富邦悍將,JqOHE,中信兄弟,4hMrL,0,5,8,9,1,0,"0,0,0,0,0,0,0,0,0","0,2,0,1,2,0,0,0,0",AWAY,0
I5BAr,CPBL-2026-4j,2026,一軍-2,春訓,2026-03-24,2026-03-24 18:35,2026-03-24 21:10,澄清湖棒球場,9,,FINISHED,NORMAL,中信兄弟,4hMrL,台鋼雄鷹,Zay48,1,4,7,8,1,1,"0,1,0,0,0,0,0,0,0","0,0,0,0,3,0,0,1,0",AWAY,0
A9qWm,CPBL-2026-4j,2026,一軍-2,春訓,2026-03-24,2026-03-24 18:35,2026-03-24 21:39,嘉義市立棒球場,9,,FINISHED,NORMAL,樂天桃猿,A8lKW,統一7-ELEVEn獅,1K0VJ,1,2,11,9,0,4,"0,0,0,0,0,1,0,0,0","0,0,0,0,1,1,0,0,0",AWAY,0
i2WID,CPBL-2026-4j,2026,一軍-2,春訓,2026-03-24,2026-03-24 18:35,2026-03-24 20:59,斗六棒球場,9,,FINISHED,NORMAL,富邦悍將,JqOHE,味全龍,vrSP6,4,2,7,9,0,0,"0,2,0,2,0,0,0,0,0","2,0,0,0,0,0,0,0,0",HOME,1
PszXS,CPBL-2026-4j,2026,一軍-2,春訓,2026-03-23,2026-03-23 18:35,2026-03-23 21:33,斗六棒球場,9,,FINISHED,NORMAL,樂天桃猿,A8lKW,味全龍,vrSP6,5,3,12,7,0,1,"0,1,2,0,0,0,2,0,0","0,1,0,0,0,0,0,2,0",HOME,1
BDQdK,CPBL-2026-4j,2026,一軍-2,春訓,2026-03-22,2026-03-22 17:05,2026-03-22 20:00,澄清湖棒球場,9,,FINISHED,NORMAL,台鋼雄鷹,Zay48,樂天桃猿,A8lKW,2,9,5,16,1,1,"0,0,0,0,0,0,0,2,0","2,0,1,0,0,1,0,2,3",AWAY,0
8ctjA,CPBL-2026-4j,2026,一軍-2,春訓,2026-03-22,2026-03-22 17:05,2026-03-22 20:14,斗六棒球場,9,,FINISHED,NORMAL,中信兄弟,4hMrL,味全龍,vrSP6,4,7,11,13,0,0,"3,0,1,0,0,0,0,0,0","0,0,1,0,0,3,1,0,2",AWAY,0
BFtvb,CPBL-2026-4j,2026,一軍-2,春訓,2026-03-22,2026-03-22 13:05,2026-03-22 15:52,亞太國際棒球訓練中心-主球場,9,,FINISHED,NORMAL,統一7-ELEVEn獅,1K0VJ,富邦悍將,JqOHE,3,5,9,11,0,1,"0,0,1,1,0,1,0,0,0","0,0,0,3,0,1,1,0,0",AWAY,0
qaAVY,CPBL-2026-4j,2026,一軍-2,春訓,2026-03-21,2026-03-21 17:06,2026-03-21 19:40,澄清湖棒球場,9,,FINISHED,NORMAL,樂天桃猿,A8lKW,富邦悍將,JqOHE,1,2,3,7,0,1,"1,0,0,0,0,0,0,0,0","0,0,0,0,1,0,1,0,0",AWAY,0
2hVtR,CPBL-2026-4j,2026,一軍-2,春訓,2026-03-21,2026-03-21 17:05,2026-03-21 20:07,斗六棒球場,9,,FINISHED,NORMAL,台鋼雄鷹,Zay48,味全龍,vrSP6,6,5,9,10,0,1,"0,0,0,0,0,1,0,0,5","0,3,0,0,0,0,0,2,0",HOME,1
ITLSX,CPBL-2026-4j,2026,一軍-2,春訓,2026-03-21,2026-03-21 13:06,2026-03-21 16:04,亞太國際棒球訓練中心-主球場,9,,FINISHED,NORMAL,統一7-ELEVEn獅,1K0VJ,中信兄弟,4hMrL,6,3,10,9,1,0,"0,0,0,0,2,1,3,0,0","0,1,0,0,2,0,0,0,0",HOME,1
vwgA3,CPBL-2026-4j,2026,一軍-2,春訓,2026-03-20,2026-03-20 18:35,2026-03-20 21:24,澄清湖棒球場,9,,FINISHED,NORMAL,台鋼雄鷹,Zay48,中信兄弟,4hMrL,5,3,11,9,0,0,"2,0,0,0,0,1,2,0,0","0,0,0,0,0,0,0,2,1",HOME,1
D5QC0,CPBL-2026-4j,2026,一軍-2,春訓,2026-03-20,2026-03-20 18:36,2026-03-20 21:32,亞太國際棒球訓練中心-主球場,9,,FINISHED,NORMAL,統一7-ELEVEn獅,1K0VJ,樂天桃猿,A8lKW,4,5,10,12,1,0,"0,0,2,0,0,0,1,0,1","0,0,0,1,0,1,0,0,3",AWAY,0
gsK1D,CPBL-2026-4j,2026,一軍-2,春訓,2026-03-20,2026-03-20 18:35,2026-03-20 21:25,斗六棒球場,10,,FINISHED,NORMAL,味全龍,vrSP6,富邦悍將,JqOHE,2,3,7,6,1,1,"0,1,0,0,1,0,0,0,0,0","2,0,0,0,0,0,0,0,0,1",AWAY,0
lY9fm,CPBL-2026-4j,2026,一軍-2,春訓,2026-03-18,2026-03-18 18:35,2026-03-18 20:53,斗六棒球場,9,,FINISHED,NORMAL,統一7-ELEVEn獅,1K0VJ,味全龍,vrSP6,4,2,7,9,0,0,"0,0,1,1,0,0,2,0,0","0,1,0,0,0,0,1,0,0",HOME,1
Yyyuz,CPBL-2026-4j,2026,一軍-2,春訓,2026-03-18,2026-03-18 18:36,2026-03-18 21:49,澄清湖棒球場,9,,FINISHED,NORMAL,樂天桃猿,A8lKW,中信兄弟,4hMrL,5,12,10,13,1,2,"0,0,3,0,0,2,0,0,0","0,0,0,1,3,0,8,0,0",AWAY,0
iTdkJ,CPBL-2026-4j,2026,一軍-2,春訓,2026-03-17,2026-03-17 18:35,2026-03-17 21:23,斗六棒球場,9,,FINISHED,NORMAL,味全龍,vrSP6,台鋼雄鷹,Zay48,4,7,9,9,1,0,"0,1,0,2,1,0,0,0,0","0,0,0,0,0,3,0,3,1",AWAY,0
ThqNB,CPBL-2026-4j,2026,一軍-2,春訓,2026-03-17,2026-03-17 18:36,2026-03-17 21:22,澄清湖棒球場,9,,FINISHED,NORMAL,富邦悍將,JqOHE,樂天桃猿,A8lKW,4,3,8,8,0,1,"0,0,0,1,0,0,0,1,2","0,2,0,0,1,0,0,0,0",HOME,1
JgvtQ,CPBL-2026-4j,2026,一軍-2,春訓,2026-03-15,2026-03-15 18:35,2026-03-15 21:03,斗六棒球場,9,,FINISHED,NORMAL,樂天桃猿,A8lKW,台鋼雄鷹,Zay48,5,2,10,4,1,2,"0,4,1,0,0,0,0,0,0","0,0,1,0,0,0,0,1,0",HOME,1
qg4oP,CPBL-2026-4j,2026,一軍-2,春訓,2026-03-15,2026-03-15 13:05,2026-03-15 15:24,亞太國際棒球訓練中心-副球場,9,,FINISHED,NORMAL,富邦悍將,JqOHE,統一7-ELEVEn獅,1K0VJ,5,2,12,8,1,0,"0,1,2,0,1,1,0,0,0","0,0,0,0,0,0,0,2,0",HOME,1
qAio7,CPBL-2026-4j,2026,一軍-2,春訓,2026-03-15,2026-03-15 12:05,2026-03-15 14:54,斗六棒球場,9,,FINISHED,NORMAL,味全龍,vrSP6,中信兄弟,4hMrL,2,5,8,11,2,1,"0,0,0,0,0,0,0,0,2","0,0,1,0,4,0,0,0,0",AWAY,0
RQfFW,CPBL-2026-4j,2026,一軍-2,春訓,2026-03-14,2026-03-14 18:35,2026-03-14 21:47,斗六棒球場,10,,FINISHED,NORMAL,富邦悍將,JqOHE,台鋼雄鷹,Zay48,5,5,8,8,2,0,"0,0,0,0,1,1,0,3,0,0","0,0,0,4,1,0,0,0,0,0",TIE,
nfNA3,CPBL-2026-4j,2026,一軍-2,春訓,2026-03-14,2026-03-14 13:06,2026-03-14 15:59,亞太國際棒球訓練中心-副球場,9,,FINISHED,NORMAL,中信兄弟,4hMrL,統一7-ELEVEn獅,1K0VJ,1,10,7,11,1,0,"0,0,0,0,0,1,0,0,0","2,0,0,2,0,5,0,0,1",AWAY,0
GXrue,CPBL-2026-4j,2026,一軍-2,春訓,2026-03-14,2026-03-14 12:05,2026-03-14 14:54,斗六棒球場,9,,FINISHED,NORMAL,味全龍,vrSP6,樂天桃猿,A8lKW,3,5,5,10,1,0,"0,0,0,0,0,0,2,1,0","0,5,0,0,0,0,0,0,0",AWAY,0
vprHs,CPBL-2026-4j,2026,一軍-2,春訓,2026-03-13,2026-03-13 18:35,2026-03-13 21:22,澄清湖棒球場,9,,FINISHED,NORMAL,台鋼雄鷹,Zay48,富邦悍將,JqOHE,8,4,13,8,0,2,"2,3,0,0,0,2,0,1,0","1,1,0,1,0,0,0,1,0",HOME,1
GVaRn,CPBL-2026-4j,2026,一軍-2,春訓,2026-03-12,2026-03-12 18:35,2026-03-12 21:47,斗六棒球場,10,,FINISHED,NORMAL,味全龍,vrSP6,統一7-ELEVEn獅,1K0VJ,5,4,12,9,0,3,"0,0,0,2,0,1,0,0,0,2","0,0,1,0,1,1,0,0,0,1",HOME,1
EgUiB,CPBL-2026-4j,2026,一軍-2,春訓,2026-03-12,2026-03-12 18:36,2026-03-12 21:11,澄清湖棒球場,9,,FINISHED,NORMAL,中信兄弟,4hMrL,樂天桃猿,A8lKW,3,2,4,8,1,1,"0,1,1,1,0,0,0,0,0","0,0,0,0,0,0,0,2,0",HOME,1
CeofX,CPBL-2026-4j,2026,一軍-2,春訓,2026-03-10,2026-03-10 18:35,2026-03-10 21:18,澄清湖棒球場,9,,FINISHED,NORMAL,中信兄弟,4hMrL,富邦悍將,JqOHE,3,2,6,9,0,0,"0,0,0,0,0,0,0,3,0","0,0,0,0,1,0,0,1,0",HOME,1
UpMOH,CPBL-2026-4j,2026,一軍-2,春訓,2026-03-09,2026-03-09 18:35,2026-03-09 21:36,澄清湖棒球場,9,,FINISHED,NORMAL,台鋼雄鷹,Zay48,統一7-ELEVEn獅,1K0VJ,3,4,12,7,2,1,"1,0,0,0,1,0,1,0,0","0,0,0,0,0,0,0,0,4",AWAY,0
Df3dE,CPBL-2025-JO,2025,一軍,例行賽,2025-10-06,2025-10-06 17:05,2025-10-06 20:19,澄清湖棒球場,10,,FINISHED,NORMAL,統一7-ELEVEn獅,Xs1sP,樂天桃猿,WyADE,4,5,10,14,2,0,"0,0,0,0,0,2,1,1,0,0","0,0,2,0,0,0,2,0,0,1",AWAY,0
gp7cc,CPBL-2025-JO,2025,一軍,例行賽,2025-10-05,2025-10-05 17:05,2025-10-05 19:55,臺中市洲際棒球場,9,,FINISHED,NORMAL,中信兄弟,Kae1X,統一7-ELEVEn獅,Xs1sP,1,7,6,8,1,1,"0,0,0,1,0,0,0,0,0","0,0,2,0,0,0,4,0,1",AWAY,0
z8KAm,CPBL-2025-JO,2025,一軍,例行賽,2025-10-05,2025-10-05 17:05,2025-10-05 20:04,澄清湖棒球場,9,,FINISHED,NORMAL,台鋼雄鷹,t6zJf,味全龍,R2VRh,4,3,6,7,1,0,"0,0,0,1,0,0,0,3,0","0,0,0,0,0,2,1,0,0",HOME,1
mlpXQ,CPBL-2025-JO,2025,一軍,例行賽,2025-10-04,2025-10-04 17:05,2025-10-04 19:37,新北市立新莊棒球場,9,,FINISHED,NORMAL,富邦悍將,wi4T3,樂天桃猿,WyADE,7,2,11,5,0,1,"0,0,0,4,0,3,0,0,0","0,0,0,0,0,0,0,2,0",HOME,1
pE8AN,CPBL-2025-JO,2025,一軍,例行賽,2025-10-04,2025-10-04 17:06,2025-10-04 19:46,澄清湖棒球場,9,,FINISHED,NORMAL,台鋼雄鷹,t6zJf,中信兄弟,Kae1X,1,4,3,8,0,4,"0,0,0,0,1,0,0,0,0","0,1,3,0,0,0,0,0,0",AWAY,0
jGkTm,CPBL-2025-JO,2025,一軍,例行賽,2025-10-03,2025-10-03 18:35,2025-10-03 21:23,臺中市洲際棒球場,9,,FINISHED,NORMAL,中信兄弟,Kae1X,台鋼雄鷹,t6zJf,2,0,3,6,0,1,"2,0,0,0,0,0,0,0,0","0,0,0,0,0,0,0,0,0",HOME,1
XNkjZ,CPBL-2025-JO,2025,一軍,例行賽,2025-10-03,2025-10-03 18:35,2025-10-03 21:18,臺北市立天母棒球場,9,,FINISHED,NORMAL,味全龍,R2VRh,富邦悍將,wi4T3,3,6,8,8,1,0,"0,0,0,0,0,3,0,0,0","3,0,0,3,0,0,0,0,0",AWAY,0
2o3OR,CPBL-2025-JO,2025,一軍,例行賽,2025-10-03,2025-10-03 18:36,2025-10-03 21:39,嘉義市立棒球場,9,,FINISHED,NORMAL,統一7-ELEVEn獅,Xs1sP,樂天桃猿,WyADE,3,7,7,14,0,1,"0,1,0,0,0,2,0,0,0","0,0,5,0,1,1,0,0,0",AWAY,0
Ysy25,CPBL-2025-JO,2025,一軍,例行賽,2025-10-02,2025-10-02 18:35,2025-10-02 21:16,澄清湖棒球場,9,,FINISHED,NORMAL,統一7-ELEVEn獅,Xs1sP,富邦悍將,wi4T3,0,2,6,9,0,1,"0,0,0,0,0,0,0,0,0","0,1,0,0,1,0,0,0,0",AWAY,0
mn6vL,CPBL-2025-JO,2025,一軍,例行賽,2025-10-02,2025-10-02 18:35,2025-10-02 21:45,臺中市洲際棒球場,9,,FINISHED,NORMAL,中信兄弟,Kae1X,味全龍,R2VRh,6,2,5,9,1,1,"0,0,0,1,1,2,2,0,0","0,0,0,0,0,0,1,0,1",HOME,1
0XKNP,CPBL-2025-JO,2025,一軍,例行賽,2025-10-02,2025-10-02 18:35,2025-10-02 21:25,嘉義市立棒球場,9,,FINISHED,NORMAL,台鋼雄鷹,t6zJf,樂天桃猿,WyADE,2,3,3,9,1,0,"0,0,0,0,0,0,0,0,2","0,0,0,1,0,0,0,1,1",AWAY,0
Su6io,CPBL-2025-JO,2025,一軍,例行賽,2025-10-01,2025-10-01 18:35,2025-10-01 21:53,新北市立新莊棒球場,10,,FINISHED,NORMAL,富邦悍將,wi4T3,中信兄弟,Kae1X,6,5,12,8,0,0,"0,0,0,0,0,1,0,2,0,3","0,3,0,0,0,0,0,0,0,2",HOME,1
e79Eo,CPBL-2025-JO,2025,一軍,例行賽,2025-10-01,2025-10-01 18:35,2025-10-01 20:55,澄清湖棒球場,9,,FINISHED,NORMAL,台鋼雄鷹,t6zJf,樂天桃猿,WyADE,3,0,7,6,0,1,"0,1,0,2,0,0,0,0,0","0,0,0,0,0,0,0,0,0",HOME,1
Ubz5u,CPBL-2025-JO,2025,一軍,例行賽,2025-09-29,2025-09-29 17:06,2025-09-29 20:26,樂天桃園棒球場,9,,FINISHED,NORMAL,樂天桃猿,WyADE,台鋼雄鷹,t6zJf,3,7,7,13,2,1,"1,0,0,0,1,0,1,0,0","0,3,0,0,1,0,0,0,3",AWAY,0
XXlLP,CPBL-2025-JO,2025,一軍,例行賽,2025-09-29,2025-09-29 17:05,2025-09-29 20:16,新北市立新莊棒球場,9,,FINISHED,NORMAL,富邦悍將,wi4T3,味全龍,R2VRh,10,7,18,10,2,0,"0,3,4,3,0,0,0,0,0","6,0,0,0,1,0,0,0,0",HOME,1
0Sgkt,CPBL-2025-JO,2025,一軍,例行賽,2025-09-29,2025-09-29 17:05,2025-09-29 20:35,臺中市洲際棒球場,9,,FINISHED,NORMAL,中信兄弟,Kae1X,統一7-ELEVEn獅,Xs1sP,4,6,15,11,1,2,"1,0,0,0,0,2,0,0,1","0,0,2,0,0,0,0,2,2",AWAY,0
pj7SO,CPBL-2025-JO,2025,一軍,例行賽,2025-09-28,2025-09-28 17:05,2025-09-28 20:31,臺北市立天母棒球場,9,,FINISHED,NORMAL,味全龍,R2VRh,富邦悍將,wi4T3,1,3,6,13,1,0,"0,0,0,0,0,1,0,0,0","2,0,0,0,0,0,0,1,0",AWAY,0
cPX3V,CPBL-2025-JO,2025,一軍,例行賽,2025-09-28,2025-09-28 17:05,2025-09-28 19:45,樂天桃園棒球場,9,,FINISHED,NORMAL,樂天桃猿,WyADE,中信兄弟,Kae1X,0,4,4,13,1,0,"0,0,0,0,0,0,0,0,0","0,0,0,0,2,2,0,0,0",AWAY,0
JmyFp,CPBL-2025-JO,2025,一軍,例行賽,2025-09-28,2025-09-28 15:05,2025-09-28 18:19,臺北大巨蛋,9,,FINISHED,NORMAL,台鋼雄鷹,t6zJf,統一7-ELEVEn獅,Xs1sP,8,3,11,8,0,0,"0,1,5,1,0,1,0,0,0","2,0,0,0,1,0,0,0,0",HOME,1
TyMdQ,CPBL-2025-JO,2025,一軍,例行賽,2025-09-27,2025-09-27 17:05,2025-09-27 20:04,臺北市立天母棒球場,9,,FINISHED,NORMAL,味全龍,R2VRh,富邦悍將,wi4T3,9,0,15,5,1,2,"0,1,0,0,0,4,3,1,0","0,0,0,0,0,0,0,0,0",HOME,1
aXNdo,CPBL-2025-JO,2025,一軍,例行賽,2025-09-27,2025-09-27 17:05,2025-09-27 20:19,樂天桃園棒球場,9,,FINISHED,NORMAL,樂天桃猿,WyADE,中信兄弟,Kae1X,5,7,14,11,2,1,"1,0,0,0,0,0,0,0,4","0,0,0,2,0,0,0,0,5",AWAY,0
yTBcN,CPBL-2025-JO,2025,一軍,例行賽,2025-09-27,2025-09-27 16:05,2025-09-27 19:16,臺北大巨蛋,9,,FINISHED,NORMAL,台鋼雄鷹,t6zJf,統一7-ELEVEn獅,Xs1sP,0,1,11,8,1,0,"0,0,0,0,0,0,0,0,0","0,0,0,0,0,1,0,0,0",AWAY,0
ihRFH,CPBL-2025-JO,2025,一軍,例行賽,2025-09-26,2025-09-26 18:35,2025-09-26 21:11,臺北大巨蛋,9,,FINISHED,NORMAL,台鋼雄鷹,t6zJf,樂天桃猿,WyADE,0,4,1,9,0,0,"0,0,0,0,0,0,0,0,0","0,0,0,0,0,0,4,0,0",AWAY,0
TYyor,CPBL-2025-JO,2025,一軍,例行賽,2025-09-26,2025-09-26 18:35,2025-09-26 21:14,澄清湖棒球場,9,,FINISHED,NORMAL,統一7-ELEVEn獅,Xs1sP,味全龍,R2VRh,0,2,6,8,0,0,"0,0,0,0,0,0,0,0,0","0,1,0,0,0,0,0,0,1",AWAY,0
O3UYh,CPBL-2025-JO,2025,一軍,例行賽,2025-09-26,2025-09-26 18:35,2025-09-26 21:41,新北市立新莊棒球場,9,,FINISHED,NORMAL,富邦悍將,wi4T3,中信兄弟,Kae1X,2,9,5,16,1,0,"0,0,0,2,0,0,0,0,0","0,2,2,0,0,0,1,4,0",AWAY,0
IIqGE,CPBL-2025-JO,2025,一軍,例行賽,2025-09-25,2025-09-25 18:36,2025-09-25 21:35,臺北大巨蛋,9,,FINISHED,NORMAL,台鋼雄鷹,t6zJf,樂天桃猿,WyADE,5,2,10,11,1,0,"0,0,3,1,1,0,0,0,0","1,0,0,0,0,0,1,0,0",HOME,1
NZtMA,CPBL-2025-JO,2025,一軍,例行賽,2025-09-25,2025-09-25 18:35,2025-09-25 21:23,澄清湖棒球場,9,,FINISHED,NORMAL,統一7-ELEVEn獅,Xs1sP,味全龍,R2VRh,8,2,8,7,1,0,"0,4,0,2,2,0,0,0,0","0,0,2,0,0,0,0,0,0",HOME,1
yhk1P,CPBL-2025-JO,2025,一軍,例行賽,2025-09-25,2025-09-25 18:35,2025-09-25 22:22,新北市立新莊棒球場,11,,FINISHED,NORMAL,富邦悍將,wi4T3,中信兄弟,Kae1X,6,7,10,11,1,0,"1,0,1,0,0,1,2,0,0,1,0","3,0,2,0,0,0,0,0,0,1,1",AWAY,0
bh9k1,CPBL-2025-JO,2025,一軍,例行賽,2025-09-23,2025-09-23 18:50,2025-09-23 21:54,臺北市立天母棒球場,9,,FINISHED,NORMAL,味全龍,R2VRh,樂天桃猿,WyADE,3,8,12,9,4,0,"0,1,0,0,1,0,1,0,0","2,0,0,0,5,0,1,0,0",AWAY,0
VAATF,CPBL-2025-JO,2025,一軍,例行賽,2025-09-21,2025-09-21 17:05,2025-09-21 20:10,臺中市洲際棒球場,9,,FINISHED,NORMAL,中信兄弟,Kae1X,味全龍,R2VRh,2,5,6,12,0,0,"0,0,0,0,0,0,1,0,1","0,0,0,2,1,2,0,0,0",AWAY,0
ljfok,CPBL-2025-JO,2025,一軍,例行賽,2025-09-21,2025-09-21 16:05,2025-09-21 18:57,臺北大巨蛋,9,,FINISHED,NORMAL,富邦悍將,wi4T3,台鋼雄鷹,t6zJf,2,4,6,12,0,0,"0,1,0,0,0,0,0,1,0","0,2,0,0,0,0,1,0,1",AWAY,0
FHkkM,CPBL-2025-JO,2025,一軍,例行賽,2025-09-20,2025-09-20 17:05,2025-09-20 20:07,臺中市洲際棒球場,9,,FINISHED,NORMAL,中信兄弟,Kae1X,味全龍,R2VRh,1,8,6,12,0,0,"1,0,0,0,0,0,0,0,0","0,0,0,2,0,3,1,2,0",AWAY,0
egtDe,CPBL-2025-JO,2025,一軍,例行賽,2025-09-20,2025-09-20 17:05,2025-09-20 20:09,臺北大巨蛋,9,,FINISHED,NORMAL,富邦悍將,wi4T3,台鋼雄鷹,t6zJf,3,1,7,7,1,3,"0,0,0,1,1,0,0,1,0","0,0,0,0,0,0,1,0,0",HOME,1
YNRjY,CPBL-2025-JO,2025,一軍,例行賽,2025-09-20,2025-09-20 16:05,2025-09-20 19:03,澄清湖棒球場,9,,FINISHED,NORMAL,統一7-ELEVEn獅,Xs1sP,樂天桃猿,WyADE,2,1,10,5,0,1,"0,0,2,0,0,0,0,0,0","0,0,0,1,0,0,0,0,0",HOME,1
B96m7,CPBL-2025-JO,2025,一軍,例行賽,2025-09-19,2025-09-19 18:35,2025-09-19 21:22,臺北大巨蛋,9,,FINISHED,NORMAL,中信兄弟,Kae1X,統一7-ELEVEn獅,Xs1sP,1,0,4,4,1,1,"0,0,0,0,0,0,0,0,1","0,0,0,0,0,0,0,0,0",HOME,1
ePJpL,CPBL-2025-JO,2025,一軍,例行賽,2025-09-19,2025-09-19 18:36,2025-09-19 21:00,樂天桃園棒球場,9,,FINISHED,NORMAL,樂天桃猿,WyADE,富邦悍將,wi4T3,6,2,9,3,0,1,"1,0,0,4,0,1,0,0,0","1,0,0,0,0,0,0,1,0",HOME,1
mHuKn,CPBL-2025-JO,2025,一軍,例行賽,2025-09-19,2025-09-19 18:35,2025-09-19 21:33,臺北市立天母棒球場,9,,FINISHED,NORMAL,味全龍,R2VRh,台鋼雄鷹,t6zJf,6,3,7,7,1,2,"1,2,0,1,0,2,0,0,0","0,0,0,3,0,0,0,0,0",HOME,1
Cgixr,CPBL-2025-JO,2025,一軍,例行賽,2025-09-18,2025-09-18 18:35,2025-09-18 21:11,臺北大巨蛋,9,,FINISHED,NORMAL,中信兄弟,Kae1X,統一7-ELEVEn獅,Xs1sP,5,1,8,4,2,1,"0,0,0,1,0,0,4,0,0","0,0,0,1,0,0,0,0,0",HOME,1
adtBX,CPBL-2025-JO,2025,一軍,例行賽,2025-09-18,2025-09-18 18:35,2025-09-18 21:27,樂天桃園棒球場,9,,FINISHED,NORMAL,樂天桃猿,WyADE,富邦悍將,wi4T3,5,2,12,6,0,1,"0,0,0,3,0,0,1,1,0","1,0,0,0,0,0,0,1,0",HOME,1
BD5Co,CPBL-2025-JO,2025,一軍,例行賽,2025-09-18,2025-09-18 18:35,2025-09-18 21:43,臺北市立天母棒球場,9,,FINISHED,NORMAL,味全龍,R2VRh,台鋼雄鷹,t6zJf,3,11,10,17,0,0,"0,0,0,0,0,0,0,2,1","3,1,0,0,0,0,1,5,1",AWAY,0
yN9sh,CPBL-2025-JO,2025,一軍,例行賽,2025-09-17,2025-09-17 18:35,2025-09-17 21:15,新北市立新莊棒球場,9,,FINISHED,NORMAL,富邦悍將,wi4T3,統一7-ELEVEn獅,Xs1sP,2,8,5,11,0,0,"0,0,0,0,2,0,0,0,0","2,0,2,0,0,4,0,0,0",AWAY,0
d2ong,CPBL-2025-JO,2025,一軍,例行賽,2025-09-16,2025-09-16 18:35,2025-09-16 21:22,澄清湖棒球場,9,,FINISHED,NORMAL,台鋼雄鷹,t6zJf,中信兄弟,Kae1X,5,1,10,5,0,0,"0,0,0,0,0,0,5,0,0","0,0,0,0,0,0,0,1,0",HOME,1
whDVB,CPBL-2025-JO,2025,一軍,例行賽,2025-09-16,2025-09-16 18:35,2025-09-16 21:34,新北市立新莊棒球場,9,,FINISHED,NORMAL,富邦悍將,wi4T3,統一7-ELEVEn獅,Xs1sP,6,2,9,5,1,0,"2,0,2,1,1,0,0,0,0","2,0,0,0,0,0,0,0,0",HOME,1
uW9uq,CPBL-2025-JO,2025,一軍,例行賽,2025-09-16,2025-09-16 18:35,2025-09-16 21:26,樂天桃園棒球場,9,,FINISHED,NORMAL,樂天桃猿,WyADE,味全龍,R2VRh,7,4,12,9,1,3,"0,5,0,0,2,0,0,0,0","0,0,0,1,0,0,3,0,0",HOME,1
kOEj9,CPBL-2025-JO,2025,一軍,例行賽,2025-09-14,2025-09-14 16:05,2025-09-14 18:57,新北市立新莊棒球場,9,,FINISHED,NORMAL,統一7-ELEVEn獅,Xs1sP,味全龍,R2VRh,1,7,7,11,0,0,"0,1,0,0,0,0,0,0,0","0,2,0,0,0,1,4,0,0",AWAY,0
aqkqI,CPBL-2025-JO,2025,一軍,例行賽,2025-09-14,2025-09-14 16:05,2025-09-14 18:27,澄清湖棒球場,9,,FINISHED,NORMAL,台鋼雄鷹,t6zJf,富邦悍將,wi4T3,1,0,6,2,2,0,"1,0,0,0,0,0,0,0,0","0,0,0,0,0,0,0,0,0",HOME,1
cF4Ta,CPBL-2025-JO,2025,一軍,例行賽,2025-09-14,2025-09-14 14:05,2025-09-14 16:46,臺北大巨蛋,9,,FINISHED,NORMAL,樂天桃猿,WyADE,中信兄弟,Kae1X,3,2,7,8,0,0,"0,0,0,0,0,3,0,0,0","0,0,1,0,0,0,0,1,0",HOME,1
NUaHU,CPBL-2025-JO,2025,一軍,例行賽,2025-09-13,2025-09-13 17:06,2025-09-13 19:36,臺北大巨蛋,9,,FINISHED,NORMAL,樂天桃猿,WyADE,中信兄弟,Kae1X,8,0,9,8,1,1,"0,0,8,0,0,0,0,0,0","0,0,0,0,0,0,0,0,0",HOME,1
Y2UkL,CPBL-2025-JO,2025,一軍,例行賽,2025-09-13,2025-09-13 16:06,2025-09-13 19:13,新北市立新莊棒球場,9,,FINISHED,NORMAL,統一7-ELEVEn獅,Xs1sP,味全龍,R2VRh,6,1,12,5,0,1,"3,0,0,2,1,0,0,0,0","0,0,0,1,0,0,0,0,0",HOME,1
sLpcC,CPBL-2025-JO,2025,一軍,例行賽,2025-09-13,2025-09-13 16:06,2025-09-13 19:05,澄清湖棒球場,9,,FINISHED,NORMAL,台鋼雄鷹,t6zJf,富邦悍將,wi4T3,2,8,5,12,1,0,"0,0,0,2,0,0,0,0,0","0,0,1,0,0,0,0,6,1",AWAY,0
ga30x,CPBL-2025-JO,2025,一軍,例行賽,2025-09-12,2025-09-12 18:35,2025-09-12 21:29,臺北大巨蛋,9,,FINISHED,NORMAL,樂天桃猿,WyADE,中信兄弟,Kae1X,1,5,8,7,1,0,"0,0,0,0,1,0,0,0,0","0,0,0,0,0,3,2,0,0",AWAY,0
qMxIa,CPBL-2025-JO,2025,一軍,例行賽,2025-09-12,2025-09-12 18:35,2025-09-12 21:19,新北市立新莊棒球場,9,,FINISHED,NORMAL,統一7-ELEVEn獅,Xs1sP,味全龍,R2VRh,5,4,7,6,0,0,"0,0,0,0,0,0,0,1,4","0,1,0,1,0,1,0,1,0",HOME,1
KkDkz,CPBL-2025-JO,2025,一軍,例行賽,2025-09-12,2025-09-12 18:35,2025-09-12 21:37,澄清湖棒球場,10,,FINISHED,NORMAL,台鋼雄鷹,t6zJf,富邦悍將,wi4T3,3,4,6,7,0,1,"0,0,0,1,0,2,0,0,0,0","0,0,0,0,2,1,0,0,0,1",AWAY,0
gzmk8,CPBL-2025-JO,2025,一軍,例行賽,2025-09-11,2025-09-11 18:35,2025-09-11 22:10,臺北市立天母棒球場,9,,FINISHED,NORMAL,味全龍,R2VRh,富邦悍將,wi4T3,5,9,8,16,1,0,"0,0,0,0,0,1,0,4,0","2,0,0,0,3,1,3,0,0",AWAY,0
CUVMI,CPBL-2025-JO,2025,一軍,例行賽,2025-09-10,2025-09-10 18:35,2025-09-10 21:30,臺北市立天母棒球場,9,,FINISHED,NORMAL,味全龍,R2VRh,富邦悍將,wi4T3,4,5,8,8,0,4,"0,2,0,0,0,2,0,0,0","0,0,0,1,0,2,0,2,0",AWAY,0
Wu8Od,CPBL-2025-JO,2025,一軍,例行賽,2025-09-10,2025-09-10 18:35,2025-09-10 21:46,嘉義市立棒球場,9,,FINISHED,NORMAL,統一7-ELEVEn獅,Xs1sP,樂天桃猿,WyADE,3,0,7,9,0,5,"0,1,1,1,0,0,0,0,0","0,0,0,0,0,0,0,0,0",HOME,1
7m98G,CPBL-2025-JO,2025,一軍,例行賽,2025-09-10,2025-09-10 18:35,2025-09-10 22:19,澄清湖棒球場,11,,FINISHED,NORMAL,台鋼雄鷹,t6zJf,中信兄弟,Kae1X,3,4,5,10,0,1,"0,0,0,0,0,0,0,0,0,2,1","0,0,0,0,0,0,0,0,0,2,2",AWAY,0
YA3WA,CPBL-2025-JO,2025,一軍,例行賽,2025-09-09,2025-09-09 18:35,2025-09-09 21:04,嘉義市立棒球場,9,,FINISHED,NORMAL,統一7-ELEVEn獅,Xs1sP,樂天桃猿,WyADE,0,4,3,6,1,0,"0,0,0,0,0,0,0,0,0","0,0,0,0,3,1,0,0,0",AWAY,0
RbYVi,CPBL-2025-JO,2025,一軍,例行賽,2025-09-09,2025-09-09 18:35,2025-09-09 21:21,澄清湖棒球場,9,,FINISHED,NORMAL,台鋼雄鷹,t6zJf,中信兄弟,Kae1X,3,2,9,5,0,0,"0,0,0,1,0,0,0,0,2","0,0,0,0,1,0,0,1,0",HOME,1
UMAiZ,CPBL-2025-JO,2025,一軍,例行賽,2025-09-07,2025-09-07 15:05,2025-09-07 18:02,臺北大巨蛋,9,,FINISHED,NORMAL,味全龍,R2VRh,台鋼雄鷹,t6zJf,11,1,15,9,0,0,"5,0,5,0,0,1,0,0,0","0,0,0,0,0,0,0,1,0",HOME,1
zAwCQ,CPBL-2025-JO,2025,一軍,例行賽,2025-09-06,2025-09-06 17:05,2025-09-06 19:34,臺北大巨蛋,9,,FINISHED,NORMAL,味全龍,R2VRh,台鋼雄鷹,t6zJf,1,3,3,8,0,0,"0,0,0,0,1,0,0,0,0","0,0,0,2,0,0,1,0,0",AWAY,0
tbJzt,CPBL-2025-JO,2025,一軍,例行賽,2025-09-06,2025-09-06 17:05,2025-09-06 20:11,新北市立新莊棒球場,9,,FINISHED,NORMAL,富邦悍將,wi4T3,樂天桃猿,WyADE,0,8,6,17,1,0,"0,0,0,0,0,0,0,0,0","0,2,0,0,6,0,0,0,0",AWAY,0
GWcm5,CPBL-2025-JO,2025,一軍,例行賽,2025-09-06,2025-09-06 17:05,2025-09-06 19:47,臺中市洲際棒球場,9,,FINISHED,NORMAL,中信兄弟,Kae1X,統一7-ELEVEn獅,Xs1sP,1,7,3,11,3,0,"0,0,0,0,0,0,0,1,0","3,0,2,0,2,0,0,0,0",AWAY,0
TBwek,CPBL-2025-JO,2025,一軍,例行賽,2025-09-05,2025-09-05 18:35,2025-09-05 21:35,臺北大巨蛋,9,,FINISHED,NORMAL,味全龍,R2VRh,台鋼雄鷹,t6zJf,3,1,7,11,0,0,"0,0,0,0,0,1,1,1,0","0,0,0,0,0,0,0,0,1",HOME,1
gD1Ps,CPBL-2025-JO,2025,一軍,例行賽,2025-09-05,2025-09-05 18:35,2025-09-05 21:31,新北市立新莊棒球場,9,,FINISHED,NORMAL,富邦悍將,wi4T3,樂天桃猿,WyADE,1,3,6,7,1,0,"0,0,0,0,0,1,0,0,0","0,0,0,2,0,0,0,0,1",AWAY,0
R6qzy,CPBL-2025-JO,2025,一軍,例行賽,2025-09-05,2025-09-05 18:35,2025-09-05 21:18,臺中市洲際棒球場,10,,FINISHED,NORMAL,中信兄弟,Kae1X,統一7-ELEVEn獅,Xs1sP,2,1,5,8,0,0,"0,0,0,0,1,0,0,0,0,1","0,0,0,0,0,0,0,0,1,0",HOME,1
AeIz1,CPBL-2025-JO,2025,一軍,例行賽,2025-09-04,2025-09-04 18:35,2025-09-04 22:21,澄清湖棒球場,9,,FINISHED,NORMAL,統一7-ELEVEn獅,Xs1sP,台鋼雄鷹,t6zJf,5,3,7,6,2,2,"3,0,0,0,0,0,1,1,0","0,0,1,0,0,2,0,0,0",HOME,1
wXN3Z,CPBL-2025-JO,2025,一軍,例行賽,2025-09-03,2025-09-03 18:35,2025-09-03 21:36,澄清湖棒球場,9,,FINISHED,NORMAL,統一7-ELEVEn獅,Xs1sP,台鋼雄鷹,t6zJf,5,3,9,7,2,0,"0,0,0,0,1,0,0,2,2","0,0,0,2,0,0,1,0,0",HOME,1
BQaBS,CPBL-2025-JO,2025,一軍,例行賽,2025-09-03,2025-09-03 18:35,2025-09-03 21:07,臺北大巨蛋,9,,FINISHED,NORMAL,樂天桃猿,WyADE,味全龍,R2VRh,2,1,4,6,0,0,"0,0,0,0,0,0,0,0,2","0,1,0,0,0,0,0,0,0",HOME,1
2w0cD,CPBL-2025-JO,2025,一軍,例行賽,2025-09-03,2025-09-03 18:35,2025-09-03 21:15,臺中市洲際棒球場,9,,FINISHED,NORMAL,中信兄弟,Kae1X,富邦悍將,wi4T3,1,2,6,8,1,0,"0,0,0,0,0,0,0,0,1","0,0,1,0,0,0,0,1,0",AWAY,0
l2LF4,CPBL-2025-JO,2025,一軍,例行賽,2025-09-02,2025-09-02 18:35,2025-09-02 21:33,臺北大巨蛋,9,,FINISHED,NORMAL,樂天桃猿,WyADE,味全龍,R2VRh,2,5,5,8,0,0,"1,1,0,0,0,0,0,0,0","1,0,0,0,0,2,2,0,0",AWAY,0
mUMWf,CPBL-2025-JO,2025,一軍,例行賽,2025-09-02,2025-09-02 18:35,2025-09-02 21:32,臺中市洲際棒球場,9,,FINISHED,NORMAL,中信兄弟,Kae1X,富邦悍將,wi4T3,2,0,8,7,0,0,"1,0,1,0,0,0,0,0,0","0,0,0,0,0,0,0,0,0",HOME,1
DGwuI,CPBL-2025-JO,2025,一軍,例行賽,2025-08-31,2025-08-31 17:30,2025-08-31 20:58,新北市立新莊棒球場,9,,FINISHED,NORMAL,統一7-ELEVEn獅,Xs1sP,富邦悍將,wi4T3,6,3,8,12,0,2,"1,1,1,0,0,0,2,1,0","0,1,0,0,0,0,2,0,0",HOME,1
xLN8a,CPBL-2025-JO,2025,一軍,例行賽,2025-08-31,2025-08-31 16:05,2025-08-31 20:12,澄清湖棒球場,12,,FINISHED,NORMAL,台鋼雄鷹,t6zJf,樂天桃猿,WyADE,6,7,7,15,1,1,"0,0,0,2,0,1,1,0,0,1,1,0","1,0,0,0,0,1,0,2,0,1,1,1",AWAY,0
63hM6,CPBL-2025-JO,2025,一軍,例行賽,2025-08-31,2025-08-31 15:05,2025-08-31 18:37,臺北大巨蛋,9,,FINISHED,NORMAL,味全龍,R2VRh,中信兄弟,Kae1X,7,10,14,15,1,2,"0,2,0,0,0,0,1,0,4","1,0,2,3,2,0,1,0,1",AWAY,0
eXB3n,CPBL-2025-JO,2025,一軍,例行賽,2025-08-30,2025-08-30 17:05,2025-08-30 20:13,臺北大巨蛋,9,,FINISHED,NORMAL,味全龍,R2VRh,中信兄弟,Kae1X,3,5,9,9,0,0,"0,0,1,0,0,1,0,1,0","1,2,0,0,0,1,0,0,1",AWAY,0
h1foF,CPBL-2025-JO,2025,一軍,例行賽,2025-08-30,2025-08-30 16:05,2025-08-30 19:37,新北市立新莊棒球場,9,,FINISHED,NORMAL,統一7-ELEVEn獅,Xs1sP,富邦悍將,wi4T3,5,4,10,7,2,1,"4,0,0,0,0,0,0,0,1","2,0,0,0,0,0,2,0,0",HOME,1
Kszhi,CPBL-2025-JO,2025,一軍,例行賽,2025-08-30,2025-08-30 16:05,2025-08-30 19:01,澄清湖棒球場,9,,FINISHED,NORMAL,台鋼雄鷹,t6zJf,樂天桃猿,WyADE,3,4,5,7,0,1,"1,0,0,0,0,0,0,2,0","0,4,0,0,0,0,0,0,0",AWAY,0
aHAqR,CPBL-2025-JO,2025,一軍,例行賽,2025-08-29,2025-08-29 18:35,2025-08-29 21:49,澄清湖棒球場,9,,FINISHED,NORMAL,台鋼雄鷹,t6zJf,樂天桃猿,WyADE,10,5,13,12,2,2,"0,0,0,0,2,6,2,0,0","0,2,0,1,0,1,0,1,0",HOME,1
7X3Ep,CPBL-2025-JO,2025,一軍,例行賽,2025-08-29,2025-08-29 18:35,2025-08-29 21:21,新北市立新莊棒球場,9,,FINISHED,NORMAL,統一7-ELEVEn獅,Xs1sP,富邦悍將,wi4T3,7,2,17,8,1,0,"0,0,2,1,1,0,1,2,0","0,0,0,0,0,0,2,0,0",HOME,1
aZQIu,CPBL-2025-JO,2025,一軍,例行賽,2025-08-29,2025-08-29 18:35,2025-08-29 21:32,臺北大巨蛋,9,,FINISHED,NORMAL,味全龍,R2VRh,中信兄弟,Kae1X,9,3,15,9,0,1,"1,8,0,0,0,0,0,0,0","0,2,0,0,0,0,0,1,0",HOME,1
IjIeG,CPBL-2025-JO,2025,一軍,例行賽,2025-08-28,2025-08-28 18:35,2025-08-28 21:35,臺北大巨蛋,9,,FINISHED,NORMAL,中信兄弟,Kae1X,樂天桃猿,WyADE,8,6,9,9,0,0,"0,5,0,0,0,0,2,1,0","3,0,0,0,0,0,0,0,3",HOME,1
8Ool8,CPBL-2025-JO,2025,一軍,例行賽,2025-08-27,2025-08-27 18:35,2025-08-27 20:54,臺北大巨蛋,9,,FINISHED,NORMAL,中信兄弟,Kae1X,樂天桃猿,WyADE,7,1,11,5,0,0,"0,0,0,1,6,0,0,0,0","0,0,0,0,0,1,0,0,0",HOME,1
7cbzE,CPBL-2025-JO,2025,一軍,例行賽,2025-08-27,2025-08-27 18:35,2025-08-27 21:29,新北市立新莊棒球場,9,,FINISHED,NORMAL,富邦悍將,wi4T3,台鋼雄鷹,t6zJf,0,2,6,8,2,0,"0,0,0,0,0,0,0,0,0","0,0,0,0,0,1,0,0,1",AWAY,0
s6RUv,CPBL-2025-JO,2025,一軍,例行賽,2025-08-27,2025-08-27 18:35,2025-08-27 21:53,臺北市立天母棒球場,9,,FINISHED,NORMAL,味全龍,R2VRh,統一7-ELEVEn獅,Xs1sP,2,5,6,8,0,0,"0,0,1,0,0,1,0,0,0","0,1,1,0,0,3,0,0,0",AWAY,0
eHvU7,CPBL-2025-JO,2025,一軍,例行賽,2025-08-26,2025-08-26 18:35,2025-08-26 22:03,新北市立新莊棒球場,9,,FINISHED,NORMAL,富邦悍將,wi4T3,台鋼雄鷹,t6zJf,1,4,7,8,1,0,"1,0,0,0,0,0,0,0,0","1,1,0,0,1,0,1,0,0",AWAY,0
1a9fw,CPBL-2025-JO,2025,一軍,例行賽,2025-08-26,2025-08-26 18:35,2025-08-26 21:11,臺北市立天母棒球場,10,,FINISHED,NORMAL,味全龍,R2VRh,統一7-ELEVEn獅,Xs1sP,2,1,7,4,3,0,"1,0,0,0,0,0,0,0,0,1","0,0,0,1,0,0,0,0,0,0",HOME,1
ODAzm,CPBL-2025-JO,2025,一軍,例行賽,2025-08-24,2025-08-24 17:05,2025-08-24 20:03,新北市立新莊棒球場,9,,FINISHED,NORMAL,富邦悍將,wi4T3,味全龍,R2VRh,0,2,9,11,0,0,"0,0,0,0,0,0,0,0,0","0,0,1,1,0,0,0,0,0",AWAY,0
tExih,CPBL-2025-JO,2025,一軍,例行賽,2025-08-24,2025-08-24 17:05,2025-08-24 20:07,樂天桃園棒球場,9,,FINISHED,NORMAL,樂天桃猿,WyADE,統一7-ELEVEn獅,Xs1sP,2,8,6,14,1,0,"0,0,0,0,0,1,0,1,0","0,0,4,2,0,0,0,2,0",AWAY,0
RI4Ey,CPBL-2025-JO,2025,一軍,例行賽,2025-08-24,2025-08-24 15:05,2025-08-24 18:17,臺北大巨蛋,9,,FINISHED,NORMAL,中信兄弟,Kae1X,台鋼雄鷹,t6zJf,4,8,7,12,2,2,"0,0,2,1,0,0,0,0,1","1,0,1,0,0,0,0,4,2",AWAY,0
BLreD,CPBL-2025-JO,2025,一軍,例行賽,2025-08-23,2025-08-23 17:05,2025-08-23 20:31,臺北大巨蛋,9,,FINISHED,NORMAL,中信兄弟,Kae1X,台鋼雄鷹,t6zJf,4,3,5,6,2,0,"0,1,0,0,0,1,1,0,1","1,0,2,0,0,0,0,0,0",HOME,1
OUBKh,CPBL-2025-JO,2025,一軍,例行賽,2025-08-23,2025-08-23 17:06,2025-08-23 19:41,新北市立新莊棒球場,9,,FINISHED,NORMAL,富邦悍將,wi4T3,味全龍,R2VRh,1,3,5,5,2,0,"0,0,0,0,0,0,1,0,0","0,0,3,0,0,0,0,0,0",AWAY,0
NDvy0,CPBL-2025-JO,2025,一軍,例行賽,2025-08-23,2025-08-23 17:06,2025-08-23 20:26,樂天桃園棒球場,9,,FINISHED,NORMAL,樂天桃猿,WyADE,統一7-ELEVEn獅,Xs1sP,8,3,16,10,0,1,"0,1,2,0,3,0,2,0,0","0,1,0,0,0,1,0,0,1",HOME,1
EhKrn,CPBL-2025-JO,2025,一軍,例行賽,2025-08-22,2025-08-22 18:35,2025-08-22 21:28,臺北大巨蛋,9,,FINISHED,NORMAL,中信兄弟,Kae1X,台鋼雄鷹,t6zJf,4,3,5,10,0,1,"1,2,0,1,0,0,0,0,0","1,1,0,0,1,0,0,0,0",HOME,1
B6gjx,CPBL-2025-JO,2025,一軍,例行賽,2025-08-22,2025-08-22 18:35,2025-08-22 21:51,新北市立新莊棒球場,9,,FINISHED,NORMAL,富邦悍將,wi4T3,味全龍,R2VRh,6,4,11,9,1,2,"0,0,0,2,1,0,3,0,0","0,3,0,0,0,0,0,1,0",HOME,1
lSkoW,CPBL-2025-JO,2025,一軍,例行賽,2025-08-22,2025-08-22 18:35,2025-08-22 21:26,樂天桃園棒球場,9,,FINISHED,NORMAL,樂天桃猿,WyADE,統一7-ELEVEn獅,Xs1sP,9,0,13,6,1,2,"0,0,0,0,3,3,0,3,0","0,0,0,0,0,0,0,0,0",HOME,1
Y5AIJ,CPBL-2025-JO,2025,一軍,例行賽,2025-08-20,2025-08-20 18:35,2025-08-20 21:26,臺東棒球村第一棒球場,9,,FINISHED,NORMAL,台鋼雄鷹,t6zJf,味全龍,R2VRh,7,4,11,10,0,0,"1,0,1,2,0,2,1,0,0","0,2,1,0,0,1,0,0,0",HOME,1
AyQxn,CPBL-2025-JO,2025,一軍,例行賽,2025-08-20,2025-08-20 18:35,2025-08-20 21:38,澄清湖棒球場,9,,FINISHED,NORMAL,統一7-ELEVEn獅,Xs1sP,中信兄弟,Kae1X,3,8,7,6,0,0,"0,0,3,0,0,0,0,0,0","2,0,2,1,0,0,3,0,0",AWAY,0
QdAd9,CPBL-2025-JO,2025,一軍,例行賽,2025-08-20,2025-08-20 18:35,2025-08-20 21:40,樂天桃園棒球場,9,,FINISHED,NORMAL,樂天桃猿,WyADE,富邦悍將,wi4T3,1,9,8,14,2,0,"0,0,1,0,0,0,0,0,0","0,0,1,1,0,5,0,2,0",AWAY,0
BJNDF,CPBL-2025-JO,2025,一軍,例行賽,2025-08-19,2025-08-19 18:35,2025-08-19 21:01,臺東棒球村第一棒球場,9,,FINISHED,NORMAL,台鋼雄鷹,t6zJf,味全龍,R2VRh,5,2,6,6,1,2,"2,0,3,0,0,0,0,0,0","0,0,0,0,1,1,0,0,0",HOME,1
7vReO,CPBL-2025-JO,2025,一軍,例行賽,2025-08-19,2025-08-19 18:35,2025-08-19 21:07,澄清湖棒球場,9,,FINISHED,NORMAL,統一7-ELEVEn獅,Xs1sP,中信兄弟,Kae1X,4,1,4,5,2,1,"0,0,0,0,4,0,0,0,0","0,0,0,0,0,0,0,0,1",HOME,1
Ql4do,CPBL-2025-JO,2025,一軍,例行賽,2025-08-19,2025-08-19 18:35,2025-08-19 21:57,樂天桃園棒球場,9,,FINISHED,NORMAL,樂天桃猿,WyADE,富邦悍將,wi4T3,2,1,7,14,0,1,"1,0,1,0,0,0,0,0,0","0,0,0,1,0,0,0,0,0",HOME,1
RqTIC,CPBL-2025-JO,2025,一軍,例行賽,2025-08-17,2025-08-17 17:05,2025-08-17 20:20,臺北市立天母棒球場,9,,FINISHED,NORMAL,味全龍,R2VRh,樂天桃猿,WyADE,5,6,9,11,1,0,"2,0,0,0,0,3,0,0,0","0,0,0,0,0,3,0,2,1",AWAY,0
gkoG6,CPBL-2025-JO,2025,一軍,例行賽,2025-08-17,2025-08-17 16:05,2025-08-17 18:14,臺北大巨蛋,9,,FINISHED,NORMAL,富邦悍將,wi4T3,中信兄弟,Kae1X,1,0,4,3,0,2,"1,0,0,0,0,0,0,0,0","0,0,0,0,0,0,0,0,0",HOME,1
nLWWZ,CPBL-2025-JO,2025,一軍,例行賽,2025-08-17,2025-08-17 16:05,2025-08-17 19:14,澄清湖棒球場,9,,FINISHED,NORMAL,台鋼雄鷹,t6zJf,統一7-ELEVEn獅,Xs1sP,11,1,14,6,0,2,"2,3,2,0,2,0,2,0,0","0,0,0,0,0,1,0,0,0",HOME,1
Gwk2I,CPBL-2025-JO,2025,一軍,例行賽,2025-08-16,2025-08-16 17:05,2025-08-16 19:49,臺北市立天母棒球場,9,,FINISHED,NORMAL,味全龍,R2VRh,樂天桃猿,WyADE,3,2,7,7,1,0,"1,1,0,0,0,0,0,1,0","0,0,0,0,0,2,0,0,0",HOME,1
id0nd,CPBL-2025-JO,2025,一軍,例行賽,2025-08-16,2025-08-16 17:05,2025-08-16 20:38,臺北大巨蛋,9,,FINISHED,NORMAL,富邦悍將,wi4T3,中信兄弟,Kae1X,6,9,14,15,0,0,"2,0,4,0,0,0,0,0,0","0,1,0,0,0,2,6,0,0",AWAY,0
LbnjO,CPBL-2025-JO,2025,一軍,例行賽,2025-08-16,2025-08-16 16:05,2025-08-16 18:33,澄清湖棒球場,9,,FINISHED,NORMAL,台鋼雄鷹,t6zJf,統一7-ELEVEn獅,Xs1sP,5,2,9,7,0,0,"1,0,0,0,0,2,1,1,0","1,0,0,0,0,1,0,0,0",HOME,1
dh4Aq,CPBL-2025-JO,2025,一軍,例行賽,2025-08-15,2025-08-15 18:35,2025-08-15 21:00,臺北市立天母棒球場,9,,FINISHED,NORMAL,味全龍,R2VRh,樂天桃猿,WyADE,0,3,7,10,0,1,"0,0,0,0,0,0,0,0,0","0,0,0,0,0,1,1,0,1",AWAY,0
3DpQ5,CPBL-2025-JO,2025,一軍,例行賽,2025-08-15,2025-08-15 18:35,2025-08-15 22:02,澄清湖棒球場,9,,FINISHED,NORMAL,台鋼雄鷹,t6zJf,統一7-ELEVEn獅,Xs1sP,4,7,10,12,1,1,"0,0,4,0,0,0,0,0,0","0,0,1,0,6,0,0,0,0",AWAY,0
vpoWO,CPBL-2025-JO,2025,一軍,例行賽,2025-08-15,2025-08-15 18:35,2025-08-15 21:15,臺北大巨蛋,9,,FINISHED,NORMAL,富邦悍將,wi4T3,中信兄弟,Kae1X,1,2,7,7,0,0,"0,1,0,0,0,0,0,0,0","0,0,1,1,0,0,0,0,0",AWAY,0
Vl5dF,CPBL-2025-JO,2025,一軍,例行賽,2025-08-14,2025-08-14 18:35,2025-08-14 21:19,臺中市洲際棒球場,9,,FINISHED,NORMAL,中信兄弟,Kae1X,味全龍,R2VRh,2,0,8,9,0,0,"0,0,0,0,0,0,0,2,0","0,0,0,0,0,0,0,0,0",HOME,1
cILLS,CPBL-2025-JO,2025,一軍,例行賽,2025-08-13,2025-08-13 18:35,2025-08-13 21:10,臺中市洲際棒球場,10,,FINISHED,NORMAL,中信兄弟,Kae1X,味全龍,R2VRh,1,4,6,8,1,1,"0,0,0,0,0,0,0,0,0,1","0,0,0,0,0,0,0,0,0,4",AWAY,0
1yTOU,CPBL-2025-JO,2025,一軍,例行賽,2025-08-13,2025-08-13 18:35,2025-08-13 20:56,臺北大巨蛋,9,,FINISHED,NORMAL,樂天桃猿,WyADE,台鋼雄鷹,t6zJf,3,2,5,5,0,0,"0,0,0,3,0,0,0,0,0","1,0,0,0,0,1,0,0,0",HOME,1
YBdEx,CPBL-2025-JO,2025,一軍,例行賽,2025-08-13,2025-08-13 18:35,2025-08-13 21:29,新北市立新莊棒球場,9,,FINISHED,NORMAL,富邦悍將,wi4T3,統一7-ELEVEn獅,Xs1sP,1,5,6,11,0,1,"0,0,0,0,0,1,0,0,0","2,0,0,1,0,2,0,0,0",AWAY,0
G8WKG,CPBL-2025-JO,2025,一軍,例行賽,2025-08-12,2025-08-12 18:35,2025-08-12 21:01,臺北大巨蛋,9,,FINISHED,NORMAL,樂天桃猿,WyADE,台鋼雄鷹,t6zJf,1,0,3,5,0,1,"0,0,0,1,0,0,0,0,0","0,0,0,0,0,0,0,0,0",HOME,1
FENU8,CPBL-2025-JO,2025,一軍,例行賽,2025-08-12,2025-08-12 18:35,2025-08-12 21:45,新北市立新莊棒球場,9,,FINISHED,NORMAL,富邦悍將,wi4T3,統一7-ELEVEn獅,Xs1sP,4,12,7,13,2,0,"3,0,0,0,0,1,0,0,0","10,0,0,0,0,1,0,0,1",AWAY,0
8Boug,CPBL-2025-JO,2025,一軍,例行賽,2025-08-10,2025-08-10 17:05,2025-08-10 20:09,臺中市洲際棒球場,9,,FINISHED,NORMAL,中信兄弟,Kae1X,富邦悍將,wi4T3,5,3,11,6,1,0,"0,1,0,1,0,0,0,3,0","1,0,1,0,1,0,0,0,0",HOME,1
sVfhO,CPBL-2025-JO,2025,一軍,例行賽,2025-08-10,2025-08-10 16:05,2025-08-10 19:48,澄清湖棒球場,9,,FINISHED,NORMAL,統一7-ELEVEn獅,Xs1sP,台鋼雄鷹,t6zJf,10,7,11,12,1,0,"2,1,0,1,3,2,1,0,0","0,2,1,0,2,0,2,0,0",HOME,1
enqIO,CPBL-2025-JO,2025,一軍,例行賽,2025-08-10,2025-08-10 14:06,2025-08-10 16:51,臺北大巨蛋,9,,FINISHED,NORMAL,樂天桃猿,WyADE,味全龍,R2VRh,2,6,6,10,2,0,"0,0,0,0,0,0,0,0,2","0,0,0,1,1,1,1,0,2",AWAY,0
NcHiP,CPBL-2025-JO,2025,一軍,例行賽,2025-08-09,2025-08-09 17:05,2025-08-09 19:57,臺中市洲際棒球場,9,,FINISHED,NORMAL,中信兄弟,Kae1X,富邦悍將,wi4T3,8,0,10,4,0,2,"1,1,3,0,3,0,0,0,0","0,0,0,0,0,0,0,0,0",HOME,1
hzxJK,CPBL-2025-JO,2025,一軍,例行賽,2025-08-09,2025-08-09 17:05,2025-08-09 20:00,臺北大巨蛋,9,,FINISHED,NORMAL,樂天桃猿,WyADE,味全龍,R2VRh,2,5,11,7,0,0,"0,1,0,1,0,0,0,0,0","0,0,2,0,0,0,0,2,1",AWAY,0
KfK0m,CPBL-2025-JO,2025,一軍,例行賽,2025-08-09,2025-08-09 16:05,2025-08-09 18:33,澄清湖棒球場,9,,FINISHED,NORMAL,統一7-ELEVEn獅,Xs1sP,台鋼雄鷹,t6zJf,0,8,3,12,0,0,"0,0,0,0,0,0,0,0,0","0,4,1,0,1,0,2,0,0",AWAY,0
aWPT3,CPBL-2025-JO,2025,一軍,例行賽,2025-08-08,2025-08-08 18:35,2025-08-08 21:14,臺中市洲際棒球場,9,,FINISHED,NORMAL,中信兄弟,Kae1X,富邦悍將,wi4T3,3,2,5,7,0,2,"0,1,0,0,0,0,0,0,2","0,0,0,0,0,1,1,0,0",HOME,1
BSZgj,CPBL-2025-JO,2025,一軍,例行賽,2025-08-08,2025-08-08 18:35,2025-08-08 21:51,澄清湖棒球場,9,,FINISHED,NORMAL,統一7-ELEVEn獅,Xs1sP,台鋼雄鷹,t6zJf,3,4,8,8,1,1,"0,0,2,0,1,0,0,0,0","0,0,0,0,0,0,4,0,0",AWAY,0
1p2mT,CPBL-2025-JO,2025,一軍,例行賽,2025-08-08,2025-08-08 18:35,2025-08-08 21:03,臺北大巨蛋,9,,FINISHED,NORMAL,樂天桃猿,WyADE,味全龍,R2VRh,4,3,7,10,0,0,"0,0,0,0,0,0,3,1,0","0,0,0,2,0,1,0,0,0",HOME,1
5I1OK,CPBL-2025-JO,2025,一軍,例行賽,2025-08-06,2025-08-06 18:35,2025-08-06 21:27,臺東棒球村第一棒球場,9,,FINISHED,NORMAL,台鋼雄鷹,t6zJf,富邦悍將,wi4T3,1,5,9,6,0,1,"0,0,0,1,0,0,0,0,0","2,0,0,0,0,0,2,1,0",AWAY,0
mSGti,CPBL-2025-JO,2025,一軍,例行賽,2025-08-06,2025-08-06 18:35,2025-08-06 21:08,臺北大巨蛋,9,,FINISHED,NORMAL,味全龍,R2VRh,中信兄弟,Kae1X,4,1,5,10,1,0,"0,2,0,0,0,1,0,1,0","0,0,0,0,1,0,0,0,0",HOME,1
ZLQfq,CPBL-2025-JO,2025,一軍,例行賽,2025-08-06,2025-08-06 18:35,2025-08-06 21:59,樂天桃園棒球場,9,,FINISHED,NORMAL,樂天桃猿,WyADE,統一7-ELEVEn獅,Xs1sP,4,2,9,11,0,0,"0,0,1,0,0,3,0,0,0","0,0,1,0,0,0,1,0,0",HOME,1
iYdSJ,CPBL-2025-JO,2025,一軍,例行賽,2025-08-05,2025-08-05 18:35,2025-08-05 21:38,臺東棒球村第一棒球場,9,,FINISHED,NORMAL,台鋼雄鷹,t6zJf,富邦悍將,wi4T3,4,3,8,9,1,0,"0,0,0,3,0,0,0,1,0","0,1,0,1,0,0,0,0,1",HOME,1
laArp,CPBL-2025-JO,2025,一軍,例行賽,2025-08-05,2025-08-05 18:35,2025-08-05 21:17,臺北大巨蛋,9,,FINISHED,NORMAL,味全龍,R2VRh,中信兄弟,Kae1X,4,3,10,4,2,0,"0,0,4,0,0,0,0,0,0","1,0,1,0,0,0,0,0,1",HOME,1
WfISg,CPBL-2025-JO,2025,一軍,例行賽,2025-08-05,2025-08-05 18:35,2025-08-05 21:28,樂天桃園棒球場,9,,FINISHED,NORMAL,樂天桃猿,WyADE,統一7-ELEVEn獅,Xs1sP,3,2,11,7,2,1,"1,2,0,0,0,0,0,0,0","0,0,0,0,0,0,2,0,0",HOME,1
gqhiV,CPBL-2025-JO,2025,一軍,例行賽,2025-08-03,2025-08-03 17:05,2025-08-03 19:52,新北市立新莊棒球場,9,,FINISHED,NORMAL,富邦悍將,wi4T3,統一7-ELEVEn獅,Xs1sP,2,1,4,6,0,1,"0,0,0,0,0,0,0,2,0","0,0,1,0,0,0,0,0,0",HOME,1
8l6pQ,CPBL-2025-JO,2025,一軍,例行賽,2025-08-03,2025-08-03 15:05,2025-08-03 17:46,臺北大巨蛋,9,,FINISHED,NORMAL,中信兄弟,Kae1X,樂天桃猿,WyADE,5,3,8,9,0,2,"1,0,1,2,0,0,1,0,0","0,0,0,0,0,2,1,0,0",HOME,1
OvVhe,CPBL-2025-JO,2025,一軍,例行賽,2025-08-02,2025-08-02 17:05,2025-08-02 19:56,新北市立新莊棒球場,9,,FINISHED,NORMAL,富邦悍將,wi4T3,統一7-ELEVEn獅,Xs1sP,3,5,10,11,0,0,"0,1,0,0,0,0,0,2,0","0,0,1,0,0,0,3,1,0",AWAY,0
jA4r9,CPBL-2025-JO,2025,一軍,例行賽,2025-08-02,2025-08-02 17:05,2025-08-02 20:00,臺北大巨蛋,10,,FINISHED,NORMAL,中信兄弟,Kae1X,樂天桃猿,WyADE,4,3,5,7,0,1,"0,0,0,0,0,0,0,0,3,1","3,0,0,0,0,0,0,0,0,0",HOME,1
XUtj0,CPBL-2025-JO,2025,一軍,例行賽,2025-08-02,2025-08-02 16:20,2025-08-02 19:38,澄清湖棒球場,5,,FINISHED,NORMAL,台鋼雄鷹,t6zJf,味全龍,R2VRh,5,1,8,5,0,0,"3,0,0,1,1","0,0,0,0,1",HOME,1
67MH2,CPBL-2025-JO,2025,一軍,例行賽,2025-08-01,2025-08-01 19:40,2025-08-01 21:48,澄清湖棒球場,6,,FINISHED,NORMAL,台鋼雄鷹,t6zJf,味全龍,R2VRh,0,0,2,3,0,0,"0,0,0,0,0,0","0,0,0,0,0,0",TIE,
l201D,CPBL-2025-JO,2025,一軍,例行賽,2025-08-01,2025-08-01 18:35,2025-08-01 21:45,臺北大巨蛋,9,,FINISHED,NORMAL,中信兄弟,Kae1X,樂天桃猿,WyADE,7,5,13,11,1,2,"0,1,1,0,2,0,3,0,0","3,0,0,0,0,0,0,0,2",HOME,1
UnSrO,CPBL-2025-JO,2025,一軍,例行賽,2025-07-31,2025-07-31 18:35,2025-07-31 21:17,澄清湖棒球場,9,,FINISHED,NORMAL,統一7-ELEVEn獅,Xs1sP,味全龍,R2VRh,2,1,6,9,0,0,"0,1,1,0,0,0,0,0,0","0,0,0,0,0,0,0,0,1",HOME,1
OHU4N,CPBL-2025-JO,2025,一軍,例行賽,2025-07-30,2025-07-30 19:32,2025-07-30 22:13,澄清湖棒球場,9,,FINISHED,NORMAL,統一7-ELEVEn獅,Xs1sP,味全龍,R2VRh,7,1,10,7,0,2,"3,0,0,0,0,0,1,3,0","1,0,0,0,0,0,0,0,0",HOME,1
cTlDI,CPBL-2025-JO,2025,一軍,例行賽,2025-07-30,2025-07-30 18:36,2025-07-30 21:58,臺北大巨蛋,9,,FINISHED,NORMAL,富邦悍將,wi4T3,樂天桃猿,WyADE,1,9,6,17,2,0,"0,1,0,0,0,0,0,0,0","2,1,1,0,0,3,0,0,2",AWAY,0
LneUs,CPBL-2025-JO,2025,一軍,例行賽,2025-07-30,2025-07-30 18:49,2025-07-30 21:20,臺中市洲際棒球場,9,,FINISHED,NORMAL,中信兄弟,Kae1X,台鋼雄鷹,t6zJf,11,2,14,5,0,1,"0,0,6,3,0,2,0,0,0","1,0,1,0,0,0,0,0,0",HOME,1
Xd7bu,CPBL-2025-JO,2025,一軍,例行賽,2025-07-29,2025-07-29 18:35,2025-07-29 21:13,臺北大巨蛋,9,,FINISHED,NORMAL,富邦悍將,wi4T3,樂天桃猿,WyADE,2,0,3,5,2,1,"0,0,0,0,0,0,0,0,2","0,0,0,0,0,0,0,0,0",HOME,1
Uy2x2,CPBL-2025-JO,2025,一軍,例行賽,2025-07-29,2025-07-29 18:35,2025-07-29 23:56,臺中市洲際棒球場,10,,FINISHED,NORMAL,中信兄弟,Kae1X,台鋼雄鷹,t6zJf,11,15,9,15,1,1,"2,0,0,2,0,0,0,7,0,0","0,1,1,0,7,0,2,0,0,4",AWAY,0
btPzT,CPBL-2025-JO,2025,一軍,例行賽,2025-07-27,2025-07-27 17:05,2025-07-27 20:51,樂天桃園棒球場,9,,FINISHED,NORMAL,樂天桃猿,WyADE,台鋼雄鷹,t6zJf,7,7,14,18,0,1,"1,0,1,4,0,0,0,1,0","1,0,0,1,4,0,1,0,0",TIE,
43zwh,CPBL-2025-JO,2025,一軍,例行賽,2025-07-27,2025-07-27 17:05,2025-07-27 19:49,臺北市立天母棒球場,9,,FINISHED,NORMAL,味全龍,R2VRh,富邦悍將,wi4T3,5,1,11,8,0,2,"0,0,2,2,0,0,0,1,0","0,0,0,0,0,1,0,0,0",HOME,1
RJJLK,CPBL-2025-JO,2025,一軍,例行賽,2025-07-27,2025-07-27 16:05,2025-07-27 18:39,臺北大巨蛋,9,,FINISHED,NORMAL,統一7-ELEVEn獅,Xs1sP,中信兄弟,Kae1X,3,5,8,9,0,0,"3,0,0,0,0,0,0,0,0","0,0,2,0,3,0,0,0,0",AWAY,0
jzjAX,CPBL-2025-JO,2025,一軍,例行賽,2025-07-26,2025-07-26 17:05,2025-07-26 20:23,樂天桃園棒球場,10,,FINISHED,NORMAL,樂天桃猿,WyADE,台鋼雄鷹,t6zJf,4,5,9,11,0,0,"0,0,0,0,0,0,3,0,1,0","1,0,0,0,0,0,1,2,0,1",AWAY,0
JBwcd,CPBL-2025-JO,2025,一軍,例行賽,2025-07-26,2025-07-26 17:05,2025-07-26 19:59,臺北市立天母棒球場,9,,FINISHED,NORMAL,味全龍,R2VRh,富邦悍將,wi4T3,2,4,7,7,0,1,"2,0,0,0,0,0,0,0,0","0,0,0,2,0,0,2,0,0",AWAY,0
01TJC,CPBL-2025-JO,2025,一軍,例行賽,2025-07-26,2025-07-26 16:05,2025-07-26 19:38,臺北大巨蛋,10,,FINISHED,NORMAL,統一7-ELEVEn獅,Xs1sP,中信兄弟,Kae1X,3,5,6,10,2,0,"0,0,0,0,0,0,0,0,1,2","0,0,0,0,0,0,0,1,0,4",AWAY,0
HBOLm,CPBL-2025-JO,2025,一軍,例行賽,2025-07-25,2025-07-25 18:35,2025-07-25 21:27,臺北大巨蛋,9,,FINISHED,NORMAL,統一7-ELEVEn獅,Xs1sP,中信兄弟,Kae1X,0,5,5,8,1,1,"0,0,0,0,0,0,0,0,0","0,1,2,0,0,1,0,0,1",AWAY,0
KCWQF,CPBL-2025-JO,2025,一軍,例行賽,2025-07-23,2025-07-23 18:35,2025-07-23 21:03,新北市立新莊棒球場,9,,FINISHED,NORMAL,富邦悍將,wi4T3,中信兄弟,Kae1X,2,0,9,3,0,1,"0,0,2,0,0,0,0,0,0","0,0,0,0,0,0,0,0,0",HOME,1
2GKlu,CPBL-2025-JO,2025,一軍,例行賽,2025-07-23,2025-07-23 18:35,2025-07-23 22:02,澄清湖棒球場,9,,FINISHED,NORMAL,台鋼雄鷹,t6zJf,統一7-ELEVEn獅,Xs1sP,4,6,13,11,2,1,"0,0,0,0,0,2,1,1,0","2,0,0,0,1,0,1,2,0",AWAY,0
n1mJg,CPBL-2025-JO,2025,一軍,例行賽,2025-07-23,2025-07-23 18:35,2025-07-23 21:14,臺北大巨蛋,9,,FINISHED,NORMAL,味全龍,R2VRh,樂天桃猿,WyADE,2,0,10,5,0,0,"0,0,1,0,1,0,0,0,0","0,0,0,0,0,0,0,0,0",HOME,1
qDIAZ,CPBL-2025-JO,2025,一軍,例行賽,2025-07-22,2025-07-22 18:35,2025-07-22 21:13,澄清湖棒球場,9,,FINISHED,NORMAL,台鋼雄鷹,t6zJf,統一7-ELEVEn獅,Xs1sP,7,1,13,7,0,1,"1,1,2,1,1,1,0,0,0","0,0,0,0,0,0,0,0,1",HOME,1
npHkH,CPBL-2025-JO,2025,一軍,例行賽,2025-07-22,2025-07-22 18:35,2025-07-22 21:57,臺北大巨蛋,11,,FINISHED,NORMAL,味全龍,R2VRh,樂天桃猿,WyADE,3,4,6,7,0,0,"0,0,1,0,1,0,0,0,0,0,1","1,0,0,0,0,0,1,0,0,0,2",AWAY,0
fTELV,CPBL-2025-JO,2025,一軍,例行賽,2025-07-17,2025-07-17 18:35,2025-07-17 21:29,新北市立新莊棒球場,9,,FINISHED,NORMAL,統一7-ELEVEn獅,Xs1sP,富邦悍將,wi4T3,1,4,7,10,1,0,"0,0,0,0,0,0,1,0,0","0,0,0,0,0,2,2,0,0",AWAY,0
Dkokq,CPBL-2025-JO,2025,一軍,例行賽,2025-07-16,2025-07-16 18:35,2025-07-16 21:32,新北市立新莊棒球場,9,,FINISHED,NORMAL,統一7-ELEVEn獅,Xs1sP,富邦悍將,wi4T3,6,3,6,8,0,2,"1,0,1,0,0,0,4,0,0","0,0,0,3,0,0,0,0,0",HOME,1
hrJVL,CPBL-2025-JO,2025,一軍,例行賽,2025-07-16,2025-07-16 18:35,2025-07-16 22:05,樂天桃園棒球場,9,,FINISHED,NORMAL,樂天桃猿,WyADE,中信兄弟,Kae1X,4,7,15,12,0,0,"0,0,0,0,0,0,3,0,1","0,1,3,1,0,2,0,0,0",AWAY,0
qVhIf,CPBL-2025-JO,2025,一軍,例行賽,2025-07-16,2025-07-16 18:35,2025-07-16 22:10,斗六棒球場,9,,FINISHED,NORMAL,味全龍,R2VRh,台鋼雄鷹,t6zJf,3,9,7,15,0,1,"0,2,0,0,0,0,1,0,0","0,0,2,0,0,0,1,3,3",AWAY,0
dvPTX,CPBL-2025-JO,2025,一軍,例行賽,2025-07-15,2025-07-15 18:35,2025-07-15 21:30,樂天桃園棒球場,9,,FINISHED,NORMAL,樂天桃猿,WyADE,中信兄弟,Kae1X,6,5,14,12,1,1,"0,0,0,0,0,5,0,0,1","0,2,3,0,0,0,0,0,0",HOME,1
U7Jm3,CPBL-2025-JO,2025,一軍,例行賽,2025-07-15,2025-07-15 18:36,2025-07-15 22:16,斗六棒球場,9,,FINISHED,NORMAL,味全龍,R2VRh,台鋼雄鷹,t6zJf,12,4,13,9,0,0,"2,5,0,0,2,0,3,0,0","0,0,0,1,3,0,0,0,0",HOME,1
B5kD1,CPBL-2025-JO,2025,一軍,例行賽,2025-07-13,2025-07-13 17:05,2025-07-13 20:23,新北市立新莊棒球場,9,,FINISHED,NORMAL,富邦悍將,wi4T3,台鋼雄鷹,t6zJf,4,3,9,8,0,0,"0,0,2,0,0,0,0,0,2","0,0,2,0,0,0,0,0,1",HOME,1
c0zV6,CPBL-2025-JO,2025,一軍,例行賽,2025-07-13,2025-07-13 17:05,2025-07-13 19:57,臺中市洲際棒球場,9,,FINISHED,NORMAL,中信兄弟,Kae1X,味全龍,R2VRh,1,8,5,14,2,1,"0,0,0,0,0,0,1,0,0","3,0,0,1,2,0,2,0,0",AWAY,0
O2LnN,CPBL-2025-JO,2025,一軍,例行賽,2025-07-13,2025-07-13 16:05,2025-07-13 18:49,澄清湖棒球場,9,,FINISHED,NORMAL,統一7-ELEVEn獅,Xs1sP,樂天桃猿,WyADE,0,4,3,13,1,0,"0,0,0,0,0,0,0,0,0","0,0,0,1,1,1,0,1,0",AWAY,0
mzNyo,CPBL-2025-JO,2025,一軍,例行賽,2025-07-12,2025-07-12 17:05,2025-07-12 19:57,新北市立新莊棒球場,9,,FINISHED,NORMAL,富邦悍將,wi4T3,台鋼雄鷹,t6zJf,0,1,4,4,1,2,"0,0,0,0,0,0,0,0,0","0,0,1,0,0,0,0,0,0",AWAY,0
QP6Ov,CPBL-2025-JO,2025,一軍,例行賽,2025-07-12,2025-07-12 17:05,2025-07-12 19:56,臺中市洲際棒球場,9,,FINISHED,NORMAL,中信兄弟,Kae1X,味全龍,R2VRh,6,3,9,14,1,0,"0,0,0,4,2,0,0,0,0","1,0,0,1,0,1,0,0,0",HOME,1
GW8g5,CPBL-2025-JO,2025,一軍,例行賽,2025-07-12,2025-07-12 16:05,2025-07-12 19:26,澄清湖棒球場,9,,FINISHED,NORMAL,統一7-ELEVEn獅,Xs1sP,樂天桃猿,WyADE,11,4,13,11,1,0,"3,0,0,1,4,3,0,0,0","1,0,0,2,0,0,1,0,0",HOME,1
H7Ag9,CPBL-2025-JO,2025,一軍,例行賽,2025-07-11,2025-07-11 18:45,2025-07-11 21:12,新北市立新莊棒球場,9,,FINISHED,NORMAL,富邦悍將,wi4T3,台鋼雄鷹,t6zJf,2,1,9,5,1,0,"0,0,0,0,0,0,0,0,2","0,0,0,0,1,0,0,0,0",HOME,1
2KC6w,CPBL-2025-JO,2025,一軍,例行賽,2025-07-08,2025-07-08 18:35,2025-07-08 21:45,新北市立新莊棒球場,9,,FINISHED,NORMAL,富邦悍將,wi4T3,味全龍,R2VRh,1,4,6,7,0,0,"0,1,0,0,0,0,0,0,0","0,1,0,0,0,0,0,3,0",AWAY,0
EJ74h,CPBL-2025-JO,2025,一軍,例行賽,2025-07-08,2025-07-08 18:35,2025-07-08 21:29,臺中市洲際棒球場,9,,FINISHED,NORMAL,中信兄弟,Kae1X,統一7-ELEVEn獅,Xs1sP,2,8,7,10,0,0,"0,0,0,0,0,0,2,0,0","1,1,0,1,0,0,0,2,3",AWAY,0
Yz3uy,CPBL-2025-JO,2025,一軍,例行賽,2025-07-06,2025-07-06 17:05,2025-07-06 20:30,臺北市立天母棒球場,9,,FINISHED,NORMAL,味全龍,R2VRh,統一7-ELEVEn獅,Xs1sP,16,12,17,17,1,2,"2,0,4,0,1,0,4,5,0","2,0,2,0,1,4,0,1,2",HOME,1
bEqWc,CPBL-2025-JO,2025,一軍,例行賽,2025-07-06,2025-07-06 17:05,2025-07-06 20:01,樂天桃園棒球場,9,,FINISHED,NORMAL,樂天桃猿,WyADE,富邦悍將,wi4T3,7,2,13,7,1,0,"0,0,5,0,0,1,1,0,0","0,0,0,0,0,0,0,2,0",HOME,1
vCEHR,CPBL-2025-JO,2025,一軍,例行賽,2025-07-05,2025-07-05 17:05,2025-07-05 20:18,臺北市立天母棒球場,10,,FINISHED,NORMAL,味全龍,R2VRh,統一7-ELEVEn獅,Xs1sP,2,4,9,8,0,0,"1,0,0,0,0,0,0,0,0,1","1,0,0,0,0,0,0,0,0,3",AWAY,0
uSiTR,CPBL-2025-JO,2025,一軍,例行賽,2025-07-05,2025-07-05 17:05,2025-07-05 20:37,樂天桃園棒球場,9,,FINISHED,NORMAL,樂天桃猿,WyADE,富邦悍將,wi4T3,4,18,7,25,1,1,"0,0,0,0,1,1,1,0,1","0,0,2,13,2,1,0,0,0",AWAY,0
aAYMt,CPBL-2025-JO,2025,一軍,例行賽,2025-07-05,2025-07-05 16:05,2025-07-05 18:54,澄清湖棒球場,9,,FINISHED,NORMAL,台鋼雄鷹,t6zJf,中信兄弟,Kae1X,3,6,6,12,1,2,"0,0,0,1,0,0,1,0,1","0,0,0,5,1,0,0,0,0",AWAY,0
UZdSV,CPBL-2025-JO,2025,一軍,例行賽,2025-07-04,2025-07-04 18:35,2025-07-04 21:23,臺北市立天母棒球場,9,,FINISHED,NORMAL,味全龍,R2VRh,統一7-ELEVEn獅,Xs1sP,4,1,6,5,1,0,"0,3,1,0,0,0,0,0,0","1,0,0,0,0,0,0,0,0",HOME,1
Lco33,CPBL-2025-JO,2025,一軍,例行賽,2025-07-04,2025-07-04 18:36,2025-07-04 21:06,澄清湖棒球場,9,,FINISHED,NORMAL,台鋼雄鷹,t6zJf,中信兄弟,Kae1X,2,0,10,8,0,1,"0,1,1,0,0,0,0,0,0","0,0,0,0,0,0,0,0,0",HOME,1
qHqsX,CPBL-2025-JO,2025,一軍,例行賽,2025-07-04,2025-07-04 18:36,2025-07-04 21:06,樂天桃園棒球場,9,,FINISHED,NORMAL,樂天桃猿,WyADE,富邦悍將,wi4T3,5,4,9,10,1,1,"0,0,0,1,0,4,0,0,0","0,1,0,2,0,0,0,1,0",HOME,1
qK4Ih,CPBL-2025-JO,2025,一軍,例行賽,2025-06-29,2025-06-29 17:05,2025-06-29 20:07,新北市立新莊棒球場,9,,FINISHED,NORMAL,富邦悍將,wi4T3,味全龍,R2VRh,5,1,10,6,1,0,"2,0,0,0,3,0,0,0,0","0,1,0,0,0,0,0,0,0",HOME,1
3seqR,CPBL-2025-JO,2025,一軍,例行賽,2025-06-29,2025-06-29 17:05,2025-06-29 20:14,臺中市洲際棒球場,9,,FINISHED,NORMAL,中信兄弟,Kae1X,台鋼雄鷹,t6zJf,6,8,11,12,2,2,"0,1,1,0,0,1,0,1,2","0,0,1,6,0,0,0,0,1",AWAY,0
0vmKn,CPBL-2025-JO,2025,一軍,例行賽,2025-06-29,2025-06-29 17:05,2025-06-29 18:55,樂天桃園棒球場,9,,FINISHED,NORMAL,樂天桃猿,WyADE,統一7-ELEVEn獅,Xs1sP,1,4,7,7,3,0,"0,0,0,0,0,1,0,0,0","0,0,0,2,0,0,0,0,2",AWAY,0
z4552,CPBL-2025-JO,2025,一軍,例行賽,2025-06-28,2025-06-28 17:05,2025-06-28 19:24,臺南市立棒球場,9,,FINISHED,NORMAL,統一7-ELEVEn獅,Xs1sP,富邦悍將,wi4T3,3,1,6,4,1,1,"0,1,0,2,0,0,0,0,0","0,0,0,0,0,0,1,0,0",HOME,1
bKXDU,CPBL-2025-JO,2025,一軍,例行賽,2025-06-28,2025-06-28 17:05,2025-06-28 20:08,臺中市洲際棒球場,9,,FINISHED,NORMAL,中信兄弟,Kae1X,台鋼雄鷹,t6zJf,4,8,10,11,0,0,"0,2,0,0,1,1,0,0,0","0,0,0,2,3,0,0,3,0",AWAY,0
BqlZV,CPBL-2025-JO,2025,一軍,例行賽,2025-06-28,2025-06-28 17:05,2025-06-28 20:55,樂天桃園棒球場,11,,FINISHED,NORMAL,樂天桃猿,WyADE,味全龍,R2VRh,5,7,9,11,2,1,"2,0,1,0,0,0,1,0,0,1,0","0,0,0,0,0,1,0,3,0,1,2",AWAY,0
YszAg,CPBL-2025-JO,2025,一軍,例行賽,2025-06-27,2025-06-27 18:35,2025-06-27 22:03,嘉義市立棒球場,9,,FINISHED,NORMAL,統一7-ELEVEn獅,Xs1sP,台鋼雄鷹,t6zJf,12,5,14,11,1,1,"4,4,4,0,0,0,0,0,0","0,0,0,2,0,1,2,0,0",HOME,1
cZCT5,CPBL-2025-JO,2025,一軍,例行賽,2025-06-27,2025-06-27 18:35,2025-06-27 21:22,臺北市立天母棒球場,9,,FINISHED,NORMAL,味全龍,R2VRh,富邦悍將,wi4T3,0,5,3,9,0,0,"0,0,0,0,0,0,0,0,0","0,0,0,0,0,5,0,0,0",AWAY,0
mOOzX,CPBL-2025-JO,2025,一軍,例行賽,2025-06-27,2025-06-27 18:35,2025-06-27 21:12,樂天桃園棒球場,9,,FINISHED,NORMAL,樂天桃猿,WyADE,中信兄弟,Kae1X,1,2,9,6,3,1,"0,0,0,0,0,0,1,0,0","1,0,0,0,0,0,1,0,0",AWAY,0
iIPEN,CPBL-2025-JO,2025,一軍,例行賽,2025-06-26,2025-06-26 19:45,2025-06-26 22:48,臺南市立棒球場,9,,FINISHED,NORMAL,統一7-ELEVEn獅,Xs1sP,台鋼雄鷹,t6zJf,3,4,13,11,1,1,"0,0,2,0,0,1,0,0,0","2,0,0,0,2,0,0,0,0",AWAY,0
AmVJx,CPBL-2025-JO,2025,一軍,例行賽,2025-06-26,2025-06-26 18:35,2025-06-26 21:59,新北市立新莊棒球場,11,,FINISHED,NORMAL,富邦悍將,wi4T3,樂天桃猿,WyADE,5,4,8,9,2,1,"0,1,0,1,0,0,0,0,0,1,2","0,0,0,0,0,1,0,1,0,1,1",HOME,1
lG4mZ,CPBL-2025-JO,2025,一軍,例行賽,2025-06-25,2025-06-25 18:35,2025-06-25 21:18,新北市立新莊棒球場,9,,FINISHED,NORMAL,富邦悍將,wi4T3,樂天桃猿,WyADE,2,0,5,4,0,0,"1,0,0,1,0,0,0,0,0","0,0,0,0,0,0,0,0,0",HOME,1
vVxRe,CPBL-2025-JO,2025,一軍,例行賽,2025-06-24,2025-06-24 18:35,2025-06-24 21:24,新北市立新莊棒球場,9,,FINISHED,NORMAL,富邦悍將,wi4T3,統一7-ELEVEn獅,Xs1sP,5,0,6,7,0,0,"3,0,2,0,0,0,0,0,0","0,0,0,0,0,0,0,0,0",HOME,1
DS41S,CPBL-2025-JO,2025,一軍,例行賽,2025-06-24,2025-06-24 18:35,2025-06-24 21:54,臺北市立天母棒球場,9,,FINISHED,NORMAL,味全龍,R2VRh,樂天桃猿,WyADE,3,11,9,17,2,2,"0,0,0,1,1,0,0,1,0","0,0,2,0,0,2,1,6,0",AWAY,0
E6RJa,CPBL-2025-JO,2025,一軍,例行賽,2025-06-22,2025-06-22 17:05,2025-06-22 19:57,臺北市立天母棒球場,9,,FINISHED,NORMAL,味全龍,R2VRh,統一7-ELEVEn獅,Xs1sP,4,1,13,5,0,0,"1,2,1,0,0,0,0,0,0","0,0,0,0,1,0,0,0,0",HOME,1
Zk42V,CPBL-2025-JO,2025,一軍,例行賽,2025-06-22,2025-06-22 17:05,2025-06-22 19:41,樂天桃園棒球場,9,,FINISHED,NORMAL,樂天桃猿,WyADE,台鋼雄鷹,t6zJf,2,1,4,6,1,2,"1,1,0,0,0,0,0,0,0","0,1,0,0,0,0,0,0,0",HOME,1
UKIOf,CPBL-2025-JO,2025,一軍,例行賽,2025-06-22,2025-06-22 17:05,2025-06-22 20:15,臺中市洲際棒球場,9,,FINISHED,NORMAL,中信兄弟,Kae1X,富邦悍將,wi4T3,10,0,15,3,0,3,"0,2,0,1,0,2,5,0,0","0,0,0,0,0,0,0,0,0",HOME,1
CV8EW,CPBL-2025-JO,2025,一軍,例行賽,2025-06-21,2025-06-21 17:05,2025-06-21 19:59,臺北市立天母棒球場,9,,FINISHED,NORMAL,味全龍,R2VRh,統一7-ELEVEn獅,Xs1sP,1,4,4,8,0,0,"0,0,0,0,0,1,0,0,0","1,0,0,0,0,1,0,2,0",AWAY,0
Rgsha,CPBL-2025-JO,2025,一軍,例行賽,2025-06-21,2025-06-21 17:05,2025-06-21 21:43,樂天桃園棒球場,11,,FINISHED,NORMAL,樂天桃猿,WyADE,台鋼雄鷹,t6zJf,11,12,15,18,3,0,"1,0,1,1,1,0,0,6,0,1,0","7,1,0,0,0,0,0,1,1,1,1",AWAY,0
pWUJA,CPBL-2025-JO,2025,一軍,例行賽,2025-06-21,2025-06-21 17:05,2025-06-21 20:12,臺中市洲際棒球場,9,,FINISHED,NORMAL,中信兄弟,Kae1X,富邦悍將,wi4T3,5,4,7,12,0,0,"0,4,0,0,1,0,0,0,0","0,0,0,0,0,3,0,1,0",HOME,1
EKw4s,CPBL-2025-JO,2025,一軍,例行賽,2025-06-20,2025-06-20 18:35,2025-06-20 20:59,臺北市立天母棒球場,9,,FINISHED,NORMAL,味全龍,R2VRh,中信兄弟,Kae1X,3,4,9,8,1,0,"1,0,0,0,0,0,0,2,0","0,0,0,0,1,0,1,2,0",AWAY,0
AFslb,CPBL-2025-JO,2025,一軍,例行賽,2025-06-20,2025-06-20 18:35,2025-06-20 21:32,樂天桃園棒球場,9,,FINISHED,NORMAL,樂天桃猿,WyADE,統一7-ELEVEn獅,Xs1sP,2,12,2,16,3,0,"0,1,0,0,0,1,0,0,0","1,2,0,1,2,0,0,0,6",AWAY,0
t5pjw,CPBL-2025-JO,2025,一軍,例行賽,2025-06-20,2025-06-20 18:35,2025-06-20 21:24,澄清湖棒球場,9,,FINISHED,NORMAL,台鋼雄鷹,t6zJf,富邦悍將,wi4T3,3,4,8,11,1,0,"0,0,0,0,0,0,3,0,0","0,0,2,0,0,1,0,1,0",AWAY,0
icwAd,CPBL-2025-JO,2025,一軍,例行賽,2025-06-19,2025-06-19 18:35,2025-06-19 21:12,臺北市立天母棒球場,9,,FINISHED,NORMAL,味全龍,R2VRh,中信兄弟,Kae1X,1,5,6,10,1,0,"0,0,0,0,0,0,0,1,0","0,0,1,0,2,1,1,0,0",AWAY,0
84N2E,CPBL-2025-JO,2025,一軍,例行賽,2025-06-19,2025-06-19 18:35,2025-06-19 20:55,樂天桃園棒球場,9,,FINISHED,NORMAL,樂天桃猿,WyADE,統一7-ELEVEn獅,Xs1sP,2,1,8,7,0,0,"0,0,0,1,0,0,0,0,1","0,0,0,0,0,1,0,0,0",HOME,1
OGKTc,CPBL-2025-JO,2025,一軍,例行賽,2025-06-19,2025-06-19 18:50,2025-06-19 21:50,澄清湖棒球場,9,,FINISHED,NORMAL,台鋼雄鷹,t6zJf,富邦悍將,wi4T3,5,2,11,10,0,0,"1,1,0,1,0,2,0,0,0","1,0,0,0,1,0,0,0,0",HOME,1
58VkT,CPBL-2025-JO,2025,一軍,例行賽,2025-06-18,2025-06-18 18:35,2025-06-18 22:04,臺中市洲際棒球場,9,,FINISHED,NORMAL,中信兄弟,Kae1X,樂天桃猿,WyADE,2,4,7,14,0,0,"0,0,2,0,0,0,0,0,0","0,0,0,2,0,2,0,0,0",AWAY,0
5w8H0,CPBL-2025-JO,2025,一軍,例行賽,2025-06-17,2025-06-17 18:35,2025-06-17 21:04,新北市立新莊棒球場,9,,FINISHED,NORMAL,富邦悍將,wi4T3,統一7-ELEVEn獅,Xs1sP,4,1,10,8,0,0,"0,0,0,2,0,1,0,1,0","0,0,0,1,0,0,0,0,0",HOME,1
Ozx8R,CPBL-2025-JO,2025,一軍,例行賽,2025-06-17,2025-06-17 18:35,2025-06-17 21:27,臺北市立天母棒球場,9,,FINISHED,NORMAL,味全龍,R2VRh,樂天桃猿,WyADE,1,2,8,10,0,2,"0,0,0,1,0,0,0,0,0","1,0,0,0,0,0,1,0,0",AWAY,0
N4iDp,CPBL-2025-JO,2025,一軍,例行賽,2025-06-17,2025-06-17 18:39,2025-06-17 22:00,澄清湖棒球場,10,,FINISHED,NORMAL,台鋼雄鷹,t6zJf,中信兄弟,Kae1X,7,6,11,9,0,0,"0,2,0,1,0,1,0,1,0,2","0,0,1,0,1,0,3,0,0,1",HOME,1
tSfoW,CPBL-2025-JO,2025,一軍,例行賽,2025-06-15,2025-06-15 16:05,2025-06-15 18:19,臺南市立棒球場,9,,FINISHED,NORMAL,統一7-ELEVEn獅,Xs1sP,中信兄弟,Kae1X,1,0,5,3,0,0,"0,0,1,0,0,0,0,0,0","0,0,0,0,0,0,0,0,0",HOME,1
lMIml,CPBL-2025-JO,2025,一軍,例行賽,2025-06-15,2025-06-15 16:05,2025-06-15 19:04,臺北大巨蛋,9,,FINISHED,NORMAL,富邦悍將,wi4T3,樂天桃猿,WyADE,7,3,10,8,0,0,"3,0,1,0,1,2,0,0,0","0,1,0,2,0,0,0,0,0",HOME,1
ZK3uj,CPBL-2025-JO,2025,一軍,例行賽,2025-06-15,2025-06-15 16:05,2025-06-15 19:00,澄清湖棒球場,9,,FINISHED,NORMAL,台鋼雄鷹,t6zJf,味全龍,R2VRh,1,6,8,9,0,0,"0,0,0,1,0,0,0,0,0","2,1,0,0,1,0,0,0,2",AWAY,0
c5SfF,CPBL-2025-JO,2025,一軍,例行賽,2025-06-14,2025-06-14 17:05,2025-06-14 19:50,臺北大巨蛋,9,,FINISHED,NORMAL,富邦悍將,wi4T3,樂天桃猿,WyADE,2,7,6,13,2,0,"0,1,0,0,1,0,0,0,0","0,0,4,0,1,1,0,0,1",AWAY,0
kQoJm,CPBL-2025-JO,2025,一軍,例行賽,2025-06-14,2025-06-14 17:05,2025-06-14 19:58,澄清湖棒球場,9,,FINISHED,NORMAL,台鋼雄鷹,t6zJf,味全龍,R2VRh,3,1,10,9,0,0,"0,0,0,0,0,3,0,0,0","0,0,0,0,0,1,0,0,0",HOME,1
J6uvF,CPBL-2025-JO,2025,一軍,例行賽,2025-06-14,2025-06-14 16:05,2025-06-14 19:40,臺南市立棒球場,11,,FINISHED,NORMAL,統一7-ELEVEn獅,Xs1sP,中信兄弟,Kae1X,6,8,10,13,1,0,"0,1,0,1,1,1,0,0,0,1,1","0,0,0,0,0,1,0,0,3,1,3",AWAY,0
Y7ngP,CPBL-2025-JO,2025,一軍,例行賽,2025-06-13,2025-06-13 18:35,2025-06-13 21:40,臺北大巨蛋,9,,FINISHED,NORMAL,富邦悍將,wi4T3,味全龍,R2VRh,2,3,5,8,3,1,"0,0,0,0,0,2,0,0,0","0,0,0,0,1,0,0,0,2",AWAY,0
tsrDL,CPBL-2025-JO,2025,一軍,例行賽,2025-06-12,2025-06-12 18:07,2025-06-12 21:54,臺南市立棒球場,9,,FINISHED,NORMAL,統一7-ELEVEn獅,Xs1sP,台鋼雄鷹,t6zJf,12,4,12,13,1,2,"0,0,3,0,3,4,0,2,0","0,0,1,2,0,0,0,0,1",HOME,1
x6CsD,CPBL-2025-JO,2025,一軍,例行賽,2025-06-12,2025-06-12 18:06,2025-06-12 20:58,臺北大巨蛋,9,,FINISHED,NORMAL,富邦悍將,wi4T3,味全龍,R2VRh,2,1,5,2,0,1,"0,0,0,0,0,0,0,0,2","0,0,0,0,0,0,0,1,0",HOME,1
gzKIq,CPBL-2025-JO,2025,一軍,例行賽,2025-06-12,2025-06-12 18:05,2025-06-12 21:16,臺中市洲際棒球場,9,,FINISHED,NORMAL,中信兄弟,Kae1X,樂天桃猿,WyADE,4,1,6,5,2,0,"0,0,1,0,1,1,1,0,0","0,0,0,0,0,0,0,1,0",HOME,1
sMaWh,CPBL-2025-JO,2025,一軍,例行賽,2025-06-10,2025-06-10 18:03,2025-06-10 21:41,嘉義市立棒球場,9,,FINISHED,NORMAL,統一7-ELEVEn獅,Xs1sP,富邦悍將,wi4T3,6,5,9,10,0,1,"1,1,2,1,0,0,0,0,1","0,0,1,0,0,3,0,0,1",HOME,1
aND62,CPBL-2025-JO,2025,一軍,例行賽,2025-06-10,2025-06-10 18:02,2025-06-10 22:03,樂天桃園棒球場,9,,FINISHED,NORMAL,樂天桃猿,WyADE,味全龍,R2VRh,3,13,7,16,0,2,"0,0,3,0,0,0,0,0,0","2,0,0,0,0,5,1,2,3",AWAY,0
SnTSd,CPBL-2025-JO,2025,一軍,例行賽,2025-06-10,2025-06-10 18:03,2025-06-10 22:19,臺中市洲際棒球場,9,,FINISHED,NORMAL,中信兄弟,Kae1X,台鋼雄鷹,t6zJf,7,10,10,15,0,1,"0,2,0,2,1,2,0,0,0","2,3,0,0,0,1,0,3,1",AWAY,0
yWY6V,CPBL-2025-JO,2025,一軍,例行賽,2025-06-08,2025-06-08 16:19,2025-06-08 20:29,樂天桃園棒球場,9,,FINISHED,NORMAL,樂天桃猿,WyADE,台鋼雄鷹,t6zJf,4,7,11,10,1,0,"0,0,0,0,0,0,4,0,0","2,0,0,3,2,0,0,0,0",AWAY,0
KDQpL,CPBL-2025-JO,2025,一軍,例行賽,2025-06-08,2025-06-08 16:20,2025-06-08 20:25,新北市立新莊棒球場,9,,FINISHED,NORMAL,富邦悍將,wi4T3,中信兄弟,Kae1X,3,8,11,16,1,1,"0,0,1,0,1,0,0,0,1","0,2,0,0,5,0,0,0,1",AWAY,0
LfI0e,CPBL-2025-JO,2025,一軍,例行賽,2025-06-08,2025-06-08 16:20,2025-06-08 20:03,臺北市立天母棒球場,9,,FINISHED,NORMAL,味全龍,R2VRh,統一7-ELEVEn獅,Xs1sP,4,6,13,11,0,0,"0,0,0,0,0,2,1,0,1","0,0,0,1,0,0,1,4,0",AWAY,0
Fl8h0,CPBL-2025-JO,2025,一軍,例行賽,2025-06-07,2025-06-07 16:54,2025-06-07 20:16,樂天桃園棒球場,10,,FINISHED,NORMAL,樂天桃猿,WyADE,台鋼雄鷹,t6zJf,7,6,10,13,2,0,"2,0,0,0,0,0,3,0,0,2","2,0,0,1,0,0,0,0,2,1",HOME,1
OtYzT,CPBL-2025-JO,2025,一軍,例行賽,2025-06-07,2025-06-07 16:55,2025-06-07 21:26,新北市立新莊棒球場,9,,FINISHED,NORMAL,富邦悍將,wi4T3,中信兄弟,Kae1X,2,12,5,12,1,0,"0,1,0,0,0,1,0,0,0","2,6,1,2,1,0,0,0,0",AWAY,0
prZSd,CPBL-2025-JO,2025,一軍,例行賽,2025-06-07,2025-06-07 16:56,2025-06-07 19:46,臺北市立天母棒球場,9,,FINISHED,NORMAL,味全龍,R2VRh,統一7-ELEVEn獅,Xs1sP,2,3,4,8,0,1,"0,0,0,0,0,0,0,2,0","2,0,0,0,1,0,0,0,0",AWAY,0
gmXXM,CPBL-2025-JO,2025,一軍,例行賽,2025-06-06,2025-06-06 18:11,2025-06-06 21:09,樂天桃園棒球場,9,,FINISHED,NORMAL,樂天桃猿,WyADE,台鋼雄鷹,t6zJf,7,1,11,3,0,2,"0,0,1,0,3,0,1,2,0","0,0,1,0,0,0,0,0,0",HOME,1
P5IVq,CPBL-2025-JO,2025,一軍,例行賽,2025-06-06,2025-06-06 18:11,2025-06-06 21:43,新北市立新莊棒球場,9,,FINISHED,NORMAL,富邦悍將,wi4T3,中信兄弟,Kae1X,3,11,9,14,1,0,"0,0,1,0,0,0,0,1,1","3,5,0,0,2,0,0,1,0",AWAY,0
2EaXQ,CPBL-2025-JO,2025,一軍,例行賽,2025-06-06,2025-06-06 18:11,2025-06-06 21:07,臺北市立天母棒球場,9,,FINISHED,NORMAL,味全龍,R2VRh,統一7-ELEVEn獅,Xs1sP,4,7,6,10,0,0,"0,0,0,0,0,0,1,1,2","0,2,1,0,2,1,1,0,0",AWAY,0
LSQvr,CPBL-2025-JO,2025,一軍,例行賽,2025-06-04,2025-06-04 18:21,2025-06-04 22:41,樂天桃園棒球場,9,,FINISHED,NORMAL,樂天桃猿,WyADE,中信兄弟,Kae1X,8,2,10,6,0,1,"0,4,0,0,0,0,2,2,0","1,0,0,0,1,0,0,0,0",HOME,1
GgylK,CPBL-2025-JO,2025,一軍,例行賽,2025-06-03,2025-06-03 18:08,2025-06-03 21:43,花蓮縣立德興棒球場,9,,FINISHED,NORMAL,味全龍,R2VRh,富邦悍將,wi4T3,5,0,8,9,1,0,"0,1,3,0,0,1,0,0,0","0,0,0,0,0,0,0,0,0",HOME,1
glhFl,CPBL-2025-JO,2025,一軍,例行賽,2025-06-01,2025-06-01 16:47,2025-06-01 20:32,臺中市洲際棒球場,9,,FINISHED,NORMAL,中信兄弟,Kae1X,味全龍,R2VRh,12,4,9,8,0,1,"0,1,0,1,0,3,7,0,0","0,0,0,0,0,0,0,0,4",HOME,1
eQbMh,CPBL-2025-JO,2025,一軍,例行賽,2025-06-01,2025-06-01 15:52,2025-06-01 19:38,臺南市立棒球場,9,,FINISHED,NORMAL,統一7-ELEVEn獅,Xs1sP,樂天桃猿,WyADE,5,0,8,7,0,3,"0,0,4,0,0,0,0,1,0","0,0,0,0,0,0,0,0,0",HOME,1
p8JMS,CPBL-2025-JO,2025,一軍,例行賽,2025-06-01,2025-06-01 15:52,2025-06-01 21:55,澄清湖棒球場,9,,FINISHED,NORMAL,台鋼雄鷹,t6zJf,富邦悍將,wi4T3,5,4,9,14,0,2,"0,0,2,1,1,0,1,0,0","1,0,0,0,1,1,0,0,1",HOME,1
7Bhb2,CPBL-2025-JO,2025,一軍,例行賽,2025-05-31,2025-05-31 16:45,2025-05-31 21:27,臺中市洲際棒球場,11,,FINISHED,NORMAL,中信兄弟,Kae1X,味全龍,R2VRh,10,14,16,19,0,0,"0,1,3,1,1,3,0,0,0,1,0","0,2,0,0,2,1,4,0,0,1,4",AWAY,0
Ba7fJ,CPBL-2025-JO,2025,一軍,例行賽,2025-05-31,2025-05-31 15:40,2025-05-31 18:31,臺南市立棒球場,9,,FINISHED,NORMAL,統一7-ELEVEn獅,Xs1sP,樂天桃猿,WyADE,1,5,6,10,3,0,"0,0,0,0,0,0,0,1,0","0,1,0,1,0,1,0,1,1",AWAY,0
93jb0,CPBL-2025-JO,2025,一軍,例行賽,2025-05-31,2025-05-31 15:41,2025-05-31 19:35,澄清湖棒球場,9,,FINISHED,NORMAL,台鋼雄鷹,t6zJf,富邦悍將,wi4T3,14,0,24,4,0,3,"1,1,1,2,5,0,0,4,0","0,0,0,0,0,0,0,0,0",HOME,1
v8Z6Y,CPBL-2025-JO,2025,一軍,例行賽,2025-05-30,2025-05-30 17:05,2025-05-30 20:11,臺中市洲際棒球場,9,,FINISHED,NORMAL,中信兄弟,Kae1X,味全龍,R2VRh,6,4,8,9,0,1,"0,0,2,0,0,0,4,0,0","1,0,0,0,0,2,0,1,0",HOME,1
hBguJ,CPBL-2025-JO,2025,一軍,例行賽,2025-05-30,2025-05-30 15:44,2025-05-30 18:40,臺南市立棒球場,9,,FINISHED,NORMAL,統一7-ELEVEn獅,Xs1sP,樂天桃猿,WyADE,8,3,14,8,0,0,"0,4,2,0,0,0,2,0,0","3,0,0,0,0,0,0,0,0",HOME,1
Lcnuf,CPBL-2025-JO,2025,一軍,例行賽,2025-05-30,2025-05-30 15:44,2025-05-30 19:50,澄清湖棒球場,9,,FINISHED,NORMAL,台鋼雄鷹,t6zJf,富邦悍將,wi4T3,5,9,13,18,0,2,"2,0,0,0,0,0,3,0,0","0,1,0,1,3,1,0,3,0",AWAY,0
mXgeV,CPBL-2025-JO,2025,一軍,例行賽,2025-05-28,2025-05-28 18:07,2025-05-28 21:58,樂天桃園棒球場,10,,FINISHED,NORMAL,樂天桃猿,WyADE,味全龍,R2VRh,6,5,13,9,0,2,"0,0,3,0,0,1,1,0,0,1","1,0,0,1,3,0,0,0,0,0",HOME,1
cHWIn,CPBL-2025-JO,2025,一軍,例行賽,2025-05-28,2025-05-28 18:08,2025-05-28 21:49,澄清湖棒球場,9,,FINISHED,NORMAL,台鋼雄鷹,t6zJf,中信兄弟,Kae1X,3,2,7,7,0,0,"1,0,0,0,0,0,2,0,0","0,2,0,0,0,0,0,0,0",HOME,1
C8gLI,CPBL-2025-JO,2025,一軍,例行賽,2025-05-27,2025-05-27 17:46,2025-05-27 22:08,新北市立新莊棒球場,9,,FINISHED,NORMAL,富邦悍將,wi4T3,統一7-ELEVEn獅,Xs1sP,8,4,15,8,1,0,"1,2,1,0,2,0,2,0,0","3,0,0,0,1,0,0,0,0",HOME,1
McZmK,CPBL-2025-JO,2025,一軍,例行賽,2025-05-27,2025-05-27 17:46,2025-05-27 21:42,澄清湖棒球場,10,,FINISHED,NORMAL,台鋼雄鷹,t6zJf,中信兄弟,Kae1X,3,4,7,10,1,0,"0,0,0,2,0,0,0,0,0,1","0,0,0,2,0,0,0,0,0,2",AWAY,0
Yqi6a,CPBL-2025-JO,2025,一軍,例行賽,2025-05-25,2025-05-25 15:59,2025-05-25 20:12,樂天桃園棒球場,9,,FINISHED,NORMAL,樂天桃猿,WyADE,富邦悍將,wi4T3,6,1,14,7,0,0,"1,0,5,0,0,0,0,0,0","0,0,0,0,0,0,0,1,0",HOME,1
lYzDc,CPBL-2025-JO,2025,一軍,例行賽,2025-05-25,2025-05-25 15:17,2025-05-25 18:54,臺南市立棒球場,9,,FINISHED,NORMAL,統一7-ELEVEn獅,Xs1sP,中信兄弟,Kae1X,4,6,10,14,0,0,"0,2,1,0,0,0,0,0,1","2,0,0,3,0,0,1,0,0",AWAY,0
FpG01,CPBL-2025-JO,2025,一軍,例行賽,2025-05-25,2025-05-25 15:06,2025-05-25 18:25,臺北大巨蛋,9,,FINISHED,NORMAL,味全龍,R2VRh,台鋼雄鷹,t6zJf,2,6,9,14,0,0,"1,0,0,1,0,0,0,0,0","0,0,0,2,0,0,1,0,3",AWAY,0
z8TYL,CPBL-2025-JO,2025,一軍,例行賽,2025-05-24,2025-05-24 16:52,2025-05-24 19:25,樂天桃園棒球場,5,,FINISHED,NORMAL,樂天桃猿,WyADE,富邦悍將,wi4T3,1,0,3,5,0,0,"0,0,1,0,0","0,0,0,0,0",HOME,1
NzjZR,CPBL-2025-JO,2025,一軍,例行賽,2025-05-24,2025-05-24 16:53,2025-05-24 19:32,臺北大巨蛋,9,,FINISHED,NORMAL,味全龍,R2VRh,台鋼雄鷹,t6zJf,7,0,8,2,0,0,"0,0,0,0,0,0,7,0,0","0,0,0,0,0,0,0,0,0",HOME,1
lu2LZ,CPBL-2025-JO,2025,一軍,例行賽,2025-05-24,2025-05-24 15:54,2025-05-24 19:31,臺南市立棒球場,9,,FINISHED,NORMAL,統一7-ELEVEn獅,Xs1sP,中信兄弟,Kae1X,4,7,8,9,0,0,"0,0,0,3,1,0,0,0,0","1,0,0,0,0,4,2,0,0",AWAY,0
WkobU,CPBL-2025-JO,2025,一軍,例行賽,2025-05-23,2025-05-23 18:11,2025-05-23 22:03,樂天桃園棒球場,9,,FINISHED,NORMAL,樂天桃猿,WyADE,富邦悍將,wi4T3,10,5,18,8,0,0,"0,1,0,0,3,1,2,3,0","1,0,0,3,0,0,1,0,0",HOME,1
3l7tf,CPBL-2025-JO,2025,一軍,例行賽,2025-05-23,2025-05-23 18:12,2025-05-23 21:35,臺北大巨蛋,9,,FINISHED,NORMAL,味全龍,R2VRh,台鋼雄鷹,t6zJf,12,2,16,5,0,0,"5,3,3,0,1,0,0,0,0","0,1,0,0,0,0,0,1,0",HOME,1
uR9hK,CPBL-2025-JO,2025,一軍,例行賽,2025-05-23,2025-05-23 18:35,2025-05-23 21:26,臺南市立棒球場,9,,FINISHED,NORMAL,統一7-ELEVEn獅,Xs1sP,中信兄弟,Kae1X,1,4,7,13,0,0,"0,0,0,0,0,0,0,1,0","0,1,0,1,0,0,0,2,0",AWAY,0
HyDYZ,CPBL-2025-JO,2025,一軍,例行賽,2025-05-22,2025-05-22 17:29,2025-05-22 21:42,臺中市洲際棒球場,9,,FINISHED,NORMAL,中信兄弟,Kae1X,富邦悍將,wi4T3,9,3,11,11,0,0,"1,0,1,0,4,0,3,0,0","0,0,0,0,0,1,0,1,1",HOME,1
1xNNs,CPBL-2025-JO,2025,一軍,例行賽,2025-05-21,2025-05-21 18:28,2025-05-21 21:24,澄清湖棒球場,9,,FINISHED,NORMAL,台鋼雄鷹,t6zJf,樂天桃猿,WyADE,6,4,8,5,0,0,"0,1,5,0,0,0,0,0,0","0,0,2,0,0,2,0,0,0",HOME,1
fIMap,CPBL-2025-JO,2025,一軍,例行賽,2025-05-21,2025-05-21 18:29,2025-05-21 21:13,臺南市立棒球場,9,,FINISHED,NORMAL,統一7-ELEVEn獅,Xs1sP,味全龍,R2VRh,3,1,7,6,0,0,"0,0,0,0,0,3,0,0,0","0,0,0,0,0,1,0,0,0",HOME,1
Y6POj,CPBL-2025-JO,2025,一軍,例行賽,2025-05-20,2025-05-20 18:22,2025-05-20 21:20,嘉義市立棒球場,9,,FINISHED,NORMAL,台鋼雄鷹,t6zJf,樂天桃猿,WyADE,6,1,9,5,0,0,"0,0,0,0,6,0,0,0,0","0,1,0,0,0,0,0,0,0",HOME,1
LMv2c,CPBL-2025-JO,2025,一軍,例行賽,2025-05-20,2025-05-20 18:21,2025-05-20 21:58,臺南市立棒球場,10,,FINISHED,NORMAL,統一7-ELEVEn獅,Xs1sP,味全龍,R2VRh,1,3,6,10,0,0,"0,0,0,0,0,0,1,0,0,0","0,0,0,0,0,1,0,0,0,2",AWAY,0
STIjc,CPBL-2025-JO,2025,一軍,例行賽,2025-05-18,2025-05-18 16:22,2025-05-18 20:24,臺中市洲際棒球場,9,,FINISHED,NORMAL,中信兄弟,Kae1X,樂天桃猿,WyADE,9,7,14,14,0,0,"2,6,0,1,0,0,0,0,0","0,0,0,1,0,0,2,0,4",HOME,1
CnLDA,CPBL-2025-JO,2025,一軍,例行賽,2025-05-18,2025-05-18 15:43,2025-05-18 19:31,澄清湖棒球場,9,,FINISHED,NORMAL,台鋼雄鷹,t6zJf,統一7-ELEVEn獅,Xs1sP,3,6,12,11,0,0,"2,0,0,0,0,0,1,0,0","0,0,0,2,2,0,0,0,2",AWAY,0
AaaQY,CPBL-2025-JO,2025,一軍,例行賽,2025-05-17,2025-05-17 16:39,2025-05-17 20:06,臺中市洲際棒球場,9,,FINISHED,NORMAL,中信兄弟,Kae1X,樂天桃猿,WyADE,6,12,7,18,0,0,"0,0,0,0,3,0,0,0,3","2,0,4,1,0,3,2,0,0",AWAY,0
G0yJa,CPBL-2025-JO,2025,一軍,例行賽,2025-05-17,2025-05-17 16:39,2025-05-17 20:53,新北市立新莊棒球場,9,,FINISHED,NORMAL,富邦悍將,wi4T3,味全龍,R2VRh,2,0,7,3,0,0,"0,0,1,0,0,0,1,0,0","0,0,0,0,0,0,0,0,0",HOME,1
YFPKN,CPBL-2025-JO,2025,一軍,例行賽,2025-05-17,2025-05-17 15:42,2025-05-17 19:35,澄清湖棒球場,9,,FINISHED,NORMAL,台鋼雄鷹,t6zJf,統一7-ELEVEn獅,Xs1sP,7,8,14,12,0,0,"0,0,0,1,2,0,2,2,0","0,1,0,0,1,1,0,2,3",AWAY,0
C7cEc,CPBL-2025-JO,2025,一軍,例行賽,2025-05-16,2025-05-16 18:10,2025-05-16 21:27,臺中市洲際棒球場,9,,FINISHED,NORMAL,中信兄弟,Kae1X,樂天桃猿,WyADE,4,5,8,9,0,0,"0,2,0,1,0,0,0,0,1","0,0,2,1,0,1,0,1,0",AWAY,0
mRlQ0,CPBL-2025-JO,2025,一軍,例行賽,2025-05-16,2025-05-16 18:13,2025-05-16 21:25,澄清湖棒球場,9,,FINISHED,NORMAL,台鋼雄鷹,t6zJf,統一7-ELEVEn獅,Xs1sP,0,6,3,15,0,0,"0,0,0,0,0,0,0,0,0","0,0,1,1,0,0,1,0,3",AWAY,0
22SLd,CPBL-2025-JO,2025,一軍,例行賽,2025-05-16,2025-05-16 18:12,2025-05-16 21:02,新北市立新莊棒球場,9,,FINISHED,NORMAL,富邦悍將,wi4T3,味全龍,R2VRh,5,1,7,4,0,0,"0,0,2,3,0,0,0,0,0","0,0,1,0,0,0,0,0,0",HOME,1
oWRWb,CPBL-2025-JO,2025,一軍,例行賽,2025-05-15,2025-05-15 18:29,2025-05-15 21:14,樂天桃園棒球場,9,,FINISHED,NORMAL,樂天桃猿,WyADE,統一7-ELEVEn獅,Xs1sP,4,1,7,8,0,0,"0,0,0,0,4,0,0,0,0","1,0,0,0,0,0,0,0,0",HOME,1
RiwnJ,CPBL-2025-JO,2025,一軍,例行賽,2025-05-14,2025-05-14 18:06,2025-05-14 21:24,樂天桃園棒球場,9,,FINISHED,NORMAL,樂天桃猿,WyADE,統一7-ELEVEn獅,Xs1sP,10,1,14,5,0,0,"1,0,4,3,0,1,1,0,0","0,0,0,0,0,0,1,0,0",HOME,1
Fdhcj,CPBL-2025-JO,2025,一軍,例行賽,2025-05-14,2025-05-14 18:08,2025-05-14 20:53,臺北市立天母棒球場,9,,FINISHED,NORMAL,味全龍,R2VRh,中信兄弟,Kae1X,0,1,2,6,0,0,"0,0,0,0,0,0,0,0,0","0,0,0,0,0,0,0,0,1",AWAY,0
1dkUl,CPBL-2025-JO,2025,一軍,例行賽,2025-05-14,2025-05-14 18:06,2025-05-14 22:08,新北市立新莊棒球場,9,,FINISHED,NORMAL,富邦悍將,wi4T3,台鋼雄鷹,t6zJf,4,6,14,9,0,0,"0,0,1,1,0,0,2,0,0","0,1,0,0,2,0,0,0,3",AWAY,0
lHPfL,CPBL-2025-JO,2025,一軍,例行賽,2025-05-13,2025-05-13 18:09,2025-05-13 21:23,臺北市立天母棒球場,9,,FINISHED,NORMAL,味全龍,R2VRh,中信兄弟,Kae1X,9,3,10,10,0,0,"1,0,0,0,1,0,5,2,0","0,0,0,0,1,0,0,0,2",HOME,1
H5p29,CPBL-2025-JO,2025,一軍,例行賽,2025-05-13,2025-05-13 18:11,2025-05-13 21:27,新北市立新莊棒球場,9,,FINISHED,NORMAL,富邦悍將,wi4T3,台鋼雄鷹,t6zJf,5,3,8,5,0,0,"0,0,2,0,0,1,0,2,0","0,0,1,0,0,0,2,0,0",HOME,1
CYIFi,CPBL-2025-JO,2025,一軍,例行賽,2025-05-10,2025-05-10 16:19,2025-05-10 19:39,臺北市立天母棒球場,10,,FINISHED,NORMAL,味全龍,R2VRh,樂天桃猿,WyADE,1,0,3,4,0,0,"0,0,0,0,0,0,0,0,0,1","0,0,0,0,0,0,0,0,0,0",HOME,1
f94Qm,CPBL-2025-JO,2025,一軍,例行賽,2025-05-10,2025-05-10 15:58,2025-05-10 19:19,花蓮縣立德興棒球場,9,,FINISHED,NORMAL,統一7-ELEVEn獅,Xs1sP,富邦悍將,wi4T3,15,2,23,6,0,0,"0,1,4,1,1,2,2,4,0","0,0,1,0,0,0,0,0,1",HOME,1
unhXq,CPBL-2025-JO,2025,一軍,例行賽,2025-05-09,2025-05-09 18:29,2025-05-09 21:07,臺北市立天母棒球場,9,,FINISHED,NORMAL,味全龍,R2VRh,樂天桃猿,WyADE,4,1,14,5,0,0,"0,2,0,0,0,0,1,1,0","0,0,0,1,0,0,0,0,0",HOME,1
R1gT5,CPBL-2025-JO,2025,一軍,例行賽,2025-05-09,2025-05-09 18:30,2025-05-09 22:09,花蓮縣立德興棒球場,10,,FINISHED,NORMAL,統一7-ELEVEn獅,Xs1sP,富邦悍將,wi4T3,4,3,12,10,0,0,"0,0,1,0,0,0,0,1,0,2","0,0,0,0,1,1,0,0,0,1",HOME,1
zSXKY,CPBL-2025-JO,2025,一軍,例行賽,2025-05-09,2025-05-09 18:32,2025-05-09 21:47,臺中市洲際棒球場,9,,FINISHED,NORMAL,中信兄弟,Kae1X,台鋼雄鷹,t6zJf,2,6,4,9,0,0,"0,2,0,0,0,0,0,0,0","1,0,0,0,0,5,0,0,0",AWAY,0
W3WMm,CPBL-2025-JO,2025,一軍,例行賽,2025-05-07,2025-05-07 18:00,2025-05-07 21:35,澄清湖棒球場,9,,FINISHED,NORMAL,台鋼雄鷹,t6zJf,味全龍,R2VRh,4,9,8,12,0,0,"0,0,0,1,0,2,0,1,0","3,0,0,0,0,0,3,3,0",AWAY,0
L7iBy,CPBL-2025-JO,2025,一軍,例行賽,2025-05-07,2025-05-07 17:59,2025-05-07 21:29,臺中市洲際棒球場,9,,FINISHED,NORMAL,中信兄弟,Kae1X,統一7-ELEVEn獅,Xs1sP,7,4,13,9,0,0,"3,0,2,0,1,0,1,0,0","0,0,1,0,0,0,1,2,0",HOME,1
UQBaX,CPBL-2025-JO,2025,一軍,例行賽,2025-05-06,2025-05-06 18:04,2025-05-06 21:45,新北市立新莊棒球場,9,,FINISHED,NORMAL,富邦悍將,wi4T3,樂天桃猿,WyADE,1,5,7,11,0,0,"0,0,0,1,0,0,0,0,0","1,0,1,1,1,0,1,0,0",AWAY,0
r44FB,CPBL-2025-JO,2025,一軍,例行賽,2025-05-06,2025-05-06 18:13,2025-05-06 21:33,澄清湖棒球場,9,,FINISHED,NORMAL,台鋼雄鷹,t6zJf,味全龍,R2VRh,6,2,12,10,0,0,"0,0,0,3,3,0,0,0,0","2,0,0,0,0,0,0,0,0",HOME,1
weID5,CPBL-2025-JO,2025,一軍,例行賽,2025-05-04,2025-05-04 16:39,2025-05-04 20:06,樂天桃園棒球場,9,,FINISHED,NORMAL,樂天桃猿,WyADE,味全龍,R2VRh,3,5,5,9,0,0,"0,0,0,1,1,1,0,0,0","1,0,0,0,0,0,0,2,2",AWAY,0
GIWDb,CPBL-2025-JO,2025,一軍,例行賽,2025-05-04,2025-05-04 16:40,2025-05-04 20:20,新北市立新莊棒球場,9,,FINISHED,NORMAL,富邦悍將,wi4T3,統一7-ELEVEn獅,Xs1sP,2,13,5,14,0,0,"0,0,0,0,2,0,0,0,0","0,1,0,1,0,2,0,8,1",AWAY,0
Auu7m,CPBL-2025-JO,2025,一軍,例行賽,2025-05-04,2025-05-04 15:30,2025-05-04 19:05,澄清湖棒球場,9,,FINISHED,NORMAL,台鋼雄鷹,t6zJf,中信兄弟,Kae1X,6,9,10,14,0,0,"2,0,0,1,0,1,0,0,2","4,0,0,0,1,2,0,0,2",AWAY,0
MezAi,CPBL-2025-JO,2025,一軍,例行賽,2025-05-03,2025-05-03 17:06,2025-05-03 20:05,樂天桃園棒球場,9,,FINISHED,NORMAL,樂天桃猿,WyADE,味全龍,R2VRh,3,2,7,7,0,0,"1,0,0,0,2,0,0,0,0","0,1,0,0,0,0,0,1,0",HOME,1
XDKCN,CPBL-2025-JO,2025,一軍,例行賽,2025-05-03,2025-05-03 16:37,2025-05-03 20:00,新北市立新莊棒球場,9,,FINISHED,NORMAL,富邦悍將,wi4T3,統一7-ELEVEn獅,Xs1sP,2,7,4,9,0,0,"0,1,0,0,0,0,0,1,0","0,1,1,1,4,0,0,0,0",AWAY,0
nXeNS,CPBL-2025-JO,2025,一軍,例行賽,2025-05-03,2025-05-03 15:19,2025-05-03 18:28,澄清湖棒球場,9,,FINISHED,NORMAL,台鋼雄鷹,t6zJf,中信兄弟,Kae1X,2,1,4,7,0,0,"0,0,0,0,2,0,0,0,0","0,0,0,0,0,0,1,0,0",HOME,1
vrIQB,CPBL-2025-JO,2025,一軍,例行賽,2025-05-02,2025-05-02 18:05,2025-05-02 21:54,樂天桃園棒球場,10,,FINISHED,NORMAL,樂天桃猿,WyADE,味全龍,R2VRh,3,5,8,8,0,0,"1,0,0,0,2,0,0,0,0,0","0,0,0,0,0,3,0,0,0,2",AWAY,0
mGy2x,CPBL-2025-JO,2025,一軍,例行賽,2025-05-02,2025-05-02 18:06,2025-05-02 21:34,新北市立新莊棒球場,9,,FINISHED,NORMAL,富邦悍將,wi4T3,統一7-ELEVEn獅,Xs1sP,2,4,10,7,0,0,"0,0,0,0,0,0,0,2,0","0,0,0,1,0,3,0,0,0",AWAY,0
ETcoU,CPBL-2025-JO,2025,一軍,例行賽,2025-05-02,2025-05-02 18:06,2025-05-02 21:00,嘉義市立棒球場,9,,FINISHED,NORMAL,台鋼雄鷹,t6zJf,中信兄弟,Kae1X,4,3,10,6,0,0,"0,0,2,0,1,1,0,0,0","1,0,0,0,2,0,0,0,0",HOME,1
8Masj,CPBL-2025-JO,2025,一軍,例行賽,2025-05-01,2025-05-01 17:47,2025-05-01 21:35,臺北市立天母棒球場,9,,FINISHED,NORMAL,味全龍,R2VRh,統一7-ELEVEn獅,Xs1sP,5,8,10,13,0,0,"0,0,0,2,1,1,0,1,0","2,0,2,1,0,0,0,0,3",AWAY,0
RAd0j,CPBL-2025-JO,2025,一軍,例行賽,2025-04-30,2025-04-30 18:09,2025-04-30 21:08,臺北市立天母棒球場,9,,FINISHED,NORMAL,味全龍,R2VRh,統一7-ELEVEn獅,Xs1sP,7,1,11,6,0,0,"0,2,3,1,0,1,0,0,0","0,0,0,0,1,0,0,0,0",HOME,1
apKaE,CPBL-2025-JO,2025,一軍,例行賽,2025-04-30,2025-04-30 17:59,2025-04-30 21:39,臺中市洲際棒球場,9,,FINISHED,NORMAL,中信兄弟,Kae1X,樂天桃猿,WyADE,4,5,11,11,0,0,"0,0,0,1,1,0,1,1,0","0,0,3,2,0,0,0,0,0",AWAY,0
yzxp3,CPBL-2025-JO,2025,一軍,例行賽,2025-04-30,2025-04-30 17:58,2025-04-30 21:47,澄清湖棒球場,9,,FINISHED,NORMAL,台鋼雄鷹,t6zJf,富邦悍將,wi4T3,0,7,6,14,0,0,"0,0,0,0,0,0,0,0,0","0,2,1,0,1,0,0,0,3",AWAY,0
uNBYV,CPBL-2025-JO,2025,一軍,例行賽,2025-04-29,2025-04-29 22:28,2025-04-29 21:33,澄清湖棒球場,9,,FINISHED,NORMAL,台鋼雄鷹,t6zJf,富邦悍將,wi4T3,7,4,16,4,0,0,"2,0,5,0,0,0,0,0,0","0,0,0,0,0,0,1,3,0",HOME,1
ehI4L,CPBL-2025-JO,2025,一軍,例行賽,2025-04-29,2025-04-29 18:05,2025-04-29 21:40,臺中市洲際棒球場,9,,FINISHED,NORMAL,中信兄弟,Kae1X,樂天桃猿,WyADE,3,4,7,12,0,0,"0,2,0,1,0,0,0,0,0","3,0,0,0,0,0,1,0,0",AWAY,0
nfmth,CPBL-2025-JO,2025,一軍,例行賽,2025-04-27,2025-04-27 16:37,2025-04-27 20:21,新北市立新莊棒球場,10,,FINISHED,NORMAL,富邦悍將,wi4T3,樂天桃猿,WyADE,2,3,9,9,0,0,"1,0,1,0,0,0,0,0,0,0","0,0,0,1,0,0,0,1,0,1",AWAY,0
jbQd9,CPBL-2025-JO,2025,一軍,例行賽,2025-04-27,2025-04-27 15:46,2025-04-27 18:37,臺南市立棒球場,9,,FINISHED,NORMAL,統一7-ELEVEn獅,Xs1sP,台鋼雄鷹,t6zJf,2,1,7,5,0,0,"0,0,1,1,0,0,0,0,0","0,0,0,0,0,0,0,0,1",HOME,1
GYGCN,CPBL-2025-JO,2025,一軍,例行賽,2025-04-27,2025-04-27 14:34,2025-04-27 17:48,臺北大巨蛋,9,,FINISHED,NORMAL,味全龍,R2VRh,中信兄弟,Kae1X,2,1,4,8,0,0,"0,0,1,0,0,0,1,0,0","1,0,0,0,0,0,0,0,0",HOME,1
m5u0E,CPBL-2025-JO,2025,一軍,例行賽,2025-04-26,2025-04-26 15:55,2025-04-26 20:15,臺北大巨蛋,9,,FINISHED,NORMAL,味全龍,R2VRh,中信兄弟,Kae1X,1,4,7,6,0,0,"0,0,1,0,0,0,0,0,0","0,0,0,0,0,1,2,1,0",AWAY,0
fFjE2,CPBL-2025-JO,2025,一軍,例行賽,2025-04-26,2025-04-26 16:30,2025-04-26 22:09,新北市立新莊棒球場,9,,FINISHED,NORMAL,富邦悍將,wi4T3,樂天桃猿,WyADE,6,7,7,9,0,0,"0,0,0,0,1,1,0,0,4","1,0,0,4,0,0,0,0,2",AWAY,0
7Ol0s,CPBL-2025-JO,2025,一軍,例行賽,2025-04-26,2025-04-26 15:41,2025-04-26 18:54,臺南市立棒球場,9,,FINISHED,NORMAL,統一7-ELEVEn獅,Xs1sP,台鋼雄鷹,t6zJf,2,6,8,9,0,0,"0,0,1,0,1,0,0,0,0","0,0,0,0,0,0,0,4,2",AWAY,0
4ndSm,CPBL-2025-JO,2025,一軍,例行賽,2025-04-25,2025-04-25 17:35,2025-04-25 20:59,臺南市立棒球場,9,,FINISHED,NORMAL,統一7-ELEVEn獅,Xs1sP,台鋼雄鷹,t6zJf,4,1,9,5,0,0,"0,0,0,0,0,1,2,1,0","0,0,0,0,0,0,0,1,0",HOME,1
HGCmG,CPBL-2025-JO,2025,一軍,例行賽,2025-04-25,2025-04-25 17:35,2025-04-25 21:31,臺北大巨蛋,9,,FINISHED,NORMAL,味全龍,R2VRh,中信兄弟,Kae1X,8,0,14,6,0,0,"0,2,0,1,0,0,5,0,0","0,0,0,0,0,0,0,0,0",HOME,1
naISQ,CPBL-2025-JO,2025,一軍,例行賽,2025-04-24,2025-04-24 18:13,2025-04-24 21:42,臺北大巨蛋,9,,FINISHED,NORMAL,樂天桃猿,WyADE,台鋼雄鷹,t6zJf,1,4,10,8,0,0,"0,0,1,0,0,0,0,0,0","0,0,0,0,0,1,2,0,1",AWAY,0
b0PdD,CPBL-2025-JO,2025,一軍,例行賽,2025-04-23,2025-04-23 18:04,2025-04-23 21:03,臺北大巨蛋,9,,FINISHED,NORMAL,樂天桃猿,WyADE,台鋼雄鷹,t6zJf,6,0,10,3,0,0,"1,2,1,2,0,0,0,0,0","0,0,0,0,0,0,0,0,0",HOME,1
1azMQ,CPBL-2025-JO,2025,一軍,例行賽,2025-04-23,2025-04-23 18:04,2025-04-23 21:40,臺南市立棒球場,10,,FINISHED,NORMAL,統一7-ELEVEn獅,Xs1sP,中信兄弟,Kae1X,3,2,8,10,0,0,"0,0,0,2,0,0,0,0,0,1","0,1,0,0,0,0,0,1,0,0",HOME,1
ECrEu,CPBL-2025-JO,2025,一軍,例行賽,2025-04-23,2025-04-23 18:04,2025-04-23 21:59,新北市立新莊棒球場,9,,FINISHED,NORMAL,富邦悍將,wi4T3,味全龍,R2VRh,1,6,9,12,0,0,"0,0,0,0,0,0,0,0,1","0,0,0,2,2,0,2,0,0",AWAY,0
rWlJR,CPBL-2025-JO,2025,一軍,例行賽,2025-04-22,2025-04-22 18:23,2025-04-22 21:18,臺南市立棒球場,9,,FINISHED,NORMAL,統一7-ELEVEn獅,Xs1sP,中信兄弟,Kae1X,3,6,8,11,0,0,"0,0,0,3,0,0,0,0,0","3,0,1,0,0,0,2,0,0",AWAY,0
VMel0,CPBL-2025-JO,2025,一軍,例行賽,2025-04-22,2025-04-22 18:29,2025-04-22 21:34,新北市立新莊棒球場,9,,FINISHED,NORMAL,富邦悍將,wi4T3,味全龍,R2VRh,5,2,4,9,0,0,"4,0,0,0,0,1,0,0,0","0,0,0,0,2,0,0,0,0",HOME,1
L0DGq,CPBL-2025-JO,2025,一軍,例行賽,2025-04-20,2025-04-20 15:34,2025-04-20 19:07,澄清湖棒球場,9,,FINISHED,NORMAL,台鋼雄鷹,t6zJf,味全龍,R2VRh,1,2,7,10,0,0,"0,0,0,0,0,0,1,0,0","1,0,0,0,0,1,0,0,0",AWAY,0
fsXPm,CPBL-2025-JO,2025,一軍,例行賽,2025-04-20,2025-04-20 14:46,2025-04-20 17:54,臺北大巨蛋,9,,FINISHED,NORMAL,中信兄弟,Kae1X,富邦悍將,wi4T3,0,1,3,8,0,0,"0,0,0,0,0,0,0,0,0","0,0,0,0,0,0,0,0,1",AWAY,0
kcEZS,CPBL-2025-JO,2025,一軍,例行賽,2025-04-19,2025-04-19 16:42,2025-04-19 19:18,樂天桃園棒球場,9,,FINISHED,NORMAL,樂天桃猿,WyADE,統一7-ELEVEn獅,Xs1sP,0,3,4,8,0,0,"0,0,0,0,0,0,0,0,0","1,0,0,1,0,0,1,0,0",AWAY,0
6bp2H,CPBL-2025-JO,2025,一軍,例行賽,2025-04-19,2025-04-19 16:42,2025-04-19 19:43,臺北大巨蛋,9,,FINISHED,NORMAL,中信兄弟,Kae1X,富邦悍將,wi4T3,7,2,9,10,0,0,"0,0,6,0,0,0,1,0,0","1,0,0,0,0,1,0,0,0",HOME,1
UIqac,CPBL-2025-JO,2025,一軍,例行賽,2025-04-19,2025-04-19 15:36,2025-04-19 18:31,澄清湖棒球場,9,,FINISHED,NORMAL,台鋼雄鷹,t6zJf,味全龍,R2VRh,3,1,8,6,0,0,"0,1,0,0,0,1,1,0,0","0,0,0,0,0,0,1,0,0",HOME,1
fTJ39,CPBL-2025-JO,2025,一軍,例行賽,2025-04-18,2025-04-18 18:01,2025-04-18 21:29,樂天桃園棒球場,9,,FINISHED,NORMAL,樂天桃猿,WyADE,統一7-ELEVEn獅,Xs1sP,2,4,5,7,0,0,"0,0,0,0,0,0,0,0,2","0,0,0,0,3,0,1,0,0",AWAY,0
P55W7,CPBL-2025-JO,2025,一軍,例行賽,2025-04-18,2025-04-18 18:01,2025-04-18 21:51,澄清湖棒球場,9,,FINISHED,NORMAL,台鋼雄鷹,t6zJf,味全龍,R2VRh,7,3,14,7,0,0,"1,1,0,0,0,2,1,2,0","0,0,0,0,0,0,3,0,0",HOME,1
WNAGO,CPBL-2025-JO,2025,一軍,例行賽,2025-04-18,2025-04-18 18:01,2025-04-18 20:59,臺北大巨蛋,9,,FINISHED,NORMAL,中信兄弟,Kae1X,富邦悍將,wi4T3,3,0,6,3,0,0,"0,0,1,0,0,0,2,0,0","0,0,0,0,0,0,0,0,0",HOME,1
KnxNl,CPBL-2025-JO,2025,一軍,例行賽,2025-04-17,2025-04-17 18:27,2025-04-17 21:08,臺南市立棒球場,9,,FINISHED,NORMAL,統一7-ELEVEn獅,Xs1sP,富邦悍將,wi4T3,6,0,12,3,0,0,"1,0,3,0,0,0,2,0,0","0,0,0,0,0,0,0,0,0",HOME,1
c7MUA,CPBL-2025-JO,2025,一軍,例行賽,2025-04-16,2025-04-16 18:23,2025-04-16 21:39,臺南市立棒球場,9,,FINISHED,NORMAL,統一7-ELEVEn獅,Xs1sP,富邦悍將,wi4T3,7,3,5,12,0,0,"3,1,0,0,0,2,0,1,0","0,2,0,0,1,0,0,0,0",HOME,1
PMnR8,CPBL-2025-JO,2025,一軍,例行賽,2025-04-16,2025-04-16 17:40,2025-04-16 21:25,臺北大巨蛋,9,,FINISHED,NORMAL,味全龍,R2VRh,樂天桃猿,WyADE,5,4,7,8,0,0,"0,0,0,0,0,0,3,0,2","0,0,0,0,0,0,0,3,1",HOME,1
R5xoo,CPBL-2025-JO,2025,一軍,例行賽,2025-04-16,2025-04-16 17:30,2025-04-16 21:06,臺中市洲際棒球場,9,,FINISHED,NORMAL,中信兄弟,Kae1X,台鋼雄鷹,t6zJf,3,0,8,5,0,0,"1,0,0,1,0,1,0,0,0","0,0,0,0,0,0,0,0,0",HOME,1
FoWJB,CPBL-2025-JO,2025,一軍,例行賽,2025-04-15,2025-04-15 18:05,2025-04-15 21:26,臺北大巨蛋,9,,FINISHED,NORMAL,味全龍,R2VRh,樂天桃猿,WyADE,0,1,7,5,0,0,"0,0,0,0,0,0,0,0,0","0,0,0,1,0,0,0,0,0",AWAY,0
JiuiB,CPBL-2025-JO,2025,一軍,例行賽,2025-04-15,2025-04-15 18:05,2025-04-15 21:21,臺中市洲際棒球場,9,,FINISHED,NORMAL,中信兄弟,Kae1X,台鋼雄鷹,t6zJf,3,4,8,10,0,0,"0,0,0,3,0,0,0,0,0","0,0,1,1,1,0,0,1,0",AWAY,0
AwOAT,CPBL-2025-JO,2025,一軍,例行賽,2025-04-13,2025-04-13 16:36,2025-04-13 20:23,新北市立新莊棒球場,10,,FINISHED,NORMAL,富邦悍將,wi4T3,台鋼雄鷹,t6zJf,2,4,6,8,0,0,"0,0,0,1,1,0,0,0,0,0","0,0,0,0,0,0,2,0,0,2",AWAY,0
QgvMb,CPBL-2025-JO,2025,一軍,例行賽,2025-04-13,2025-04-13 15:37,2025-04-13 18:34,臺北大巨蛋,9,,FINISHED,NORMAL,統一7-ELEVEn獅,Xs1sP,味全龍,R2VRh,0,1,2,4,0,0,"0,0,0,0,0,0,0,0,0","0,0,0,1,0,0,0,0,0",AWAY,0
ViWUN,CPBL-2025-JO,2025,一軍,例行賽,2025-04-13,2025-04-13 13:48,2025-04-13 17:17,樂天桃園棒球場,9,,FINISHED,NORMAL,樂天桃猿,WyADE,中信兄弟,Kae1X,4,2,7,5,0,0,"0,0,0,1,0,3,0,0,0","0,0,0,0,1,0,1,0,0",HOME,1
899uu,CPBL-2025-JO,2025,一軍,例行賽,2025-04-12,2025-04-12 16:41,2025-04-12 19:36,新北市立新莊棒球場,9,,FINISHED,NORMAL,富邦悍將,wi4T3,台鋼雄鷹,t6zJf,6,3,7,8,0,0,"3,0,2,0,0,0,0,1,0","0,0,0,0,0,0,3,0,0",HOME,1
IXv02,CPBL-2025-JO,2025,一軍,例行賽,2025-04-12,2025-04-12 16:41,2025-04-12 19:45,樂天桃園棒球場,9,,FINISHED,NORMAL,樂天桃猿,WyADE,中信兄弟,Kae1X,2,3,3,11,0,0,"0,0,0,0,0,0,0,2,0","1,0,1,0,1,0,0,0,0",AWAY,0
I8rif,CPBL-2025-JO,2025,一軍,例行賽,2025-04-12,2025-04-12 15:44,2025-04-12 18:55,臺北大巨蛋,9,,FINISHED,NORMAL,統一7-ELEVEn獅,Xs1sP,味全龍,R2VRh,5,1,8,7,0,0,"0,0,0,0,0,2,3,0,0","0,0,0,0,0,0,0,0,1",HOME,1
TlatU,CPBL-2025-JO,2025,一軍,例行賽,2025-04-11,2025-04-11 18:12,2025-04-11 21:33,臺北大巨蛋,9,,FINISHED,NORMAL,統一7-ELEVEn獅,Xs1sP,味全龍,R2VRh,2,15,8,18,0,0,"0,0,0,0,1,0,1,0,0","3,0,0,0,1,7,2,0,2",AWAY,0
70gqh,CPBL-2025-JO,2025,一軍,例行賽,2025-04-11,2025-04-11 18:11,2025-04-11 21:47,新北市立新莊棒球場,9,,FINISHED,NORMAL,富邦悍將,wi4T3,台鋼雄鷹,t6zJf,4,1,11,6,0,0,"0,0,0,0,0,0,2,2,0","0,0,0,0,1,0,0,0,0",HOME,1
XmT1O,CPBL-2025-JO,2025,一軍,例行賽,2025-04-11,2025-04-11 18:12,2025-04-11 21:53,樂天桃園棒球場,9,,FINISHED,NORMAL,樂天桃猿,WyADE,中信兄弟,Kae1X,4,15,12,20,0,0,"3,0,0,0,0,1,0,0,0","0,3,2,3,0,7,0,0,0",AWAY,0
rdWQ6,CPBL-2025-JO,2025,一軍,例行賽,2025-04-10,2025-04-10 18:28,2025-04-10 21:10,臺中市洲際棒球場,9,,FINISHED,NORMAL,中信兄弟,Kae1X,味全龍,R2VRh,4,1,5,8,0,0,"0,0,1,0,0,0,3,0,0","0,0,0,0,0,1,0,0,0",HOME,1
AONUo,CPBL-2025-JO,2025,一軍,例行賽,2025-04-09,2025-04-09 18:11,2025-04-09 21:22,臺中市洲際棒球場,9,,FINISHED,NORMAL,中信兄弟,Kae1X,味全龍,R2VRh,2,1,7,10,0,0,"0,0,0,0,0,0,1,1,0","0,0,0,0,0,1,0,0,0",HOME,1
dmqM9,CPBL-2025-JO,2025,一軍,例行賽,2025-04-09,2025-04-09 18:11,2025-04-09 22:03,澄清湖棒球場,10,,FINISHED,NORMAL,台鋼雄鷹,t6zJf,統一7-ELEVEn獅,Xs1sP,6,7,15,10,0,0,"0,1,0,0,2,0,0,0,0,3","0,0,0,0,3,0,0,0,0,4",AWAY,0
xyb7S,CPBL-2025-JO,2025,一軍,例行賽,2025-04-09,2025-04-09 18:11,2025-04-09 21:43,樂天桃園棒球場,9,,FINISHED,NORMAL,樂天桃猿,WyADE,富邦悍將,wi4T3,8,2,16,9,0,0,"5,1,0,0,2,0,0,0,0","0,0,0,1,0,0,1,0,0",HOME,1
Zm5Nq,CPBL-2025-JO,2025,一軍,例行賽,2025-04-08,2025-04-08 17:46,2025-04-08 21:25,澄清湖棒球場,9,,FINISHED,NORMAL,台鋼雄鷹,t6zJf,統一7-ELEVEn獅,Xs1sP,4,3,3,9,0,0,"0,0,0,3,0,0,1,0,0","0,2,0,0,0,0,1,0,0",HOME,1
Kl2Yi,CPBL-2025-JO,2025,一軍,例行賽,2025-04-08,2025-04-08 17:39,2025-04-08 21:23,樂天桃園棒球場,9,,FINISHED,NORMAL,樂天桃猿,WyADE,富邦悍將,wi4T3,6,3,9,7,0,0,"2,0,1,0,1,2,0,0,0","0,0,0,1,0,0,2,0,0",HOME,1
5Gl5b,CPBL-2025-JO,2025,一軍,例行賽,2025-04-06,2025-04-06 16:53,2025-04-06 19:51,臺中市洲際棒球場,9,,FINISHED,NORMAL,中信兄弟,Kae1X,統一7-ELEVEn獅,Xs1sP,7,6,9,9,0,0,"0,3,0,0,3,0,0,1,0","0,2,1,0,0,0,0,3,0",HOME,1
BmhWI,CPBL-2025-JO,2025,一軍,例行賽,2025-04-06,2025-04-06 15:38,2025-04-06 18:44,澄清湖棒球場,9,,FINISHED,NORMAL,台鋼雄鷹,t6zJf,樂天桃猿,WyADE,2,5,7,12,0,0,"0,0,1,0,1,0,0,0,0","1,1,0,0,0,0,3,0,0",AWAY,0
L7SiD,CPBL-2025-JO,2025,一軍,例行賽,2025-04-06,2025-04-06 13:39,2025-04-06 16:52,臺北市立天母棒球場,9,,FINISHED,NORMAL,味全龍,R2VRh,富邦悍將,wi4T3,7,0,10,5,0,0,"0,3,0,1,0,2,0,1,0","0,0,0,0,0,0,0,0,0",HOME,1
Sxr0t,CPBL-2025-JO,2025,一軍,例行賽,2025-04-05,2025-04-05 17:05,2025-04-05 20:03,臺中市洲際棒球場,10,,FINISHED,NORMAL,中信兄弟,Kae1X,統一7-ELEVEn獅,Xs1sP,4,3,5,9,0,0,"0,2,0,0,1,0,0,0,0,1","1,0,0,0,1,1,0,0,0,0",HOME,1
cx52C,CPBL-2025-JO,2025,一軍,例行賽,2025-04-05,2025-04-05 16:40,2025-04-05 20:44,臺北市立天母棒球場,9,,FINISHED,NORMAL,味全龍,R2VRh,富邦悍將,wi4T3,11,3,16,7,0,0,"1,3,1,2,1,0,1,2,0","0,0,0,0,0,0,0,3,0",HOME,1
l8F5h,CPBL-2025-JO,2025,一軍,例行賽,2025-04-05,2025-04-05 15:37,2025-04-05 18:32,澄清湖棒球場,9,,FINISHED,NORMAL,台鋼雄鷹,t6zJf,樂天桃猿,WyADE,4,2,10,9,0,0,"1,2,0,0,0,0,1,0,0","0,0,0,0,0,0,0,2,0",HOME,1
hNp4D,CPBL-2025-JO,2025,一軍,例行賽,2025-04-04,2025-04-04 16:33,2025-04-04 19:28,臺中市洲際棒球場,9,,FINISHED,NORMAL,中信兄弟,Kae1X,統一7-ELEVEn獅,Xs1sP,2,0,8,7,0,0,"0,0,0,0,1,1,0,0,0","0,0,0,0,0,0,0,0,0",HOME,1
onK6D,CPBL-2025-JO,2025,一軍,例行賽,2025-04-04,2025-04-04 16:33,2025-04-04 20:05,臺北市立天母棒球場,9,,FINISHED,NORMAL,味全龍,R2VRh,富邦悍將,wi4T3,3,2,11,6,0,0,"0,0,0,1,0,0,2,0,0","0,0,1,0,1,0,0,0,0",HOME,1
QN1lU,CPBL-2025-JO,2025,一軍,例行賽,2025-04-04,2025-04-04 16:05,2025-04-04 18:54,澄清湖棒球場,9,,FINISHED,NORMAL,台鋼雄鷹,t6zJf,樂天桃猿,WyADE,4,3,8,13,0,0,"0,1,0,0,0,1,0,0,2","2,0,0,0,0,0,1,0,0",HOME,1
noLaD,CPBL-2025-JO,2025,一軍,例行賽,2025-04-03,2025-04-03 16:45,2025-04-03 19:30,新北市立新莊棒球場,9,,FINISHED,NORMAL,富邦悍將,wi4T3,中信兄弟,Kae1X,1,0,4,4,0,0,"0,1,0,0,0,0,0,0,0","0,0,0,0,0,0,0,0,0",HOME,1
52fSq,CPBL-2025-JO,2025,一軍,例行賽,2025-04-03,2025-04-03 16:45,2025-04-03 19:54,臺北市立天母棒球場,9,,FINISHED,NORMAL,味全龍,R2VRh,台鋼雄鷹,t6zJf,3,1,6,3,0,0,"1,0,0,0,2,0,0,0,0","0,0,0,0,1,0,0,0,0",HOME,1
ET1qS,CPBL-2025-JO,2025,一軍,例行賽,2025-04-03,2025-04-03 15:39,2025-04-03 18:47,臺南市立棒球場,9,,FINISHED,NORMAL,統一7-ELEVEn獅,Xs1sP,樂天桃猿,WyADE,5,2,10,7,0,0,"0,0,0,0,0,0,1,4,0","0,0,0,0,1,0,0,0,1",HOME,1
A9rNR,CPBL-2025-JO,2025,一軍,例行賽,2025-04-02,2025-04-02 18:00,2025-04-02 21:58,新北市立新莊棒球場,9,,FINISHED,NORMAL,富邦悍將,wi4T3,中信兄弟,Kae1X,11,5,16,11,0,0,"0,6,0,0,2,3,0,0,0","0,1,0,0,0,3,1,0,0",HOME,1
Xdl3g,CPBL-2025-JO,2025,一軍,例行賽,2025-04-02,2025-04-02 18:00,2025-04-02 21:04,臺南市立棒球場,9,,FINISHED,NORMAL,統一7-ELEVEn獅,Xs1sP,樂天桃猿,WyADE,5,3,9,8,0,0,"0,0,3,0,0,0,0,2,0","0,0,0,0,0,3,0,0,0",HOME,1
XzxjK,CPBL-2025-JO,2025,一軍,例行賽,2025-04-02,2025-04-02 18:00,2025-04-02 21:00,臺北市立天母棒球場,9,,FINISHED,NORMAL,味全龍,R2VRh,台鋼雄鷹,t6zJf,1,0,4,4,0,0,"0,0,1,0,0,0,0,0,0","0,0,0,0,0,0,0,0,0",HOME,1
LOoMO,CPBL-2025-JO,2025,一軍,例行賽,2025-03-30,2025-03-30 16:22,2025-03-30 19:45,臺南市立棒球場,9,,FINISHED,NORMAL,統一7-ELEVEn獅,Xs1sP,台鋼雄鷹,t6zJf,6,3,11,6,0,0,"0,0,0,1,0,3,0,2,0","0,1,0,2,0,0,0,0,0",HOME,1
qm2AW,CPBL-2025-JO,2025,一軍,例行賽,2025-03-30,2025-03-30 16:23,2025-03-30 19:52,臺北大巨蛋,9,,FINISHED,NORMAL,中信兄弟,Kae1X,富邦悍將,wi4T3,8,3,12,9,0,0,"0,0,0,5,0,2,1,0,0","0,0,0,0,0,0,0,0,3",HOME,1
bMtEl,CPBL-2025-JO,2025,一軍,例行賽,2025-03-29,2025-03-29 16:56,2025-03-29 19:55,臺北大巨蛋,9,,FINISHED,NORMAL,中信兄弟,Kae1X,統一7-ELEVEn獅,Xs1sP,0,8,4,14,0,0,"0,0,0,0,0,0,0,0,0","0,0,0,1,0,6,1,0,0",AWAY,0
CWv3p,CPBL-2025-cF,2025,一軍-2,季後賽,2025-10-27,2025-10-27 18:35,2025-10-27 22:40,臺中市洲際棒球場,11,,FINISHED,NORMAL,中信兄弟,F4MO5,樂天桃猿,ySlWD,7,9,12,15,0,3,"3,0,0,1,0,3,0,0,0,0,0","1,2,0,0,0,0,1,3,0,0,2",AWAY,0
ik2Kp,CPBL-2025-cF,2025,一軍-2,季後賽,2025-10-26,2025-10-26 17:06,2025-10-26 19:49,樂天桃園棒球場,9,,FINISHED,NORMAL,樂天桃猿,ySlWD,中信兄弟,F4MO5,3,1,7,6,1,1,"0,0,1,0,0,0,0,2,0","0,0,0,1,0,0,0,0,0",HOME,1
6jrxR,CPBL-2025-cF,2025,一軍-2,季後賽,2025-10-21,2025-10-21 18:37,2025-10-21 21:14,臺北大巨蛋,9,,FINISHED,NORMAL,樂天桃猿,ySlWD,中信兄弟,F4MO5,0,2,6,7,1,0,"0,0,0,0,0,0,0,0,0","0,1,1,0,0,0,0,0,0",AWAY,0
4UzBE,CPBL-2025-cF,2025,一軍-2,季後賽,2025-10-19,2025-10-19 17:05,2025-10-19 19:59,臺北大巨蛋,9,,FINISHED,NORMAL,中信兄弟,F4MO5,樂天桃猿,ySlWD,1,2,6,12,0,0,"0,0,0,0,0,0,1,0,0","1,0,0,0,0,0,1,0,0",AWAY,0
1Zp0K,CPBL-2025-cF,2025,一軍-2,季後賽,2025-10-18,2025-10-18 17:05,2025-10-18 19:38,臺北大巨蛋,9,,FINISHED,NORMAL,中信兄弟,F4MO5,樂天桃猿,ySlWD,0,3,4,9,0,0,"0,0,0,0,0,0,0,0,0","1,0,2,0,0,0,0,0,0",AWAY,0
wdXI5,CPBL-2025-lX,2025,一軍-3,挑戰賽,2025-10-13,2025-10-13 18:36,2025-10-13 21:48,澄清湖棒球場,10,,FINISHED,NORMAL,統一7-ELEVEn獅,dbNm2,樂天桃猿,aNOgA,3,4,7,13,0,0,"0,0,0,0,2,0,1,0,0,0","0,0,0,0,0,0,0,0,3,1",AWAY,0
Lg1OK,CPBL-2025-lX,2025,一軍-3,挑戰賽,2025-10-12,2025-10-12 16:05,2025-10-12 19:16,澄清湖棒球場,9,,FINISHED,NORMAL,統一7-ELEVEn獅,dbNm2,樂天桃猿,aNOgA,3,9,7,10,3,0,"0,0,1,1,0,1,0,0,0","0,0,3,5,0,0,0,0,1",AWAY,0
knW2O,CPBL-2025-lX,2025,一軍-3,挑戰賽,2025-10-11,2025-10-11 17:05,2025-10-11 20:28,樂天桃園棒球場,9,,FINISHED,NORMAL,樂天桃猿,aNOgA,統一7-ELEVEn獅,dbNm2,7,6,13,7,1,1,"0,1,0,1,0,3,0,1,1","2,0,0,0,4,0,0,0,0",HOME,1
cxbjl,CPBL-2025-lX,2025,一軍-3,挑戰賽,2025-10-10,2025-10-10 16:05,2025-10-10 18:49,澄清湖棒球場,9,,FINISHED,NORMAL,統一7-ELEVEn獅,dbNm2,樂天桃猿,aNOgA,2,1,4,5,3,2,"0,0,0,0,1,0,1,0,0","0,0,0,0,1,0,0,0,0",HOME,1
talMB,CPBL-2025-28,2025,一軍-4,明星賽,2025-07-20,2025-07-20 16:26,2025-07-20 19:05,臺北大巨蛋,9,,FINISHED,NORMAL,Team Taiwan,KstJF,Team Star,aDQO4,0,0,6,3,0,1,"0,0,0,0,0,0,0,0,0","0,0,0,0,0,0,0,0,0",TIE,
hW58v,CPBL-2025-28,2025,一軍-4,明星賽,2025-07-19,2025-07-19 18:16,2025-07-19 21:08,臺北大巨蛋,9,,FINISHED,NORMAL,Team Star,aDQO4,Team Taiwan,KstJF,5,7,18,12,3,0,"0,1,0,0,0,4,0,0,0","0,0,0,0,1,0,6,0,0",AWAY,0
15sEx,CPBL-2025-L0,2025,一軍-5,春訓,2025-03-26,2025-03-26 18:35,2025-03-26 21:47,嘉義市立棒球場,9,,FINISHED,NORMAL,統一7-ELEVEn獅,aw4MP,中信兄弟,K0TC4,2,4,6,8,0,0,"0,0,0,1,0,0,0,0,1","0,0,0,0,0,0,0,1,3",AWAY,0
00FxH,CPBL-2025-L0,2025,一軍-5,春訓,2025-03-25,2025-03-25 18:35,2025-03-25 21:11,臺北市立天母棒球場,9,,FINISHED,NORMAL,味全龍,Qn4ZB,富邦悍將,DdJGw,3,5,4,9,0,0,"0,0,0,2,1,0,0,0,0","0,0,0,0,0,1,0,1,3",AWAY,0
RWcDV,CPBL-2025-L0,2025,一軍-5,春訓,2025-03-25,2025-03-25 18:35,2025-03-25 21:35,臺中市洲際棒球場,9,,FINISHED,NORMAL,台鋼雄鷹,iWHb0,中信兄弟,K0TC4,1,8,5,15,0,0,"0,0,0,0,0,1,0,0,0","0,0,0,1,2,0,1,3,1",AWAY,0
ZfBdR,CPBL-2025-L0,2025,一軍-5,春訓,2025-03-24,2025-03-24 18:35,2025-03-24 21:14,嘉義市立棒球場,9,,FINISHED,NORMAL,台鋼雄鷹,iWHb0,統一7-ELEVEn獅,aw4MP,1,6,7,8,0,0,"0,0,0,0,1,0,0,0,0","0,1,0,1,2,0,2,0,0",AWAY,0
02ffv,CPBL-2025-L0,2025,一軍-5,春訓,2025-03-23,2025-03-23 17:06,2025-03-23 20:03,臺北大巨蛋,9,,FINISHED,NORMAL,富邦悍將,DdJGw,中信兄弟,K0TC4,6,0,13,7,0,0,"1,0,4,0,0,1,0,0,0","0,0,0,0,0,0,0,0,0",HOME,1
o3uqF,CPBL-2025-L0,2025,一軍-5,春訓,2025-03-23,2025-03-23 17:09,2025-03-23 19:51,臺北市立天母棒球場,9,,FINISHED,NORMAL,味全龍,Qn4ZB,樂天桃猿,5Oo61,9,3,10,4,0,0,"1,0,0,0,2,2,2,2,0","0,0,0,0,3,0,0,0,0",HOME,1
ZKaCu,CPBL-2025-L0,2025,一軍-5,春訓,2025-03-23,2025-03-23 14:05,2025-03-23 16:59,臺南市立棒球場,9,,FINISHED,NORMAL,統一7-ELEVEn獅,aw4MP,台鋼雄鷹,iWHb0,3,7,7,17,0,0,"0,0,0,0,0,0,2,1,0","0,0,0,0,4,1,0,1,1",AWAY,0
kKnsF,CPBL-2025-L0,2025,一軍-5,春訓,2025-03-22,2025-03-22 16:39,2025-03-22 19:35,臺北大巨蛋,9,,FINISHED,NORMAL,樂天桃猿,5Oo61,中信兄弟,K0TC4,3,0,10,5,0,0,"2,0,1,0,0,0,0,0,0","0,0,0,0,0,0,0,0,0",HOME,1
3l9jQ,CPBL-2025-L0,2025,一軍-5,春訓,2025-03-22,2025-03-22 17:05,2025-03-22 20:16,嘉義市立棒球場,9,,FINISHED,NORMAL,台鋼雄鷹,iWHb0,味全龍,Qn4ZB,7,2,10,8,0,0,"1,0,2,0,0,0,3,1,0","2,0,0,0,0,0,0,0,0",HOME,1
Axc8B,CPBL-2025-L0,2025,一軍-5,春訓,2025-03-22,2025-03-22 17:05,2025-03-22 20:04,臺南市立棒球場,9,,FINISHED,NORMAL,統一7-ELEVEn獅,aw4MP,富邦悍將,DdJGw,6,1,12,5,0,0,"2,0,0,1,0,0,1,2,0","0,0,0,1,0,0,0,0,0",HOME,1
uHbQg,CPBL-2025-L0,2025,一軍-5,春訓,2025-03-21,2025-03-21 18:48,2025-03-21 22:06,臺中市洲際棒球場,10,,FINISHED,NORMAL,中信兄弟,K0TC4,味全龍,Qn4ZB,4,4,8,7,0,0,"0,0,1,0,0,0,0,2,0,1","0,0,1,0,0,0,0,2,0,1",TIE,
HoEew,CPBL-2025-L0,2025,一軍-5,春訓,2025-03-21,2025-03-21 18:35,2025-03-21 21:46,嘉義市立棒球場,9,,FINISHED,NORMAL,台鋼雄鷹,iWHb0,富邦悍將,DdJGw,1,4,7,10,0,0,"0,0,0,1,0,0,0,0,0","0,0,0,1,0,0,0,3,0",AWAY,0
AlFfV,CPBL-2025-L0,2025,一軍-5,春訓,2025-03-21,2025-03-21 18:35,2025-03-21 21:21,臺南市立棒球場,9,,FINISHED,NORMAL,統一7-ELEVEn獅,aw4MP,樂天桃猿,5Oo61,4,0,8,4,0,0,"0,0,0,1,0,0,2,1,0","0,0,0,0,0,0,0,0,0",HOME,1
91msw,CPBL-2025-L0,2025,一軍-5,春訓,2025-03-20,2025-03-20 18:11,2025-03-20 21:56,臺中市洲際棒球場,9,,FINISHED,NORMAL,中信兄弟,K0TC4,富邦悍將,DdJGw,8,6,11,12,0,0,"0,0,1,1,3,0,0,3,0","0,0,4,0,0,1,1,0,0",HOME,1
LSiTT,CPBL-2025-L0,2025,一軍-5,春訓,2025-03-20,2025-03-20 18:35,2025-03-20 20:52,斗六棒球場,9,,FINISHED,NORMAL,統一7-ELEVEn獅,aw4MP,味全龍,Qn4ZB,0,1,2,3,0,0,"0,0,0,0,0,0,0,0,0","0,0,0,0,0,0,0,0,1",AWAY,0
ZVTsM,CPBL-2025-L0,2025,一軍-5,春訓,2025-03-19,2025-03-19 18:35,2025-03-19 20:51,斗六棒球場,9,,FINISHED,NORMAL,味全龍,Qn4ZB,中信兄弟,K0TC4,3,1,6,6,0,0,"1,0,0,0,0,0,0,2,0","0,0,0,0,1,0,0,0,0",HOME,1
uDmii,CPBL-2025-L0,2025,一軍-5,春訓,2025-03-19,2025-03-19 18:10,2025-03-19 21:45,嘉義市立棒球場,9,,FINISHED,NORMAL,台鋼雄鷹,iWHb0,樂天桃猿,5Oo61,3,12,6,18,0,0,"0,0,0,2,0,0,0,1,0","0,1,1,6,0,1,2,1,0",AWAY,0
l7Q3L,CPBL-2025-L0,2025,一軍-5,春訓,2025-03-18,2025-03-18 18:35,2025-03-18 21:15,嘉義市立棒球場,9,,FINISHED,NORMAL,樂天桃猿,5Oo61,統一7-ELEVEn獅,aw4MP,2,1,9,8,0,0,"1,1,0,0,0,0,0,0,0","0,0,0,0,0,0,0,0,1",HOME,1
T7kzk,CPBL-2025-L0,2025,一軍-5,春訓,2025-03-17,2025-03-17 18:35,2025-03-17 21:19,斗六棒球場,9,,FINISHED,NORMAL,富邦悍將,DdJGw,味全龍,Qn4ZB,6,0,13,7,0,0,"0,2,0,2,0,0,0,2,0","0,0,0,0,0,0,0,0,0",HOME,1
Qwc6s,CPBL-2025-L0,2025,一軍-5,春訓,2025-03-16,2025-03-16 17:05,2025-03-16 20:09,臺中市洲際棒球場,9,,FINISHED,NORMAL,中信兄弟,K0TC4,統一7-ELEVEn獅,aw4MP,13,8,11,15,0,0,"8,0,2,0,2,1,0,0,0","0,1,2,0,0,1,0,0,4",HOME,1
kt5yu,CPBL-2025-L0,2025,一軍-5,春訓,2025-03-16,2025-03-16 17:05,2025-03-16 19:43,斗六棒球場,9,,FINISHED,NORMAL,味全龍,Qn4ZB,台鋼雄鷹,iWHb0,3,1,11,5,0,0,"0,0,3,0,0,0,0,0,0","0,0,0,1,0,0,0,0,0",HOME,1
geO4T,CPBL-2025-L0,2025,一軍-5,春訓,2025-03-16,2025-03-16 14:05,2025-03-16 17:24,嘉義市立棒球場,10,,FINISHED,NORMAL,富邦悍將,DdJGw,樂天桃猿,5Oo61,3,2,9,10,0,0,"0,0,0,0,0,0,0,0,1,2","0,1,0,0,0,0,0,0,0,1",HOME,1
pHvPp,CPBL-2025-L0,2025,一軍-5,春訓,2025-03-15,2025-03-15 17:06,2025-03-15 19:34,臺中市洲際棒球場,9,,FINISHED,NORMAL,中信兄弟,K0TC4,台鋼雄鷹,iWHb0,1,3,8,5,0,0,"0,0,0,0,0,0,0,0,1","0,0,0,0,0,0,0,0,3",AWAY,0
8xYUb,CPBL-2025-L0,2025,一軍-5,春訓,2025-03-15,2025-03-15 17:05,2025-03-15 19:59,斗六棒球場,9,,FINISHED,NORMAL,樂天桃猿,5Oo61,味全龍,Qn4ZB,2,3,10,11,0,0,"0,0,0,0,2,0,0,0,0","0,0,0,0,0,2,1,0,0",AWAY,0
a30Kc,CPBL-2025-L0,2025,一軍-5,春訓,2025-03-15,2025-03-15 17:05,2025-03-15 20:28,嘉義市立棒球場,9,,FINISHED,NORMAL,富邦悍將,DdJGw,統一7-ELEVEn獅,aw4MP,6,5,8,12,0,0,"0,2,0,0,0,1,0,2,1","0,0,1,3,0,0,1,0,0",HOME,1
OQRiz,CPBL-2025-L0,2025,一軍-5,春訓,2025-03-14,2025-03-14 18:35,2025-03-14 21:16,臺中市洲際棒球場,9,,FINISHED,NORMAL,中信兄弟,K0TC4,樂天桃猿,5Oo61,2,6,5,10,0,0,"0,0,0,1,1,0,0,0,0","0,0,0,0,0,2,1,2,1",AWAY,0
oWEiU,CPBL-2025-L0,2025,一軍-5,春訓,2025-03-14,2025-03-14 18:35,2025-03-14 21:47,斗六棒球場,9,,FINISHED,NORMAL,味全龍,Qn4ZB,統一7-ELEVEn獅,aw4MP,7,8,12,7,0,0,"1,3,0,1,0,2,0,0,0","0,0,0,0,1,5,2,0,0",AWAY,0
eroU1,CPBL-2025-L0,2025,一軍-5,春訓,2025-03-14,2025-03-14 18:35,2025-03-14 21:30,嘉義市立棒球場,10,,FINISHED,NORMAL,富邦悍將,DdJGw,台鋼雄鷹,iWHb0,2,3,2,10,0,0,"0,0,2,0,0,0,0,0,0,0","0,1,1,0,0,0,0,0,0,1",AWAY,0
HDAW5,CPBL-2025-L0,2025,一軍-5,春訓,2025-03-13,2025-03-13 18:35,2025-03-13 21:28,嘉義市立棒球場,9,,FINISHED,NORMAL,樂天桃猿,5Oo61,台鋼雄鷹,iWHb0,1,10,5,12,0,0,"0,0,0,0,1,0,0,0,0","0,0,0,0,0,9,1,0,0",AWAY,0
E53lB,CPBL-2025-L0,2025,一軍-5,春訓,2025-03-12,2025-03-12 18:35,2025-03-12 21:17,嘉義市立棒球場,10,,FINISHED,NORMAL,樂天桃猿,5Oo61,富邦悍將,DdJGw,1,0,8,3,0,0,"0,0,0,0,0,0,0,0,0,1","0,0,0,0,0,0,0,0,0,0",HOME,1
QnzLu,CPBL-2024-xa,2024,一軍,例行賽,2024-10-11,2024-10-11 18:35,2024-10-11 21:24,樂天桃園棒球場,9,,FINISHED,NORMAL,樂天桃猿,Iqkqa,統一7-ELEVEn獅,GyWE7,6,0,15,4,0,0,"2,4,0,0,0,0,0,0,0","0,0,0,0,0,0,0,0,0",HOME,1
EywPH,CPBL-2024-xa,2024,一軍,例行賽,2024-10-10,2024-10-10 17:05,2024-10-10 19:38,新北市立新莊棒球場,9,,FINISHED,NORMAL,富邦悍將,uIOrj,統一7-ELEVEn獅,GyWE7,4,2,5,7,0,0,"0,2,0,0,2,0,0,0,0","0,0,2,0,0,0,0,0,0",HOME,1
VUtfe,CPBL-2024-xa,2024,一軍,例行賽,2024-10-10,2024-10-10 17:05,2024-10-10 20:12,澄清湖棒球場,9,,FINISHED,NORMAL,台鋼雄鷹,U64ee,樂天桃猿,Iqkqa,12,1,16,7,0,0,"2,3,0,2,0,1,0,4,0","0,0,0,0,0,0,0,1,0",HOME,1
qOQkh,CPBL-2024-xa,2024,一軍,例行賽,2024-10-09,2024-10-09 18:35,2024-10-09 21:08,臺南市立棒球場,9,,FINISHED,NORMAL,統一7-ELEVEn獅,GyWE7,味全龍,BNi6c,4,0,8,6,0,0,"1,0,1,1,0,0,0,1,0","0,0,0,0,0,0,0,0,0",HOME,1
ZTL5t,CPBL-2024-xa,2024,一軍,例行賽,2024-10-09,2024-10-09 18:35,2024-10-09 22:38,樂天桃園棒球場,11,,FINISHED,NORMAL,樂天桃猿,Iqkqa,中信兄弟,M45m3,4,5,11,7,0,0,"1,0,1,1,0,0,0,0,0,1,0","1,0,0,0,0,0,2,0,0,1,1",AWAY,0
iUOjd,CPBL-2024-xa,2024,一軍,例行賽,2024-10-08,2024-10-08 18:35,2024-10-08 21:09,臺北市立天母棒球場,9,,FINISHED,NORMAL,味全龍,BNi6c,富邦悍將,uIOrj,1,0,5,3,0,0,"0,0,0,0,0,1,0,0,0","0,0,0,0,0,0,0,0,0",HOME,1
BfBti,CPBL-2024-xa,2024,一軍,例行賽,2024-10-07,2024-10-07 19:16,2024-10-07 21:22,新北市立新莊棒球場,5,,FINISHED,NORMAL,富邦悍將,uIOrj,統一7-ELEVEn獅,GyWE7,3,6,7,8,0,0,"0,1,1,0,1","4,1,0,1,0",AWAY,0
mylHb,CPBL-2024-xa,2024,一軍,例行賽,2024-10-07,2024-10-07 18:35,2024-10-07 21:13,臺中市洲際棒球場,9,,FINISHED,NORMAL,中信兄弟,M45m3,台鋼雄鷹,U64ee,4,3,9,5,0,0,"0,0,0,0,0,0,3,0,1","2,0,1,0,0,0,0,0,0",HOME,1
56dc2,CPBL-2024-xa,2024,一軍,例行賽,2024-10-06,2024-10-06 17:05,2024-10-06 20:22,嘉義市立棒球場,9,,FINISHED,NORMAL,台鋼雄鷹,U64ee,樂天桃猿,Iqkqa,7,6,12,11,0,0,"0,0,0,0,0,0,2,0,5","1,2,1,0,2,0,0,0,0",HOME,1
5ivAq,CPBL-2024-xa,2024,一軍,例行賽,2024-10-06,2024-10-06 17:05,2024-10-06 18:53,臺北市立天母棒球場,9,,FINISHED,NORMAL,味全龍,BNi6c,富邦悍將,uIOrj,5,3,11,11,0,0,"1,0,0,2,2,0,0,0,0","0,0,1,0,0,1,0,0,1",HOME,1
EJxxm,CPBL-2024-xa,2024,一軍,例行賽,2024-10-05,2024-10-05 16:28,2024-10-05 19:15,新北市立新莊棒球場,9,,FINISHED,NORMAL,富邦悍將,uIOrj,味全龍,BNi6c,3,1,8,8,0,0,"0,0,0,0,0,1,1,1,0","0,0,0,0,0,0,1,0,0",HOME,1
LMy5E,CPBL-2024-xa,2024,一軍,例行賽,2024-10-05,2024-10-05 17:05,2024-10-05 20:06,臺中市洲際棒球場,9,,FINISHED,NORMAL,中信兄弟,M45m3,統一7-ELEVEn獅,GyWE7,4,5,8,10,0,0,"0,0,2,0,0,2,0,0,0","0,0,0,1,0,3,1,0,0",AWAY,0
ywthT,CPBL-2024-xa,2024,一軍,例行賽,2024-10-01,2024-10-01 18:35,2024-10-01 21:48,新北市立新莊棒球場,9,,FINISHED,NORMAL,富邦悍將,uIOrj,樂天桃猿,Iqkqa,2,6,7,15,0,0,"0,0,0,0,1,0,0,0,1","1,0,0,0,0,0,3,0,2",AWAY,0
OxvVF,CPBL-2024-xa,2024,一軍,例行賽,2024-10-01,2024-10-01 18:35,2024-10-01 21:39,臺中市洲際棒球場,9,,FINISHED,NORMAL,中信兄弟,M45m3,台鋼雄鷹,U64ee,8,4,11,9,0,0,"0,1,5,0,2,0,0,0,0","1,0,2,0,0,0,0,1,0",HOME,1
yF6x4,CPBL-2024-xa,2024,一軍,例行賽,2024-09-29,2024-09-29 17:05,2024-09-29 21:04,臺北大巨蛋,11,,FINISHED,NORMAL,味全龍,BNi6c,富邦悍將,uIOrj,3,2,10,6,0,0,"0,0,1,0,0,0,1,0,0,0,1","0,0,0,0,0,0,2,0,0,0,0",HOME,1
dkiIF,CPBL-2024-xa,2024,一軍,例行賽,2024-09-29,2024-09-29 16:51,2024-09-29 20:40,樂天桃園棒球場,9,,FINISHED,NORMAL,樂天桃猿,Iqkqa,中信兄弟,M45m3,5,8,12,12,0,0,"0,0,0,2,0,0,0,0,3","1,0,1,0,0,0,4,0,2",AWAY,0
QuS2m,CPBL-2024-xa,2024,一軍,例行賽,2024-09-29,2024-09-29 17:05,2024-09-29 20:33,臺南市立棒球場,10,,FINISHED,NORMAL,統一7-ELEVEn獅,GyWE7,台鋼雄鷹,U64ee,2,4,6,7,0,0,"0,0,0,0,0,0,0,1,0,1","0,0,1,0,0,0,0,0,0,3",AWAY,0
pByKm,CPBL-2024-xa,2024,一軍,例行賽,2024-09-28,2024-09-28 17:05,2024-09-28 21:04,臺北市立天母棒球場,10,,FINISHED,NORMAL,味全龍,BNi6c,富邦悍將,uIOrj,3,7,6,13,0,0,"0,0,0,0,0,1,2,0,0,0","1,0,0,0,0,2,0,0,0,4",AWAY,0
m3jZg,CPBL-2024-xa,2024,一軍,例行賽,2024-09-28,2024-09-28 16:45,2024-09-28 20:04,樂天桃園棒球場,9,,FINISHED,NORMAL,樂天桃猿,Iqkqa,中信兄弟,M45m3,0,1,7,6,0,0,"0,0,0,0,0,0,0,0,0","0,0,0,0,0,0,0,0,1",AWAY,0
917y7,CPBL-2024-xa,2024,一軍,例行賽,2024-09-28,2024-09-28 17:05,2024-09-28 19:39,臺北大巨蛋,9,,FINISHED,NORMAL,統一7-ELEVEn獅,GyWE7,台鋼雄鷹,U64ee,0,4,4,7,0,0,"0,0,0,0,0,0,0,0,0","0,2,0,0,1,1,0,0,0",AWAY,0
oUF4u,CPBL-2024-xa,2024,一軍,例行賽,2024-09-27,2024-09-27 18:36,2024-09-27 22:01,臺北市立天母棒球場,9,,FINISHED,NORMAL,味全龍,BNi6c,統一7-ELEVEn獅,GyWE7,1,3,8,6,0,0,"0,0,0,0,0,1,0,0,0","0,0,0,0,0,0,0,0,3",AWAY,0
HLJEY,CPBL-2024-xa,2024,一軍,例行賽,2024-09-27,2024-09-27 18:36,2024-09-27 22:18,新北市立新莊棒球場,9,,FINISHED,NORMAL,富邦悍將,uIOrj,樂天桃猿,Iqkqa,5,8,9,13,0,0,"0,2,1,0,0,0,0,2,0","0,2,0,1,2,0,3,0,0",AWAY,0
7uko0,CPBL-2024-xa,2024,一軍,例行賽,2024-09-27,2024-09-27 18:35,2024-09-27 21:34,臺中市洲際棒球場,9,,FINISHED,NORMAL,中信兄弟,M45m3,台鋼雄鷹,U64ee,5,6,6,7,0,0,"3,0,0,0,0,2,0,0,0","0,0,0,0,5,1,0,0,0",AWAY,0
dyduu,CPBL-2024-xa,2024,一軍,例行賽,2024-09-26,2024-09-26 18:35,2024-09-26 21:34,臺北市立天母棒球場,9,,FINISHED,NORMAL,味全龍,BNi6c,統一7-ELEVEn獅,GyWE7,6,2,6,7,0,0,"0,0,3,0,0,3,0,0,0","0,0,0,0,2,0,0,0,0",HOME,1
3H9b2,CPBL-2024-xa,2024,一軍,例行賽,2024-09-26,2024-09-26 18:35,2024-09-26 22:20,新北市立新莊棒球場,9,,FINISHED,NORMAL,富邦悍將,uIOrj,樂天桃猿,Iqkqa,6,10,13,12,0,0,"0,0,2,0,1,3,0,0,0","3,2,0,0,0,0,3,2,0",AWAY,0
9oJsL,CPBL-2024-xa,2024,一軍,例行賽,2024-09-26,2024-09-26 18:35,2024-09-26 21:25,臺中市洲際棒球場,9,,FINISHED,NORMAL,中信兄弟,M45m3,台鋼雄鷹,U64ee,3,2,6,7,0,0,"0,0,1,0,0,1,0,1,0","0,0,0,0,0,0,0,2,0",HOME,1
vL3Y1,CPBL-2024-xa,2024,一軍,例行賽,2024-09-24,2024-09-24 18:35,2024-09-24 21:10,澄清湖棒球場,9,,FINISHED,NORMAL,台鋼雄鷹,U64ee,味全龍,BNi6c,6,1,9,8,0,0,"0,0,6,0,0,0,0,0,0","0,0,0,1,0,0,0,0,0",HOME,1
8KsUJ,CPBL-2024-xa,2024,一軍,例行賽,2024-09-24,2024-09-24 18:35,2024-09-24 21:55,新北市立新莊棒球場,9,,FINISHED,NORMAL,富邦悍將,uIOrj,中信兄弟,M45m3,7,1,10,7,0,0,"0,0,0,3,0,0,0,4,0","0,1,0,0,0,0,0,0,0",HOME,1
TNLy9,CPBL-2024-xa,2024,一軍,例行賽,2024-09-24,2024-09-24 18:35,2024-09-24 21:50,樂天桃園棒球場,10,,FINISHED,NORMAL,樂天桃猿,Iqkqa,統一7-ELEVEn獅,GyWE7,1,1,8,5,0,0,"1,0,0,0,0,0,0,0,0,0","1,0,0,0,0,0,0,0,0,0",TIE,
PhQZP,CPBL-2024-xa,2024,一軍,例行賽,2024-09-22,2024-09-22 17:05,2024-09-22 19:51,臺北大巨蛋,9,,FINISHED,NORMAL,中信兄弟,M45m3,味全龍,BNi6c,1,5,4,8,0,0,"0,0,0,0,1,0,0,0,0","0,0,1,0,0,0,4,0,0",AWAY,0
CNUYX,CPBL-2024-xa,2024,一軍,例行賽,2024-09-21,2024-09-21 17:09,2024-09-21 19:51,臺北大巨蛋,9,,FINISHED,NORMAL,中信兄弟,M45m3,味全龍,BNi6c,4,2,7,7,0,0,"0,0,4,0,0,0,0,0,0","0,1,0,0,0,0,1,0,0",HOME,1
eaKFj,CPBL-2024-xa,2024,一軍,例行賽,2024-09-20,2024-09-20 18:35,2024-09-20 22:13,澄清湖棒球場,9,,FINISHED,NORMAL,台鋼雄鷹,U64ee,富邦悍將,uIOrj,3,3,11,7,0,0,"2,0,0,0,0,1,0,0,0","0,2,0,0,0,0,0,1,0",TIE,
bFqYb,CPBL-2024-xa,2024,一軍,例行賽,2024-09-20,2024-09-20 18:35,2024-09-20 21:27,臺南市立棒球場,9,,FINISHED,NORMAL,統一7-ELEVEn獅,GyWE7,中信兄弟,M45m3,4,6,7,9,0,0,"0,0,0,0,0,0,4,0,0","0,0,3,0,0,0,2,0,1",AWAY,0
S16ID,CPBL-2024-xa,2024,一軍,例行賽,2024-09-20,2024-09-20 18:36,2024-09-20 21:10,樂天桃園棒球場,9,,FINISHED,NORMAL,樂天桃猿,Iqkqa,味全龍,BNi6c,7,1,10,8,0,0,"3,0,2,0,0,2,0,0,0","0,0,0,0,1,0,0,0,0",HOME,1
9EP1F,CPBL-2024-xa,2024,一軍,例行賽,2024-09-19,2024-09-19 18:35,2024-09-19 21:48,嘉義市立棒球場,9,,FINISHED,NORMAL,台鋼雄鷹,U64ee,富邦悍將,uIOrj,0,1,5,9,0,0,"0,0,0,0,0,0,0,0,0","0,0,0,0,0,0,0,1,0",AWAY,0
1hMgw,CPBL-2024-xa,2024,一軍,例行賽,2024-09-19,2024-09-19 18:35,2024-09-19 22:20,臺南市立棒球場,9,,FINISHED,NORMAL,統一7-ELEVEn獅,GyWE7,中信兄弟,M45m3,4,3,9,6,0,0,"0,0,2,0,0,0,1,0,1","0,0,0,2,0,0,1,0,0",HOME,1
UbL3P,CPBL-2024-xa,2024,一軍,例行賽,2024-09-19,2024-09-19 18:35,2024-09-19 21:29,樂天桃園棒球場,9,,FINISHED,NORMAL,樂天桃猿,Iqkqa,味全龍,BNi6c,1,9,8,12,0,0,"1,0,0,0,0,0,0,0,0","0,0,0,4,0,3,0,1,1",AWAY,0
Fol1j,CPBL-2024-xa,2024,一軍,例行賽,2024-09-17,2024-09-17 17:05,2024-09-17 19:50,臺北大巨蛋,9,,FINISHED,NORMAL,味全龍,BNi6c,台鋼雄鷹,U64ee,11,1,12,4,0,0,"2,0,5,4,0,0,0,0,0","0,0,0,1,0,0,0,0,0",HOME,1
zVjCm,CPBL-2024-xa,2024,一軍,例行賽,2024-09-17,2024-09-17 17:05,2024-09-17 20:24,臺中市洲際棒球場,9,,FINISHED,NORMAL,中信兄弟,M45m3,富邦悍將,uIOrj,2,5,10,7,0,0,"0,0,0,0,0,1,1,0,0","0,0,2,0,3,0,0,0,0",AWAY,0
Ek75Q,CPBL-2024-xa,2024,一軍,例行賽,2024-09-17,2024-09-17 17:05,2024-09-17 20:07,臺南市立棒球場,9,,FINISHED,NORMAL,統一7-ELEVEn獅,GyWE7,樂天桃猿,Iqkqa,9,2,11,10,0,0,"0,3,3,0,3,0,0,0,0","0,0,0,2,0,0,0,0,0",HOME,1
q8WQi,CPBL-2024-xa,2024,一軍,例行賽,2024-09-16,2024-09-16 18:35,2024-09-16 21:49,臺北大巨蛋,11,,FINISHED,NORMAL,味全龍,BNi6c,中信兄弟,M45m3,0,2,7,6,0,0,"0,0,0,0,0,0,0,0,0,0,0","0,0,0,0,0,0,0,0,0,0,2",AWAY,0
fEXms,CPBL-2024-xa,2024,一軍,例行賽,2024-09-15,2024-09-15 17:05,2024-09-15 20:52,臺南市立棒球場,10,,FINISHED,NORMAL,統一7-ELEVEn獅,GyWE7,台鋼雄鷹,U64ee,6,5,11,10,0,0,"0,0,0,0,4,0,1,0,0,1","0,2,0,0,1,0,0,0,2,0",HOME,1
CJVYG,CPBL-2024-xa,2024,一軍,例行賽,2024-09-15,2024-09-15 17:06,2024-09-15 20:50,新北市立新莊棒球場,9,,FINISHED,NORMAL,富邦悍將,uIOrj,樂天桃猿,Iqkqa,2,6,11,13,0,0,"0,1,0,0,0,0,1,0,0","1,0,0,1,2,0,0,2,0",AWAY,0
mDouQ,CPBL-2024-xa,2024,一軍,例行賽,2024-09-15,2024-09-15 17:05,2024-09-15 19:35,臺北大巨蛋,9,,FINISHED,NORMAL,味全龍,BNi6c,中信兄弟,M45m3,3,0,5,5,0,0,"0,0,0,0,0,1,2,0,0","0,0,0,0,0,0,0,0,0",HOME,1
s7Ks3,CPBL-2024-xa,2024,一軍,例行賽,2024-09-14,2024-09-14 17:05,2024-09-14 20:05,臺南市立棒球場,9,,FINISHED,NORMAL,統一7-ELEVEn獅,GyWE7,台鋼雄鷹,U64ee,9,2,10,6,0,0,"0,0,0,5,0,1,0,3,0","0,0,2,0,0,0,0,0,0",HOME,1
ZVy84,CPBL-2024-xa,2024,一軍,例行賽,2024-09-14,2024-09-14 17:06,2024-09-14 22:46,新北市立新莊棒球場,9,,FINISHED,NORMAL,富邦悍將,uIOrj,樂天桃猿,Iqkqa,8,4,10,7,0,0,"0,0,0,2,0,6,0,0,0","0,0,0,2,2,0,0,0,0",HOME,1
phZOG,CPBL-2024-xa,2024,一軍,例行賽,2024-09-14,2024-09-14 17:06,2024-09-14 20:12,臺北大巨蛋,9,,FINISHED,NORMAL,味全龍,BNi6c,中信兄弟,M45m3,2,3,9,7,0,0,"0,1,0,0,0,1,0,0,0","0,0,0,0,2,0,1,0,0",AWAY,0
JQNPu,CPBL-2024-xa,2024,一軍,例行賽,2024-09-13,2024-09-13 18:35,2024-09-13 21:43,臺南市立棒球場,9,,FINISHED,NORMAL,統一7-ELEVEn獅,GyWE7,台鋼雄鷹,U64ee,6,4,10,6,0,0,"1,2,1,0,0,2,0,0,0","3,0,0,1,0,0,0,0,0",HOME,1
KAP6R,CPBL-2024-xa,2024,一軍,例行賽,2024-09-13,2024-09-13 18:35,2024-09-13 21:20,新北市立新莊棒球場,9,,FINISHED,NORMAL,富邦悍將,uIOrj,樂天桃猿,Iqkqa,4,0,5,8,0,0,"0,0,0,2,0,1,1,0,0","0,0,0,0,0,0,0,0,0",HOME,1
pyhds,CPBL-2024-xa,2024,一軍,例行賽,2024-09-12,2024-09-12 18:35,2024-09-12 22:20,樂天桃園棒球場,9,,FINISHED,NORMAL,樂天桃猿,Iqkqa,中信兄弟,M45m3,13,8,20,12,0,0,"0,1,1,0,0,2,7,2,0","3,5,0,0,0,0,0,0,0",HOME,1
Dmq9M,CPBL-2024-xa,2024,一軍,例行賽,2024-09-11,2024-09-11 18:36,2024-09-11 21:27,樂天桃園棒球場,10,,FINISHED,NORMAL,樂天桃猿,Iqkqa,中信兄弟,M45m3,0,1,3,4,0,0,"0,0,0,0,0,0,0,0,0,0","0,0,0,0,0,0,0,0,0,1",AWAY,0
hfqU7,CPBL-2024-xa,2024,一軍,例行賽,2024-09-11,2024-09-11 19:31,2024-09-11 22:14,新北市立新莊棒球場,9,,FINISHED,NORMAL,富邦悍將,uIOrj,統一7-ELEVEn獅,GyWE7,5,1,9,5,0,0,"0,0,0,3,1,1,0,0,0","1,0,0,0,0,0,0,0,0",HOME,1
tytKA,CPBL-2024-xa,2024,一軍,例行賽,2024-09-11,2024-09-11 18:35,2024-09-11 21:57,臺北市立天母棒球場,9,,FINISHED,NORMAL,味全龍,BNi6c,台鋼雄鷹,U64ee,3,6,8,10,0,0,"1,1,0,0,1,0,0,0,0","2,0,0,0,3,0,0,1,0",AWAY,0
mN7ZE,CPBL-2024-xa,2024,一軍,例行賽,2024-09-10,2024-09-10 18:35,2024-09-10 22:08,新北市立新莊棒球場,9,,FINISHED,NORMAL,富邦悍將,uIOrj,統一7-ELEVEn獅,GyWE7,1,9,8,12,0,0,"0,0,1,0,0,0,0,0,0","0,0,0,0,2,0,4,1,2",AWAY,0
RMnEF,CPBL-2024-xa,2024,一軍,例行賽,2024-09-10,2024-09-10 18:35,2024-09-10 21:07,臺北市立天母棒球場,9,,FINISHED,NORMAL,味全龍,BNi6c,台鋼雄鷹,U64ee,5,2,7,5,0,0,"1,0,0,0,2,0,2,0,0","0,0,0,1,1,0,0,0,0",HOME,1
f1OWw,CPBL-2024-xa,2024,一軍,例行賽,2024-09-08,2024-09-08 19:30,2024-09-08 23:08,澄清湖棒球場,9,,FINISHED,NORMAL,台鋼雄鷹,U64ee,富邦悍將,uIOrj,2,8,8,13,0,0,"0,0,0,1,0,0,1,0,0","2,0,1,0,0,1,2,0,2",AWAY,0
zWn5Q,CPBL-2024-xa,2024,一軍,例行賽,2024-09-08,2024-09-08 17:05,2024-09-08 19:50,樂天桃園棒球場,9,,FINISHED,NORMAL,樂天桃猿,Iqkqa,味全龍,BNi6c,1,4,5,9,0,0,"0,0,0,0,0,1,0,0,0","0,0,1,0,1,1,0,0,1",AWAY,0
xX2JY,CPBL-2024-xa,2024,一軍,例行賽,2024-09-08,2024-09-08 17:06,2024-09-08 20:09,臺中市洲際棒球場,9,,FINISHED,NORMAL,中信兄弟,M45m3,統一7-ELEVEn獅,GyWE7,7,5,11,8,0,0,"2,0,3,0,0,1,0,1,0","2,0,0,0,0,0,1,2,0",HOME,1
P0pYy,CPBL-2024-xa,2024,一軍,例行賽,2024-09-07,2024-09-07 18:12,2024-09-07 21:19,樂天桃園棒球場,9,,FINISHED,NORMAL,樂天桃猿,Iqkqa,味全龍,BNi6c,9,3,15,6,0,0,"4,2,0,1,2,0,0,0,0","0,0,0,0,0,0,0,3,0",HOME,1
Gxx5K,CPBL-2024-xa,2024,一軍,例行賽,2024-09-07,2024-09-07 17:05,2024-09-07 19:52,臺中市洲際棒球場,9,,FINISHED,NORMAL,中信兄弟,M45m3,統一7-ELEVEn獅,GyWE7,7,2,10,10,0,0,"0,0,0,2,0,1,0,4,0","0,1,0,1,0,0,0,0,0",HOME,1
5110L,CPBL-2024-xa,2024,一軍,例行賽,2024-09-07,2024-09-07 17:05,2024-09-07 21:37,澄清湖棒球場,9,,FINISHED,NORMAL,台鋼雄鷹,U64ee,富邦悍將,uIOrj,5,0,7,6,0,0,"0,0,0,0,0,3,0,2,0","0,0,0,0,0,0,0,0,0",HOME,1
3RiiF,CPBL-2024-xa,2024,一軍,例行賽,2024-09-06,2024-09-06 18:36,2024-09-06 21:50,樂天桃園棒球場,9,,FINISHED,NORMAL,樂天桃猿,Iqkqa,味全龍,BNi6c,4,8,6,11,0,0,"1,3,0,0,0,0,0,0,0","0,2,0,0,5,0,1,0,0",AWAY,0
ogcSO,CPBL-2024-xa,2024,一軍,例行賽,2024-09-06,2024-09-06 18:36,2024-09-06 22:51,臺中市洲際棒球場,10,,FINISHED,NORMAL,中信兄弟,M45m3,統一7-ELEVEn獅,GyWE7,8,7,7,8,0,0,"2,1,0,0,2,0,1,0,0,2","4,0,0,0,0,0,1,0,1,1",HOME,1
6hSFI,CPBL-2024-xa,2024,一軍,例行賽,2024-09-06,2024-09-06 18:35,2024-09-06 22:59,嘉義市立棒球場,9,,FINISHED,NORMAL,台鋼雄鷹,U64ee,富邦悍將,uIOrj,3,8,5,13,0,0,"0,0,1,0,0,0,0,0,2","0,0,0,0,0,3,2,0,3",AWAY,0
oFB7P,CPBL-2024-xa,2024,一軍,例行賽,2024-09-05,2024-09-05 18:35,2024-09-05 21:28,新北市立新莊棒球場,9,,FINISHED,NORMAL,富邦悍將,uIOrj,味全龍,BNi6c,0,5,5,7,0,0,"0,0,0,0,0,0,0,0,0","0,3,0,2,0,0,0,0,0",AWAY,0
V5KAl,CPBL-2024-xa,2024,一軍,例行賽,2024-09-04,2024-09-04 18:35,2024-09-04 21:36,新北市立新莊棒球場,9,,FINISHED,NORMAL,富邦悍將,uIOrj,味全龍,BNi6c,1,2,5,10,0,0,"0,0,0,0,1,0,0,0,0","0,0,2,0,0,0,0,0,0",AWAY,0
G1Wzt,CPBL-2024-xa,2024,一軍,例行賽,2024-09-04,2024-09-04 18:35,2024-09-04 22:01,臺南市立棒球場,9,,FINISHED,NORMAL,統一7-ELEVEn獅,GyWE7,樂天桃猿,Iqkqa,3,9,11,15,0,0,"0,0,1,0,0,0,0,2,0","4,0,0,0,2,0,2,1,0",AWAY,0
hLngy,CPBL-2024-xa,2024,一軍,例行賽,2024-09-04,2024-09-04 18:35,2024-09-04 21:48,臺東棒球村第一棒球場,9,,FINISHED,NORMAL,台鋼雄鷹,U64ee,中信兄弟,M45m3,6,2,7,7,0,0,"0,0,0,4,0,2,0,0,0","0,0,1,0,0,0,1,0,0",HOME,1
l4qRN,CPBL-2024-xa,2024,一軍,例行賽,2024-09-03,2024-09-03 18:35,2024-09-03 21:30,臺南市立棒球場,9,,FINISHED,NORMAL,統一7-ELEVEn獅,GyWE7,樂天桃猿,Iqkqa,4,1,6,5,0,0,"0,0,2,0,0,0,2,0,0","0,0,0,0,0,0,0,1,0",HOME,1
dFev0,CPBL-2024-xa,2024,一軍,例行賽,2024-09-03,2024-09-03 18:36,2024-09-03 21:43,臺東棒球村第一棒球場,9,,FINISHED,NORMAL,台鋼雄鷹,U64ee,中信兄弟,M45m3,1,8,8,13,0,0,"0,0,0,1,0,0,0,0,0","0,0,0,1,0,7,0,0,0",AWAY,0
mkZ0b,CPBL-2024-xa,2024,一軍,例行賽,2024-09-01,2024-09-01 17:05,2024-09-01 20:40,臺北市立天母棒球場,9,,FINISHED,NORMAL,味全龍,BNi6c,統一7-ELEVEn獅,GyWE7,8,7,12,12,0,0,"0,0,3,1,0,3,0,1,0","2,1,0,1,0,0,3,0,0",HOME,1
aopvt,CPBL-2024-xa,2024,一軍,例行賽,2024-09-01,2024-09-01 17:05,2024-09-01 20:05,新北市立新莊棒球場,9,,FINISHED,NORMAL,富邦悍將,uIOrj,中信兄弟,M45m3,5,8,10,12,0,0,"0,0,0,0,5,0,0,0,0","0,2,0,1,1,0,0,0,4",AWAY,0
hS65C,CPBL-2024-xa,2024,一軍,例行賽,2024-09-01,2024-09-01 17:07,2024-09-01 20:33,樂天桃園棒球場,9,,FINISHED,NORMAL,樂天桃猿,Iqkqa,台鋼雄鷹,U64ee,6,11,10,12,0,0,"0,0,0,4,0,0,0,0,2","1,0,0,6,0,0,4,0,0",AWAY,0
lLO5L,CPBL-2024-xa,2024,一軍,例行賽,2024-08-31,2024-08-31 17:05,2024-08-31 20:15,臺北市立天母棒球場,10,,FINISHED,NORMAL,味全龍,BNi6c,統一7-ELEVEn獅,GyWE7,3,2,9,9,0,0,"0,0,0,0,0,0,0,0,1,2","1,0,0,0,0,0,0,0,0,1",HOME,1
b4vzQ,CPBL-2024-xa,2024,一軍,例行賽,2024-08-31,2024-08-31 17:05,2024-08-31 20:39,新北市立新莊棒球場,9,,FINISHED,NORMAL,富邦悍將,uIOrj,中信兄弟,M45m3,5,7,7,11,0,0,"0,0,2,3,0,0,0,0,0","0,4,1,0,0,0,0,2,0",AWAY,0
dU1TH,CPBL-2024-xa,2024,一軍,例行賽,2024-08-31,2024-08-31 17:06,2024-08-31 20:26,樂天桃園棒球場,9,,FINISHED,NORMAL,樂天桃猿,Iqkqa,台鋼雄鷹,U64ee,4,11,10,15,0,0,"0,0,0,1,3,0,0,0,0","1,1,2,2,0,1,0,1,3",AWAY,0
Ms0Pr,CPBL-2024-xa,2024,一軍,例行賽,2024-08-30,2024-08-30 18:35,2024-08-30 21:20,臺北市立天母棒球場,9,,FINISHED,NORMAL,味全龍,BNi6c,統一7-ELEVEn獅,GyWE7,6,0,10,8,0,0,"0,0,2,0,0,2,2,0,0","0,0,0,0,0,0,0,0,0",HOME,1
Mmpj2,CPBL-2024-xa,2024,一軍,例行賽,2024-08-30,2024-08-30 18:35,2024-08-30 21:31,新北市立新莊棒球場,9,,FINISHED,NORMAL,富邦悍將,uIOrj,中信兄弟,M45m3,1,3,7,7,0,0,"0,0,0,1,0,0,0,0,0","0,0,0,2,0,1,0,0,0",AWAY,0
YMURn,CPBL-2024-xa,2024,一軍,例行賽,2024-08-30,2024-08-30 18:36,2024-08-30 21:34,樂天桃園棒球場,9,,FINISHED,NORMAL,樂天桃猿,Iqkqa,台鋼雄鷹,U64ee,8,2,12,6,0,0,"0,1,0,1,1,1,2,2,0","0,0,1,0,0,0,1,0,0",HOME,1
5yeap,CPBL-2024-xa,2024,一軍,例行賽,2024-08-29,2024-08-29 18:36,2024-08-29 21:35,澄清湖棒球場,9,,FINISHED,NORMAL,台鋼雄鷹,U64ee,統一7-ELEVEn獅,GyWE7,2,11,9,15,0,0,"0,0,0,0,0,2,0,0,0","3,0,0,0,5,0,3,0,0",AWAY,0
qVLC5,CPBL-2024-xa,2024,一軍,例行賽,2024-08-28,2024-08-28 18:35,2024-08-28 22:01,嘉義市立棒球場,9,,FINISHED,NORMAL,台鋼雄鷹,U64ee,統一7-ELEVEn獅,GyWE7,9,2,11,10,0,0,"0,6,1,0,1,0,0,1,0","0,0,0,0,1,0,0,1,0",HOME,1
7eSPQ,CPBL-2024-xa,2024,一軍,例行賽,2024-08-28,2024-08-28 18:36,2024-08-28 21:36,臺中市洲際棒球場,9,,FINISHED,NORMAL,中信兄弟,M45m3,味全龍,BNi6c,6,1,12,6,0,0,"1,0,1,2,0,2,0,0,0","1,0,0,0,0,0,0,0,0",HOME,1
sY4w4,CPBL-2024-xa,2024,一軍,例行賽,2024-08-28,2024-08-28 18:36,2024-08-28 21:53,樂天桃園棒球場,9,,FINISHED,NORMAL,樂天桃猿,Iqkqa,富邦悍將,uIOrj,5,3,12,10,0,0,"0,0,1,1,0,0,1,2,0","1,0,0,0,0,1,0,0,1",HOME,1
odPKY,CPBL-2024-xa,2024,一軍,例行賽,2024-08-27,2024-08-27 18:35,2024-08-27 20:48,臺中市洲際棒球場,9,,FINISHED,NORMAL,中信兄弟,M45m3,味全龍,BNi6c,1,0,3,4,0,0,"0,0,1,0,0,0,0,0,0","0,0,0,0,0,0,0,0,0",HOME,1
mSDUA,CPBL-2024-xa,2024,一軍,例行賽,2024-08-27,2024-08-27 18:35,2024-08-27 21:25,樂天桃園棒球場,9,,FINISHED,NORMAL,樂天桃猿,Iqkqa,富邦悍將,uIOrj,2,4,7,6,0,0,"0,0,0,2,0,0,0,0,0","0,0,0,0,0,1,2,1,0",AWAY,0
qi8jg,CPBL-2024-xa,2024,一軍,例行賽,2024-08-25,2024-08-25 17:05,2024-08-25 20:20,澄清湖棒球場,9,,FINISHED,NORMAL,台鋼雄鷹,U64ee,味全龍,BNi6c,0,14,6,21,0,0,"0,0,0,0,0,0,0,0,0","1,2,0,0,2,6,0,3,0",AWAY,0
tnaU2,CPBL-2024-xa,2024,一軍,例行賽,2024-08-25,2024-08-25 17:06,2024-08-25 20:05,臺中市洲際棒球場,9,,FINISHED,NORMAL,中信兄弟,M45m3,樂天桃猿,Iqkqa,2,3,10,11,0,0,"0,0,0,2,0,0,0,0,0","2,0,0,1,0,0,0,0,0",AWAY,0
BzmQs,CPBL-2024-xa,2024,一軍,例行賽,2024-08-25,2024-08-25 17:05,2024-08-25 20:17,臺南市立棒球場,9,,FINISHED,NORMAL,統一7-ELEVEn獅,GyWE7,富邦悍將,uIOrj,4,0,8,5,0,0,"0,1,0,0,0,0,1,2,0","0,0,0,0,0,0,0,0,0",HOME,1
eYUx7,CPBL-2024-xa,2024,一軍,例行賽,2024-08-24,2024-08-24 18:56,2024-08-24 22:48,臺中市洲際棒球場,10,,FINISHED,NORMAL,中信兄弟,M45m3,樂天桃猿,Iqkqa,4,3,10,5,0,0,"0,0,0,0,3,0,0,0,0,1","0,0,0,0,0,3,0,0,0,0",HOME,1
O15Ta,CPBL-2024-xa,2024,一軍,例行賽,2024-08-24,2024-08-24 17:05,2024-08-24 20:22,澄清湖棒球場,9,,FINISHED,NORMAL,台鋼雄鷹,U64ee,味全龍,BNi6c,7,5,7,10,0,0,"0,3,0,0,0,2,2,0,0","1,0,0,0,1,0,3,0,0",HOME,1
2svdx,CPBL-2024-xa,2024,一軍,例行賽,2024-08-24,2024-08-24 17:05,2024-08-24 20:40,臺南市立棒球場,9,,FINISHED,NORMAL,統一7-ELEVEn獅,GyWE7,富邦悍將,uIOrj,7,5,12,11,0,0,"0,1,0,2,0,0,4,0,0","0,0,0,1,4,0,0,0,0",HOME,1
uAKMF,CPBL-2024-xa,2024,一軍,例行賽,2024-08-23,2024-08-23 18:35,2024-08-23 21:46,嘉義市立棒球場,9,,FINISHED,NORMAL,台鋼雄鷹,U64ee,味全龍,BNi6c,11,2,17,7,0,0,"0,0,0,4,4,1,2,0,0","0,0,0,0,0,1,1,0,0",HOME,1
q0inQ,CPBL-2024-xa,2024,一軍,例行賽,2024-08-23,2024-08-23 18:35,2024-08-23 21:38,臺中市洲際棒球場,9,,FINISHED,NORMAL,中信兄弟,M45m3,樂天桃猿,Iqkqa,1,6,7,14,0,0,"0,1,0,0,0,0,0,0,0","0,3,1,0,0,0,2,0,0",AWAY,0
6I8WY,CPBL-2024-xa,2024,一軍,例行賽,2024-08-23,2024-08-23 18:35,2024-08-23 22:38,臺南市立棒球場,10,,FINISHED,NORMAL,統一7-ELEVEn獅,GyWE7,富邦悍將,uIOrj,4,3,11,9,0,0,"1,0,0,0,0,1,0,1,0,1","0,0,0,0,2,0,0,0,1,0",HOME,1
QGCFK,CPBL-2024-xa,2024,一軍,例行賽,2024-08-22,2024-08-22 18:35,2024-08-22 22:02,斗六棒球場,9,,FINISHED,NORMAL,味全龍,BNi6c,樂天桃猿,Iqkqa,4,8,11,13,0,0,"1,0,1,0,1,0,1,0,0","3,1,0,0,0,0,2,0,2",AWAY,0
6NBgQ,CPBL-2024-xa,2024,一軍,例行賽,2024-08-22,2024-08-22 18:35,2024-08-22 21:33,新北市立新莊棒球場,9,,FINISHED,NORMAL,富邦悍將,uIOrj,台鋼雄鷹,U64ee,1,2,9,7,0,0,"0,0,0,0,0,0,0,1,0","0,0,0,0,0,2,0,0,0",AWAY,0
0c6Ml,CPBL-2024-xa,2024,一軍,例行賽,2024-08-22,2024-08-22 18:35,2024-08-22 21:19,臺南市立棒球場,9,,FINISHED,NORMAL,統一7-ELEVEn獅,GyWE7,中信兄弟,M45m3,6,1,10,4,0,0,"0,4,0,0,2,0,0,0,0","0,0,0,1,0,0,0,0,0",HOME,1
SxtBj,CPBL-2024-xa,2024,一軍,例行賽,2024-08-21,2024-08-21 18:35,2024-08-21 21:47,斗六棒球場,9,,FINISHED,NORMAL,味全龍,BNi6c,樂天桃猿,Iqkqa,0,6,5,14,0,0,"0,0,0,0,0,0,0,0,0","1,0,0,0,0,0,5,0,0",AWAY,0
XkjKb,CPBL-2024-xa,2024,一軍,例行賽,2024-08-21,2024-08-21 18:35,2024-08-21 21:52,新北市立新莊棒球場,9,,FINISHED,NORMAL,富邦悍將,uIOrj,台鋼雄鷹,U64ee,4,3,6,10,0,0,"0,0,0,0,0,0,0,1,3","0,0,0,0,0,0,2,1,0",HOME,1
cxVPM,CPBL-2024-xa,2024,一軍,例行賽,2024-08-21,2024-08-21 18:37,2024-08-21 22:08,臺南市立棒球場,9,,FINISHED,NORMAL,統一7-ELEVEn獅,GyWE7,中信兄弟,M45m3,4,11,12,17,0,0,"0,0,0,0,0,2,0,0,2","0,1,0,3,0,0,2,2,3",AWAY,0
4EQUl,CPBL-2024-xa,2024,一軍,例行賽,2024-08-19,2024-08-19 18:35,2024-08-19 21:34,嘉義市立棒球場,9,,FINISHED,NORMAL,統一7-ELEVEn獅,GyWE7,味全龍,BNi6c,0,3,6,11,0,0,"0,0,0,0,0,0,0,0,0","0,0,1,1,0,0,0,0,1",AWAY,0
RdOoS,CPBL-2024-xa,2024,一軍,例行賽,2024-08-18,2024-08-18 17:06,2024-08-18 20:04,樂天桃園棒球場,9,,FINISHED,NORMAL,樂天桃猿,Iqkqa,統一7-ELEVEn獅,GyWE7,4,3,8,8,0,0,"0,0,1,0,0,0,3,0,0","0,1,0,0,1,0,1,0,0",HOME,1
KnL60,CPBL-2024-xa,2024,一軍,例行賽,2024-08-18,2024-08-18 17:05,2024-08-18 20:57,臺北市立天母棒球場,9,,FINISHED,NORMAL,味全龍,BNi6c,富邦悍將,uIOrj,7,6,11,8,0,0,"1,0,0,0,1,0,3,0,2","0,0,0,0,2,4,0,0,0",HOME,1
PZFwR,CPBL-2024-xa,2024,一軍,例行賽,2024-08-18,2024-08-18 17:05,2024-08-18 20:01,臺中市洲際棒球場,9,,FINISHED,NORMAL,中信兄弟,M45m3,台鋼雄鷹,U64ee,7,4,10,9,0,0,"2,0,1,0,2,0,0,2,0","0,0,0,2,2,0,0,0,0",HOME,1
6guMW,CPBL-2024-xa,2024,一軍,例行賽,2024-08-17,2024-08-17 17:06,2024-08-17 19:51,樂天桃園棒球場,9,,FINISHED,NORMAL,樂天桃猿,Iqkqa,統一7-ELEVEn獅,GyWE7,4,2,10,10,0,0,"1,0,1,0,0,1,0,1,0","0,0,0,1,1,0,0,0,0",HOME,1
4zpMG,CPBL-2024-xa,2024,一軍,例行賽,2024-08-17,2024-08-17 17:05,2024-08-17 20:13,臺中市洲際棒球場,9,,FINISHED,NORMAL,中信兄弟,M45m3,台鋼雄鷹,U64ee,5,3,14,10,0,0,"2,0,0,0,2,1,0,0,0","0,0,0,0,0,0,1,0,2",HOME,1
K8Dhp,CPBL-2024-xa,2024,一軍,例行賽,2024-08-16,2024-08-16 18:35,2024-08-16 21:13,樂天桃園棒球場,9,,FINISHED,NORMAL,樂天桃猿,Iqkqa,統一7-ELEVEn獅,GyWE7,5,2,7,6,0,0,"4,0,0,1,0,0,0,0,0","0,0,0,2,0,0,0,0,0",HOME,1
o1guF,CPBL-2024-xa,2024,一軍,例行賽,2024-08-16,2024-08-16 18:35,2024-08-16 21:47,臺北市立天母棒球場,9,,FINISHED,NORMAL,味全龍,BNi6c,富邦悍將,uIOrj,6,1,9,6,0,0,"0,0,0,0,4,1,1,0,0","0,0,0,0,0,0,0,1,0",HOME,1
8ulm8,CPBL-2024-xa,2024,一軍,例行賽,2024-08-16,2024-08-16 18:35,2024-08-16 21:32,臺中市洲際棒球場,9,,FINISHED,NORMAL,中信兄弟,M45m3,台鋼雄鷹,U64ee,5,3,7,9,0,0,"0,0,0,4,0,0,1,0,0","0,0,0,0,0,0,0,0,3",HOME,1
vHg13,CPBL-2024-xa,2024,一軍,例行賽,2024-08-14,2024-08-14 18:35,2024-08-14 21:35,嘉義市立棒球場,9,,FINISHED,NORMAL,統一7-ELEVEn獅,GyWE7,味全龍,BNi6c,2,8,8,13,0,0,"2,0,0,0,0,0,0,0,0","0,0,0,2,0,0,2,0,4",AWAY,0
r6Hup,CPBL-2024-xa,2024,一軍,例行賽,2024-08-14,2024-08-14 18:36,2024-08-14 21:59,澄清湖棒球場,9,,FINISHED,NORMAL,台鋼雄鷹,U64ee,樂天桃猿,Iqkqa,1,3,4,8,0,0,"0,0,1,0,0,0,0,0,0","0,0,2,0,0,0,0,0,1",AWAY,0
QjnKj,CPBL-2024-xa,2024,一軍,例行賽,2024-08-14,2024-08-14 18:35,2024-08-14 21:16,臺東棒球村第一棒球場,9,,FINISHED,NORMAL,中信兄弟,M45m3,富邦悍將,uIOrj,5,3,7,9,0,0,"0,2,1,0,0,0,0,2,0","0,0,0,0,0,0,2,1,0",HOME,1
Nz6it,CPBL-2024-xa,2024,一軍,例行賽,2024-08-13,2024-08-13 18:35,2024-08-13 21:39,澄清湖棒球場,9,,FINISHED,NORMAL,台鋼雄鷹,U64ee,樂天桃猿,Iqkqa,4,1,8,2,0,0,"0,4,0,0,0,0,0,0,0","0,0,0,0,0,0,0,0,1",HOME,1
ADaQg,CPBL-2024-xa,2024,一軍,例行賽,2024-08-13,2024-08-13 18:35,2024-08-13 21:47,臺東棒球村第一棒球場,9,,FINISHED,NORMAL,中信兄弟,M45m3,富邦悍將,uIOrj,1,7,10,9,0,0,"0,0,0,1,0,0,0,0,0","0,2,2,0,0,2,1,0,0",AWAY,0
Wh1bH,CPBL-2024-xa,2024,一軍,例行賽,2024-08-11,2024-08-11 17:05,2024-08-11 20:53,新北市立新莊棒球場,9,,FINISHED,NORMAL,富邦悍將,uIOrj,味全龍,BNi6c,6,11,10,13,0,0,"0,0,1,0,2,3,0,0,0","2,0,7,2,0,0,0,0,0",AWAY,0
EgAcV,CPBL-2024-xa,2024,一軍,例行賽,2024-08-11,2024-08-11 17:05,2024-08-11 20:23,花蓮縣立德興棒球場,9,,FINISHED,NORMAL,統一7-ELEVEn獅,GyWE7,樂天桃猿,Iqkqa,4,3,11,6,0,0,"1,0,0,0,1,1,0,0,1","0,0,0,0,1,2,0,0,0",HOME,1
YXfii,CPBL-2024-xa,2024,一軍,例行賽,2024-08-11,2024-08-11 14:06,2024-08-11 16:29,臺北大巨蛋,9,,FINISHED,NORMAL,台鋼雄鷹,U64ee,中信兄弟,M45m3,2,1,5,4,0,0,"0,0,1,0,1,0,0,0,0","0,0,0,0,0,0,1,0,0",HOME,1
syNU8,CPBL-2024-xa,2024,一軍,例行賽,2024-08-10,2024-08-10 17:05,2024-08-10 20:55,臺北大巨蛋,9,,FINISHED,NORMAL,台鋼雄鷹,U64ee,中信兄弟,M45m3,6,8,7,13,0,0,"0,0,0,0,1,1,1,3,0","0,0,5,0,0,2,0,1,0",AWAY,0
MtAzO,CPBL-2024-xa,2024,一軍,例行賽,2024-08-10,2024-08-10 17:05,2024-08-10 20:18,花蓮縣立德興棒球場,9,,FINISHED,NORMAL,統一7-ELEVEn獅,GyWE7,樂天桃猿,Iqkqa,5,3,9,11,0,0,"0,0,0,1,1,0,0,3,0","0,0,1,0,0,0,2,0,0",HOME,1
WPsIT,CPBL-2024-xa,2024,一軍,例行賽,2024-08-09,2024-08-09 18:35,2024-08-09 21:43,臺北大巨蛋,9,,FINISHED,NORMAL,台鋼雄鷹,U64ee,中信兄弟,M45m3,7,2,8,7,0,0,"0,0,2,0,0,0,5,0,0","0,0,0,0,0,0,1,1,0",HOME,1
79kFQ,CPBL-2024-xa,2024,一軍,例行賽,2024-08-09,2024-08-09 18:35,2024-08-09 21:28,新北市立新莊棒球場,9,,FINISHED,NORMAL,富邦悍將,uIOrj,味全龍,BNi6c,1,2,3,11,0,0,"0,1,0,0,0,0,0,0,0","0,0,0,0,0,1,1,0,0",AWAY,0
qPOFv,CPBL-2024-xa,2024,一軍,例行賽,2024-08-09,2024-08-09 18:35,2024-08-09 21:19,花蓮縣立德興棒球場,9,,FINISHED,NORMAL,統一7-ELEVEn獅,GyWE7,樂天桃猿,Iqkqa,3,1,10,6,0,0,"0,1,0,0,0,0,2,0,0","0,1,0,0,0,0,0,0,0",HOME,1
z2J80,CPBL-2024-xa,2024,一軍,例行賽,2024-08-08,2024-08-08 18:35,2024-08-08 21:47,臺北市立天母棒球場,9,,FINISHED,NORMAL,味全龍,BNi6c,中信兄弟,M45m3,5,9,12,12,0,0,"0,1,0,1,0,1,0,0,2","2,4,0,0,2,1,0,0,0",AWAY,0
vTWXS,CPBL-2024-xa,2024,一軍,例行賽,2024-08-07,2024-08-07 18:35,2024-08-07 21:15,臺北市立天母棒球場,9,,FINISHED,NORMAL,味全龍,BNi6c,中信兄弟,M45m3,5,1,7,5,0,0,"1,0,0,0,0,4,0,0,0","0,0,0,0,1,0,0,0,0",HOME,1
uZvG3,CPBL-2024-xa,2024,一軍,例行賽,2024-08-07,2024-08-07 18:36,2024-08-07 21:25,樂天桃園棒球場,9,,FINISHED,NORMAL,樂天桃猿,Iqkqa,台鋼雄鷹,U64ee,9,5,14,7,0,0,"1,3,0,0,2,0,2,1,0","0,0,0,2,0,3,0,0,0",HOME,1
PkqcS,CPBL-2024-xa,2024,一軍,例行賽,2024-08-07,2024-08-07 18:35,2024-08-07 21:24,花蓮縣立德興棒球場,9,,FINISHED,NORMAL,統一7-ELEVEn獅,GyWE7,富邦悍將,uIOrj,0,2,6,10,0,0,"0,0,0,0,0,0,0,0,0","0,0,0,0,0,0,0,2,0",AWAY,0
T3Eph,CPBL-2024-xa,2024,一軍,例行賽,2024-08-06,2024-08-06 18:35,2024-08-06 22:09,樂天桃園棒球場,9,,FINISHED,NORMAL,樂天桃猿,Iqkqa,台鋼雄鷹,U64ee,6,7,8,15,0,0,"0,0,1,0,0,0,2,0,3","0,0,0,1,3,2,0,0,1",AWAY,0
u9c0k,CPBL-2024-xa,2024,一軍,例行賽,2024-08-06,2024-08-06 18:35,2024-08-06 21:51,花蓮縣立德興棒球場,9,,FINISHED,NORMAL,統一7-ELEVEn獅,GyWE7,富邦悍將,uIOrj,5,2,10,5,0,0,"0,0,3,0,0,0,2,0,0","0,0,0,0,0,2,0,0,0",HOME,1
x9v1Z,CPBL-2024-xa,2024,一軍,例行賽,2024-08-04,2024-08-04 17:05,2024-08-04 20:11,臺北大巨蛋,9,,FINISHED,NORMAL,中信兄弟,M45m3,富邦悍將,uIOrj,6,5,8,11,0,0,"1,2,0,0,0,0,0,0,3","0,0,0,0,0,2,0,0,3",HOME,1
1V8WH,CPBL-2024-xa,2024,一軍,例行賽,2024-08-04,2024-08-04 17:05,2024-08-04 19:52,花蓮縣立德興棒球場,9,,FINISHED,NORMAL,味全龍,BNi6c,樂天桃猿,Iqkqa,5,3,6,6,0,0,"0,0,0,2,0,3,0,0,0","1,0,2,0,0,0,0,0,0",HOME,1
QlSSv,CPBL-2024-xa,2024,一軍,例行賽,2024-08-04,2024-08-04 17:05,2024-08-04 19:42,嘉義市立棒球場,9,,FINISHED,NORMAL,台鋼雄鷹,U64ee,統一7-ELEVEn獅,GyWE7,4,1,9,7,0,0,"0,0,0,0,0,0,3,1,0","0,0,1,0,0,0,0,0,0",HOME,1
MSTMG,CPBL-2024-xa,2024,一軍,例行賽,2024-08-03,2024-08-03 17:05,2024-08-03 20:14,臺北大巨蛋,9,,FINISHED,NORMAL,中信兄弟,M45m3,富邦悍將,uIOrj,5,0,9,3,0,0,"2,0,0,0,1,2,0,0,0","0,0,0,0,0,0,0,0,0",HOME,1
aVAYG,CPBL-2024-xa,2024,一軍,例行賽,2024-08-03,2024-08-03 17:05,2024-08-03 19:26,花蓮縣立德興棒球場,9,,FINISHED,NORMAL,味全龍,BNi6c,樂天桃猿,Iqkqa,0,2,5,7,0,0,"0,0,0,0,0,0,0,0,0","0,1,1,0,0,0,0,0,0",AWAY,0
KDlkZ,CPBL-2024-xa,2024,一軍,例行賽,2024-08-03,2024-08-03 17:05,2024-08-03 20:10,澄清湖棒球場,9,,FINISHED,NORMAL,台鋼雄鷹,U64ee,統一7-ELEVEn獅,GyWE7,11,3,13,3,0,0,"1,0,5,0,2,1,1,1,0","0,1,0,0,0,2,0,0,0",HOME,1
emHsq,CPBL-2024-xa,2024,一軍,例行賽,2024-08-02,2024-08-02 18:36,2024-08-02 21:42,臺北大巨蛋,9,,FINISHED,NORMAL,中信兄弟,M45m3,富邦悍將,uIOrj,6,5,10,9,0,0,"0,1,0,0,3,0,2,0,0","0,0,0,0,0,3,2,0,0",HOME,1
LB5YZ,CPBL-2024-xa,2024,一軍,例行賽,2024-08-02,2024-08-02 18:35,2024-08-02 21:43,花蓮縣立德興棒球場,9,,FINISHED,NORMAL,味全龍,BNi6c,樂天桃猿,Iqkqa,7,3,8,9,0,0,"0,2,2,2,0,0,1,0,0","1,0,0,1,1,0,0,0,0",HOME,1
pMMSk,CPBL-2024-xa,2024,一軍,例行賽,2024-08-02,2024-08-02 18:36,2024-08-02 21:34,澄清湖棒球場,9,,FINISHED,NORMAL,台鋼雄鷹,U64ee,統一7-ELEVEn獅,GyWE7,0,5,6,13,0,0,"0,0,0,0,0,0,0,0,0","0,0,1,0,0,0,0,4,0",AWAY,0
yOmDV,CPBL-2024-xa,2024,一軍,例行賽,2024-08-01,2024-08-01 12:34,2024-08-01 21:26,新北市立新莊棒球場,9,,FINISHED,NORMAL,富邦悍將,uIOrj,樂天桃猿,Iqkqa,2,3,3,7,0,0,"0,2,0,0,0,0,0,0,0","1,1,0,0,0,1,0,0,0",AWAY,0
VivBq,CPBL-2024-xa,2024,一軍,例行賽,2024-07-31,2024-07-31 18:35,2024-07-31 22:12,臺中市洲際棒球場,9,,FINISHED,NORMAL,中信兄弟,M45m3,統一7-ELEVEn獅,GyWE7,5,8,13,11,0,0,"0,0,0,0,0,0,4,1,0","0,0,0,0,0,1,2,0,5",AWAY,0
YATqZ,CPBL-2024-xa,2024,一軍,例行賽,2024-07-31,2024-07-31 18:35,2024-07-31 21:59,花蓮縣立德興棒球場,9,,FINISHED,NORMAL,台鋼雄鷹,U64ee,味全龍,BNi6c,8,9,11,14,0,0,"0,0,0,3,0,4,0,0,1","0,0,4,4,0,0,0,0,1",AWAY,0
uvOIc,CPBL-2024-xa,2024,一軍,例行賽,2024-07-30,2024-07-30 18:36,2024-07-30 21:52,花蓮縣立德興棒球場,10,,FINISHED,NORMAL,台鋼雄鷹,U64ee,味全龍,BNi6c,2,1,6,8,0,0,"1,0,0,0,0,0,0,0,0,1","0,0,0,0,0,1,0,0,0,0",HOME,1
ZHooY,CPBL-2024-xa,2024,一軍,例行賽,2024-07-28,2024-07-28 17:05,2024-07-28 19:57,臺北大巨蛋,9,,FINISHED,NORMAL,富邦悍將,uIOrj,台鋼雄鷹,U64ee,8,0,12,2,0,0,"0,0,0,6,0,0,0,2,0","0,0,0,0,0,0,0,0,0",HOME,1
xG4Pb,CPBL-2024-xa,2024,一軍,例行賽,2024-07-28,2024-07-28 17:05,2024-07-28 19:51,臺南市立棒球場,9,,FINISHED,NORMAL,統一7-ELEVEn獅,GyWE7,味全龍,BNi6c,8,1,11,9,0,0,"0,0,1,2,0,0,2,3,0","0,0,0,1,0,0,0,0,0",HOME,1
4ucfI,CPBL-2024-xa,2024,一軍,例行賽,2024-07-28,2024-07-28 17:05,2024-07-28 20:09,樂天桃園棒球場,9,,FINISHED,NORMAL,樂天桃猿,Iqkqa,中信兄弟,M45m3,5,4,8,11,0,0,"0,0,0,0,1,1,0,0,3","0,0,1,0,0,1,0,0,2",HOME,1
9P0zZ,CPBL-2024-xa,2024,一軍,例行賽,2024-07-27,2024-07-27 17:05,2024-07-27 20:00,臺北大巨蛋,9,,FINISHED,NORMAL,富邦悍將,uIOrj,台鋼雄鷹,U64ee,4,3,9,10,0,0,"0,0,1,1,0,0,0,2,0","0,0,0,0,0,0,2,1,0",HOME,1
qdp9J,CPBL-2024-xa,2024,一軍,例行賽,2024-07-27,2024-07-27 17:05,2024-07-27 19:51,臺南市立棒球場,9,,FINISHED,NORMAL,統一7-ELEVEn獅,GyWE7,味全龍,BNi6c,2,0,5,7,0,0,"0,0,0,2,0,0,0,0,0","0,0,0,0,0,0,0,0,0",HOME,1
WkPyG,CPBL-2024-xa,2024,一軍,例行賽,2024-07-27,2024-07-27 17:06,2024-07-27 20:23,樂天桃園棒球場,9,,FINISHED,NORMAL,樂天桃猿,Iqkqa,中信兄弟,M45m3,1,3,6,8,0,0,"1,0,0,0,0,0,0,0,0","0,1,0,0,0,1,1,0,0",AWAY,0
OQ3Eh,CPBL-2024-xa,2024,一軍,例行賽,2024-07-26,2024-07-26 18:35,2024-07-26 21:22,臺北大巨蛋,9,,FINISHED,NORMAL,富邦悍將,uIOrj,台鋼雄鷹,U64ee,2,1,8,9,0,0,"0,0,1,1,0,0,0,0,0","0,0,1,0,0,0,0,0,0",HOME,1
U4VmL,CPBL-2024-xa,2024,一軍,例行賽,2024-07-23,2024-07-23 18:35,2024-07-23 21:30,臺北市立天母棒球場,9,,FINISHED,NORMAL,味全龍,BNi6c,富邦悍將,uIOrj,0,4,6,8,0,0,"0,0,0,0,0,0,0,0,0","0,0,0,0,4,0,0,0,0",AWAY,0
iaCF5,CPBL-2024-xa,2024,一軍,例行賽,2024-07-23,2024-07-23 18:36,2024-07-23 21:49,樂天桃園棒球場,9,,FINISHED,NORMAL,樂天桃猿,Iqkqa,統一7-ELEVEn獅,GyWE7,6,5,10,13,0,0,"1,0,0,0,0,0,1,0,4","0,0,0,3,0,0,2,0,0",HOME,1
9jesg,CPBL-2024-xa,2024,一軍,例行賽,2024-07-18,2024-07-18 18:35,2024-07-18 21:42,樂天桃園棒球場,9,,FINISHED,NORMAL,樂天桃猿,Iqkqa,味全龍,BNi6c,1,4,9,10,0,0,"0,0,0,0,1,0,0,0,0","0,0,3,0,0,1,0,0,0",AWAY,0
JtLuX,CPBL-2024-xa,2024,一軍,例行賽,2024-07-17,2024-07-17 18:36,2024-07-17 22:02,樂天桃園棒球場,9,,FINISHED,NORMAL,樂天桃猿,Iqkqa,味全龍,BNi6c,13,6,20,12,0,0,"0,3,0,0,3,3,2,2,0","0,0,3,0,2,0,0,1,0",HOME,1
ncOZn,CPBL-2024-xa,2024,一軍,例行賽,2024-07-17,2024-07-17 18:36,2024-07-17 23:13,臺南市立棒球場,9,,FINISHED,NORMAL,統一7-ELEVEn獅,GyWE7,台鋼雄鷹,U64ee,10,11,15,20,0,0,"1,0,0,0,4,0,2,3,0","0,4,0,1,0,4,2,0,0",AWAY,0
1VZWk,CPBL-2024-xa,2024,一軍,例行賽,2024-07-17,2024-07-17 18:35,2024-07-17 22:17,新北市立新莊棒球場,9,,FINISHED,NORMAL,富邦悍將,uIOrj,中信兄弟,M45m3,4,9,12,15,0,0,"0,4,0,0,0,0,0,0,0","4,1,0,0,0,1,2,1,0",AWAY,0
zTDvh,CPBL-2024-xa,2024,一軍,例行賽,2024-07-16,2024-07-16 18:35,2024-07-16 21:38,臺南市立棒球場,9,,FINISHED,NORMAL,統一7-ELEVEn獅,GyWE7,台鋼雄鷹,U64ee,5,3,12,9,0,0,"0,0,0,1,0,0,4,0,0","0,0,0,0,3,0,0,0,0",HOME,1
37R7o,CPBL-2024-xa,2024,一軍,例行賽,2024-07-16,2024-07-16 18:35,2024-07-16 22:00,新北市立新莊棒球場,9,,FINISHED,NORMAL,富邦悍將,uIOrj,中信兄弟,M45m3,9,3,14,6,0,0,"0,1,2,4,0,2,0,0,0","0,0,0,0,0,2,1,0,0",HOME,1
PiN6j,CPBL-2024-xa,2024,一軍,例行賽,2024-07-14,2024-07-14 17:05,2024-07-14 20:14,澄清湖棒球場,9,,FINISHED,NORMAL,台鋼雄鷹,U64ee,樂天桃猿,Iqkqa,5,4,10,4,0,0,"0,0,3,0,1,0,1,0,0","0,0,0,0,1,2,1,0,0",HOME,1
M6ja3,CPBL-2024-xa,2024,一軍,例行賽,2024-07-14,2024-07-14 17:05,2024-07-14 20:01,新北市立新莊棒球場,9,,FINISHED,NORMAL,富邦悍將,uIOrj,統一7-ELEVEn獅,GyWE7,3,1,8,11,0,0,"0,0,0,1,0,0,2,0,0","0,0,0,0,0,0,1,0,0",HOME,1
dSu1e,CPBL-2024-xa,2024,一軍,例行賽,2024-07-14,2024-07-14 17:05,2024-07-14 19:35,臺中市洲際棒球場,9,,FINISHED,NORMAL,中信兄弟,M45m3,味全龍,BNi6c,0,1,6,4,0,0,"0,0,0,0,0,0,0,0,0","0,0,0,1,0,0,0,0,0",AWAY,0
mJRc6,CPBL-2024-xa,2024,一軍,例行賽,2024-07-13,2024-07-13 18:49,2024-07-13 22:06,新北市立新莊棒球場,9,,FINISHED,NORMAL,富邦悍將,uIOrj,統一7-ELEVEn獅,GyWE7,0,8,6,16,0,0,"0,0,0,0,0,0,0,0,0","4,0,0,0,1,1,1,0,1",AWAY,0
SgPEy,CPBL-2024-xa,2024,一軍,例行賽,2024-07-13,2024-07-13 17:05,2024-07-13 20:35,澄清湖棒球場,9,,FINISHED,NORMAL,台鋼雄鷹,U64ee,樂天桃猿,Iqkqa,0,5,5,12,0,0,"0,0,0,0,0,0,0,0,0","0,1,0,0,0,0,0,0,4",AWAY,0
2QgEq,CPBL-2024-xa,2024,一軍,例行賽,2024-07-13,2024-07-13 17:05,2024-07-13 20:01,臺中市洲際棒球場,9,,FINISHED,NORMAL,中信兄弟,M45m3,味全龍,BNi6c,11,0,19,9,0,0,"1,0,0,2,2,1,4,1,0","0,0,0,0,0,0,0,0,0",HOME,1
R9hG8,CPBL-2024-xa,2024,一軍,例行賽,2024-07-12,2024-07-12 18:36,2024-07-12 21:36,澄清湖棒球場,9,,FINISHED,NORMAL,台鋼雄鷹,U64ee,樂天桃猿,Iqkqa,2,7,7,16,0,0,"0,1,0,0,0,0,0,0,1","2,0,1,0,0,0,2,0,2",AWAY,0
7NlxL,CPBL-2024-xa,2024,一軍,例行賽,2024-07-12,2024-07-12 18:35,2024-07-12 22:03,新北市立新莊棒球場,9,,FINISHED,NORMAL,富邦悍將,uIOrj,統一7-ELEVEn獅,GyWE7,1,13,5,15,0,0,"0,0,0,0,0,0,1,0,0","0,3,0,0,3,4,2,0,1",AWAY,0
klo7M,CPBL-2024-xa,2024,一軍,例行賽,2024-07-12,2024-07-12 18:37,2024-07-12 22:05,臺中市洲際棒球場,9,,FINISHED,NORMAL,中信兄弟,M45m3,味全龍,BNi6c,4,7,11,15,0,0,"0,1,0,1,1,1,0,0,0","1,0,0,0,5,1,0,0,0",AWAY,0
HcFRP,CPBL-2024-xa,2024,一軍,例行賽,2024-07-10,2024-07-10 18:35,2024-07-10 22:33,臺東棒球村第一棒球場,10,,FINISHED,NORMAL,台鋼雄鷹,U64ee,富邦悍將,uIOrj,6,5,11,12,0,0,"0,1,2,0,1,0,0,0,1,1","0,0,2,0,1,0,0,1,1,0",HOME,1
P0WLq,CPBL-2024-xa,2024,一軍,例行賽,2024-07-10,2024-07-10 18:35,2024-07-10 21:21,臺北市立天母棒球場,9,,FINISHED,NORMAL,味全龍,BNi6c,統一7-ELEVEn獅,GyWE7,0,9,7,17,0,0,"0,0,0,0,0,0,0,0,0","4,1,0,0,0,0,0,1,3",AWAY,0
HzhcI,CPBL-2024-xa,2024,一軍,例行賽,2024-07-10,2024-07-10 19:01,2024-07-10 21:57,臺中市洲際棒球場,9,,FINISHED,NORMAL,中信兄弟,M45m3,樂天桃猿,Iqkqa,11,1,12,3,0,0,"0,0,0,3,2,0,1,5,0","0,0,0,1,0,0,0,0,0",HOME,1
LvDWH,CPBL-2024-xa,2024,一軍,例行賽,2024-07-09,2024-07-09 18:35,2024-07-09 22:10,臺東棒球村第一棒球場,9,,FINISHED,NORMAL,台鋼雄鷹,U64ee,富邦悍將,uIOrj,4,5,10,14,0,0,"1,0,0,1,1,0,1,0,0","0,0,2,1,2,0,0,0,0",AWAY,0
2FQQI,CPBL-2024-xa,2024,一軍,例行賽,2024-07-09,2024-07-09 18:35,2024-07-09 21:41,臺北市立天母棒球場,9,,FINISHED,NORMAL,味全龍,BNi6c,統一7-ELEVEn獅,GyWE7,2,6,11,11,0,0,"0,0,0,0,0,0,0,1,1","0,0,0,1,2,0,1,2,0",AWAY,0
SqdOb,CPBL-2024-xa,2024,一軍,例行賽,2024-07-09,2024-07-09 18:35,2024-07-09 22:08,臺中市洲際棒球場,9,,FINISHED,NORMAL,中信兄弟,M45m3,樂天桃猿,Iqkqa,2,5,5,13,0,0,"0,0,1,0,0,0,0,1,0","1,0,0,0,1,0,2,0,1",AWAY,0
DmJ2p,CPBL-2024-xa,2024,一軍,例行賽,2024-07-07,2024-07-07 17:05,2024-07-07 20:16,樂天桃園棒球場,9,,FINISHED,NORMAL,樂天桃猿,Iqkqa,富邦悍將,uIOrj,5,6,13,12,0,0,"1,1,0,0,1,1,1,0,0","1,0,0,0,4,0,0,0,1",AWAY,0
KdWxX,CPBL-2024-xa,2024,一軍,例行賽,2024-07-07,2024-07-07 17:05,2024-07-07 19:53,臺北市立天母棒球場,9,,FINISHED,NORMAL,味全龍,BNi6c,台鋼雄鷹,U64ee,3,0,9,7,0,0,"0,0,1,0,0,0,2,0,0","0,0,0,0,0,0,0,0,0",HOME,1
mODTf,CPBL-2024-xa,2024,一軍,例行賽,2024-07-07,2024-07-07 17:06,2024-07-07 19:43,臺北大巨蛋,9,,FINISHED,NORMAL,統一7-ELEVEn獅,GyWE7,中信兄弟,M45m3,1,2,3,4,0,0,"0,0,1,0,0,0,0,0,0","0,0,2,0,0,0,0,0,0",AWAY,0
7DMwV,CPBL-2024-xa,2024,一軍,例行賽,2024-07-06,2024-07-06 17:06,2024-07-06 20:04,樂天桃園棒球場,9,,FINISHED,NORMAL,樂天桃猿,Iqkqa,富邦悍將,uIOrj,10,3,19,11,0,0,"2,0,3,0,2,0,1,2,0","0,0,0,0,0,1,2,0,0",HOME,1
BVD5e,CPBL-2024-xa,2024,一軍,例行賽,2024-07-06,2024-07-06 17:05,2024-07-06 20:13,臺北市立天母棒球場,9,,FINISHED,NORMAL,味全龍,BNi6c,台鋼雄鷹,U64ee,11,4,17,11,0,0,"0,0,2,0,4,0,3,2,0","0,0,0,0,0,0,0,4,0",HOME,1
BVRai,CPBL-2024-xa,2024,一軍,例行賽,2024-07-06,2024-07-06 17:06,2024-07-06 20:03,臺北大巨蛋,9,,FINISHED,NORMAL,統一7-ELEVEn獅,GyWE7,中信兄弟,M45m3,2,3,5,5,0,0,"1,0,0,0,0,0,1,0,0","0,0,0,0,1,0,0,0,2",AWAY,0
U2dze,CPBL-2024-xa,2024,一軍,例行賽,2024-07-05,2024-07-05 18:35,2024-07-05 21:58,樂天桃園棒球場,9,,FINISHED,NORMAL,樂天桃猿,Iqkqa,富邦悍將,uIOrj,6,7,11,9,0,0,"0,3,0,1,0,0,1,0,1","0,0,1,3,0,0,3,0,0",AWAY,0
a8TUn,CPBL-2024-xa,2024,一軍,例行賽,2024-07-05,2024-07-05 18:35,2024-07-05 21:24,臺北市立天母棒球場,9,,FINISHED,NORMAL,味全龍,BNi6c,台鋼雄鷹,U64ee,1,6,6,10,0,0,"0,1,0,0,0,0,0,0,0","2,1,0,0,0,0,0,0,3",AWAY,0
8pNe0,CPBL-2024-xa,2024,一軍,例行賽,2024-07-05,2024-07-05 18:35,2024-07-05 22:11,臺北大巨蛋,9,,FINISHED,NORMAL,統一7-ELEVEn獅,GyWE7,中信兄弟,M45m3,5,11,13,14,0,0,"1,0,2,0,0,0,2,0,0","0,0,0,3,1,5,0,0,2",AWAY,0
uO2MB,CPBL-2024-xa,2024,一軍,例行賽,2024-07-02,2024-07-02 18:35,2024-07-02 21:04,新北市立新莊棒球場,9,,FINISHED,NORMAL,富邦悍將,uIOrj,樂天桃猿,Iqkqa,2,1,9,7,0,0,"0,0,1,1,0,0,0,0,0","0,1,0,0,0,0,0,0,0",HOME,1
L3D14,CPBL-2024-xa,2024,一軍,例行賽,2024-07-01,2024-07-01 18:35,2024-07-01 22:37,澄清湖棒球場,9,,FINISHED,NORMAL,台鋼雄鷹,U64ee,富邦悍將,uIOrj,5,13,8,17,0,0,"1,0,0,1,0,1,2,0,0","1,3,2,0,0,0,1,4,2",AWAY,0
lIwjZ,CPBL-2024-xa,2024,一軍,例行賽,2024-06-30,2024-06-30 17:05,2024-06-30 19:23,澄清湖棒球場,9,,FINISHED,NORMAL,台鋼雄鷹,U64ee,樂天桃猿,Iqkqa,3,7,6,11,0,0,"1,0,0,0,2,0,0,0,0","0,0,0,3,3,0,1,0,0",AWAY,0
hrqrt,CPBL-2024-xa,2024,一軍,例行賽,2024-06-29,2024-06-29 17:05,2024-06-29 20:37,新北市立新莊棒球場,10,,FINISHED,NORMAL,富邦悍將,uIOrj,統一7-ELEVEn獅,GyWE7,5,4,11,5,0,0,"0,0,0,1,0,0,0,0,2,2","1,2,0,0,0,0,0,0,0,1",HOME,1
z7CAD,CPBL-2024-xa,2024,一軍,例行賽,2024-06-29,2024-06-29 17:11,2024-06-29 19:55,樂天桃園棒球場,9,,FINISHED,NORMAL,樂天桃猿,Iqkqa,台鋼雄鷹,U64ee,1,6,5,9,0,0,"0,0,0,0,0,0,0,1,0","1,0,1,3,0,0,0,0,1",AWAY,0
XY6pn,CPBL-2024-xa,2024,一軍,例行賽,2024-06-27,2024-06-27 18:35,2024-06-27 22:18,樂天桃園棒球場,9,,FINISHED,NORMAL,樂天桃猿,Iqkqa,富邦悍將,uIOrj,10,4,15,7,0,0,"2,0,3,1,0,4,0,0,0","0,2,0,0,0,0,0,1,1",HOME,1
Snsy6,CPBL-2024-xa,2024,一軍,例行賽,2024-06-27,2024-06-27 18:37,2024-06-27 22:08,臺中市洲際棒球場,9,,FINISHED,NORMAL,中信兄弟,M45m3,統一7-ELEVEn獅,GyWE7,3,5,11,9,0,0,"0,0,1,0,0,0,1,1,0","0,1,0,0,0,0,0,4,0",AWAY,0
VYODL,CPBL-2024-xa,2024,一軍,例行賽,2024-06-26,2024-06-26 18:35,2024-06-26 21:37,新北市立新莊棒球場,10,,FINISHED,NORMAL,富邦悍將,uIOrj,味全龍,BNi6c,3,2,9,3,0,0,"0,0,0,1,0,0,0,0,1,1","0,0,0,0,0,1,0,0,1,0",HOME,1
ANnXL,CPBL-2024-xa,2024,一軍,例行賽,2024-06-26,2024-06-26 18:35,2024-06-26 21:28,臺中市洲際棒球場,9,,FINISHED,NORMAL,中信兄弟,M45m3,樂天桃猿,Iqkqa,1,2,8,8,0,0,"0,0,1,0,0,0,0,0,0","1,1,0,0,0,0,0,0,0",AWAY,0
RKKMI,CPBL-2024-xa,2024,一軍,例行賽,2024-06-25,2024-06-25 18:05,2024-06-25 21:13,臺南市立棒球場,9,,FINISHED,NORMAL,統一7-ELEVEn獅,GyWE7,樂天桃猿,Iqkqa,11,4,16,11,0,0,"0,0,0,2,6,2,0,1,0","0,0,1,0,1,0,2,0,0",HOME,1
nDzTh,CPBL-2024-xa,2024,一軍,例行賽,2024-06-25,2024-06-25 18:35,2024-06-25 22:41,新北市立新莊棒球場,9,,FINISHED,NORMAL,富邦悍將,uIOrj,台鋼雄鷹,U64ee,6,5,11,14,0,0,"0,0,0,2,4,0,0,0,0","1,4,0,0,0,0,0,0,0",HOME,1
GhED2,CPBL-2024-xa,2024,一軍,例行賽,2024-06-23,2024-06-23 17:05,2024-06-23 19:59,樂天桃園棒球場,9,,FINISHED,NORMAL,樂天桃猿,Iqkqa,富邦悍將,uIOrj,4,2,7,7,0,0,"0,0,2,0,0,0,1,1,0","0,2,0,0,0,0,0,0,0",HOME,1
Y81M0,CPBL-2024-xa,2024,一軍,例行賽,2024-06-23,2024-06-23 17:05,2024-06-23 19:30,臺南市立棒球場,9,,FINISHED,NORMAL,統一7-ELEVEn獅,GyWE7,味全龍,BNi6c,4,1,5,3,0,0,"0,0,2,0,1,0,1,0,0","0,0,0,0,0,0,0,0,1",HOME,1
e8px9,CPBL-2024-xa,2024,一軍,例行賽,2024-06-23,2024-06-23 17:06,2024-06-23 20:18,臺北大巨蛋,9,,FINISHED,NORMAL,台鋼雄鷹,U64ee,中信兄弟,M45m3,2,10,6,14,0,0,"2,0,0,0,0,0,0,0,0","4,1,0,0,0,0,4,0,1",AWAY,0
0Okj5,CPBL-2024-xa,2024,一軍,例行賽,2024-06-22,2024-06-22 17:06,2024-06-22 20:07,樂天桃園棒球場,9,,FINISHED,NORMAL,樂天桃猿,Iqkqa,富邦悍將,uIOrj,7,2,11,11,0,0,"0,0,0,1,4,0,0,2,0","0,0,0,0,1,0,0,0,1",HOME,1
OVB5h,CPBL-2024-xa,2024,一軍,例行賽,2024-06-22,2024-06-22 17:05,2024-06-22 20:01,臺南市立棒球場,9,,FINISHED,NORMAL,統一7-ELEVEn獅,GyWE7,味全龍,BNi6c,2,1,5,3,0,0,"0,0,0,1,0,0,1,0,0","0,0,0,0,0,0,1,0,0",HOME,1
QO8CK,CPBL-2024-xa,2024,一軍,例行賽,2024-06-22,2024-06-22 17:06,2024-06-22 20:12,臺北大巨蛋,9,,FINISHED,NORMAL,台鋼雄鷹,U64ee,中信兄弟,M45m3,1,2,5,9,0,0,"0,0,0,0,0,1,0,0,0","0,2,0,0,0,0,0,0,0",AWAY,0
5RZVs,CPBL-2024-xa,2024,一軍,例行賽,2024-06-21,2024-06-21 18:35,2024-06-21 21:58,樂天桃園棒球場,9,,FINISHED,NORMAL,樂天桃猿,Iqkqa,台鋼雄鷹,U64ee,7,6,9,11,0,0,"0,0,0,0,0,2,4,1,0","0,0,0,0,0,0,5,0,1",HOME,1
tqCP2,CPBL-2024-xa,2024,一軍,例行賽,2024-06-21,2024-06-21 18:35,2024-06-21 21:23,臺南市立棒球場,9,,FINISHED,NORMAL,統一7-ELEVEn獅,GyWE7,富邦悍將,uIOrj,4,1,9,9,0,0,"0,0,0,1,0,0,3,0,0","0,0,1,0,0,0,0,0,0",HOME,1
Gk1TW,CPBL-2024-xa,2024,一軍,例行賽,2024-06-21,2024-06-21 18:35,2024-06-21 22:08,臺北市立天母棒球場,9,,FINISHED,NORMAL,味全龍,BNi6c,中信兄弟,M45m3,4,11,8,14,0,0,"0,0,1,0,1,2,0,0,0","0,1,0,0,4,0,1,5,0",AWAY,0
lpcLd,CPBL-2024-xa,2024,一軍,例行賽,2024-06-20,2024-06-20 18:35,2024-06-20 21:46,臺南市立棒球場,9,,FINISHED,NORMAL,統一7-ELEVEn獅,GyWE7,富邦悍將,uIOrj,0,12,6,15,0,0,"0,0,0,0,0,0,0,0,0","0,5,2,0,2,2,0,1,0",AWAY,0
zlCEK,CPBL-2024-xa,2024,一軍,例行賽,2024-06-20,2024-06-20 18:35,2024-06-20 21:15,臺北市立天母棒球場,9,,FINISHED,NORMAL,味全龍,BNi6c,中信兄弟,M45m3,0,3,2,6,0,0,"0,0,0,0,0,0,0,0,0","0,0,0,0,3,0,0,0,0",AWAY,0
KPCno,CPBL-2024-xa,2024,一軍,例行賽,2024-06-20,2024-06-20 18:35,2024-06-20 21:52,樂天桃園棒球場,9,,FINISHED,NORMAL,樂天桃猿,Iqkqa,台鋼雄鷹,U64ee,4,3,14,7,0,0,"0,0,0,0,1,2,1,0,0","0,1,0,0,0,2,0,0,0",HOME,1
mvzpk,CPBL-2024-xa,2024,一軍,例行賽,2024-06-18,2024-06-18 18:35,2024-06-18 21:45,臺中市洲際棒球場,9,,FINISHED,NORMAL,中信兄弟,M45m3,富邦悍將,uIOrj,9,2,11,8,0,0,"1,0,0,3,0,0,2,3,0","0,0,0,1,0,1,0,0,0",HOME,1
04GO2,CPBL-2024-xa,2024,一軍,例行賽,2024-06-18,2024-06-18 18:35,2024-06-18 21:25,樂天桃園棒球場,9,,FINISHED,NORMAL,樂天桃猿,Iqkqa,統一7-ELEVEn獅,GyWE7,5,2,12,6,0,0,"2,1,1,0,0,0,1,0,0","0,0,0,0,0,2,0,0,0",HOME,1
yxlVc,CPBL-2024-xa,2024,一軍,例行賽,2024-06-18,2024-06-18 18:35,2024-06-18 21:23,臺北市立天母棒球場,9,,FINISHED,NORMAL,味全龍,BNi6c,台鋼雄鷹,U64ee,2,9,8,12,0,0,"0,0,0,0,0,0,1,0,1","0,0,2,1,0,0,0,2,4",AWAY,0
gSMNe,CPBL-2024-xa,2024,一軍,例行賽,2024-06-16,2024-06-16 18:21,2024-06-16 21:42,臺北市立天母棒球場,9,,FINISHED,NORMAL,味全龍,BNi6c,樂天桃猿,Iqkqa,8,0,12,2,0,0,"0,0,7,0,0,0,1,0,0","0,0,0,0,0,0,0,0,0",HOME,1
u7IMm,CPBL-2024-xa,2024,一軍,例行賽,2024-06-16,2024-06-16 17:05,2024-06-16 21:52,新北市立新莊棒球場,9,,FINISHED,NORMAL,富邦悍將,uIOrj,台鋼雄鷹,U64ee,6,8,14,10,0,0,"0,0,2,0,0,0,1,2,1","0,3,0,0,4,0,1,0,0",AWAY,0
q1qck,CPBL-2024-xa,2024,一軍,例行賽,2024-06-16,2024-06-16 17:05,2024-06-16 20:03,臺北大巨蛋,9,,FINISHED,NORMAL,中信兄弟,M45m3,統一7-ELEVEn獅,GyWE7,2,11,8,9,0,0,"0,0,0,2,0,0,0,0,0","3,2,0,0,2,4,0,0,0",AWAY,0
cPhm6,CPBL-2024-xa,2024,一軍,例行賽,2024-06-15,2024-06-15 17:06,2024-06-15 20:19,新北市立新莊棒球場,9,,FINISHED,NORMAL,富邦悍將,uIOrj,台鋼雄鷹,U64ee,3,8,10,12,0,0,"0,2,0,0,0,1,0,0,0","1,1,1,0,1,0,1,3,0",AWAY,0
mnm6L,CPBL-2024-xa,2024,一軍,例行賽,2024-06-15,2024-06-15 17:05,2024-06-15 20:06,臺北大巨蛋,9,,FINISHED,NORMAL,中信兄弟,M45m3,統一7-ELEVEn獅,GyWE7,6,2,14,6,0,0,"0,0,0,0,1,0,3,2,0","0,2,0,0,0,0,0,0,0",HOME,1
XT2Je,CPBL-2024-xa,2024,一軍,例行賽,2024-06-15,2024-06-15 17:05,2024-06-15 19:41,臺北市立天母棒球場,9,,FINISHED,NORMAL,味全龍,BNi6c,樂天桃猿,Iqkqa,2,5,5,8,0,0,"0,0,0,0,0,0,2,0,0","2,0,1,0,0,0,0,2,0",AWAY,0
lNd4H,CPBL-2024-xa,2024,一軍,例行賽,2024-06-14,2024-06-14 18:35,2024-06-14 22:29,新北市立新莊棒球場,9,,FINISHED,NORMAL,富邦悍將,uIOrj,味全龍,BNi6c,6,9,11,11,0,0,"0,0,0,2,4,0,0,0,0","0,1,0,0,0,3,0,5,0",AWAY,0
gXB7Z,CPBL-2024-xa,2024,一軍,例行賽,2024-06-14,2024-06-14 18:36,2024-06-14 21:40,臺北大巨蛋,9,,FINISHED,NORMAL,中信兄弟,M45m3,樂天桃猿,Iqkqa,5,2,8,5,0,0,"0,0,0,4,1,0,0,0,0","0,0,0,0,0,0,0,0,2",HOME,1
k1uZV,CPBL-2024-xa,2024,一軍,例行賽,2024-06-14,2024-06-14 18:35,2024-06-14 21:55,澄清湖棒球場,9,,FINISHED,NORMAL,台鋼雄鷹,U64ee,統一7-ELEVEn獅,GyWE7,9,3,12,8,0,0,"0,1,2,0,3,1,1,1,0","0,1,0,0,1,0,1,0,0",HOME,1
w182z,CPBL-2024-xa,2024,一軍,例行賽,2024-06-13,2024-06-13 18:35,2024-06-13 21:57,新北市立新莊棒球場,10,,FINISHED,NORMAL,富邦悍將,uIOrj,味全龍,BNi6c,6,5,10,9,0,0,"0,1,0,0,0,1,0,2,0,2","2,1,1,0,0,0,0,0,0,1",HOME,1
Vmz5b,CPBL-2024-xa,2024,一軍,例行賽,2024-06-13,2024-06-13 18:35,2024-06-13 21:42,臺中市洲際棒球場,9,,FINISHED,NORMAL,中信兄弟,M45m3,樂天桃猿,Iqkqa,2,3,5,7,0,0,"0,0,1,1,0,0,0,0,0","1,0,0,0,0,0,0,1,1",AWAY,0
vMWKY,CPBL-2024-xa,2024,一軍,例行賽,2024-06-13,2024-06-13 18:35,2024-06-13 22:46,澄清湖棒球場,9,,FINISHED,NORMAL,台鋼雄鷹,U64ee,統一7-ELEVEn獅,GyWE7,5,2,6,7,0,0,"0,1,0,0,0,1,0,3,0","0,0,0,0,0,1,0,0,1",HOME,1
adIcP,CPBL-2024-xa,2024,一軍,例行賽,2024-06-11,2024-06-11 18:35,2024-06-11 21:36,新北市立新莊棒球場,9,,FINISHED,NORMAL,富邦悍將,uIOrj,味全龍,BNi6c,2,4,6,7,0,0,"1,0,0,0,0,0,1,0,0","3,0,0,0,0,1,0,0,0",AWAY,0
T5mNa,CPBL-2024-xa,2024,一軍,例行賽,2024-06-11,2024-06-11 18:36,2024-06-11 21:08,樂天桃園棒球場,9,,FINISHED,NORMAL,樂天桃猿,Iqkqa,中信兄弟,M45m3,4,1,10,3,0,0,"1,0,1,0,0,0,0,2,0","0,1,0,0,0,0,0,0,0",HOME,1
5bDGy,CPBL-2024-xa,2024,一軍,例行賽,2024-06-10,2024-06-10 17:05,2024-06-10 20:35,新北市立新莊棒球場,9,,FINISHED,NORMAL,富邦悍將,uIOrj,中信兄弟,M45m3,5,3,8,7,0,0,"0,2,0,0,0,1,0,2,0","0,0,0,2,1,0,0,0,0",HOME,1
Ft98G,CPBL-2024-xa,2024,一軍,例行賽,2024-06-10,2024-06-10 17:00,2024-06-10 20:23,臺南市立棒球場,9,,FINISHED,NORMAL,統一7-ELEVEn獅,GyWE7,樂天桃猿,Iqkqa,3,5,8,7,0,0,"3,0,0,0,0,0,0,0,0","1,0,0,0,0,0,4,0,0",AWAY,0
Jj65K,CPBL-2024-xa,2024,一軍,例行賽,2024-06-10,2024-06-10 17:05,2024-06-10 20:01,澄清湖棒球場,9,,FINISHED,NORMAL,台鋼雄鷹,U64ee,味全龍,BNi6c,3,2,7,5,0,0,"0,0,0,1,0,0,2,0,0","0,0,0,0,0,1,0,1,0",HOME,1
jSr2Y,CPBL-2024-xa,2024,一軍,例行賽,2024-06-09,2024-06-09 17:00,2024-06-09 19:57,臺南市立棒球場,9,,FINISHED,NORMAL,統一7-ELEVEn獅,GyWE7,味全龍,BNi6c,2,3,7,10,0,0,"0,0,0,1,0,0,0,1,0","0,1,1,0,0,1,0,0,0",AWAY,0
UITKL,CPBL-2024-xa,2024,一軍,例行賽,2024-06-09,2024-06-09 17:05,2024-06-09 20:25,臺中市洲際棒球場,9,,FINISHED,NORMAL,中信兄弟,M45m3,台鋼雄鷹,U64ee,4,3,8,9,0,0,"2,0,1,0,0,0,0,1,0","0,0,0,1,0,1,0,0,1",HOME,1
SecLT,CPBL-2024-xa,2024,一軍,例行賽,2024-06-09,2024-06-09 17:06,2024-06-09 20:32,樂天桃園棒球場,9,,FINISHED,NORMAL,樂天桃猿,Iqkqa,富邦悍將,uIOrj,2,7,8,18,0,0,"2,0,0,0,0,0,0,0,0","1,0,2,1,0,0,0,2,1",AWAY,0
RrRcU,CPBL-2024-xa,2024,一軍,例行賽,2024-06-08,2024-06-08 17:00,2024-06-08 20:03,臺南市立棒球場,9,,FINISHED,NORMAL,統一7-ELEVEn獅,GyWE7,味全龍,BNi6c,3,1,11,6,0,0,"1,0,0,0,1,1,0,0,0","0,0,0,0,1,0,0,0,0",HOME,1
vEpeL,CPBL-2024-xa,2024,一軍,例行賽,2024-06-08,2024-06-08 17:06,2024-06-08 20:38,臺中市洲際棒球場,9,,FINISHED,NORMAL,中信兄弟,M45m3,台鋼雄鷹,U64ee,3,1,6,11,0,0,"0,0,0,0,1,2,0,0,0","0,0,0,0,0,1,0,0,0",HOME,1
JRWWC,CPBL-2024-xa,2024,一軍,例行賽,2024-06-08,2024-06-08 17:06,2024-06-08 20:11,樂天桃園棒球場,9,,FINISHED,NORMAL,樂天桃猿,Iqkqa,富邦悍將,uIOrj,1,7,4,9,0,0,"0,0,0,0,0,0,0,0,1","0,1,0,0,3,0,2,1,0",AWAY,0
KUQsz,CPBL-2024-xa,2024,一軍,例行賽,2024-06-07,2024-06-07 18:30,2024-06-07 22:16,臺南市立棒球場,9,,FINISHED,NORMAL,統一7-ELEVEn獅,GyWE7,味全龍,BNi6c,2,13,9,20,0,0,"0,1,0,0,0,0,1,0,0","4,4,2,0,2,0,0,1,0",AWAY,0
sWwFt,CPBL-2024-xa,2024,一軍,例行賽,2024-06-07,2024-06-07 18:35,2024-06-07 21:56,臺中市洲際棒球場,9,,FINISHED,NORMAL,中信兄弟,M45m3,台鋼雄鷹,U64ee,8,12,13,16,0,0,"0,0,0,1,2,2,0,3,0","0,4,0,3,0,3,1,0,1",AWAY,0
gYVky,CPBL-2024-xa,2024,一軍,例行賽,2024-06-07,2024-06-07 18:35,2024-06-07 21:20,樂天桃園棒球場,9,,FINISHED,NORMAL,樂天桃猿,Iqkqa,富邦悍將,uIOrj,3,1,8,6,0,0,"0,0,0,0,1,0,0,2,0","0,1,0,0,0,0,0,0,0",HOME,1
uoDoy,CPBL-2024-xa,2024,一軍,例行賽,2024-06-06,2024-06-06 18:30,2024-06-06 21:10,臺南市立棒球場,9,,FINISHED,NORMAL,統一7-ELEVEn獅,GyWE7,台鋼雄鷹,U64ee,4,0,7,4,0,0,"3,1,0,0,0,0,0,0,0","0,0,0,0,0,0,0,0,0",HOME,1
RXVJt,CPBL-2024-xa,2024,一軍,例行賽,2024-06-05,2024-06-05 18:30,2024-06-05 21:23,臺南市立棒球場,9,,FINISHED,NORMAL,統一7-ELEVEn獅,GyWE7,台鋼雄鷹,U64ee,6,0,13,3,0,0,"0,3,1,0,0,1,0,1,0","0,0,0,0,0,0,0,0,0",HOME,1
1xebc,CPBL-2024-xa,2024,一軍,例行賽,2024-06-04,2024-06-04 18:35,2024-06-04 21:41,樂天桃園棒球場,9,,FINISHED,NORMAL,樂天桃猿,Iqkqa,中信兄弟,M45m3,0,5,5,8,0,0,"0,0,0,0,0,0,0,0,0","3,1,0,0,0,0,0,1,0",AWAY,0
PR5Bl,CPBL-2024-xa,2024,一軍,例行賽,2024-06-04,2024-06-04 12:35,2024-06-04 22:18,新北市立新莊棒球場,9,,FINISHED,NORMAL,富邦悍將,uIOrj,味全龍,BNi6c,3,6,8,9,0,0,"0,0,0,0,0,1,0,2,0","0,0,0,0,3,0,0,0,3",AWAY,0
3Gn7B,CPBL-2024-xa,2024,一軍,例行賽,2024-06-02,2024-06-02 17:05,2024-06-02 20:23,臺北大巨蛋,9,,FINISHED,NORMAL,味全龍,BNi6c,中信兄弟,M45m3,6,2,10,6,0,0,"0,0,0,1,2,1,0,2,0","0,0,1,0,0,0,0,1,0",HOME,1
NB8S5,CPBL-2024-xa,2024,一軍,例行賽,2024-06-01,2024-06-01 17:05,2024-06-01 20:36,新北市立新莊棒球場,9,,FINISHED,NORMAL,富邦悍將,uIOrj,統一7-ELEVEn獅,GyWE7,4,5,9,12,0,0,"0,0,4,0,0,0,0,0,0","0,0,0,0,0,2,2,1,0",AWAY,0
7BSrB,CPBL-2024-xa,2024,一軍,例行賽,2024-06-01,2024-06-01 17:00,2024-06-01 20:38,澄清湖棒球場,9,,FINISHED,NORMAL,台鋼雄鷹,U64ee,樂天桃猿,Iqkqa,5,9,15,15,0,0,"1,0,0,2,0,1,1,0,0","0,3,2,0,0,0,1,3,0",AWAY,0
NkIsm,CPBL-2024-xa,2024,一軍,例行賽,2024-06-01,2024-06-01 17:07,2024-06-01 20:41,臺北大巨蛋,9,,FINISHED,NORMAL,味全龍,BNi6c,中信兄弟,M45m3,3,7,7,10,0,0,"0,0,1,0,0,0,0,2,0","4,0,0,0,1,1,0,0,1",AWAY,0
IHvEQ,CPBL-2024-xa,2024,一軍,例行賽,2024-05-31,2024-05-31 18:35,2024-05-31 21:43,新北市立新莊棒球場,9,,FINISHED,NORMAL,富邦悍將,uIOrj,統一7-ELEVEn獅,GyWE7,0,3,5,6,0,0,"0,0,0,0,0,0,0,0,0","0,0,0,2,1,0,0,0,0",AWAY,0
PSxMm,CPBL-2024-xa,2024,一軍,例行賽,2024-05-31,2024-05-31 18:30,2024-05-31 21:40,澄清湖棒球場,9,,FINISHED,NORMAL,台鋼雄鷹,U64ee,樂天桃猿,Iqkqa,13,2,12,7,0,0,"0,1,0,4,0,7,1,0,0","0,0,1,0,0,0,0,0,1",HOME,1
HjJeE,CPBL-2024-xa,2024,一軍,例行賽,2024-05-31,2024-05-31 18:35,2024-05-31 21:17,臺北大巨蛋,9,,FINISHED,NORMAL,味全龍,BNi6c,中信兄弟,M45m3,3,4,10,8,0,0,"1,0,0,0,0,2,0,0,0","0,0,2,0,0,2,0,0,0",AWAY,0
WEVRw,CPBL-2024-xa,2024,一軍,例行賽,2024-05-30,2024-05-30 18:35,2024-05-30 22:37,臺中市洲際棒球場,9,,FINISHED,NORMAL,中信兄弟,M45m3,富邦悍將,uIOrj,6,8,12,9,0,0,"5,0,0,0,0,0,1,0,0","0,3,3,0,2,0,0,0,0",AWAY,0
OIU0x,CPBL-2024-xa,2024,一軍,例行賽,2024-05-29,2024-05-29 18:35,2024-05-29 22:25,臺中市洲際棒球場,9,,FINISHED,NORMAL,中信兄弟,M45m3,富邦悍將,uIOrj,3,4,10,9,0,0,"1,0,0,0,2,0,0,0,0","0,0,0,0,0,0,0,3,1",AWAY,0
nmMUE,CPBL-2024-xa,2024,一軍,例行賽,2024-05-29,2024-05-29 18:30,2024-05-29 21:26,臺南市立棒球場,9,,FINISHED,NORMAL,統一7-ELEVEn獅,GyWE7,樂天桃猿,Iqkqa,3,5,8,8,0,0,"0,0,0,0,1,0,1,0,1","1,0,1,0,3,0,0,0,0",AWAY,0
dKQOI,CPBL-2024-xa,2024,一軍,例行賽,2024-05-29,2024-05-29 18:35,2024-05-29 21:15,臺北市立天母棒球場,9,,FINISHED,NORMAL,味全龍,BNi6c,台鋼雄鷹,U64ee,0,6,4,9,0,0,"0,0,0,0,0,0,0,0,0","0,0,0,1,5,0,0,0,0",AWAY,0
LW7cB,CPBL-2024-xa,2024,一軍,例行賽,2024-05-28,2024-05-28 18:35,2024-05-28 21:22,臺北市立天母棒球場,9,,FINISHED,NORMAL,味全龍,BNi6c,台鋼雄鷹,U64ee,8,1,10,10,0,0,"1,0,6,0,1,0,0,0,0","0,0,0,1,0,0,0,0,0",HOME,1
jMnjB,CPBL-2024-xa,2024,一軍,例行賽,2024-05-26,2024-05-26 19:44,2024-05-26 22:41,臺南市立棒球場,9,,FINISHED,NORMAL,統一7-ELEVEn獅,GyWE7,中信兄弟,M45m3,4,0,9,3,0,0,"0,2,0,1,0,0,0,1,0","0,0,0,0,0,0,0,0,0",HOME,1
91bJ7,CPBL-2024-xa,2024,一軍,例行賽,2024-05-26,2024-05-26 17:05,2024-05-26 20:00,樂天桃園棒球場,9,,FINISHED,NORMAL,樂天桃猿,Iqkqa,味全龍,BNi6c,5,4,10,7,0,0,"0,0,0,0,1,4,0,0,0","0,0,0,2,0,0,0,1,1",HOME,1
jYuKb,CPBL-2024-xa,2024,一軍,例行賽,2024-05-26,2024-05-26 17:05,2024-05-26 19:39,臺北大巨蛋,9,,FINISHED,NORMAL,富邦悍將,uIOrj,台鋼雄鷹,U64ee,2,0,5,3,0,0,"0,1,0,0,0,0,0,1,0","0,0,0,0,0,0,0,0,0",HOME,1
BlWjP,CPBL-2024-xa,2024,一軍,例行賽,2024-05-25,2024-05-25 17:00,2024-05-25 20:04,臺南市立棒球場,9,,FINISHED,NORMAL,統一7-ELEVEn獅,GyWE7,中信兄弟,M45m3,1,4,5,6,0,0,"0,0,1,0,0,0,0,0,0","0,0,0,0,2,0,0,0,2",AWAY,0
CrzH5,CPBL-2024-xa,2024,一軍,例行賽,2024-05-25,2024-05-25 17:05,2024-05-25 19:46,樂天桃園棒球場,9,,FINISHED,NORMAL,樂天桃猿,Iqkqa,味全龍,BNi6c,4,0,11,5,0,0,"0,0,1,0,0,0,1,2,0","0,0,0,0,0,0,0,0,0",HOME,1
dea3O,CPBL-2024-xa,2024,一軍,例行賽,2024-05-25,2024-05-25 17:05,2024-05-25 20:13,臺北大巨蛋,9,,FINISHED,NORMAL,富邦悍將,uIOrj,台鋼雄鷹,U64ee,2,3,5,6,0,0,"2,0,0,0,0,0,0,0,0","1,0,0,1,0,0,0,1,0",AWAY,0
dg3Xv,CPBL-2024-xa,2024,一軍,例行賽,2024-05-24,2024-05-24 18:36,2024-05-24 21:55,臺南市立棒球場,9,,FINISHED,NORMAL,統一7-ELEVEn獅,GyWE7,中信兄弟,M45m3,4,14,8,17,0,0,"0,0,0,0,1,2,0,0,1","0,1,0,8,0,2,1,1,1",AWAY,0
EC9c7,CPBL-2024-xa,2024,一軍,例行賽,2024-05-24,2024-05-24 18:35,2024-05-24 21:36,樂天桃園棒球場,9,,FINISHED,NORMAL,樂天桃猿,Iqkqa,味全龍,BNi6c,4,5,6,10,0,0,"0,0,0,0,4,0,0,0,0","0,1,2,1,0,1,0,0,0",AWAY,0
GiSSs,CPBL-2024-xa,2024,一軍,例行賽,2024-05-24,2024-05-24 18:35,2024-05-24 21:33,臺北大巨蛋,9,,FINISHED,NORMAL,富邦悍將,uIOrj,台鋼雄鷹,U64ee,4,3,8,6,0,0,"0,0,0,0,0,1,0,0,3","0,0,0,1,0,0,0,2,0",HOME,1
TLUpT,CPBL-2024-xa,2024,一軍,例行賽,2024-05-23,2024-05-23 18:36,2024-05-23 22:12,澄清湖棒球場,9,,FINISHED,NORMAL,台鋼雄鷹,U64ee,中信兄弟,M45m3,16,5,18,13,0,0,"5,2,0,0,3,5,0,1,0","0,0,0,1,1,2,0,1,0",HOME,1
AjSH8,CPBL-2024-xa,2024,一軍,例行賽,2024-05-22,2024-05-22 18:35,2024-05-22 21:17,澄清湖棒球場,9,,FINISHED,NORMAL,台鋼雄鷹,U64ee,中信兄弟,M45m3,0,10,3,11,0,0,"0,0,0,0,0,0,0,0,0","0,2,3,0,0,0,1,4,0",AWAY,0
F5K8L,CPBL-2024-xa,2024,一軍,例行賽,2024-05-22,2024-05-22 18:35,2024-05-22 21:08,臺北市立天母棒球場,9,,FINISHED,NORMAL,味全龍,BNi6c,統一7-ELEVEn獅,GyWE7,2,4,5,8,0,0,"1,0,0,0,0,0,0,1,0","0,1,0,0,1,0,2,0,0",AWAY,0
QepVt,CPBL-2024-xa,2024,一軍,例行賽,2024-05-22,2024-05-22 18:36,2024-05-22 22:03,新北市立新莊棒球場,9,,FINISHED,NORMAL,富邦悍將,uIOrj,樂天桃猿,Iqkqa,3,4,10,11,0,0,"0,1,1,1,0,0,0,0,0","1,0,0,2,1,0,0,0,0",AWAY,0
bVxFr,CPBL-2024-xa,2024,一軍,例行賽,2024-05-21,2024-05-21 19:00,2024-05-21 22:02,臺北市立天母棒球場,9,,FINISHED,NORMAL,味全龍,BNi6c,統一7-ELEVEn獅,GyWE7,0,5,4,9,0,0,"0,0,0,0,0,0,0,0,0","1,1,0,1,1,0,0,0,1",AWAY,0
H04Hc,CPBL-2024-xa,2024,一軍,例行賽,2024-05-19,2024-05-19 17:00,2024-05-19 20:53,澄清湖棒球場,10,,FINISHED,NORMAL,台鋼雄鷹,U64ee,統一7-ELEVEn獅,GyWE7,4,3,11,9,0,0,"0,1,0,0,2,0,0,0,0,1","1,0,0,0,0,0,2,0,0,0",HOME,1
evo2J,CPBL-2024-xa,2024,一軍,例行賽,2024-05-19,2024-05-19 17:05,2024-05-19 20:36,臺北市立天母棒球場,9,,FINISHED,NORMAL,味全龍,BNi6c,富邦悍將,uIOrj,3,11,6,11,0,0,"2,0,0,0,0,1,0,0,0","0,0,0,0,0,0,0,6,5",AWAY,0
1ne6L,CPBL-2024-xa,2024,一軍,例行賽,2024-05-19,2024-05-19 17:05,2024-05-19 20:15,臺中市洲際棒球場,9,,FINISHED,NORMAL,中信兄弟,M45m3,樂天桃猿,Iqkqa,3,4,8,8,0,0,"0,2,0,0,0,0,0,0,1","0,0,2,1,0,0,0,0,1",AWAY,0
GJAB0,CPBL-2024-xa,2024,一軍,例行賽,2024-05-18,2024-05-18 17:00,2024-05-18 20:11,澄清湖棒球場,9,,FINISHED,NORMAL,台鋼雄鷹,U64ee,統一7-ELEVEn獅,GyWE7,7,1,12,5,0,0,"0,0,0,1,1,3,2,0,0","0,0,0,0,0,0,0,0,1",HOME,1
DlbZj,CPBL-2024-xa,2024,一軍,例行賽,2024-05-18,2024-05-18 17:06,2024-05-18 20:04,臺北市立天母棒球場,9,,FINISHED,NORMAL,味全龍,BNi6c,富邦悍將,uIOrj,1,0,7,5,0,0,"0,0,0,0,0,0,0,0,1","0,0,0,0,0,0,0,0,0",HOME,1
DaeuF,CPBL-2024-xa,2024,一軍,例行賽,2024-05-18,2024-05-18 17:05,2024-05-18 19:57,臺中市洲際棒球場,9,,FINISHED,NORMAL,中信兄弟,M45m3,樂天桃猿,Iqkqa,12,1,12,7,0,0,"0,5,0,4,2,0,1,0,0","0,0,0,0,0,0,0,0,1",HOME,1
QkRKn,CPBL-2024-xa,2024,一軍,例行賽,2024-05-17,2024-05-17 18:30,2024-05-17 21:42,澄清湖棒球場,9,,FINISHED,NORMAL,台鋼雄鷹,U64ee,統一7-ELEVEn獅,GyWE7,5,9,12,14,0,0,"1,0,0,0,0,1,0,0,3","0,0,0,7,0,0,2,0,0",AWAY,0
aBx9w,CPBL-2024-xa,2024,一軍,例行賽,2024-05-17,2024-05-17 18:35,2024-05-17 21:21,臺北市立天母棒球場,9,,FINISHED,NORMAL,味全龍,BNi6c,富邦悍將,uIOrj,8,1,10,5,0,0,"0,0,0,0,0,1,7,0,0","0,0,0,1,0,0,0,0,0",HOME,1
2M8nR,CPBL-2024-xa,2024,一軍,例行賽,2024-05-17,2024-05-17 18:35,2024-05-17 21:54,臺中市洲際棒球場,9,,FINISHED,NORMAL,中信兄弟,M45m3,樂天桃猿,Iqkqa,8,4,11,15,0,0,"0,0,3,2,2,1,0,0,0","0,1,0,0,0,1,1,1,0",HOME,1
DL7e5,CPBL-2024-xa,2024,一軍,例行賽,2024-05-15,2024-05-15 18:30,2024-05-15 21:22,臺南市立棒球場,9,,FINISHED,NORMAL,統一7-ELEVEn獅,GyWE7,富邦悍將,uIOrj,0,3,4,5,0,0,"0,0,0,0,0,0,0,0,0","0,0,0,0,0,1,0,1,1",AWAY,0
NkK9P,CPBL-2024-xa,2024,一軍,例行賽,2024-05-15,2024-05-15 18:36,2024-05-15 21:31,樂天桃園棒球場,9,,FINISHED,NORMAL,樂天桃猿,Iqkqa,台鋼雄鷹,U64ee,0,5,8,12,0,0,"0,0,0,0,0,0,0,0,0","0,1,1,0,0,1,2,0,0",AWAY,0
jHfhV,CPBL-2024-xa,2024,一軍,例行賽,2024-05-15,2024-05-15 18:35,2024-05-15 21:44,臺中市洲際棒球場,9,,FINISHED,NORMAL,中信兄弟,M45m3,味全龍,BNi6c,2,5,8,13,0,0,"0,1,0,0,1,0,0,0,0","0,0,0,0,0,1,4,0,0",AWAY,0
RtyMg,CPBL-2024-xa,2024,一軍,例行賽,2024-05-14,2024-05-14 18:35,2024-05-14 21:21,樂天桃園棒球場,9,,FINISHED,NORMAL,樂天桃猿,Iqkqa,台鋼雄鷹,U64ee,5,1,11,9,0,0,"0,0,2,2,0,0,0,1,0","0,1,0,0,0,0,0,0,0",HOME,1
e8aKJ,CPBL-2024-xa,2024,一軍,例行賽,2024-05-14,2024-05-14 18:35,2024-05-14 22:00,臺中市洲際棒球場,9,,FINISHED,NORMAL,中信兄弟,M45m3,味全龍,BNi6c,9,2,15,11,0,0,"2,0,4,0,0,0,2,1,0","0,0,0,2,0,0,0,0,0",HOME,1
dfnYf,CPBL-2024-xa,2024,一軍,例行賽,2024-05-12,2024-05-12 14:06,2024-05-12 16:57,樂天桃園棒球場,9,,FINISHED,NORMAL,樂天桃猿,Iqkqa,統一7-ELEVEn獅,GyWE7,5,2,11,11,0,0,"1,0,0,2,0,0,0,2,0","0,0,0,0,2,0,0,0,0",HOME,1
ThMSK,CPBL-2024-xa,2024,一軍,例行賽,2024-05-12,2024-05-12 14:05,2024-05-12 17:09,新北市立新莊棒球場,10,,FINISHED,NORMAL,富邦悍將,uIOrj,中信兄弟,M45m3,3,2,13,6,0,0,"0,0,1,1,0,0,0,0,0,1","0,1,1,0,0,0,0,0,0,0",HOME,1
S4UoG,CPBL-2024-xa,2024,一軍,例行賽,2024-05-12,2024-05-12 14:00,2024-05-12 17:42,澄清湖棒球場,10,,FINISHED,NORMAL,台鋼雄鷹,U64ee,味全龍,BNi6c,4,3,9,8,0,0,"0,0,0,1,0,0,0,0,1,2","0,0,0,0,0,1,0,1,0,1",HOME,1
VQ1DM,CPBL-2024-xa,2024,一軍,例行賽,2024-05-11,2024-05-11 17:05,2024-05-11 20:46,樂天桃園棒球場,10,,FINISHED,NORMAL,樂天桃猿,Iqkqa,統一7-ELEVEn獅,GyWE7,4,9,8,13,0,0,"1,0,0,1,0,0,0,2,0,0","2,0,0,0,0,0,1,0,1,5",AWAY,0
xLPwi,CPBL-2024-xa,2024,一軍,例行賽,2024-05-11,2024-05-11 17:06,2024-05-11 19:47,新北市立新莊棒球場,9,,FINISHED,NORMAL,富邦悍將,uIOrj,中信兄弟,M45m3,3,0,8,7,0,0,"0,1,0,0,0,2,0,0,0","0,0,0,0,0,0,0,0,0",HOME,1
k9RFJ,CPBL-2024-xa,2024,一軍,例行賽,2024-05-11,2024-05-11 17:00,2024-05-11 20:01,澄清湖棒球場,9,,FINISHED,NORMAL,台鋼雄鷹,U64ee,味全龍,BNi6c,5,1,8,3,0,0,"0,0,2,0,0,0,1,2,0","0,0,0,0,0,0,0,1,0",HOME,1
Fo0zd,CPBL-2024-xa,2024,一軍,例行賽,2024-05-10,2024-05-10 18:36,2024-05-10 21:44,樂天桃園棒球場,9,,FINISHED,NORMAL,樂天桃猿,Iqkqa,統一7-ELEVEn獅,GyWE7,5,3,10,11,0,0,"1,1,0,0,2,1,0,0,0","1,0,1,0,0,0,1,0,0",HOME,1
hG53m,CPBL-2024-xa,2024,一軍,例行賽,2024-05-10,2024-05-10 18:35,2024-05-10 21:47,新北市立新莊棒球場,9,,FINISHED,NORMAL,富邦悍將,uIOrj,中信兄弟,M45m3,3,6,7,11,0,0,"0,0,0,0,2,0,1,0,0","0,0,3,0,3,0,0,0,0",AWAY,0
vNeHa,CPBL-2024-xa,2024,一軍,例行賽,2024-05-10,2024-05-10 18:30,2024-05-10 21:52,澄清湖棒球場,9,,FINISHED,NORMAL,台鋼雄鷹,U64ee,味全龍,BNi6c,3,5,8,13,0,0,"0,0,0,2,0,0,0,0,1","0,0,0,1,1,0,0,3,0",AWAY,0
JenKJ,CPBL-2024-xa,2024,一軍,例行賽,2024-05-09,2024-05-09 18:35,2024-05-09 21:50,臺中市洲際棒球場,9,,FINISHED,NORMAL,中信兄弟,M45m3,統一7-ELEVEn獅,GyWE7,2,10,8,16,0,0,"0,0,0,0,0,0,0,0,2","0,0,2,0,3,0,4,0,1",AWAY,0
0J25S,CPBL-2024-xa,2024,一軍,例行賽,2024-05-08,2024-05-08 18:35,2024-05-08 22:13,臺中市洲際棒球場,9,,FINISHED,NORMAL,中信兄弟,M45m3,統一7-ELEVEn獅,GyWE7,0,8,6,12,0,0,"0,0,0,0,0,0,0,0,0","3,0,0,0,0,1,2,0,2",AWAY,0
JOKs6,CPBL-2024-xa,2024,一軍,例行賽,2024-05-08,2024-05-08 18:35,2024-05-08 21:34,臺北市立天母棒球場,9,,FINISHED,NORMAL,味全龍,BNi6c,樂天桃猿,Iqkqa,4,0,8,4,0,0,"0,0,2,0,0,0,0,2,0","0,0,0,0,0,0,0,0,0",HOME,1
DWgep,CPBL-2024-xa,2024,一軍,例行賽,2024-05-07,2024-05-07 18:23,2024-05-07 21:32,臺東棒球村第一棒球場,10,,FINISHED,NORMAL,台鋼雄鷹,U64ee,富邦悍將,uIOrj,0,1,6,6,0,0,"0,0,0,0,0,0,0,0,0,0","0,0,0,0,0,0,0,0,0,1",AWAY,0
x1r3J,CPBL-2024-xa,2024,一軍,例行賽,2024-05-05,2024-05-05 13:59,2024-05-05 17:28,臺南市立棒球場,9,,FINISHED,NORMAL,統一7-ELEVEn獅,GyWE7,樂天桃猿,Iqkqa,5,3,13,7,0,0,"0,1,0,0,0,3,0,1,0","2,1,0,0,0,0,0,0,0",HOME,1
xUwwr,CPBL-2024-xa,2024,一軍,例行賽,2024-05-05,2024-05-05 14:05,2024-05-05 18:08,臺中市洲際棒球場,11,,FINISHED,NORMAL,中信兄弟,M45m3,富邦悍將,uIOrj,8,7,13,8,0,0,"2,0,1,1,0,0,1,0,0,0,3","1,3,0,0,0,0,0,1,0,0,2",HOME,1
kW4GV,CPBL-2024-xa,2024,一軍,例行賽,2024-05-05,2024-05-05 14:05,2024-05-05 17:06,臺北市立天母棒球場,9,,FINISHED,NORMAL,味全龍,BNi6c,台鋼雄鷹,U64ee,7,0,10,9,0,0,"0,2,2,0,2,1,0,0,0","0,0,0,0,0,0,0,0,0",HOME,1
A21Rb,CPBL-2024-xa,2024,一軍,例行賽,2024-05-04,2024-05-04 16:58,2024-05-04 19:30,臺南市立棒球場,9,,FINISHED,NORMAL,統一7-ELEVEn獅,GyWE7,樂天桃猿,Iqkqa,0,3,3,6,0,0,"0,0,0,0,0,0,0,0,0","2,0,1,0,0,0,0,0,0",AWAY,0
5b4i7,CPBL-2024-xa,2024,一軍,例行賽,2024-05-04,2024-05-04 17:05,2024-05-04 20:23,臺中市洲際棒球場,9,,FINISHED,NORMAL,中信兄弟,M45m3,富邦悍將,uIOrj,5,4,8,6,0,0,"0,1,0,0,2,0,1,0,1","0,1,1,0,0,2,0,0,0",HOME,1
j4oys,CPBL-2024-xa,2024,一軍,例行賽,2024-05-04,2024-05-04 17:05,2024-05-04 19:39,臺北市立天母棒球場,9,,FINISHED,NORMAL,味全龍,BNi6c,台鋼雄鷹,U64ee,3,2,7,4,0,0,"0,0,0,1,0,0,2,0,0","0,0,0,0,0,2,0,0,0",HOME,1
SqJYC,CPBL-2024-xa,2024,一軍,例行賽,2024-05-03,2024-05-03 18:13,2024-05-03 21:43,臺南市立棒球場,9,,FINISHED,NORMAL,統一7-ELEVEn獅,GyWE7,樂天桃猿,Iqkqa,9,3,15,9,0,0,"2,3,2,0,0,2,0,0,0","0,0,0,0,0,0,1,0,2",HOME,1
5e6Ib,CPBL-2024-xa,2024,一軍,例行賽,2024-05-03,2024-05-03 18:35,2024-05-03 21:11,臺中市洲際棒球場,9,,FINISHED,NORMAL,中信兄弟,M45m3,富邦悍將,uIOrj,0,1,3,8,0,0,"0,0,0,0,0,0,0,0,0","0,0,1,0,0,0,0,0,0",AWAY,0
yLa2t,CPBL-2024-xa,2024,一軍,例行賽,2024-05-03,2024-05-03 18:35,2024-05-03 21:31,臺北市立天母棒球場,9,,FINISHED,NORMAL,味全龍,BNi6c,台鋼雄鷹,U64ee,1,5,5,8,0,0,"1,0,0,0,0,0,0,0,0","0,0,2,0,0,0,1,0,2",AWAY,0
bozXU,CPBL-2024-xa,2024,一軍,例行賽,2024-05-02,2024-05-02 18:35,2024-05-02 21:12,樂天桃園棒球場,9,,FINISHED,NORMAL,樂天桃猿,Iqkqa,富邦悍將,uIOrj,2,1,8,5,0,0,"0,0,0,0,0,0,2,0,0","0,0,0,0,1,0,0,0,0",HOME,1
SwTHP,CPBL-2024-xa,2024,一軍,例行賽,2024-05-01,2024-05-01 18:18,2024-05-01 22:39,澄清湖棒球場,9,,FINISHED,NORMAL,台鋼雄鷹,U64ee,統一7-ELEVEn獅,GyWE7,6,17,15,15,0,0,"0,0,0,1,0,0,5,0,0","0,0,0,0,9,0,2,5,1",AWAY,0
e7ogS,CPBL-2024-xa,2024,一軍,例行賽,2024-05-01,2024-05-01 18:35,2024-05-01 21:47,臺北市立天母棒球場,9,,FINISHED,NORMAL,味全龍,BNi6c,中信兄弟,M45m3,2,4,9,8,0,0,"1,0,0,0,1,0,0,0,0","2,0,0,2,0,0,0,0,0",AWAY,0
2zzJJ,CPBL-2024-xa,2024,一軍,例行賽,2024-04-30,2024-04-30 18:35,2024-04-30 22:02,澄清湖棒球場,9,,FINISHED,NORMAL,台鋼雄鷹,U64ee,統一7-ELEVEn獅,GyWE7,2,10,9,15,0,0,"0,0,1,0,0,1,0,0,0","0,0,0,3,0,3,3,0,1",AWAY,0
JcPLs,CPBL-2024-xa,2024,一軍,例行賽,2024-04-28,2024-04-28 17:05,2024-04-28 19:55,新北市立新莊棒球場,9,,FINISHED,NORMAL,富邦悍將,uIOrj,味全龍,BNi6c,2,1,9,5,0,0,"0,0,0,0,0,2,0,0,0","0,0,0,0,0,0,0,1,0",HOME,1
4NLvI,CPBL-2024-xa,2024,一軍,例行賽,2024-04-28,2024-04-28 14:05,2024-04-28 17:03,樂天桃園棒球場,9,,FINISHED,NORMAL,樂天桃猿,Iqkqa,台鋼雄鷹,U64ee,5,3,8,9,0,0,"0,0,2,1,2,0,0,0,0","0,2,1,0,0,0,0,0,0",HOME,1
8BXIz,CPBL-2024-xa,2024,一軍,例行賽,2024-04-28,2024-04-28 14:06,2024-04-28 16:52,臺中市洲際棒球場,9,,FINISHED,NORMAL,中信兄弟,M45m3,統一7-ELEVEn獅,GyWE7,2,4,7,7,0,0,"0,0,0,0,0,2,0,0,0","0,1,0,2,0,0,0,0,1",AWAY,0
HloCT,CPBL-2024-xa,2024,一軍,例行賽,2024-04-27,2024-04-27 17:05,2024-04-27 21:26,新北市立新莊棒球場,11,,FINISHED,NORMAL,富邦悍將,uIOrj,味全龍,BNi6c,4,3,8,9,0,0,"1,0,0,0,0,0,0,1,0,1,1","0,0,0,0,1,0,1,0,0,1,0",HOME,1
YmYuV,CPBL-2024-xa,2024,一軍,例行賽,2024-04-27,2024-04-27 17:05,2024-04-27 19:42,樂天桃園棒球場,9,,FINISHED,NORMAL,樂天桃猿,Iqkqa,台鋼雄鷹,U64ee,1,0,6,4,0,0,"1,0,0,0,0,0,0,0,0","0,0,0,0,0,0,0,0,0",HOME,1
Id9x4,CPBL-2024-xa,2024,一軍,例行賽,2024-04-27,2024-04-27 17:05,2024-04-27 20:53,臺中市洲際棒球場,12,,FINISHED,NORMAL,中信兄弟,M45m3,統一7-ELEVEn獅,GyWE7,7,6,9,11,0,0,"0,3,1,0,0,0,0,0,0,0,2,1","0,0,0,0,0,0,1,1,2,0,2,0",HOME,1
BMYxB,CPBL-2024-xa,2024,一軍,例行賽,2024-04-24,2024-04-24 18:35,2024-04-24 21:41,臺南市立棒球場,9,,FINISHED,NORMAL,統一7-ELEVEn獅,GyWE7,味全龍,BNi6c,2,11,5,18,0,0,"0,0,0,0,0,1,1,0,0","2,0,3,2,0,3,0,1,0",AWAY,0
DEYuw,CPBL-2024-xa,2024,一軍,例行賽,2024-04-23,2024-04-23 18:35,2024-04-23 22:08,臺南市立棒球場,9,,FINISHED,NORMAL,統一7-ELEVEn獅,GyWE7,味全龍,BNi6c,10,5,14,8,0,0,"1,0,1,0,0,0,5,3,0","0,1,0,0,1,0,3,0,0",HOME,1
S8zGW,CPBL-2024-xa,2024,一軍,例行賽,2024-04-23,2024-04-23 18:35,2024-04-23 21:14,新北市立新莊棒球場,9,,FINISHED,NORMAL,富邦悍將,uIOrj,台鋼雄鷹,U64ee,4,1,7,7,0,0,"0,1,0,0,1,0,2,0,0","1,0,0,0,0,0,0,0,0",HOME,1
kNpcR,CPBL-2024-xa,2024,一軍,例行賽,2024-04-23,2024-04-23 18:35,2024-04-23 21:36,臺中市洲際棒球場,9,,FINISHED,NORMAL,中信兄弟,M45m3,樂天桃猿,Iqkqa,2,6,7,12,0,0,"0,0,0,0,1,0,0,1,0","0,0,1,0,0,0,4,0,1",AWAY,0
M8yXe,CPBL-2024-xa,2024,一軍,例行賽,2024-04-21,2024-04-21 14:05,2024-04-21 17:31,臺南市立棒球場,9,,FINISHED,NORMAL,統一7-ELEVEn獅,GyWE7,富邦悍將,uIOrj,1,3,8,8,0,0,"0,1,0,0,0,0,0,0,0","0,0,1,0,0,0,1,1,0",AWAY,0
V3OHX,CPBL-2024-xa,2024,一軍,例行賽,2024-04-21,2024-04-21 14:05,2024-04-21 16:56,臺北市立天母棒球場,9,,FINISHED,NORMAL,味全龍,BNi6c,樂天桃猿,Iqkqa,7,4,11,7,0,0,"0,1,1,0,0,2,0,3,0","0,0,0,0,0,3,0,0,1",HOME,1
yiUtz,CPBL-2024-xa,2024,一軍,例行賽,2024-04-21,2024-04-21 14:05,2024-04-21 17:16,澄清湖棒球場,9,,FINISHED,NORMAL,台鋼雄鷹,U64ee,中信兄弟,M45m3,0,8,6,12,0,0,"0,0,0,0,0,0,0,0,0","0,0,1,1,1,4,0,1,0",AWAY,0
Svong,CPBL-2024-xa,2024,一軍,例行賽,2024-04-20,2024-04-20 17:05,2024-04-20 19:48,臺南市立棒球場,9,,FINISHED,NORMAL,統一7-ELEVEn獅,GyWE7,富邦悍將,uIOrj,7,1,11,10,0,0,"0,0,2,3,0,0,1,1,0","0,0,1,0,0,0,0,0,0",HOME,1
apXUE,CPBL-2024-xa,2024,一軍,例行賽,2024-04-20,2024-04-20 17:05,2024-04-20 22:01,臺北市立天母棒球場,12,,FINISHED,NORMAL,味全龍,BNi6c,樂天桃猿,Iqkqa,3,2,7,8,0,0,"0,1,0,0,0,0,0,1,0,0,0,1","0,0,0,0,1,0,0,1,0,0,0,0",HOME,1
yHeoW,CPBL-2024-xa,2024,一軍,例行賽,2024-04-20,2024-04-20 17:07,2024-04-20 19:57,澄清湖棒球場,9,,FINISHED,NORMAL,台鋼雄鷹,U64ee,中信兄弟,M45m3,3,0,10,1,0,0,"0,0,1,0,1,0,0,1,0","0,0,0,0,0,0,0,0,0",HOME,1
ezPnR,CPBL-2024-xa,2024,一軍,例行賽,2024-04-19,2024-04-19 18:35,2024-04-19 21:22,臺南市立棒球場,9,,FINISHED,NORMAL,統一7-ELEVEn獅,GyWE7,富邦悍將,uIOrj,3,1,6,4,0,0,"0,0,3,0,0,0,0,0,0","0,0,0,0,0,0,1,0,0",HOME,1
wz5Tn,CPBL-2024-xa,2024,一軍,例行賽,2024-04-19,2024-04-19 18:35,2024-04-19 21:07,臺北市立天母棒球場,9,,FINISHED,NORMAL,味全龍,BNi6c,樂天桃猿,Iqkqa,0,3,3,7,0,0,"0,0,0,0,0,0,0,0,0","2,0,0,0,0,1,0,0,0",AWAY,0
atnDJ,CPBL-2024-xa,2024,一軍,例行賽,2024-04-19,2024-04-19 18:35,2024-04-19 21:38,澄清湖棒球場,9,,FINISHED,NORMAL,台鋼雄鷹,U64ee,中信兄弟,M45m3,2,3,9,5,0,0,"0,0,0,0,0,0,0,2,0","0,0,0,3,0,0,0,0,0",AWAY,0
KROZy,CPBL-2024-xa,2024,一軍,例行賽,2024-04-18,2024-04-18 18:35,2024-04-18 22:01,新北市立新莊棒球場,9,,FINISHED,NORMAL,富邦悍將,uIOrj,中信兄弟,M45m3,2,6,6,15,0,0,"0,0,0,0,0,0,2,0,0","0,2,0,0,3,0,0,1,0",AWAY,0
ttZ4g,CPBL-2024-xa,2024,一軍,例行賽,2024-04-17,2024-04-17 18:35,2024-04-17 21:27,新北市立新莊棒球場,9,,FINISHED,NORMAL,富邦悍將,uIOrj,中信兄弟,M45m3,10,4,9,6,0,0,"0,1,0,0,3,1,5,0,0","0,0,2,0,2,0,0,0,0",HOME,1
pU2Xs,CPBL-2024-xa,2024,一軍,例行賽,2024-04-17,2024-04-17 18:36,2024-04-17 21:45,臺南市立棒球場,9,,FINISHED,NORMAL,樂天桃猿,Iqkqa,統一7-ELEVEn獅,GyWE7,0,10,7,19,0,0,"0,0,0,0,0,0,0,0,0","0,2,0,2,0,1,1,2,2",AWAY,0
Kv6H2,CPBL-2024-xa,2024,一軍,例行賽,2024-04-17,2024-04-17 18:23,2024-04-17 21:50,斗六棒球場,9,,FINISHED,NORMAL,台鋼雄鷹,U64ee,味全龍,BNi6c,3,12,5,17,0,0,"0,0,3,0,0,0,0,0,0","0,0,0,0,0,1,4,1,6",AWAY,0
EVfEc,CPBL-2024-xa,2024,一軍,例行賽,2024-04-16,2024-04-16 18:35,2024-04-16 22:16,臺南市立棒球場,9,,FINISHED,NORMAL,樂天桃猿,Iqkqa,統一7-ELEVEn獅,GyWE7,1,11,6,17,0,0,"0,0,1,0,0,0,0,0,0","1,2,0,4,1,0,0,2,1",AWAY,0
84EXe,CPBL-2024-xa,2024,一軍,例行賽,2024-04-16,2024-04-16 18:30,2024-04-16 21:30,斗六棒球場,9,,FINISHED,NORMAL,台鋼雄鷹,U64ee,味全龍,BNi6c,0,1,6,7,0,0,"0,0,0,0,0,0,0,0,0","0,0,0,0,1,0,0,0,0",AWAY,0
zyT7q,CPBL-2024-xa,2024,一軍,例行賽,2024-04-14,2024-04-14 14:05,2024-04-14 17:00,新北市立新莊棒球場,9,,FINISHED,NORMAL,富邦悍將,uIOrj,樂天桃猿,Iqkqa,7,0,10,6,0,0,"3,0,0,0,1,0,1,2,0","0,0,0,0,0,0,0,0,0",HOME,1
nnyMq,CPBL-2024-xa,2024,一軍,例行賽,2024-04-14,2024-04-14 14:05,2024-04-14 17:18,臺中市洲際棒球場,9,,FINISHED,NORMAL,中信兄弟,M45m3,味全龍,BNi6c,5,2,7,11,0,0,"2,0,0,0,3,0,0,0,0","2,0,0,0,0,0,0,0,0",HOME,1
jH1Dc,CPBL-2024-xa,2024,一軍,例行賽,2024-04-14,2024-04-14 13:42,2024-04-14 17:32,臺南市立棒球場,9,,FINISHED,NORMAL,統一7-ELEVEn獅,GyWE7,台鋼雄鷹,U64ee,4,3,10,8,0,0,"0,1,0,0,0,0,3,0,0","2,0,0,0,0,0,1,0,0",HOME,1
kPJtK,CPBL-2024-xa,2024,一軍,例行賽,2024-04-13,2024-04-13 17:05,2024-04-13 20:19,新北市立新莊棒球場,9,,FINISHED,NORMAL,富邦悍將,uIOrj,樂天桃猿,Iqkqa,1,8,12,12,0,0,"0,0,0,0,0,1,0,0,0","0,0,0,1,0,0,0,4,3",AWAY,0
oM2p4,CPBL-2024-xa,2024,一軍,例行賽,2024-04-13,2024-04-13 17:05,2024-04-13 20:13,臺中市洲際棒球場,9,,FINISHED,NORMAL,中信兄弟,M45m3,味全龍,BNi6c,6,13,5,12,0,0,"0,2,0,0,0,0,0,0,4","0,0,1,2,0,2,7,1,0",AWAY,0
1evKv,CPBL-2024-xa,2024,一軍,例行賽,2024-04-13,2024-04-13 17:00,2024-04-13 20:27,臺南市立棒球場,9,,FINISHED,NORMAL,統一7-ELEVEn獅,GyWE7,台鋼雄鷹,U64ee,10,2,15,9,0,0,"0,2,0,0,0,4,0,4","0,0,2,0,0,0,0,0,0",HOME,1
HgMN7,CPBL-2024-xa,2024,一軍,例行賽,2024-04-12,2024-04-12 18:35,2024-04-12 21:55,新北市立新莊棒球場,9,,FINISHED,NORMAL,富邦悍將,uIOrj,樂天桃猿,Iqkqa,5,4,8,11,0,0,"0,1,0,4,0,0,0,0,0","0,0,2,0,0,0,0,2,0",HOME,1
pTbWD,CPBL-2024-xa,2024,一軍,例行賽,2024-04-12,2024-04-12 18:35,2024-04-12 21:36,臺中市洲際棒球場,9,,FINISHED,NORMAL,中信兄弟,M45m3,味全龍,BNi6c,3,2,6,5,0,0,"0,2,0,0,0,0,0,0,1","0,2,0,0,0,0,0,0,0",HOME,1
GsHex,CPBL-2024-xa,2024,一軍,例行賽,2024-04-12,2024-04-12 18:41,2024-04-12 21:56,臺南市立棒球場,9,,FINISHED,NORMAL,統一7-ELEVEn獅,GyWE7,台鋼雄鷹,U64ee,9,5,10,13,0,0,"1,0,0,1,2,0,0,1,4","0,0,0,1,0,0,0,2,2",HOME,1
fi7t8,CPBL-2024-xa,2024,一軍,例行賽,2024-04-11,2024-04-11 18:35,2024-04-11 21:32,臺北市立天母棒球場,9,,FINISHED,NORMAL,味全龍,BNi6c,富邦悍將,uIOrj,0,4,5,9,0,0,"0,0,0,0,0,0,0,0,0","1,0,0,0,3,0,0,0,0",AWAY,0
M9I13,CPBL-2024-xa,2024,一軍,例行賽,2024-04-10,2024-04-10 18:35,2024-04-10 21:51,臺北市立天母棒球場,9,,FINISHED,NORMAL,味全龍,BNi6c,富邦悍將,uIOrj,8,1,12,3,0,0,"0,0,1,0,2,3,2,0,0","1,0,0,0,0,0,0,0,0",HOME,1
jbaeM,CPBL-2024-xa,2024,一軍,例行賽,2024-04-10,2024-04-10 18:52,2024-04-10 21:27,澄清湖棒球場,9,,FINISHED,NORMAL,台鋼雄鷹,U64ee,樂天桃猿,Iqkqa,2,3,10,7,0,0,"0,1,0,1,0,0,0,0,0","0,0,1,0,0,0,2,0,0",AWAY,0
dqqoo,CPBL-2024-xa,2024,一軍,例行賽,2024-04-10,2024-04-10 18:30,2024-04-10 21:50,臺南市立棒球場,9,,FINISHED,NORMAL,統一7-ELEVEn獅,GyWE7,中信兄弟,M45m3,7,14,10,14,0,0,"0,0,1,0,2,0,0,4,0","4,0,0,0,1,8,1,0,0",AWAY,0
wzPI4,CPBL-2024-xa,2024,一軍,例行賽,2024-04-09,2024-04-09 18:20,2024-04-09 22:06,澄清湖棒球場,9,,FINISHED,NORMAL,台鋼雄鷹,U64ee,樂天桃猿,Iqkqa,6,5,10,9,0,0,"1,0,1,0,1,0,0,0,3","0,0,0,0,1,0,0,4,0",HOME,1
FI1hN,CPBL-2024-xa,2024,一軍,例行賽,2024-04-09,2024-04-09 18:09,2024-04-09 21:30,臺南市立棒球場,9,,FINISHED,NORMAL,統一7-ELEVEn獅,GyWE7,中信兄弟,M45m3,5,1,12,5,0,0,"0,2,0,0,1,0,0,2,0","0,1,0,0,0,0,0,0,0",HOME,1
mrcVa,CPBL-2024-xa,2024,一軍,例行賽,2024-04-07,2024-04-07 14:05,2024-04-07 17:09,臺北市立天母棒球場,9,,FINISHED,NORMAL,味全龍,BNi6c,統一7-ELEVEn獅,GyWE7,3,2,8,9,0,0,"0,0,0,0,0,0,3,0,0","0,0,0,0,0,2,0,0,0",HOME,1
aSZDY,CPBL-2024-xa,2024,一軍,例行賽,2024-04-07,2024-04-07 13:54,2024-04-07 17:16,澄清湖棒球場,9,,FINISHED,NORMAL,台鋼雄鷹,U64ee,富邦悍將,uIOrj,6,5,4,8,0,0,"0,0,0,6,0,0,0,0,0","2,0,0,3,0,0,0,0,0",HOME,1
CUwa9,CPBL-2024-xa,2024,一軍,例行賽,2024-04-07,2024-04-07 14:05,2024-04-07 17:39,臺北大巨蛋,9,,FINISHED,NORMAL,樂天桃猿,Iqkqa,中信兄弟,M45m3,11,8,12,11,0,0,"0,0,3,0,0,4,0,4,0","0,8,0,0,0,0,0,0,0",HOME,1
7Nup2,CPBL-2024-xa,2024,一軍,例行賽,2024-04-06,2024-04-06 17:06,2024-04-06 20:22,臺北市立天母棒球場,9,,FINISHED,NORMAL,味全龍,BNi6c,統一7-ELEVEn獅,GyWE7,3,4,9,4,0,0,"0,0,0,0,0,3,0,0,0","0,1,0,3,0,0,0,0,0",AWAY,0
iiplq,CPBL-2024-xa,2024,一軍,例行賽,2024-04-06,2024-04-06 16:56,2024-04-06 20:28,澄清湖棒球場,9,,FINISHED,NORMAL,台鋼雄鷹,U64ee,富邦悍將,uIOrj,0,12,3,15,0,0,"0,0,0,0,0,0,0,0,0","0,2,5,0,0,1,0,1,3",AWAY,0
LHbIn,CPBL-2024-xa,2024,一軍,例行賽,2024-04-06,2024-04-06 17:05,2024-04-06 20:46,臺北大巨蛋,9,,FINISHED,NORMAL,樂天桃猿,Iqkqa,中信兄弟,M45m3,9,8,15,10,0,0,"3,0,0,0,0,0,0,3,3","0,0,1,0,0,5,2,0,0",HOME,1
mNsUv,CPBL-2024-xa,2024,一軍,例行賽,2024-04-05,2024-04-05 17:05,2024-04-05 20:20,臺北市立天母棒球場,9,,FINISHED,NORMAL,味全龍,BNi6c,統一7-ELEVEn獅,GyWE7,2,3,10,11,0,0,"1,0,0,0,0,1,0,0,0","0,0,0,0,2,1,0,0,0",AWAY,0
BdtVj,CPBL-2024-xa,2024,一軍,例行賽,2024-04-05,2024-04-05 16:42,2024-04-05 20:17,澄清湖棒球場,9,,FINISHED,NORMAL,台鋼雄鷹,U64ee,富邦悍將,uIOrj,4,0,8,7,0,0,"2,0,2,0,0,0,0,0,0","0,0,0,0,0,0,0,0,0",HOME,1
Sarvo,CPBL-2024-xa,2024,一軍,例行賽,2024-04-05,2024-04-05 17:05,2024-04-05 20:13,臺北大巨蛋,9,,FINISHED,NORMAL,樂天桃猿,Iqkqa,中信兄弟,M45m3,1,7,4,15,0,0,"0,0,0,0,1,0,0,0,0","0,1,2,0,0,1,1,2,0",AWAY,0
51dZW,CPBL-2024-xa,2024,一軍,例行賽,2024-04-04,2024-04-04 17:05,2024-04-04 20:17,臺北大巨蛋,9,,FINISHED,NORMAL,中信兄弟,M45m3,台鋼雄鷹,U64ee,5,3,9,7,0,0,"1,0,1,1,2,0,0,0,0","0,0,1,0,2,0,0,0,0",HOME,1
jYMsM,CPBL-2024-xa,2024,一軍,例行賽,2024-04-04,2024-04-04 17:05,2024-04-04 20:00,新北市立新莊棒球場,9,,FINISHED,NORMAL,富邦悍將,uIOrj,統一7-ELEVEn獅,GyWE7,1,2,5,7,0,0,"0,0,0,0,0,1,0,0,0","0,0,0,0,1,1,0,0,0",AWAY,0
jEACj,CPBL-2024-xa,2024,一軍,例行賽,2024-04-04,2024-04-04 17:05,2024-04-04 19:56,臺北市立天母棒球場,9,,FINISHED,NORMAL,樂天桃猿,Iqkqa,味全龍,BNi6c,4,3,6,8,0,0,"0,0,0,0,4,0,0,0,0","0,0,0,1,2,0,0,0,0",HOME,1
F1tKu,CPBL-2024-xa,2024,一軍,例行賽,2024-04-03,2024-04-03 18:39,2024-04-03 21:43,臺北大巨蛋,9,,FINISHED,NORMAL,中信兄弟,M45m3,台鋼雄鷹,U64ee,1,4,5,11,0,0,"0,0,0,0,0,1,0,0,0","0,0,0,0,0,1,1,2,0",AWAY,0
NEhrO,CPBL-2024-xa,2024,一軍,例行賽,2024-04-03,2024-04-03 18:35,2024-04-03 22:05,新北市立新莊棒球場,9,,FINISHED,NORMAL,富邦悍將,uIOrj,統一7-ELEVEn獅,GyWE7,4,11,10,15,0,0,"0,2,0,0,1,0,0,0,1","5,3,3,0,0,0,0,0,0",AWAY,0
Tubcv,CPBL-2024-xa,2024,一軍,例行賽,2024-04-03,2024-04-03 18:35,2024-04-03 21:47,臺北市立天母棒球場,9,,FINISHED,NORMAL,樂天桃猿,Iqkqa,味全龍,BNi6c,1,2,10,10,0,0,"0,0,0,1,0,0,0,0,0","1,0,0,0,1,0,0,0,0",AWAY,0
QkO7d,CPBL-2024-xa,2024,一軍,例行賽,2024-03-31,2024-03-31 17:10,2024-03-31 20:23,臺南市立棒球場,9,,FINISHED,NORMAL,統一7-ELEVEn獅,GyWE7,富邦悍將,uIOrj,9,0,19,8,0,0,"4,0,1,0,3,0,1,0,0","0,0,0,0,0,0,0,0,0",HOME,1
u6nRc,CPBL-2024-xa,2024,一軍,例行賽,2024-03-31,2024-03-31 17:05,2024-03-31 19:59,臺北大巨蛋,9,,FINISHED,NORMAL,味全龍,BNi6c,中信兄弟,M45m3,2,3,6,7,0,0,"0,1,0,0,0,0,0,1,0","0,0,0,0,1,1,0,1,0",AWAY,0
XeOAr,CPBL-2024-xa,2024,一軍,例行賽,2024-03-30,2024-03-30 17:07,2024-03-30 20:02,臺北大巨蛋,9,,FINISHED,NORMAL,味全龍,BNi6c,樂天桃猿,Iqkqa,3,2,6,6,0,0,"0,1,0,0,2,0,0,0,0","0,0,0,0,0,1,0,1,0",HOME,1
z00fo,CPBL-2024-Uz,2024,一軍-2,季後賽,2024-10-25,2024-10-25 18:30,2024-10-25 21:25,臺中市洲際棒球場,9,,FINISHED,NORMAL,中信兄弟,CteLE,統一7-ELEVEn獅,lk732,4,1,12,6,0,0,"2,0,0,0,0,1,0,1,0","1,0,0,0,0,0,0,0,0",HOME,1
Hh0Ut,CPBL-2024-Uz,2024,一軍-2,季後賽,2024-10-23,2024-10-23 18:35,2024-10-23 21:37,臺南市立棒球場,9,,FINISHED,NORMAL,統一7-ELEVEn獅,lk732,中信兄弟,CteLE,4,6,13,11,0,0,"3,0,0,0,0,1,0,0,0","2,0,0,1,1,2,0,0,0",AWAY,0
okiNm,CPBL-2024-Uz,2024,一軍-2,季後賽,2024-10-22,2024-10-22 18:35,2024-10-22 22:12,臺北大巨蛋,9,,FINISHED,NORMAL,統一7-ELEVEn獅,lk732,中信兄弟,CteLE,0,10,5,12,0,0,"0,0,0,0,0,0,0,0,0","0,0,3,0,0,0,4,3,0",AWAY,0
1vBmw,CPBL-2024-Uz,2024,一軍-2,季後賽,2024-10-20,2024-10-20 17:06,2024-10-20 20:36,臺北大巨蛋,9,,FINISHED,NORMAL,中信兄弟,CteLE,統一7-ELEVEn獅,lk732,3,10,10,16,0,0,"1,2,0,0,0,0,0,0,0","0,4,0,1,1,0,1,3,0",AWAY,0
7YX1u,CPBL-2024-Uz,2024,一軍-2,季後賽,2024-10-19,2024-10-19 17:06,2024-10-19 20:39,臺北大巨蛋,9,,FINISHED,NORMAL,中信兄弟,CteLE,統一7-ELEVEn獅,lk732,10,4,12,8,0,0,"0,0,0,1,1,7,0,1,0","3,0,0,0,0,0,0,1,0",HOME,1
6PNFI,CPBL-2024-HE,2024,一軍-3,挑戰賽,2024-10-14,2024-10-14 18:35,2024-10-14 21:59,臺南市立棒球場,9,,FINISHED,NORMAL,統一7-ELEVEn獅,BnfTi,樂天桃猿,QqvTj,8,5,15,7,0,0,"3,1,0,3,0,1,0,0,0","0,0,0,0,0,0,5,0,0",HOME,1
uBCWC,CPBL-2024-HE,2024,一軍-3,挑戰賽,2024-10-13,2024-10-13 17:07,2024-10-13 20:21,樂天桃園棒球場,9,,FINISHED,NORMAL,樂天桃猿,QqvTj,統一7-ELEVEn獅,BnfTi,17,1,23,11,0,0,"0,0,5,4,0,0,4,4,0","0,0,0,0,0,0,0,0,1",HOME,1
KCx1b,CPBL-2024-HE,2024,一軍-3,挑戰賽,2024-10-12,2024-10-12 17:05,2024-10-12 19:48,臺北大巨蛋,9,,FINISHED,NORMAL,統一7-ELEVEn獅,BnfTi,樂天桃猿,QqvTj,2,1,6,7,0,0,"0,0,1,0,0,0,1,0,0","0,1,0,0,0,0,0,0,0",HOME,1
nTfpw,CPBL-2024-pJ,2024,一軍-4,春訓,2024-03-27,2024-03-27 18:35,2024-03-27 22:20,臺北市立天母棒球場,10,,FINISHED,NORMAL,中信兄弟,weAwb,味全龍,kUfKS,4,4,11,8,0,0,"0,0,0,0,0,3,0,0,0,1","0,1,0,0,0,0,1,1,0,1",TIE,
4bw2L,CPBL-2024-pJ,2024,一軍-4,春訓,2024-03-27,2024-03-27 18:35,2024-03-27 21:29,新北市立新莊棒球場,9,,FINISHED,NORMAL,富邦悍將,tuS3g,台鋼雄鷹,cjhoZ,9,1,9,4,0,0,"0,2,0,4,0,1,2,0,0","0,0,0,0,0,1,0,0,0",HOME,1
pUxZH,CPBL-2024-pJ,2024,一軍-4,春訓,2024-03-26,2024-03-26 18:35,2024-03-26 21:24,臺北市立天母棒球場,9,,FINISHED,NORMAL,味全龍,kUfKS,台鋼雄鷹,cjhoZ,2,1,8,3,0,0,"2,0,0,0,0,0,0,0,0","0,0,1,0,0,0,0,0,0",HOME,1
fV3OX,CPBL-2024-pJ,2024,一軍-4,春訓,2024-03-26,2024-03-26 18:35,2024-03-26 22:03,新北市立新莊棒球場,9,,FINISHED,NORMAL,富邦悍將,tuS3g,中信兄弟,weAwb,2,16,8,12,0,0,"0,0,0,0,0,0,0,2,0","0,0,0,10,0,2,3,1,0",AWAY,0
Wnjbd,CPBL-2024-pJ,2024,一軍-4,春訓,2024-03-25,2024-03-25 18:35,2024-03-25 21:45,新北市立新莊棒球場,9,,FINISHED,NORMAL,樂天桃猿,5t7XO,富邦悍將,tuS3g,2,8,4,13,0,0,"0,0,1,0,0,0,0,1,0","1,0,0,0,0,1,0,1,5",AWAY,0
u33Lm,CPBL-2024-pJ,2024,一軍-4,春訓,2024-03-24,2024-03-24 17:05,2024-03-24 20:16,斗六棒球場,9,,FINISHED,NORMAL,中信兄弟,weAwb,台鋼雄鷹,cjhoZ,11,4,13,9,0,0,"0,0,0,3,1,5,2,0,0","0,0,1,1,1,1,0,0,0",HOME,1
c5EPO,CPBL-2024-pJ,2024,一軍-4,春訓,2024-03-24,2024-03-24 14:06,2024-03-24 17:15,臺北市立天母棒球場,9,,FINISHED,NORMAL,樂天桃猿,5t7XO,味全龍,kUfKS,3,12,6,19,0,0,"0,1,0,0,2,0,0,0,0","0,0,3,0,1,1,0,2,5",AWAY,0
aXFkF,CPBL-2024-pJ,2024,一軍-4,春訓,2024-03-24,2024-03-24 14:05,2024-03-24 17:32,新北市立新莊棒球場,9,,FINISHED,NORMAL,富邦悍將,tuS3g,統一7-ELEVEn獅,rW3Zo,5,4,12,8,0,0,"0,1,1,0,0,3,0,0,0","3,0,0,1,0,0,0,0,0",HOME,1
331fu,CPBL-2024-pJ,2024,一軍-4,春訓,2024-03-23,2024-03-23 17:05,2024-03-23 20:07,臺北市立天母棒球場,9,,FINISHED,NORMAL,味全龍,kUfKS,統一7-ELEVEn獅,rW3Zo,4,6,8,11,0,0,"2,0,0,0,2,0,0,0,0","0,0,0,0,0,1,3,2,0",AWAY,0
OAQDG,CPBL-2024-pJ,2024,一軍-4,春訓,2024-03-23,2024-03-23 17:05,2024-03-23 19:32,新北市立新莊棒球場,9,,FINISHED,NORMAL,富邦悍將,tuS3g,樂天桃猿,5t7XO,4,3,7,8,0,0,"0,1,0,0,0,0,0,0,3","3,0,0,0,0,0,0,0,0",HOME,1
Vxc0h,CPBL-2024-pJ,2024,一軍-4,春訓,2024-03-23,2024-03-23 17:05,2024-03-23 20:04,斗六棒球場,9,,FINISHED,NORMAL,台鋼雄鷹,cjhoZ,中信兄弟,weAwb,5,8,12,10,0,0,"0,1,0,1,2,0,1,0,0","0,0,1,2,4,0,0,1,0",AWAY,0
bKCtz,CPBL-2024-pJ,2024,一軍-4,春訓,2024-03-22,2024-03-22 18:35,2024-03-22 21:29,斗六棒球場,10,,FINISHED,NORMAL,台鋼雄鷹,cjhoZ,樂天桃猿,5t7XO,3,2,8,9,0,0,"2,0,0,0,0,0,0,0,0,1","0,0,1,1,0,0,0,0,0,0",HOME,1
DlEu4,CPBL-2024-pJ,2024,一軍-4,春訓,2024-03-22,2024-03-22 18:35,2024-03-22 22:12,臺南市立棒球場,9,,FINISHED,NORMAL,中信兄弟,weAwb,統一7-ELEVEn獅,rW3Zo,4,7,9,11,0,0,"0,0,3,0,0,0,1,0,0","0,0,0,4,1,1,0,0,1",AWAY,0
hwuEE,CPBL-2024-pJ,2024,一軍-4,春訓,2024-03-21,2024-03-21 18:35,2024-03-21 21:57,斗六棒球場,9,,FINISHED,NORMAL,中信兄弟,weAwb,樂天桃猿,5t7XO,7,6,10,12,0,0,"1,3,0,0,0,0,1,0,2","0,0,0,0,0,0,4,0,2",HOME,1
3gAw0,CPBL-2024-pJ,2024,一軍-4,春訓,2024-03-20,2024-03-20 18:35,2024-03-20 21:29,臺北市立天母棒球場,9,,FINISHED,NORMAL,味全龍,kUfKS,富邦悍將,tuS3g,3,0,6,6,0,0,"0,0,0,1,0,0,0,2,0","0,0,0,0,0,0,0,0,0",HOME,1
wk2Ur,CPBL-2024-pJ,2024,一軍-4,春訓,2024-03-20,2024-03-20 18:35,2024-03-20 22:12,斗六棒球場,9,,FINISHED,NORMAL,台鋼雄鷹,cjhoZ,統一7-ELEVEn獅,rW3Zo,4,5,8,8,0,0,"0,0,0,0,0,1,3,0,0","0,1,0,0,0,0,2,2,0",AWAY,0
S5bT4,CPBL-2024-pJ,2024,一軍-4,春訓,2024-03-19,2024-03-19 18:35,2024-03-19 21:34,斗六棒球場,9,,FINISHED,NORMAL,台鋼雄鷹,cjhoZ,味全龍,kUfKS,3,1,10,6,0,0,"0,0,0,0,3,0,0,0,0","0,1,0,0,0,0,0,0,0",HOME,1
SQIZ3,CPBL-2024-pJ,2024,一軍-4,春訓,2024-03-19,2024-03-19 18:35,2024-03-19 22:00,臺南市立棒球場,9,,FINISHED,NORMAL,樂天桃猿,5t7XO,統一7-ELEVEn獅,rW3Zo,10,8,15,10,0,0,"3,0,0,0,6,1,0,0,0","0,0,0,6,0,0,0,0,2",HOME,1
EaHq3,CPBL-2024-pJ,2024,一軍-4,春訓,2024-03-18,2024-03-18 18:35,2024-03-18 21:16,斗六棒球場,9,,FINISHED,NORMAL,樂天桃猿,5t7XO,中信兄弟,weAwb,1,2,3,5,0,0,"1,0,0,0,0,0,0,0,0","0,0,1,0,1,0,0,0,0",AWAY,0
pxYOm,CPBL-2024-pJ,2024,一軍-4,春訓,2024-03-17,2024-03-17 17:05,2024-03-17 20:14,臺北大巨蛋,9,,FINISHED,NORMAL,中信兄弟,weAwb,富邦悍將,tuS3g,1,12,7,13,0,0,"1,0,0,0,0,0,0,0,0","1,1,2,0,2,0,2,0,4",AWAY,0
grPu5,CPBL-2024-pJ,2024,一軍-4,春訓,2024-03-17,2024-03-17 17:05,2024-03-17 20:27,斗六棒球場,9,,FINISHED,NORMAL,味全龍,kUfKS,樂天桃猿,5t7XO,2,6,9,16,0,0,"1,0,0,0,0,0,1,0,0","1,2,0,0,0,0,3,0,0",AWAY,0
wnqTS,CPBL-2024-pJ,2024,一軍-4,春訓,2024-03-17,2024-03-17 14:05,2024-03-17 17:32,臺南市立棒球場,10,,FINISHED,NORMAL,統一7-ELEVEn獅,rW3Zo,台鋼雄鷹,cjhoZ,3,3,10,7,0,0,"0,1,0,0,0,0,1,0,0,1","0,0,1,0,1,0,0,0,0,1",TIE,
CADll,CPBL-2024-pJ,2024,一軍-4,春訓,2024-03-16,2024-03-16 17:05,2024-03-16 19:51,臺北大巨蛋,9,,FINISHED,NORMAL,味全龍,kUfKS,中信兄弟,weAwb,6,1,7,1,0,0,"2,0,0,0,0,3,0,1,0","0,0,0,0,0,0,0,1,0",HOME,1
2bL7U,CPBL-2024-pJ,2024,一軍-4,春訓,2024-03-16,2024-03-16 17:05,2024-03-16 20:29,斗六棒球場,9,,FINISHED,NORMAL,台鋼雄鷹,cjhoZ,富邦悍將,tuS3g,5,7,9,9,0,0,"0,0,0,0,0,0,0,0,5","0,0,3,0,0,0,0,1,3",AWAY,0
ZIlv9,CPBL-2024-pJ,2024,一軍-4,春訓,2024-03-16,2024-03-16 17:05,2024-03-16 20:08,臺南市立棒球場,9,,FINISHED,NORMAL,統一7-ELEVEn獅,rW3Zo,樂天桃猿,5t7XO,7,6,13,12,0,0,"1,0,0,0,0,0,0,0,6","1,1,1,0,2,0,1,0,0",HOME,1
rDimf,CPBL-2024-pJ,2024,一軍-4,春訓,2024-03-15,2024-03-15 18:36,2024-03-15 21:47,斗六棒球場,9,,FINISHED,NORMAL,樂天桃猿,5t7XO,台鋼雄鷹,cjhoZ,4,6,6,11,0,0,"0,0,0,1,0,0,0,3,0","0,1,0,0,0,1,1,0,3",AWAY,0
YsaFV,CPBL-2024-pJ,2024,一軍-4,春訓,2024-03-15,2024-03-15 18:35,2024-03-15 22:11,臺南市立棒球場,9,,FINISHED,NORMAL,統一7-ELEVEn獅,rW3Zo,富邦悍將,tuS3g,5,6,11,15,0,0,"0,0,3,1,1,0,0,0,0","1,3,1,0,1,0,0,0,0",AWAY,0
aGVuI,CPBL-2024-pJ,2024,一軍-4,春訓,2024-03-14,2024-03-14 18:35,2024-03-14 22:12,斗六棒球場,10,,FINISHED,NORMAL,富邦悍將,tuS3g,味全龍,kUfKS,2,2,5,5,0,0,"0,0,0,0,0,0,0,0,0,2","0,0,0,0,0,0,0,0,0,2",TIE,
7y5lo,CPBL-2024-pJ,2024,一軍-4,春訓,2024-03-14,2024-03-14 18:35,2024-03-14 21:26,臺南市立棒球場,9,,FINISHED,NORMAL,統一7-ELEVEn獅,rW3Zo,中信兄弟,weAwb,2,7,8,15,0,0,"0,2,0,0,0,0,0,0,0","0,1,3,0,2,1,0,0,0",AWAY,0
7SOC6,CPBL-2024-pJ,2024,一軍-4,春訓,2024-03-13,2024-03-13 18:35,2024-03-13 21:33,臺南市立棒球場,9,,FINISHED,NORMAL,統一7-ELEVEn獅,rW3Zo,味全龍,kUfKS,6,0,8,7,0,0,"1,1,3,0,0,0,0,1,0","0,0,0,0,0,0,0,0,0",HOME,1
7TT6C,CPBL-2023-Za,2023,一軍,季後賽,2023-11-12,2023-11-12 17:05,2023-11-12 20:24,臺北市立天母棒球場,9,,FINISHED,NORMAL,味全龍,5yFBU,樂天桃猿,2ss6C,6,3,8,7,0,0,"5,0,0,0,0,0,0,1,0","1,2,0,0,0,0,0,0,0",HOME,1
Nagbd,CPBL-2023-Za,2023,一軍,季後賽,2023-11-11,2023-11-11 17:06,2023-11-11 19:47,臺北市立天母棒球場,9,,FINISHED,NORMAL,味全龍,5yFBU,樂天桃猿,2ss6C,2,0,9,2,0,0,"1,0,0,0,0,1,0,0,0","0,0,0,0,0,0,0,0,0",HOME,1
tCla6,CPBL-2023-Za,2023,一軍,季後賽,2023-11-10,2023-11-10 18:36,2023-11-10 21:59,臺北市立天母棒球場,9,,FINISHED,NORMAL,味全龍,5yFBU,樂天桃猿,2ss6C,0,11,7,15,0,0,"0,0,0,0,0,0,0,0,0","0,1,2,3,1,0,3,1,0",AWAY,0
6tSTy,CPBL-2023-Za,2023,一軍,季後賽,2023-11-08,2023-11-08 18:36,2023-11-08 22:11,樂天桃園棒球場,9,,FINISHED,NORMAL,樂天桃猿,2ss6C,味全龍,5yFBU,1,4,5,11,0,0,"0,0,0,0,1,0,0,0,0","0,1,0,0,0,2,0,0,1",AWAY,0
y0VWi,CPBL-2023-Za,2023,一軍,季後賽,2023-11-07,2023-11-07 18:37,2023-11-07 22:28,樂天桃園棒球場,9,,FINISHED,NORMAL,樂天桃猿,2ss6C,味全龍,5yFBU,7,4,9,13,0,0,"0,0,3,0,1,0,0,3,0","1,1,0,0,0,0,2,0,0",HOME,1
6EU9n,CPBL-2023-Za,2023,一軍,季後賽,2023-11-05,2023-11-05 17:06,2023-11-05 20:52,臺北市立天母棒球場,11,,FINISHED,NORMAL,味全龍,5yFBU,樂天桃猿,2ss6C,0,4,5,8,0,0,"0,0,0,0,0,0,0,0,0,0,0","0,0,0,0,0,0,0,0,0,0,4",AWAY,0
NNxLh,CPBL-2023-Za,2023,一軍,季後賽,2023-11-04,2023-11-04 17:06,2023-11-04 22:23,臺北市立天母棒球場,14,,FINISHED,NORMAL,味全龍,5yFBU,樂天桃猿,2ss6C,3,2,13,8,0,0,"2,0,0,0,0,0,0,0,0,0,0,0,0,1","0,0,0,0,1,0,1,0,0,0,0,0,0,0",HOME,1
pOoLV,CPBL-2023-b1,2023,一軍-2,挑戰賽,2023-10-30,2023-10-30 18:35,2023-10-30 22:00,臺南市立棒球場,9,,FINISHED,NORMAL,統一7-ELEVEn獅,4NhFK,樂天桃猿,OwpMd,1,7,8,14,0,0,"0,0,0,0,0,1,0,0,0","1,2,1,2,0,0,0,1,0",AWAY,0
BOEng,CPBL-2023-b1,2023,一軍-2,挑戰賽,2023-10-29,2023-10-29 17:06,2023-10-29 20:17,樂天桃園棒球場,9,,FINISHED,NORMAL,樂天桃猿,OwpMd,統一7-ELEVEn獅,4NhFK,3,2,5,6,0,0,"0,3,0,0,0,0,0,0,0","0,0,0,0,1,1,0,0,0",HOME,1
wCzwt,CPBL-2023-b1,2023,一軍-2,挑戰賽,2023-10-28,2023-10-28 17:05,2023-10-28 20:06,臺南市立棒球場,9,,FINISHED,NORMAL,統一7-ELEVEn獅,4NhFK,樂天桃猿,OwpMd,2,3,6,9,0,0,"0,0,0,1,0,0,0,1,0","0,0,0,0,0,2,1,0,0",AWAY,0
4t83U,CPBL-2023-sk,2023,一軍-3,例行賽,2023-10-25,2023-10-25 18:35,2023-10-25 21:32,嘉義市立棒球場,9,,FINISHED,NORMAL,統一7-ELEVEn獅,BLJyr,富邦悍將,O2zA3,4,3,5,9,0,0,"0,0,0,0,2,0,0,2,0","0,0,0,0,2,0,0,0,1",HOME,1
wGp73,CPBL-2023-sk,2023,一軍-3,例行賽,2023-10-24,2023-10-24 18:35,2023-10-24 21:44,樂天桃園棒球場,9,,FINISHED,NORMAL,樂天桃猿,WdFR4,富邦悍將,O2zA3,3,7,5,16,0,0,"0,0,0,1,0,0,0,2,0","5,0,0,0,0,1,0,1,0",AWAY,0
8HLB7,CPBL-2023-sk,2023,一軍-3,例行賽,2023-10-23,2023-10-23 18:35,2023-10-23 22:13,嘉義市立棒球場,9,,FINISHED,NORMAL,統一7-ELEVEn獅,BLJyr,中信兄弟,rSQKE,4,2,10,9,0,0,"0,0,1,0,0,3,0,0,0","0,0,1,0,0,0,1,0,0",HOME,1
4ic8V,CPBL-2023-sk,2023,一軍-3,例行賽,2023-10-23,2023-10-23 18:36,2023-10-23 21:54,樂天桃園棒球場,9,,FINISHED,NORMAL,樂天桃猿,WdFR4,富邦悍將,O2zA3,5,2,14,5,0,0,"1,0,1,1,2,0,0,0,0","0,0,0,0,0,0,1,1,0",HOME,1
ovhuM,CPBL-2023-sk,2023,一軍-3,例行賽,2023-10-22,2023-10-22 17:05,2023-10-22 19:54,嘉義市立棒球場,9,,FINISHED,NORMAL,統一7-ELEVEn獅,BLJyr,富邦悍將,O2zA3,9,3,9,8,0,0,"0,0,0,0,9,0,0,0,0","0,0,0,0,0,0,0,3,0",HOME,1
yS7oc,CPBL-2023-sk,2023,一軍-3,例行賽,2023-10-22,2023-10-22 17:06,2023-10-22 21:11,樂天桃園棒球場,9,,FINISHED,NORMAL,樂天桃猿,WdFR4,中信兄弟,rSQKE,11,9,12,11,0,0,"3,1,0,0,4,2,1,0,0","0,0,6,0,0,0,0,3,0",HOME,1
iaDfO,CPBL-2023-sk,2023,一軍-3,例行賽,2023-10-21,2023-10-21 17:05,2023-10-21 20:17,臺南市立棒球場,9,,FINISHED,NORMAL,統一7-ELEVEn獅,BLJyr,味全龍,YdmwO,8,2,12,3,0,0,"1,1,2,0,4,0,0,0,0","0,0,0,0,0,0,0,2,0",HOME,1
ipzYo,CPBL-2023-sk,2023,一軍-3,例行賽,2023-10-21,2023-10-21 17:05,2023-10-21 21:05,臺中市洲際棒球場,9,,FINISHED,NORMAL,中信兄弟,rSQKE,樂天桃猿,WdFR4,6,11,13,18,0,0,"0,0,2,1,3,0,0,0,0","2,2,2,0,3,0,0,1,1",AWAY,0
AfezG,CPBL-2023-sk,2023,一軍-3,例行賽,2023-10-20,2023-10-20 19:02,2023-10-20 21:22,新北市立新莊棒球場,9,,FINISHED,NORMAL,富邦悍將,O2zA3,統一7-ELEVEn獅,BLJyr,2,1,8,6,0,0,"0,0,0,0,0,1,0,1,0","1,0,0,0,0,0,0,0,0",HOME,1
9CKVl,CPBL-2023-sk,2023,一軍-3,例行賽,2023-10-19,2023-10-19 18:37,2023-10-19 21:38,新北市立新莊棒球場,9,,FINISHED,NORMAL,富邦悍將,O2zA3,統一7-ELEVEn獅,BLJyr,5,0,9,7,0,0,"0,0,1,0,3,1,0,0,0","0,0,0,0,0,0,0,0,0",HOME,1
HFCRp,CPBL-2023-sk,2023,一軍-3,例行賽,2023-10-19,2023-10-19 18:35,2023-10-19 22:25,臺東棒球村第一棒球場,11,,FINISHED,NORMAL,中信兄弟,rSQKE,樂天桃猿,WdFR4,4,3,13,10,0,0,"2,0,0,0,0,0,0,0,0,0,2","0,0,0,0,0,0,0,2,0,0,1",HOME,1
98SMV,CPBL-2023-sk,2023,一軍-3,例行賽,2023-10-18,2023-10-18 18:35,2023-10-18 21:52,臺東棒球村第一棒球場,9,,FINISHED,NORMAL,中信兄弟,rSQKE,樂天桃猿,WdFR4,4,3,7,7,0,0,"0,0,1,1,0,2,0,0,0","0,0,0,1,0,2,0,0,0",HOME,1
dMqv6,CPBL-2023-sk,2023,一軍-3,例行賽,2023-10-17,2023-10-17 18:35,2023-10-17 21:42,臺東棒球村第一棒球場,9,,FINISHED,NORMAL,中信兄弟,rSQKE,統一7-ELEVEn獅,BLJyr,0,3,6,8,0,0,"0,0,0,0,0,0,0,0,0","0,0,0,0,1,0,0,0,2",AWAY,0
RT3nU,CPBL-2023-sk,2023,一軍-3,例行賽,2023-10-15,2023-10-15 17:05,2023-10-15 19:58,臺中市洲際棒球場,9,,FINISHED,NORMAL,中信兄弟,rSQKE,富邦悍將,O2zA3,4,1,8,4,0,0,"0,0,2,0,0,1,1,0,0","0,0,0,0,0,0,0,1,0",HOME,1
Vv0aN,CPBL-2023-sk,2023,一軍-3,例行賽,2023-10-15,2023-10-15 17:05,2023-10-15 19:51,樂天桃園棒球場,9,,FINISHED,NORMAL,樂天桃猿,WdFR4,味全龍,YdmwO,5,8,8,13,0,0,"0,1,0,0,0,1,0,2,1","0,2,0,0,0,0,2,4,0",AWAY,0
u5RaD,CPBL-2023-sk,2023,一軍-3,例行賽,2023-10-14,2023-10-14 17:05,2023-10-14 21:07,斗六棒球場,9,,FINISHED,NORMAL,味全龍,YdmwO,統一7-ELEVEn獅,BLJyr,7,6,16,10,0,0,"2,0,0,0,2,0,2,0,1","3,0,0,2,0,0,0,0,1",HOME,1
zwYI0,CPBL-2023-sk,2023,一軍-3,例行賽,2023-10-14,2023-10-14 17:05,2023-10-14 19:52,新北市立新莊棒球場,9,,FINISHED,NORMAL,富邦悍將,O2zA3,中信兄弟,rSQKE,3,0,8,4,0,0,"0,0,2,0,0,0,1,0,0","0,0,0,0,0,0,0,0,0",HOME,1
FIztO,CPBL-2023-sk,2023,一軍-3,例行賽,2023-10-13,2023-10-13 18:35,2023-10-13 23:37,斗六棒球場,10,,FINISHED,NORMAL,味全龍,YdmwO,統一7-ELEVEn獅,BLJyr,7,6,11,11,0,0,"1,0,0,0,1,0,2,2,0,1","0,1,0,0,3,0,0,0,2,0",HOME,1
jMvgq,CPBL-2023-sk,2023,一軍-3,例行賽,2023-10-12,2023-10-12 18:35,2023-10-12 21:34,臺中市洲際棒球場,9,,FINISHED,NORMAL,中信兄弟,rSQKE,富邦悍將,O2zA3,1,0,6,4,0,0,"0,0,0,0,0,1,0,0,0","0,0,0,0,0,0,0,0,0",HOME,1
sQNp3,CPBL-2023-sk,2023,一軍-3,例行賽,2023-10-12,2023-10-12 18:36,2023-10-12 22:02,臺北市立天母棒球場,9,,FINISHED,NORMAL,味全龍,YdmwO,樂天桃猿,WdFR4,2,4,8,10,0,0,"0,0,0,0,1,0,0,1,0","1,0,2,0,0,0,0,0,1",AWAY,0
d927a,CPBL-2023-sk,2023,一軍-3,例行賽,2023-10-11,2023-10-11 18:35,2023-10-11 22:00,臺北市立天母棒球場,9,,FINISHED,NORMAL,味全龍,YdmwO,富邦悍將,O2zA3,9,1,9,6,0,0,"1,1,2,0,5,0,0,0,0","0,0,0,1,0,0,0,0,0",HOME,1
PuQu5,CPBL-2023-sk,2023,一軍-3,例行賽,2023-10-10,2023-10-10 17:06,2023-10-10 21:01,臺南市立棒球場,9,,FINISHED,NORMAL,統一7-ELEVEn獅,BLJyr,樂天桃猿,WdFR4,5,13,10,13,0,0,"0,0,1,3,0,1,0,0,0","3,0,0,2,4,0,1,3,0",AWAY,0
DKpL9,CPBL-2023-sk,2023,一軍-3,例行賽,2023-10-10,2023-10-10 17:07,2023-10-10 20:40,新北市立新莊棒球場,9,,FINISHED,NORMAL,富邦悍將,O2zA3,中信兄弟,rSQKE,4,9,9,13,0,0,"0,0,1,0,0,0,0,3,0","1,1,2,4,0,0,0,0,1",AWAY,0
I8nHp,CPBL-2023-sk,2023,一軍-3,例行賽,2023-10-09,2023-10-09 17:05,2023-10-09 20:44,樂天桃園棒球場,9,,FINISHED,NORMAL,樂天桃猿,WdFR4,富邦悍將,O2zA3,5,4,11,6,0,0,"0,0,1,1,0,0,1,2,0","1,0,0,0,3,0,0,0,0",HOME,1
HsU6T,CPBL-2023-sk,2023,一軍-3,例行賽,2023-10-09,2023-10-09 17:05,2023-10-09 20:05,臺北市立天母棒球場,9,,FINISHED,NORMAL,味全龍,YdmwO,中信兄弟,rSQKE,4,0,10,8,0,0,"2,0,0,0,2,0,0,0,0","0,0,0,0,0,0,0,0,0",HOME,1
oOqU9,CPBL-2023-sk,2023,一軍-3,例行賽,2023-10-08,2023-10-08 17:06,2023-10-08 20:58,樂天桃園棒球場,9,,FINISHED,NORMAL,樂天桃猿,WdFR4,富邦悍將,O2zA3,2,4,8,11,0,0,"0,0,0,0,0,0,1,0,1","0,0,1,0,1,0,0,0,2",AWAY,0
lc6SA,CPBL-2023-sk,2023,一軍-3,例行賽,2023-10-08,2023-10-08 17:05,2023-10-08 23:13,臺北市立天母棒球場,9,,FINISHED,NORMAL,味全龍,YdmwO,中信兄弟,rSQKE,5,5,9,15,0,0,"0,0,3,0,0,1,1,0,0","0,1,0,0,0,0,1,2,1",TIE,
kp4ak,CPBL-2023-sk,2023,一軍-3,例行賽,2023-10-07,2023-10-07 17:05,2023-10-07 19:57,臺南市立棒球場,9,,FINISHED,NORMAL,統一7-ELEVEn獅,BLJyr,中信兄弟,rSQKE,7,1,12,3,0,0,"2,0,1,1,0,3,0,0,0","0,0,0,0,0,0,0,0,1",HOME,1
UgM52,CPBL-2023-sk,2023,一軍-3,例行賽,2023-10-06,2023-10-06 18:36,2023-10-06 23:35,樂天桃園棒球場,9,,FINISHED,NORMAL,樂天桃猿,WdFR4,味全龍,YdmwO,4,3,12,7,0,0,"1,0,0,0,0,1,1,1,0","0,0,1,0,0,1,0,1,0",HOME,1
NIS8r,CPBL-2023-sk,2023,一軍-3,例行賽,2023-10-03,2023-10-03 18:35,2023-10-03 21:36,新北市立新莊棒球場,9,,FINISHED,NORMAL,富邦悍將,O2zA3,中信兄弟,rSQKE,2,1,11,5,0,0,"0,0,2,0,0,0,0,0,0","0,0,0,0,1,0,0,0,0",HOME,1
Wr637,CPBL-2023-sk,2023,一軍-3,例行賽,2023-10-03,2023-10-03 18:35,2023-10-03 22:42,臺北市立天母棒球場,9,,FINISHED,NORMAL,味全龍,YdmwO,樂天桃猿,WdFR4,7,2,11,7,0,0,"0,0,4,0,2,0,0,1,0","0,0,0,0,0,2,0,0,0",HOME,1
CE5xT,CPBL-2023-sk,2023,一軍-3,例行賽,2023-10-01,2023-10-01 17:05,2023-10-01 20:43,新北市立新莊棒球場,9,,FINISHED,NORMAL,富邦悍將,O2zA3,味全龍,YdmwO,1,12,7,15,0,0,"1,0,0,0,0,0,0,0,0","0,4,0,2,0,2,0,4,0",AWAY,0
rdi2v,CPBL-2023-sk,2023,一軍-3,例行賽,2023-10-01,2023-10-01 17:05,2023-10-01 19:54,臺南市立棒球場,9,,FINISHED,NORMAL,統一7-ELEVEn獅,BLJyr,樂天桃猿,WdFR4,4,0,12,4,0,0,"1,1,1,0,0,1,0,0,0","0,0,0,0,0,0,0,0,0",HOME,1
TKBN2,CPBL-2023-sk,2023,一軍-3,例行賽,2023-09-30,2023-09-30 17:07,2023-09-30 20:55,新北市立新莊棒球場,9,,FINISHED,NORMAL,富邦悍將,O2zA3,統一7-ELEVEn獅,BLJyr,9,3,14,12,0,0,"0,1,0,1,0,3,1,3,0","0,1,0,0,0,0,0,2,0",HOME,1
Dd0cf,CPBL-2023-sk,2023,一軍-3,例行賽,2023-09-30,2023-09-30 17:05,2023-09-30 20:23,臺中市洲際棒球場,9,,FINISHED,NORMAL,中信兄弟,rSQKE,樂天桃猿,WdFR4,4,5,8,6,0,0,"0,0,1,0,3,0,0,0,0","0,0,0,0,0,0,0,1,4",AWAY,0
76JWH,CPBL-2023-sk,2023,一軍-3,例行賽,2023-09-29,2023-09-29 17:06,2023-09-29 20:05,樂天桃園棒球場,9,,FINISHED,NORMAL,樂天桃猿,WdFR4,統一7-ELEVEn獅,BLJyr,0,8,11,15,0,0,"0,0,0,0,0,0,0,0,0","0,1,1,3,0,0,1,2,0",AWAY,0
j1q3O,CPBL-2023-sk,2023,一軍-3,例行賽,2023-09-29,2023-09-29 17:05,2023-09-29 20:45,臺中市洲際棒球場,9,,FINISHED,NORMAL,中信兄弟,rSQKE,味全龍,YdmwO,9,6,10,10,0,0,"0,0,3,2,0,2,2,0,0","2,0,4,0,0,0,0,0,0",HOME,1
Embah,CPBL-2023-sk,2023,一軍-3,例行賽,2023-09-28,2023-09-28 18:36,2023-09-28 21:23,樂天桃園棒球場,9,,FINISHED,NORMAL,樂天桃猿,WdFR4,統一7-ELEVEn獅,BLJyr,6,1,11,5,0,0,"2,0,2,0,1,0,0,1,0","0,0,0,0,0,0,1,0,0",HOME,1
CWZ5z,CPBL-2023-sk,2023,一軍-3,例行賽,2023-09-28,2023-09-28 18:35,2023-09-28 21:57,臺中市洲際棒球場,9,,FINISHED,NORMAL,中信兄弟,rSQKE,味全龍,YdmwO,1,6,8,11,0,0,"0,0,0,0,0,0,0,1,0","1,2,0,1,0,1,0,1,0",AWAY,0
MNlbA,CPBL-2023-sk,2023,一軍-3,例行賽,2023-09-27,2023-09-27 18:35,2023-09-27 21:22,新北市立新莊棒球場,9,,FINISHED,NORMAL,富邦悍將,O2zA3,統一7-ELEVEn獅,BLJyr,1,0,3,6,0,0,"0,0,0,0,0,0,1,0,0","0,0,0,0,0,0,0,0,0",HOME,1
Sqqip,CPBL-2023-sk,2023,一軍-3,例行賽,2023-09-26,2023-09-26 18:35,2023-09-26 21:52,臺中市洲際棒球場,9,,FINISHED,NORMAL,中信兄弟,rSQKE,樂天桃猿,WdFR4,6,5,9,7,0,0,"1,2,0,0,2,0,0,0,1","0,0,1,0,0,0,0,1,3",HOME,1
jwqgF,CPBL-2023-sk,2023,一軍-3,例行賽,2023-09-26,2023-09-26 18:36,2023-09-26 21:26,新北市立新莊棒球場,9,,FINISHED,NORMAL,富邦悍將,O2zA3,味全龍,YdmwO,1,0,5,3,0,0,"0,0,0,1,0,0,0,0,0","0,0,0,0,0,0,0,0,0",HOME,1
rFdzd,CPBL-2023-sk,2023,一軍-3,例行賽,2023-09-25,2023-09-25 18:35,2023-09-25 21:34,臺中市洲際棒球場,9,,FINISHED,NORMAL,中信兄弟,rSQKE,統一7-ELEVEn獅,BLJyr,2,1,3,6,0,0,"1,0,0,0,1,0,0,0,0","0,0,0,0,0,1,0,0,0",HOME,1
N6868,CPBL-2023-sk,2023,一軍-3,例行賽,2023-09-24,2023-09-24 17:06,2023-09-24 20:17,新北市立新莊棒球場,9,,FINISHED,NORMAL,富邦悍將,O2zA3,樂天桃猿,WdFR4,3,1,9,7,0,0,"0,0,0,0,0,1,2,0,0","0,0,0,0,1,0,0,0,0",HOME,1
HqD82,CPBL-2023-sk,2023,一軍-3,例行賽,2023-09-24,2023-09-24 17:06,2023-09-24 19:51,臺南市立棒球場,9,,FINISHED,NORMAL,統一7-ELEVEn獅,BLJyr,味全龍,YdmwO,0,3,4,6,0,0,"0,0,0,0,0,0,0,0,0","0,0,0,0,1,1,1,0,0",AWAY,0
ZDfGV,CPBL-2023-sk,2023,一軍-3,例行賽,2023-09-23,2023-09-23 18:35,2023-09-23 21:57,新北市立新莊棒球場,9,,FINISHED,NORMAL,富邦悍將,O2zA3,樂天桃猿,WdFR4,1,4,6,11,0,0,"0,0,0,0,1,0,0,0,0","0,1,0,0,3,0,0,0,0",AWAY,0
bskMO,CPBL-2023-sk,2023,一軍-3,例行賽,2023-09-23,2023-09-23 18:35,2023-09-23 21:10,臺南市立棒球場,9,,FINISHED,NORMAL,統一7-ELEVEn獅,BLJyr,中信兄弟,rSQKE,4,1,7,7,0,0,"3,0,0,0,0,0,1,0,0","0,0,0,1,0,0,0,0,0",HOME,1
pVlFV,CPBL-2023-sk,2023,一軍-3,例行賽,2023-09-22,2023-09-22 18:36,2023-09-22 21:48,新北市立新莊棒球場,9,,FINISHED,NORMAL,富邦悍將,O2zA3,樂天桃猿,WdFR4,1,4,6,12,0,0,"0,0,0,0,0,0,1,0,0","0,0,0,1,2,1,0,0,0",AWAY,0
6FjH8,CPBL-2023-sk,2023,一軍-3,例行賽,2023-09-22,2023-09-22 18:36,2023-09-22 21:55,臺北市立天母棒球場,9,,FINISHED,NORMAL,味全龍,YdmwO,中信兄弟,rSQKE,1,3,2,11,0,0,"0,0,0,0,0,0,1,0,0","0,0,3,0,0,0,0,0,0",AWAY,0
YORB7,CPBL-2023-sk,2023,一軍-3,例行賽,2023-09-21,2023-09-21 18:35,2023-09-21 22:11,臺南市立棒球場,9,,FINISHED,NORMAL,統一7-ELEVEn獅,BLJyr,富邦悍將,O2zA3,6,5,12,8,0,0,"2,1,0,0,0,0,1,0,2","0,0,0,1,0,3,1,0,0",HOME,1
P14Cf,CPBL-2023-sk,2023,一軍-3,例行賽,2023-09-21,2023-09-21 18:35,2023-09-21 22:02,臺北市立天母棒球場,9,,FINISHED,NORMAL,味全龍,YdmwO,中信兄弟,rSQKE,2,1,8,6,0,0,"1,0,0,0,0,0,1,0,0","0,0,1,0,0,0,0,0,0",HOME,1
T4D6i,CPBL-2023-sk,2023,一軍-3,例行賽,2023-09-20,2023-09-20 18:35,2023-09-20 21:54,臺南市立棒球場,9,,FINISHED,NORMAL,統一7-ELEVEn獅,BLJyr,樂天桃猿,WdFR4,8,2,14,11,0,0,"2,1,0,3,0,0,0,2,0","0,0,1,0,0,0,1,0,0",HOME,1
dt5qW,CPBL-2023-sk,2023,一軍-3,例行賽,2023-09-20,2023-09-20 18:36,2023-09-20 21:31,臺北市立天母棒球場,9,,FINISHED,NORMAL,味全龍,YdmwO,中信兄弟,rSQKE,2,3,7,7,0,0,"0,0,0,0,0,2,0,0,0","1,0,0,0,0,2,0,0,0",AWAY,0
BXvwe,CPBL-2023-sk,2023,一軍-3,例行賽,2023-09-19,2023-09-19 18:35,2023-09-19 22:16,臺南市立棒球場,9,,FINISHED,NORMAL,統一7-ELEVEn獅,BLJyr,樂天桃猿,WdFR4,5,11,9,14,0,0,"0,0,1,0,0,1,0,2,1","2,1,0,1,1,0,4,2,0",AWAY,0
bqmay,CPBL-2023-sk,2023,一軍-3,例行賽,2023-09-19,2023-09-19 18:35,2023-09-19 21:31,臺北市立天母棒球場,9,,FINISHED,NORMAL,味全龍,YdmwO,富邦悍將,O2zA3,5,4,9,12,0,0,"1,0,1,0,2,1,0,0,0","1,1,0,0,0,0,0,1,1",HOME,1
sZcrr,CPBL-2023-sk,2023,一軍-3,例行賽,2023-09-18,2023-09-18 18:35,2023-09-18 22:35,臺南市立棒球場,9,,FINISHED,NORMAL,統一7-ELEVEn獅,BLJyr,中信兄弟,rSQKE,2,12,11,14,0,0,"0,2,0,0,0,0,0,0,0","1,0,1,3,1,0,2,0,4",AWAY,0
9SixA,CPBL-2023-sk,2023,一軍-3,例行賽,2023-09-17,2023-09-17 17:05,2023-09-17 20:06,臺北市立天母棒球場,9,,FINISHED,NORMAL,味全龍,YdmwO,富邦悍將,O2zA3,11,0,12,3,0,0,"1,2,1,3,3,0,1,0,0","0,0,0,0,0,0,0,0,0",HOME,1
k5OH2,CPBL-2023-sk,2023,一軍-3,例行賽,2023-09-17,2023-09-17 17:07,2023-09-17 20:09,樂天桃園棒球場,9,,FINISHED,NORMAL,樂天桃猿,WdFR4,中信兄弟,rSQKE,4,3,8,10,0,0,"0,0,0,0,0,4,0,0,0","0,2,0,0,0,0,0,1,0",HOME,1
tac0e,CPBL-2023-sk,2023,一軍-3,例行賽,2023-09-16,2023-09-16 17:05,2023-09-16 20:08,臺北市立天母棒球場,9,,FINISHED,NORMAL,味全龍,YdmwO,統一7-ELEVEn獅,BLJyr,0,7,5,13,0,0,"0,0,0,0,0,0,0,0,0","1,0,1,1,1,1,1,1,0",AWAY,0
rDrAx,CPBL-2023-sk,2023,一軍-3,例行賽,2023-09-16,2023-09-16 17:06,2023-09-16 20:54,樂天桃園棒球場,9,,FINISHED,NORMAL,樂天桃猿,WdFR4,中信兄弟,rSQKE,4,9,7,11,0,0,"0,2,1,0,0,0,0,1,0","2,0,0,2,1,2,0,0,2",AWAY,0
i3poe,CPBL-2023-sk,2023,一軍-3,例行賽,2023-09-15,2023-09-15 18:35,2023-09-15 22:18,樂天桃園棒球場,10,,FINISHED,NORMAL,樂天桃猿,WdFR4,中信兄弟,rSQKE,3,5,12,8,0,0,"0,0,0,0,2,1,0,0,0,0","1,1,0,0,0,1,0,0,0,2",AWAY,0
G2hLf,CPBL-2023-sk,2023,一軍-3,例行賽,2023-09-14,2023-09-14 18:35,2023-09-14 21:37,新北市立新莊棒球場,9,,FINISHED,NORMAL,富邦悍將,O2zA3,統一7-ELEVEn獅,BLJyr,0,6,4,7,0,0,"0,0,0,0,0,0,0,0,0","0,0,0,1,0,0,2,3,0",AWAY,0
juKb0,CPBL-2023-sk,2023,一軍-3,例行賽,2023-09-14,2023-09-14 18:35,2023-09-14 21:18,斗六棒球場,9,,FINISHED,NORMAL,味全龍,YdmwO,樂天桃猿,WdFR4,3,1,6,5,0,0,"0,0,0,0,0,3,0,0,0","0,0,0,0,0,1,0,0,0",HOME,1
HcPTU,CPBL-2023-sk,2023,一軍-3,例行賽,2023-09-13,2023-09-13 18:35,2023-09-13 22:17,新北市立新莊棒球場,9,,FINISHED,NORMAL,富邦悍將,O2zA3,統一7-ELEVEn獅,BLJyr,5,10,8,14,0,0,"0,1,0,0,0,1,0,3,0","2,0,0,0,0,8,0,0,0",AWAY,0
hcRjy,CPBL-2023-sk,2023,一軍-3,例行賽,2023-09-13,2023-09-13 18:35,2023-09-13 21:55,斗六棒球場,9,,FINISHED,NORMAL,味全龍,YdmwO,中信兄弟,rSQKE,4,3,10,9,0,0,"0,0,0,3,0,0,1,0,0","1,0,1,0,0,0,1,0,0",HOME,1
0uCre,CPBL-2023-sk,2023,一軍-3,例行賽,2023-09-12,2023-09-12 18:35,2023-09-12 22:34,新北市立新莊棒球場,12,,FINISHED,NORMAL,富邦悍將,O2zA3,樂天桃猿,WdFR4,1,1,6,3,0,0,"1,0,0,0,0,0,0,0,0,0,0,0","0,0,0,0,1,0,0,0,0,0,0,0",TIE,
eUL69,CPBL-2023-sk,2023,一軍-3,例行賽,2023-09-12,2023-09-12 18:36,2023-09-12 21:20,斗六棒球場,9,,FINISHED,NORMAL,味全龍,YdmwO,中信兄弟,rSQKE,1,2,5,7,0,0,"1,0,0,0,0,0,0,0,0","0,0,0,0,0,0,2,0,0",AWAY,0
6nChQ,CPBL-2023-sk,2023,一軍-3,例行賽,2023-09-11,2023-09-11 18:36,2023-09-11 21:41,樂天桃園棒球場,9,,FINISHED,NORMAL,樂天桃猿,WdFR4,味全龍,YdmwO,7,1,8,8,0,0,"0,0,0,0,0,7,0,0,0","1,0,0,0,0,0,0,0,0",HOME,1
0Jnjb,CPBL-2023-sk,2023,一軍-3,例行賽,2023-09-10,2023-09-10 17:05,2023-09-10 20:34,新北市立新莊棒球場,9,,FINISHED,NORMAL,富邦悍將,O2zA3,樂天桃猿,WdFR4,5,7,8,12,0,0,"0,1,4,0,0,0,0,0,0","1,0,0,6,0,0,0,0,0",AWAY,0
gQanu,CPBL-2023-sk,2023,一軍-3,例行賽,2023-09-10,2023-09-10 17:06,2023-09-10 20:01,臺中市洲際棒球場,9,,FINISHED,NORMAL,中信兄弟,rSQKE,統一7-ELEVEn獅,BLJyr,1,5,4,10,0,0,"0,0,0,0,0,0,0,0,1","1,1,0,1,0,0,2,0,0",AWAY,0
Z4Jeo,CPBL-2023-sk,2023,一軍-3,例行賽,2023-09-09,2023-09-09 18:31,2023-09-09 21:51,臺中市洲際棒球場,9,,FINISHED,NORMAL,中信兄弟,rSQKE,統一7-ELEVEn獅,BLJyr,3,5,9,9,0,0,"1,0,0,0,0,0,0,1,1","2,1,0,1,0,1,0,0,0",AWAY,0
WHMWK,CPBL-2023-sk,2023,一軍-3,例行賽,2023-09-09,2023-09-09 17:06,2023-09-09 20:33,新北市立新莊棒球場,9,,FINISHED,NORMAL,富邦悍將,O2zA3,味全龍,YdmwO,6,2,7,9,0,0,"1,0,0,0,0,2,1,2,0","0,0,1,0,0,1,0,0,0",HOME,1
jJS9b,CPBL-2023-sk,2023,一軍-3,例行賽,2023-09-08,2023-09-08 18:36,2023-09-08 21:57,樂天桃園棒球場,9,,FINISHED,NORMAL,樂天桃猿,WdFR4,味全龍,YdmwO,2,4,7,7,0,0,"0,0,0,1,0,0,1,0,0","0,0,3,0,0,0,1,0,0",AWAY,0
F2gvo,CPBL-2023-sk,2023,一軍-3,例行賽,2023-09-07,2023-09-07 18:35,2023-09-07 22:05,樂天桃園棒球場,9,,FINISHED,NORMAL,樂天桃猿,WdFR4,味全龍,YdmwO,3,6,9,9,0,0,"0,0,0,0,1,1,0,1,0","0,0,0,0,0,1,5,0,0",AWAY,0
E3GrM,CPBL-2023-sk,2023,一軍-3,例行賽,2023-09-07,2023-09-07 18:35,2023-09-07 21:49,新北市立新莊棒球場,9,,FINISHED,NORMAL,富邦悍將,O2zA3,中信兄弟,rSQKE,6,1,14,8,0,0,"0,0,0,0,0,3,3,0,0","0,1,0,0,0,0,0,0,0",HOME,1
hHKsK,CPBL-2023-sk,2023,一軍-3,例行賽,2023-09-05,2023-09-05 18:36,2023-09-05 22:58,樂天桃園棒球場,9,,FINISHED,NORMAL,樂天桃猿,WdFR4,中信兄弟,rSQKE,5,7,6,12,0,0,"0,0,0,0,0,0,5,0,0","3,4,0,0,0,0,0,0,0",AWAY,0
GuxIE,CPBL-2023-sk,2023,一軍-3,例行賽,2023-09-05,2023-09-05 18:35,2023-09-05 21:46,新北市立新莊棒球場,9,,FINISHED,NORMAL,富邦悍將,O2zA3,統一7-ELEVEn獅,BLJyr,1,4,6,8,0,0,"0,0,0,0,1,0,0,0,0","0,0,1,0,0,2,1,0,0",AWAY,0
uHkLP,CPBL-2023-sk,2023,一軍-3,例行賽,2023-09-04,2023-09-04 18:36,2023-09-04 21:20,新北市立新莊棒球場,9,,FINISHED,NORMAL,富邦悍將,O2zA3,味全龍,YdmwO,0,1,4,6,0,0,"0,0,0,0,0,0,0,0,0","0,0,0,0,0,0,1,0,0",AWAY,0
GJsOw,CPBL-2023-sk,2023,一軍-3,例行賽,2023-09-02,2023-09-02 17:05,2023-09-02 20:43,樂天桃園棒球場,9,,FINISHED,NORMAL,樂天桃猿,WdFR4,富邦悍將,O2zA3,10,1,14,8,0,0,"3,0,1,3,1,0,2,0,0","1,0,0,0,0,0,0,0,0",HOME,1
1O4qd,CPBL-2023-sk,2023,一軍-3,例行賽,2023-09-02,2023-09-02 17:05,2023-09-02 20:32,臺南市立棒球場,10,,FINISHED,NORMAL,統一7-ELEVEn獅,BLJyr,味全龍,YdmwO,1,4,7,5,0,0,"0,0,1,0,0,0,0,0,0,0","0,0,0,0,0,0,1,0,0,3",AWAY,0
m1wKf,CPBL-2023-sk,2023,一軍-3,例行賽,2023-09-01,2023-09-01 19:45,2023-09-01 23:08,臺中市洲際棒球場,9,,FINISHED,NORMAL,中信兄弟,rSQKE,富邦悍將,O2zA3,2,0,6,5,0,0,"0,0,0,0,2,0,0,0,0","0,0,0,0,0,0,0,0,0",HOME,1
oTdvH,CPBL-2023-sk,2023,一軍-3,例行賽,2023-09-01,2023-09-01 18:35,2023-09-01 22:33,臺南市立棒球場,10,,FINISHED,NORMAL,統一7-ELEVEn獅,BLJyr,味全龍,YdmwO,6,5,13,8,0,0,"0,0,0,1,1,2,0,0,0,2","3,0,0,0,0,0,1,0,0,1",HOME,1
BIleG,CPBL-2023-sk,2023,一軍-3,例行賽,2023-08-31,2023-08-31 18:35,2023-08-31 22:43,臺中市洲際棒球場,9,,FINISHED,NORMAL,中信兄弟,rSQKE,富邦悍將,O2zA3,7,14,10,19,0,0,"0,4,0,0,0,0,0,2,1","1,0,7,0,1,2,0,0,3",AWAY,0
RYnEc,CPBL-2023-sk,2023,一軍-3,例行賽,2023-08-31,2023-08-31 18:35,2023-08-31 22:39,樂天桃園棒球場,9,,FINISHED,NORMAL,樂天桃猿,WdFR4,統一7-ELEVEn獅,BLJyr,8,7,12,15,0,0,"0,0,0,2,0,3,1,2,0","0,3,1,0,0,0,0,3,0",HOME,1
zbXpA,CPBL-2023-sk,2023,一軍-3,例行賽,2023-08-30,2023-08-30 18:35,2023-08-30 22:24,臺中市洲際棒球場,9,,FINISHED,NORMAL,中信兄弟,rSQKE,富邦悍將,O2zA3,2,4,12,7,0,0,"0,0,0,0,0,2,0,0,0","1,0,0,0,0,1,0,2,0",AWAY,0
a0g1R,CPBL-2023-sk,2023,一軍-3,例行賽,2023-08-30,2023-08-30 18:36,2023-08-30 21:58,樂天桃園棒球場,9,,FINISHED,NORMAL,樂天桃猿,WdFR4,味全龍,YdmwO,5,2,8,8,0,0,"1,1,0,2,0,0,1,0,0","0,0,0,1,0,0,0,1,0",HOME,1
MH3z1,CPBL-2023-sk,2023,一軍-3,例行賽,2023-08-29,2023-08-29 18:35,2023-08-29 21:19,臺中市洲際棒球場,9,,FINISHED,NORMAL,中信兄弟,rSQKE,統一7-ELEVEn獅,BLJyr,3,1,8,5,0,0,"1,0,0,0,0,1,1,0,0","0,0,0,0,0,0,0,0,1",HOME,1
nGZnr,CPBL-2023-sk,2023,一軍-3,例行賽,2023-08-29,2023-08-29 18:36,2023-08-29 22:01,樂天桃園棒球場,9,,FINISHED,NORMAL,樂天桃猿,WdFR4,味全龍,YdmwO,6,5,9,9,0,0,"0,0,1,0,0,0,0,1,4","2,0,2,0,1,0,0,0,0",HOME,1
t0IzG,CPBL-2023-sk,2023,一軍-3,例行賽,2023-08-28,2023-08-28 18:36,2023-08-28 22:12,樂天桃園棒球場,9,,FINISHED,NORMAL,樂天桃猿,WdFR4,富邦悍將,O2zA3,8,3,12,8,0,0,"2,0,0,1,0,1,0,4,0","1,0,0,0,0,0,0,0,2",HOME,1
wxfLe,CPBL-2023-sk,2023,一軍-3,例行賽,2023-08-27,2023-08-27 17:05,2023-08-27 20:03,臺中市洲際棒球場,9,,FINISHED,NORMAL,中信兄弟,rSQKE,統一7-ELEVEn獅,BLJyr,2,1,7,5,0,0,"0,2,0,0,0,0,0,0,0","0,0,0,1,0,0,0,0,0",HOME,1
1UKCc,CPBL-2023-sk,2023,一軍-3,例行賽,2023-08-27,2023-08-27 17:06,2023-08-27 20:27,臺北市立天母棒球場,9,,FINISHED,NORMAL,味全龍,YdmwO,富邦悍將,O2zA3,2,4,8,9,0,0,"0,0,0,0,0,2,0,0,0","0,0,0,0,0,2,0,2,0",AWAY,0
hNTzu,CPBL-2023-sk,2023,一軍-3,例行賽,2023-08-26,2023-08-26 17:05,2023-08-26 19:47,臺北市立天母棒球場,9,,FINISHED,NORMAL,味全龍,YdmwO,富邦悍將,O2zA3,2,3,6,3,0,0,"0,1,0,0,0,1,0,0,0","0,0,2,1,0,0,0,0,0",AWAY,0
oqcBJ,CPBL-2023-sk,2023,一軍-3,例行賽,2023-08-25,2023-08-25 18:36,2023-08-25 21:59,臺南市立棒球場,9,,FINISHED,NORMAL,統一7-ELEVEn獅,BLJyr,樂天桃猿,WdFR4,3,1,9,8,0,0,"2,0,0,0,0,0,0,1,0","0,0,0,0,1,0,0,0,0",HOME,1
VWCEW,CPBL-2023-sk,2023,一軍-3,例行賽,2023-08-25,2023-08-25 18:35,2023-08-25 21:13,臺北市立天母棒球場,9,,FINISHED,NORMAL,味全龍,YdmwO,富邦悍將,O2zA3,0,4,5,5,0,0,"0,0,0,0,0,0,0,0,0","0,0,3,1,0,0,0,0,0",AWAY,0
gQryx,CPBL-2023-sk,2023,一軍-3,例行賽,2023-08-24,2023-08-24 18:35,2023-08-24 22:37,臺南市立棒球場,9,,FINISHED,NORMAL,統一7-ELEVEn獅,BLJyr,樂天桃猿,WdFR4,12,11,18,12,0,0,"0,0,2,1,2,0,0,1,6","0,0,2,0,1,2,2,4,0",HOME,1
lfGYP,CPBL-2023-sk,2023,一軍-3,例行賽,2023-08-24,2023-08-24 18:35,2023-08-24 21:29,臺中市洲際棒球場,9,,FINISHED,NORMAL,中信兄弟,rSQKE,味全龍,YdmwO,7,0,11,2,0,0,"0,5,0,0,1,1,0,0","0,0,0,0,0,0,0,0,0",HOME,1
dw92Q,CPBL-2023-sk,2023,一軍-3,例行賽,2023-08-23,2023-08-23 18:35,2023-08-23 22:25,臺南市立棒球場,9,,FINISHED,NORMAL,統一7-ELEVEn獅,BLJyr,樂天桃猿,WdFR4,3,9,6,15,0,0,"1,0,2,0,0,0,0,0,0","0,0,2,0,4,0,2,1,0",AWAY,0
MM2qI,CPBL-2023-sk,2023,一軍-3,例行賽,2023-08-23,2023-08-23 18:35,2023-08-23 21:26,臺中市洲際棒球場,10,,FINISHED,NORMAL,中信兄弟,rSQKE,富邦悍將,O2zA3,1,0,7,6,0,0,"0,0,0,0,0,0,0,0,0,1","0,0,0,0,0,0,0,0,0,0",HOME,1
LGMBa,CPBL-2023-sk,2023,一軍-3,例行賽,2023-08-22,2023-08-22 18:35,2023-08-22 21:30,嘉義市立棒球場,9,,FINISHED,NORMAL,統一7-ELEVEn獅,BLJyr,味全龍,YdmwO,0,2,6,6,0,0,"0,0,0,0,0,0,0,0,0","0,0,0,0,0,0,0,0,2",AWAY,0
7zqIK,CPBL-2023-sk,2023,一軍-3,例行賽,2023-08-22,2023-08-22 18:35,2023-08-22 22:10,臺中市洲際棒球場,9,,FINISHED,NORMAL,中信兄弟,rSQKE,富邦悍將,O2zA3,3,10,10,13,0,0,"1,0,0,0,0,0,0,0,2","1,0,0,1,0,0,1,2,5",AWAY,0
AVAyd,CPBL-2023-sk,2023,一軍-3,例行賽,2023-08-20,2023-08-20 17:05,2023-08-20 20:37,樂天桃園棒球場,9,,FINISHED,NORMAL,樂天桃猿,WdFR4,味全龍,YdmwO,0,4,2,11,0,0,"0,0,0,0,0,0,0,0,0","0,0,1,1,1,1,0,0,0",AWAY,0
csRys,CPBL-2023-sk,2023,一軍-3,例行賽,2023-08-19,2023-08-19 17:06,2023-08-19 22:41,新北市立新莊棒球場,9,,FINISHED,NORMAL,富邦悍將,O2zA3,中信兄弟,rSQKE,4,7,7,8,0,0,"0,0,1,0,0,3,0,0,0","0,0,5,0,0,0,0,2,0",AWAY,0
tOXP1,CPBL-2023-sk,2023,一軍-3,例行賽,2023-08-19,2023-08-19 17:06,2023-08-19 21:14,樂天桃園棒球場,9,,FINISHED,NORMAL,樂天桃猿,WdFR4,統一7-ELEVEn獅,BLJyr,6,10,12,14,0,0,"1,1,0,0,0,1,0,3,0","3,0,5,0,0,0,2,0,0",AWAY,0
CjE05,CPBL-2023-sk,2023,一軍-3,例行賽,2023-08-18,2023-08-18 18:36,2023-08-18 22:15,新北市立新莊棒球場,9,,FINISHED,NORMAL,富邦悍將,O2zA3,中信兄弟,rSQKE,6,1,6,4,0,0,"0,1,0,2,2,0,0,1,0","0,0,0,1,0,0,0,0,0",HOME,1
wjlmR,CPBL-2023-sk,2023,一軍-3,例行賽,2023-08-18,2023-08-18 18:36,2023-08-18 23:05,臺北市立天母棒球場,9,,FINISHED,NORMAL,味全龍,YdmwO,統一7-ELEVEn獅,BLJyr,8,6,12,16,0,0,"2,0,0,2,1,1,1,1,0","0,0,0,0,1,3,1,1,0",HOME,1
QTSyu,CPBL-2023-sk,2023,一軍-3,例行賽,2023-08-17,2023-08-17 18:45,2023-08-17 21:44,臺北市立天母棒球場,9,,FINISHED,NORMAL,味全龍,YdmwO,統一7-ELEVEn獅,BLJyr,3,1,8,8,0,0,"0,0,0,1,0,0,0,2,0","1,0,0,0,0,0,0,0,0",HOME,1
D5A8c,CPBL-2023-sk,2023,一軍-3,例行賽,2023-08-16,2023-08-16 18:36,2023-08-16 21:26,樂天桃園棒球場,9,,FINISHED,NORMAL,樂天桃猿,WdFR4,中信兄弟,rSQKE,3,1,7,6,0,0,"1,0,0,2,0,0,0,0,0","0,0,0,0,0,0,0,0,1",HOME,1
ASG2c,CPBL-2023-sk,2023,一軍-3,例行賽,2023-08-16,2023-08-16 18:35,2023-08-16 22:26,臺北市立天母棒球場,9,,FINISHED,NORMAL,味全龍,YdmwO,統一7-ELEVEn獅,BLJyr,13,7,12,13,0,0,"1,1,0,0,0,8,0,3,0","2,0,0,1,0,0,2,1,1",HOME,1
oiaj6,CPBL-2023-sk,2023,一軍-3,例行賽,2023-08-15,2023-08-15 18:36,2023-08-15 21:43,樂天桃園棒球場,9,,FINISHED,NORMAL,樂天桃猿,WdFR4,中信兄弟,rSQKE,11,5,14,7,0,0,"4,0,0,2,0,0,5,0,0","0,3,0,0,0,0,0,2,0",HOME,1
D87XG,CPBL-2023-sk,2023,一軍-3,例行賽,2023-08-15,2023-08-15 18:35,2023-08-15 21:24,臺北市立天母棒球場,9,,FINISHED,NORMAL,味全龍,YdmwO,富邦悍將,O2zA3,2,1,6,5,0,0,"1,0,0,0,0,0,0,0,1","0,0,0,0,0,1,0,0,0",HOME,1
rYi5M,CPBL-2023-sk,2023,一軍-3,例行賽,2023-08-14,2023-08-14 18:36,2023-08-14 22:26,新北市立新莊棒球場,9,,FINISHED,NORMAL,富邦悍將,O2zA3,樂天桃猿,WdFR4,6,14,11,15,0,0,"1,0,0,0,0,0,0,1,4","4,1,0,0,0,1,0,2,6",AWAY,0
TRjDB,CPBL-2023-sk,2023,一軍-3,例行賽,2023-08-13,2023-08-13 17:31,2023-08-13 20:29,臺南市立棒球場,9,,FINISHED,NORMAL,統一7-ELEVEn獅,BLJyr,樂天桃猿,WdFR4,2,0,6,4,0,0,"0,0,2,0,0,0,0,0,0","0,0,0,0,0,0,0,0,0",HOME,1
EkVNb,CPBL-2023-sk,2023,一軍-3,例行賽,2023-08-13,2023-08-13 17:05,2023-08-13 20:12,臺中市洲際棒球場,9,,FINISHED,NORMAL,中信兄弟,rSQKE,味全龍,YdmwO,5,3,8,6,0,0,"3,0,0,0,1,1,0,0,0","0,0,0,0,0,3,0,0,0",HOME,1
qY7Uo,CPBL-2023-sk,2023,一軍-3,例行賽,2023-08-12,2023-08-12 17:05,2023-08-12 22:01,臺南市立棒球場,9,,FINISHED,NORMAL,統一7-ELEVEn獅,BLJyr,富邦悍將,O2zA3,3,7,5,11,0,0,"1,0,1,0,1,0,0,0,0","0,1,4,0,1,1,0,0,0",AWAY,0
ae3AM,CPBL-2023-sk,2023,一軍-3,例行賽,2023-08-12,2023-08-12 17:05,2023-08-12 20:57,臺中市洲際棒球場,12,,FINISHED,NORMAL,中信兄弟,rSQKE,味全龍,YdmwO,1,2,5,7,0,0,"0,0,0,0,0,0,0,1,0,0,0,0","0,0,0,0,0,0,1,0,0,0,0,1",AWAY,0
5VIAI,CPBL-2023-sk,2023,一軍-3,例行賽,2023-08-11,2023-08-11 18:47,2023-08-11 23:09,臺中市洲際棒球場,12,,FINISHED,NORMAL,中信兄弟,rSQKE,味全龍,YdmwO,4,3,14,9,0,0,"0,1,1,0,1,0,0,0,0,0,0,1","3,0,0,0,0,0,0,0,0,0,0,0",HOME,1
ed17B,CPBL-2023-sk,2023,一軍-3,例行賽,2023-08-09,2023-08-09 18:35,2023-08-09 21:54,樂天桃園棒球場,9,,FINISHED,NORMAL,樂天桃猿,WdFR4,富邦悍將,O2zA3,5,3,10,10,0,0,"1,0,0,1,0,0,0,3,0","1,0,0,0,0,0,0,0,2",HOME,1
j5Ept,CPBL-2023-sk,2023,一軍-3,例行賽,2023-08-09,2023-08-09 18:35,2023-08-09 21:23,臺南市立棒球場,9,,FINISHED,NORMAL,統一7-ELEVEn獅,BLJyr,味全龍,YdmwO,4,1,7,6,0,0,"0,4,0,0,0,0,0,0,0","0,0,0,0,0,0,0,0,1",HOME,1
rXntG,CPBL-2023-sk,2023,一軍-3,例行賽,2023-08-08,2023-08-08 18:36,2023-08-08 22:10,樂天桃園棒球場,9,,FINISHED,NORMAL,樂天桃猿,WdFR4,中信兄弟,rSQKE,3,11,12,11,0,0,"3,0,0,0,0,0,0,0,0","0,2,0,1,3,2,0,0,3",AWAY,0
pxVot,CPBL-2023-sk,2023,一軍-3,例行賽,2023-08-08,2023-08-08 18:35,2023-08-08 21:31,臺南市立棒球場,9,,FINISHED,NORMAL,統一7-ELEVEn獅,BLJyr,味全龍,YdmwO,3,1,7,5,0,0,"0,2,0,0,0,0,1,0,0","0,0,0,0,0,1,0,0,0",HOME,1
4kCdN,CPBL-2023-sk,2023,一軍-3,例行賽,2023-08-07,2023-08-07 18:35,2023-08-07 21:44,臺中市洲際棒球場,9,,FINISHED,NORMAL,中信兄弟,rSQKE,統一7-ELEVEn獅,BLJyr,0,6,3,9,0,0,"0,0,0,0,0,0,0,0,0","1,1,2,2,0,0,0,0,0",AWAY,0
APn1p,CPBL-2023-sk,2023,一軍-3,例行賽,2023-08-06,2023-08-06 17:05,2023-08-06 20:44,新北市立新莊棒球場,9,,FINISHED,NORMAL,富邦悍將,O2zA3,統一7-ELEVEn獅,BLJyr,4,1,10,10,0,0,"1,0,0,0,0,0,3,0,0","0,0,0,0,1,0,0,0,0",HOME,1
vSo2j,CPBL-2023-sk,2023,一軍-3,例行賽,2023-08-06,2023-08-06 17:06,2023-08-06 20:04,臺北市立天母棒球場,9,,FINISHED,NORMAL,味全龍,YdmwO,樂天桃猿,WdFR4,4,3,10,8,0,0,"0,1,0,1,0,2,0,0,0","0,0,0,0,0,1,1,1,0",HOME,1
ILZv0,CPBL-2023-sk,2023,一軍-3,例行賽,2023-08-05,2023-08-05 17:07,2023-08-05 20:34,新北市立新莊棒球場,9,,FINISHED,NORMAL,富邦悍將,O2zA3,中信兄弟,rSQKE,6,2,12,8,0,0,"2,0,3,0,0,0,1,0,0","0,0,0,0,2,0,0,0,0",HOME,1
2Zsmc,CPBL-2023-sk,2023,一軍-3,例行賽,2023-08-05,2023-08-05 17:05,2023-08-05 20:06,臺北市立天母棒球場,9,,FINISHED,NORMAL,味全龍,YdmwO,樂天桃猿,WdFR4,4,8,7,11,0,0,"1,0,2,1,0,0,0,0,0","1,0,0,0,0,1,5,0,1",AWAY,0
Kqr2j,CPBL-2023-sk,2023,一軍-3,例行賽,2023-08-04,2023-08-04 18:35,2023-08-04 22:24,花蓮縣立德興棒球場,9,,FINISHED,NORMAL,統一7-ELEVEn獅,BLJyr,中信兄弟,rSQKE,3,8,7,12,0,0,"1,0,0,0,0,2,0,0,0","2,0,0,0,1,2,1,0,2",AWAY,0
ax7aw,CPBL-2023-sk,2023,一軍-3,例行賽,2023-08-04,2023-08-04 18:35,2023-08-04 21:16,臺北市立天母棒球場,9,,FINISHED,NORMAL,味全龍,YdmwO,樂天桃猿,WdFR4,1,5,8,8,0,0,"0,0,0,0,0,0,1,0,0","0,1,0,0,1,1,0,0,2",AWAY,0
eoCeS,CPBL-2023-sk,2023,一軍-3,例行賽,2023-08-03,2023-08-03 18:35,2023-08-03 21:46,花蓮縣立德興棒球場,9,,FINISHED,NORMAL,統一7-ELEVEn獅,BLJyr,中信兄弟,rSQKE,0,4,7,6,0,0,"0,0,0,0,0,0,0,0,0","0,0,0,0,0,2,0,2,0",AWAY,0
GLABX,CPBL-2023-sk,2023,一軍-3,例行賽,2023-08-02,2023-08-02 18:36,2023-08-02 21:50,花蓮縣立德興棒球場,9,,FINISHED,NORMAL,統一7-ELEVEn獅,BLJyr,中信兄弟,rSQKE,1,2,9,5,0,0,"0,0,0,1,0,0,0,0,0","0,0,0,0,0,0,2,0,0",AWAY,0
oOmDz,CPBL-2023-sk,2023,一軍-3,例行賽,2023-08-02,2023-08-02 18:35,2023-08-02 22:06,新北市立新莊棒球場,9,,FINISHED,NORMAL,富邦悍將,O2zA3,樂天桃猿,WdFR4,3,10,10,13,0,0,"0,1,0,0,0,1,0,0,1","3,2,1,1,0,0,0,1,2",AWAY,0
rSxzP,CPBL-2023-sk,2023,一軍-3,例行賽,2023-08-01,2023-08-01 18:35,2023-08-01 21:04,臺北市立天母棒球場,8,,FINISHED,NORMAL,統一7-ELEVEn獅,BLJyr,味全龍,YdmwO,0,0,2,3,0,0,"0,0,0,0,0,0,0","0,0,0,0,0,0,0,0",TIE,
N5wDx,CPBL-2023-sk,2023,一軍-3,例行賽,2023-07-27,2023-07-27 18:35,2023-07-27 21:39,臺北市立天母棒球場,9,,FINISHED,NORMAL,味全龍,YdmwO,統一7-ELEVEn獅,BLJyr,8,1,11,7,0,0,"0,0,0,1,2,4,0,1,0","0,0,0,0,1,0,0,0,0",HOME,1
kDb8D,CPBL-2023-sk,2023,一軍-3,例行賽,2023-07-25,2023-07-25 18:36,2023-07-25 21:29,臺北市立天母棒球場,9,,FINISHED,NORMAL,味全龍,YdmwO,富邦悍將,O2zA3,4,1,9,7,0,0,"0,4,0,0,0,0,0,0,0","0,0,0,0,0,1,0,0,0",HOME,1
JpjBm,CPBL-2023-sk,2023,一軍-3,例行賽,2023-07-24,2023-07-24 18:35,2023-07-24 21:27,新北市立新莊棒球場,9,,FINISHED,NORMAL,富邦悍將,O2zA3,味全龍,YdmwO,6,0,9,1,0,0,"0,0,2,0,3,1,0,0,0","0,0,0,0,0,0,0,0,0",HOME,1
z7iB7,CPBL-2023-sk,2023,一軍-3,例行賽,2023-07-23,2023-07-23 17:05,2023-07-23 20:45,樂天桃園棒球場,9,,FINISHED,NORMAL,樂天桃猿,WdFR4,統一7-ELEVEn獅,BLJyr,4,5,8,11,0,0,"2,0,1,0,0,0,1,0,0","2,1,0,0,0,0,0,0,2",AWAY,0
j7CDN,CPBL-2023-sk,2023,一軍-3,例行賽,2023-07-23,2023-07-23 17:05,2023-07-23 20:28,臺中市洲際棒球場,9,,FINISHED,NORMAL,中信兄弟,rSQKE,富邦悍將,O2zA3,3,4,6,12,0,0,"0,0,0,3,0,0,0,0,0","0,1,0,0,2,0,0,0,1",AWAY,0
ctiHc,CPBL-2023-sk,2023,一軍-3,例行賽,2023-07-22,2023-07-22 17:05,2023-07-22 20:48,樂天桃園棒球場,9,,FINISHED,NORMAL,樂天桃猿,WdFR4,統一7-ELEVEn獅,BLJyr,10,4,16,9,0,0,"0,0,0,0,3,6,1,0,0","1,0,0,1,0,0,2,0,0",HOME,1
vDoye,CPBL-2023-sk,2023,一軍-3,例行賽,2023-07-22,2023-07-22 17:06,2023-07-22 20:23,臺中市洲際棒球場,9,,FINISHED,NORMAL,中信兄弟,rSQKE,味全龍,YdmwO,3,5,11,7,0,0,"0,1,0,0,0,0,0,0,2","0,3,0,0,0,0,0,2,0",AWAY,0
5y72y,CPBL-2023-sk,2023,一軍-3,例行賽,2023-07-21,2023-07-21 18:35,2023-07-21 22:28,樂天桃園棒球場,9,,FINISHED,NORMAL,樂天桃猿,WdFR4,統一7-ELEVEn獅,BLJyr,8,7,13,12,0,0,"0,0,0,4,0,0,0,2,2","1,0,1,0,0,0,0,0,5",HOME,1
0qBui,CPBL-2023-sk,2023,一軍-3,例行賽,2023-07-21,2023-07-21 18:35,2023-07-21 22:26,新北市立新莊棒球場,9,,FINISHED,NORMAL,富邦悍將,O2zA3,味全龍,YdmwO,3,4,9,10,0,0,"0,2,0,0,0,0,0,0,1","0,0,0,0,3,0,1,0,0",AWAY,0
7eKUy,CPBL-2023-sk,2023,一軍-3,例行賽,2023-07-20,2023-07-20 18:35,2023-07-20 21:22,臺中市洲際棒球場,9,,FINISHED,NORMAL,中信兄弟,rSQKE,樂天桃猿,WdFR4,6,4,9,10,0,0,"1,0,0,2,2,0,0,1,0","0,2,0,0,0,0,0,2,0",HOME,1
9I9T2,CPBL-2023-sk,2023,一軍-3,例行賽,2023-07-19,2023-07-19 19:30,2023-07-19 23:00,新北市立新莊棒球場,9,,FINISHED,NORMAL,富邦悍將,O2zA3,味全龍,YdmwO,8,5,13,8,0,0,"1,0,2,2,0,3,0,0,0","0,0,0,0,2,0,3,0,0",HOME,1
82jAu,CPBL-2023-sk,2023,一軍-3,例行賽,2023-07-19,2023-07-19 18:35,2023-07-19 21:16,臺中市洲際棒球場,9,,FINISHED,NORMAL,中信兄弟,rSQKE,統一7-ELEVEn獅,BLJyr,1,0,4,6,0,0,"0,0,0,1,0,0,0,0,0","0,0,0,0,0,0,0,0,0",HOME,1
QGddA,CPBL-2023-sk,2023,一軍-3,例行賽,2023-07-18,2023-07-18 18:35,2023-07-18 22:25,新北市立新莊棒球場,9,,FINISHED,NORMAL,富邦悍將,O2zA3,樂天桃猿,WdFR4,6,1,13,4,0,0,"0,0,0,0,1,2,0,3,0","0,0,0,0,1,0,0,0,0",HOME,1
vm98i,CPBL-2023-sk,2023,一軍-3,例行賽,2023-07-16,2023-07-16 17:05,2023-07-16 20:43,臺南市立棒球場,9,,FINISHED,NORMAL,統一7-ELEVEn獅,BLJyr,富邦悍將,O2zA3,4,2,9,8,0,0,"0,0,0,2,2,0,0,0,0","1,0,1,0,0,0,0,0,0",HOME,1
VXpb0,CPBL-2023-sk,2023,一軍-3,例行賽,2023-07-16,2023-07-16 17:06,2023-07-16 20:23,臺北市立天母棒球場,9,,FINISHED,NORMAL,味全龍,YdmwO,中信兄弟,rSQKE,6,2,13,8,0,0,"1,2,0,1,0,1,1,0,0","2,0,0,0,0,0,0,0,0",HOME,1
87WFV,CPBL-2023-sk,2023,一軍-3,例行賽,2023-07-15,2023-07-15 17:05,2023-07-15 20:17,臺南市立棒球場,9,,FINISHED,NORMAL,統一7-ELEVEn獅,BLJyr,富邦悍將,O2zA3,2,5,8,7,0,0,"0,0,1,1,0,0,0,0,0","1,2,0,0,2,0,0,0,0",AWAY,0
QKKtM,CPBL-2023-sk,2023,一軍-3,例行賽,2023-07-15,2023-07-15 17:05,2023-07-15 20:16,臺北市立天母棒球場,9,,FINISHED,NORMAL,味全龍,YdmwO,樂天桃猿,WdFR4,5,2,8,4,0,0,"0,0,0,0,0,2,0,3,0","2,0,0,0,0,0,0,0,0",HOME,1
lXJYG,CPBL-2023-sk,2023,一軍-3,例行賽,2023-07-14,2023-07-14 18:35,2023-07-14 21:55,臺南市立棒球場,9,,FINISHED,NORMAL,統一7-ELEVEn獅,BLJyr,富邦悍將,O2zA3,4,3,9,3,0,0,"0,0,0,0,1,3,0,0,0","2,0,0,0,0,0,0,1,0",HOME,1
yELVd,CPBL-2023-sk,2023,一軍-3,例行賽,2023-07-14,2023-07-14 18:35,2023-07-14 22:12,臺中市洲際棒球場,10,,FINISHED,NORMAL,中信兄弟,rSQKE,樂天桃猿,WdFR4,2,9,9,13,0,0,"1,0,0,0,0,0,0,1,0,0","0,0,0,2,0,0,0,0,0,7",AWAY,0
jEtXF,CPBL-2023-sk,2023,一軍-3,例行賽,2023-07-03,2023-07-03 18:35,2023-07-03 21:56,新北市立新莊棒球場,9,,FINISHED,NORMAL,富邦悍將,O2zA3,統一7-ELEVEn獅,BLJyr,5,9,7,16,0,0,"0,0,2,0,0,0,0,3,0","1,0,3,0,0,0,4,1,0",AWAY,0
BjyD2,CPBL-2023-sk,2023,一軍-3,例行賽,2023-07-02,2023-07-02 17:06,2023-07-02 20:11,臺中市洲際棒球場,9,,FINISHED,NORMAL,中信兄弟,rSQKE,味全龍,YdmwO,0,1,4,5,0,0,"0,0,0,0,0,0,0,0,0","0,0,0,0,0,0,0,0,1",AWAY,0
V6lH5,CPBL-2023-sk,2023,一軍-3,例行賽,2023-07-02,2023-07-02 17:53,2023-07-02 21:46,樂天桃園棒球場,9,,FINISHED,NORMAL,樂天桃猿,WdFR4,統一7-ELEVEn獅,BLJyr,3,6,5,8,0,0,"1,0,0,1,0,0,1,0,0","0,1,0,0,3,0,2,0,0",AWAY,0
KPBdP,CPBL-2023-sk,2023,一軍-3,例行賽,2023-07-01,2023-07-01 17:06,2023-07-01 22:29,新北市立新莊棒球場,11,,FINISHED,NORMAL,富邦悍將,O2zA3,樂天桃猿,WdFR4,3,6,12,15,0,0,"1,0,0,0,1,0,0,0,1,0,0","0,0,2,0,1,0,0,0,0,0,3",AWAY,0
5ewfN,CPBL-2023-sk,2023,一軍-3,例行賽,2023-06-30,2023-06-30 18:35,2023-06-30 21:33,樂天桃園棒球場,9,,FINISHED,NORMAL,樂天桃猿,WdFR4,中信兄弟,rSQKE,6,0,12,6,0,0,"1,0,1,0,0,2,1,1,0","0,0,0,0,0,0,0,0,0",HOME,1
Yu5Xv,CPBL-2023-sk,2023,一軍-3,例行賽,2023-06-29,2023-06-29 18:36,2023-06-29 22:22,新北市立新莊棒球場,9,,FINISHED,NORMAL,富邦悍將,O2zA3,統一7-ELEVEn獅,BLJyr,3,7,6,13,0,0,"0,0,0,1,0,0,0,0,2","0,0,1,2,1,0,0,0,3",AWAY,0
UtPKd,CPBL-2023-sk,2023,一軍-3,例行賽,2023-06-29,2023-06-29 18:35,2023-06-29 22:05,樂天桃園棒球場,9,,FINISHED,NORMAL,樂天桃猿,WdFR4,味全龍,YdmwO,5,2,6,7,0,0,"0,0,0,0,2,1,1,1,0","0,0,1,1,0,0,0,0,0",HOME,1
qjTqY,CPBL-2023-sk,2023,一軍-3,例行賽,2023-06-28,2023-06-28 18:35,2023-06-28 22:11,臺北市立天母棒球場,9,,FINISHED,NORMAL,味全龍,YdmwO,中信兄弟,rSQKE,10,7,12,13,0,0,"1,0,1,1,4,3,0,0,0","0,0,2,5,0,0,0,0,0",HOME,1
Kp5mK,CPBL-2023-sk,2023,一軍-3,例行賽,2023-06-27,2023-06-27 18:35,2023-06-27 23:27,嘉義市立棒球場,12,,FINISHED,NORMAL,統一7-ELEVEn獅,BLJyr,樂天桃猿,WdFR4,4,4,10,11,0,0,"0,0,0,0,2,1,1,0,0,0,0,0","0,1,1,2,0,0,0,0,0,0,0,0",TIE,
NZ247,CPBL-2023-sk,2023,一軍-3,例行賽,2023-06-27,2023-06-27 18:35,2023-06-27 21:41,臺北市立天母棒球場,9,,FINISHED,NORMAL,味全龍,YdmwO,中信兄弟,rSQKE,3,9,7,11,0,0,"0,0,0,0,1,0,0,2,0","0,0,0,0,0,2,5,2,0",AWAY,0
tnHs6,CPBL-2023-sk,2023,一軍-3,例行賽,2023-06-25,2023-06-25 17:05,2023-06-25 21:16,樂天桃園棒球場,10,,FINISHED,NORMAL,樂天桃猿,WdFR4,統一7-ELEVEn獅,BLJyr,6,5,18,14,0,0,"1,2,0,0,0,1,0,0,1,1","1,1,0,1,1,0,0,0,1,0",HOME,1
H9TAs,CPBL-2023-sk,2023,一軍-3,例行賽,2023-06-25,2023-06-25 17:06,2023-06-25 21:00,臺北市立天母棒球場,9,,FINISHED,NORMAL,味全龍,YdmwO,富邦悍將,O2zA3,11,7,13,11,0,0,"2,0,1,0,2,6,0,0,0","0,4,0,0,2,0,0,0,1",HOME,1
QfWqC,CPBL-2023-sk,2023,一軍-3,例行賽,2023-06-24,2023-06-24 17:05,2023-06-24 20:05,臺中市洲際棒球場,9,,FINISHED,NORMAL,中信兄弟,rSQKE,統一7-ELEVEn獅,BLJyr,3,2,7,8,0,0,"0,0,0,0,0,1,0,2,0","0,0,1,1,0,0,0,0,0",HOME,1
97aOw,CPBL-2023-sk,2023,一軍-3,例行賽,2023-06-24,2023-06-24 17:05,2023-06-24 20:58,臺北市立天母棒球場,9,,FINISHED,NORMAL,味全龍,YdmwO,樂天桃猿,WdFR4,0,4,5,10,0,0,"0,0,0,0,0,0,0,0,0","0,0,0,2,0,0,1,1,0",AWAY,0
0hPqY,CPBL-2023-sk,2023,一軍-3,例行賽,2023-06-23,2023-06-23 17:05,2023-06-23 20:45,臺中市洲際棒球場,9,,FINISHED,NORMAL,中信兄弟,rSQKE,富邦悍將,O2zA3,5,3,5,6,0,0,"1,0,0,0,3,0,0,1,0","0,0,0,0,0,2,0,0,1",HOME,1
89xF4,CPBL-2023-sk,2023,一軍-3,例行賽,2023-06-23,2023-06-23 17:17,2023-06-23 20:39,臺北市立天母棒球場,9,,FINISHED,NORMAL,味全龍,YdmwO,樂天桃猿,WdFR4,7,5,13,11,0,0,"1,0,4,2,0,0,0,0,0","0,0,0,0,0,1,0,0,4",HOME,1
qBqhe,CPBL-2023-sk,2023,一軍-3,例行賽,2023-06-22,2023-06-22 17:06,2023-06-22 20:41,臺中市洲際棒球場,9,,FINISHED,NORMAL,中信兄弟,rSQKE,富邦悍將,O2zA3,4,5,9,6,0,0,"0,0,0,0,1,0,0,0,3","3,0,0,1,0,0,0,0,1",AWAY,0
WcTpA,CPBL-2023-sk,2023,一軍-3,例行賽,2023-06-22,2023-06-22 17:05,2023-06-22 20:29,樂天桃園棒球場,9,,FINISHED,NORMAL,樂天桃猿,WdFR4,統一7-ELEVEn獅,BLJyr,1,10,6,19,0,0,"0,0,0,0,0,1,0,0,0","3,5,0,1,0,1,0,0,0",AWAY,0
8dtHh,CPBL-2023-sk,2023,一軍-3,例行賽,2023-06-21,2023-06-21 18:35,2023-06-21 21:55,臺中市洲際棒球場,9,,FINISHED,NORMAL,中信兄弟,rSQKE,統一7-ELEVEn獅,BLJyr,8,7,9,10,0,0,"0,1,0,1,1,5,0,0,0","4,1,0,0,0,0,2,0,0",HOME,1
ccxJd,CPBL-2023-sk,2023,一軍-3,例行賽,2023-06-21,2023-06-21 18:36,2023-06-21 21:59,臺北市立天母棒球場,9,,FINISHED,NORMAL,味全龍,YdmwO,富邦悍將,O2zA3,11,2,13,6,0,0,"0,1,0,0,0,0,7,3,0","0,0,0,0,2,0,0,0,0",HOME,1
Glmxv,CPBL-2023-sk,2023,一軍-3,例行賽,2023-06-20,2023-06-20 18:35,2023-06-20 22:34,臺南市立棒球場,11,,FINISHED,NORMAL,統一7-ELEVEn獅,BLJyr,樂天桃猿,WdFR4,2,4,8,10,0,0,"0,0,1,0,0,0,0,1,0,0,0","0,1,0,0,0,0,0,1,0,0,2",AWAY,0
dESCg,CPBL-2023-sk,2023,一軍-3,例行賽,2023-06-20,2023-06-20 18:35,2023-06-20 21:43,臺中市洲際棒球場,9,,FINISHED,NORMAL,中信兄弟,rSQKE,味全龍,YdmwO,2,6,7,12,0,0,"0,0,0,0,2,0,0,0,0","0,0,1,0,4,0,0,0,1",AWAY,0
ak9dF,CPBL-2023-sk,2023,一軍-3,例行賽,2023-06-18,2023-06-18 17:05,2023-06-18 20:50,臺南市立棒球場,10,,FINISHED,NORMAL,統一7-ELEVEn獅,BLJyr,味全龍,YdmwO,8,7,12,12,0,0,"6,0,1,0,0,0,0,0,0,1","0,1,0,5,0,0,0,1,0,0",HOME,1
9K2ye,CPBL-2023-sk,2023,一軍-3,例行賽,2023-06-18,2023-06-18 17:06,2023-06-18 20:51,新北市立新莊棒球場,9,,FINISHED,NORMAL,富邦悍將,O2zA3,中信兄弟,rSQKE,6,11,15,11,0,0,"0,1,1,2,0,0,0,0,2","0,3,0,0,5,1,1,1,0",AWAY,0
Vyu2Y,CPBL-2023-sk,2023,一軍-3,例行賽,2023-06-17,2023-06-17 18:35,2023-06-17 21:40,臺南市立棒球場,9,,FINISHED,NORMAL,統一7-ELEVEn獅,BLJyr,富邦悍將,O2zA3,1,0,4,2,0,0,"0,0,1,0,0,0,0,0,0","0,0,0,0,0,0,0,0,0",HOME,1
IeeWg,CPBL-2023-sk,2023,一軍-3,例行賽,2023-06-17,2023-06-17 18:36,2023-06-17 23:17,樂天桃園棒球場,12,,FINISHED,NORMAL,樂天桃猿,WdFR4,中信兄弟,rSQKE,2,2,7,11,0,0,"0,0,0,0,2,0,0,0,0,0,0,0","0,1,0,0,0,0,1,0,0,0,0,0",TIE,
lvgF4,CPBL-2023-sk,2023,一軍-3,例行賽,2023-06-16,2023-06-16 18:35,2023-06-16 22:33,臺南市立棒球場,9,,FINISHED,NORMAL,統一7-ELEVEn獅,BLJyr,富邦悍將,O2zA3,8,6,10,11,0,0,"0,3,0,0,1,0,0,4,0","1,0,0,0,0,0,0,1,4",HOME,1
9HLtd,CPBL-2023-sk,2023,一軍-3,例行賽,2023-06-15,2023-06-15 18:36,2023-06-15 22:12,樂天桃園棒球場,9,,FINISHED,NORMAL,樂天桃猿,WdFR4,味全龍,YdmwO,1,8,9,12,0,0,"0,0,0,0,0,0,0,0,1","1,5,0,0,0,0,2,0,0",AWAY,0
F8p8E,CPBL-2023-sk,2023,一軍-3,例行賽,2023-06-14,2023-06-14 18:36,2023-06-14 21:16,新北市立新莊棒球場,9,,FINISHED,NORMAL,富邦悍將,O2zA3,中信兄弟,rSQKE,1,3,2,9,0,0,"0,0,0,0,0,1,0,0,0","0,0,0,1,0,2,0,0,0",AWAY,0
Z4kRq,CPBL-2023-sk,2023,一軍-3,例行賽,2023-06-13,2023-06-13 18:37,2023-06-13 22:43,新北市立新莊棒球場,9,,FINISHED,NORMAL,富邦悍將,O2zA3,樂天桃猿,WdFR4,3,7,9,11,0,0,"0,0,1,1,0,0,1,0,0","0,3,0,0,4,0,0,0,0",AWAY,0
fsT29,CPBL-2023-sk,2023,一軍-3,例行賽,2023-06-13,2023-06-13 18:35,2023-06-13 21:51,臺南市立棒球場,9,,FINISHED,NORMAL,統一7-ELEVEn獅,BLJyr,味全龍,YdmwO,6,2,12,3,0,0,"0,0,0,0,2,0,1,3,0","0,0,0,0,0,0,2,0,0",HOME,1
Yy1Kb,CPBL-2023-sk,2023,一軍-3,例行賽,2023-06-11,2023-06-11 17:05,2023-06-11 21:47,臺北市立天母棒球場,9,,FINISHED,NORMAL,味全龍,YdmwO,統一7-ELEVEn獅,BLJyr,12,9,14,12,0,0,"4,0,1,2,4,1,0,0,0","0,0,0,6,0,1,1,0,1",HOME,1
sUwfJ,CPBL-2023-sk,2023,一軍-3,例行賽,2023-06-11,2023-06-11 17:05,2023-06-11 20:20,臺中市洲際棒球場,9,,FINISHED,NORMAL,中信兄弟,rSQKE,樂天桃猿,WdFR4,9,3,11,10,0,0,"1,0,1,1,2,0,4,0,0","0,0,0,3,0,0,0,0,0",HOME,1
5rKhi,CPBL-2023-sk,2023,一軍-3,例行賽,2023-06-10,2023-06-10 17:05,2023-06-10 19:48,臺北市立天母棒球場,8,,FINISHED,NORMAL,味全龍,YdmwO,富邦悍將,O2zA3,0,0,3,6,0,0,"0,0,0,0,0,0,0,0","0,0,0,0,0,0,0,0,0",TIE,
srfNz,CPBL-2023-sk,2023,一軍-3,例行賽,2023-06-10,2023-06-10 17:05,2023-06-10 20:27,臺中市洲際棒球場,9,,FINISHED,NORMAL,中信兄弟,rSQKE,樂天桃猿,WdFR4,7,0,11,6,0,0,"0,0,0,0,1,5,0,1,0","0,0,0,0,0,0,0,0,0",HOME,1
Gftii,CPBL-2023-sk,2023,一軍-3,例行賽,2023-06-09,2023-06-09 18:35,2023-06-09 21:46,臺南市立棒球場,9,,FINISHED,NORMAL,統一7-ELEVEn獅,BLJyr,富邦悍將,O2zA3,8,0,11,6,0,0,"6,0,0,2,0,0,0,0,0","0,0,0,0,0,0,0,0,0",HOME,1
HAgkC,CPBL-2023-sk,2023,一軍-3,例行賽,2023-06-09,2023-06-09 18:35,2023-06-09 22:38,臺中市洲際棒球場,11,,FINISHED,NORMAL,中信兄弟,rSQKE,樂天桃猿,WdFR4,6,5,11,10,0,0,"1,0,1,0,0,0,0,3,0,0,1","0,3,1,0,0,0,0,1,0,0,0",HOME,1
oawir,CPBL-2023-sk,2023,一軍-3,例行賽,2023-06-08,2023-06-08 18:35,2023-06-08 22:22,澄清湖棒球場,9,,FINISHED,NORMAL,統一7-ELEVEn獅,BLJyr,富邦悍將,O2zA3,9,1,14,6,0,0,"0,0,7,0,0,1,1,0,0","0,1,0,0,0,0,0,0,0",HOME,1
40Kin,CPBL-2023-sk,2023,一軍-3,例行賽,2023-06-08,2023-06-08 18:35,2023-06-08 22:09,臺北市立天母棒球場,10,,FINISHED,NORMAL,味全龍,YdmwO,中信兄弟,rSQKE,3,3,9,9,0,0,"1,0,1,1,0,0,0,0,0,0","0,0,0,0,0,2,0,1,0,0",TIE,
ebKK4,CPBL-2023-sk,2023,一軍-3,例行賽,2023-06-07,2023-06-07 18:35,2023-06-07 22:06,澄清湖棒球場,9,,FINISHED,NORMAL,統一7-ELEVEn獅,BLJyr,富邦悍將,O2zA3,2,3,10,9,0,0,"0,0,0,0,0,0,2,0,0","0,1,0,2,0,0,0,0,0",AWAY,0
oscXA,CPBL-2023-sk,2023,一軍-3,例行賽,2023-06-07,2023-06-07 18:35,2023-06-07 21:29,臺北市立天母棒球場,9,,FINISHED,NORMAL,味全龍,YdmwO,樂天桃猿,WdFR4,7,4,9,7,0,0,"4,1,0,2,0,0,0,0,0","0,0,0,0,0,0,0,4,0",HOME,1
39Zk3,CPBL-2023-sk,2023,一軍-3,例行賽,2023-06-06,2023-06-06 18:35,2023-06-06 21:43,澄清湖棒球場,9,,FINISHED,NORMAL,統一7-ELEVEn獅,BLJyr,中信兄弟,rSQKE,0,1,7,5,0,0,"0,0,0,0,0,0,0,0,0","0,1,0,0,0,0,0,0,0",AWAY,0
0jfug,CPBL-2023-sk,2023,一軍-3,例行賽,2023-06-06,2023-06-06 18:35,2023-06-06 21:37,臺北市立天母棒球場,9,,FINISHED,NORMAL,味全龍,YdmwO,樂天桃猿,WdFR4,1,2,5,7,0,0,"1,0,0,0,0,0,0,0,0","2,0,0,0,0,0,0,0,0",AWAY,0
kOMJo,CPBL-2023-sk,2023,一軍-3,例行賽,2023-06-04,2023-06-04 17:05,2023-06-04 21:01,臺南市立棒球場,9,,FINISHED,NORMAL,統一7-ELEVEn獅,BLJyr,中信兄弟,rSQKE,5,9,11,13,0,0,"1,0,1,0,0,0,0,0,3","0,0,0,0,0,0,0,7,2",AWAY,0
jmYZv,CPBL-2023-sk,2023,一軍-3,例行賽,2023-06-04,2023-06-04 17:05,2023-06-04 21:11,樂天桃園棒球場,9,,FINISHED,NORMAL,樂天桃猿,WdFR4,富邦悍將,O2zA3,7,10,8,20,0,0,"0,1,5,0,0,0,0,1,0","0,0,2,0,0,1,2,5,0",AWAY,0
JxZZm,CPBL-2023-sk,2023,一軍-3,例行賽,2023-06-03,2023-06-03 17:05,2023-06-03 20:38,臺南市立棒球場,9,,FINISHED,NORMAL,統一7-ELEVEn獅,BLJyr,味全龍,YdmwO,6,1,9,10,0,0,"1,0,0,4,1,0,0,0,0","0,0,0,0,0,0,1,0,0",HOME,1
4JXhy,CPBL-2023-sk,2023,一軍-3,例行賽,2023-06-03,2023-06-03 17:05,2023-06-03 20:45,樂天桃園棒球場,9,,FINISHED,NORMAL,樂天桃猿,WdFR4,富邦悍將,O2zA3,8,2,16,10,0,0,"3,0,0,0,4,0,0,1,0","0,0,2,0,0,0,0,0,0",HOME,1
C5flF,CPBL-2023-sk,2023,一軍-3,例行賽,2023-06-02,2023-06-02 18:35,2023-06-02 22:17,澄清湖棒球場,9,,FINISHED,NORMAL,中信兄弟,rSQKE,味全龍,YdmwO,2,6,8,11,0,0,"0,1,0,0,0,1,0,0,0","1,2,0,0,1,0,2,0,0",AWAY,0
6fguP,CPBL-2023-sk,2023,一軍-3,例行賽,2023-06-02,2023-06-02 18:35,2023-06-02 22:35,樂天桃園棒球場,9,,FINISHED,NORMAL,樂天桃猿,WdFR4,富邦悍將,O2zA3,5,7,9,15,0,0,"0,0,2,0,0,3,0,0,0","0,0,0,0,2,0,3,0,2",AWAY,0
CS3CX,CPBL-2023-sk,2023,一軍-3,例行賽,2023-06-01,2023-06-01 18:35,2023-06-01 21:56,澄清湖棒球場,10,,FINISHED,NORMAL,中信兄弟,rSQKE,味全龍,YdmwO,1,2,7,9,0,0,"0,0,0,0,0,0,0,0,1,0","0,0,0,1,0,0,0,0,0,1",AWAY,0
Fa23y,CPBL-2023-sk,2023,一軍-3,例行賽,2023-06-01,2023-06-01 18:35,2023-06-01 22:09,臺南市立棒球場,9,,FINISHED,NORMAL,統一7-ELEVEn獅,BLJyr,樂天桃猿,WdFR4,10,3,13,8,0,0,"2,0,2,0,0,4,1,1,0","0,0,0,2,0,1,0,0,0",HOME,1
yr51q,CPBL-2023-sk,2023,一軍-3,例行賽,2023-05-31,2023-05-31 19:00,2023-05-31 22:17,澄清湖棒球場,9,,FINISHED,NORMAL,中信兄弟,rSQKE,味全龍,YdmwO,1,4,4,6,0,0,"0,0,1,0,0,0,0,0,0","0,0,1,0,0,1,0,2,0",AWAY,0
qzqcL,CPBL-2023-sk,2023,一軍-3,例行賽,2023-05-31,2023-05-31 18:35,2023-05-31 22:28,臺南市立棒球場,9,,FINISHED,NORMAL,統一7-ELEVEn獅,BLJyr,富邦悍將,O2zA3,6,10,10,13,0,0,"2,0,0,1,1,0,2,0,0","0,0,0,0,7,0,3,0,0",AWAY,0
YEDLB,CPBL-2023-sk,2023,一軍-3,例行賽,2023-05-30,2023-05-30 18:35,2023-05-30 22:55,澄清湖棒球場,11,,FINISHED,NORMAL,中信兄弟,rSQKE,樂天桃猿,WdFR4,10,9,14,16,0,0,"0,0,5,0,4,0,0,0,0,0,1","1,6,0,2,0,0,0,0,0,0,0",HOME,1
uQSx3,CPBL-2023-sk,2023,一軍-3,例行賽,2023-05-30,2023-05-30 18:45,2023-05-30 22:19,臺南市立棒球場,9,,FINISHED,NORMAL,統一7-ELEVEn獅,BLJyr,富邦悍將,O2zA3,6,5,8,8,0,0,"0,0,3,1,0,2,0,0,0","1,0,0,0,1,2,0,1,0",HOME,1
aJWlE,CPBL-2023-sk,2023,一軍-3,例行賽,2023-05-28,2023-05-28 17:05,2023-05-28 19:53,臺中市洲際棒球場,9,,FINISHED,NORMAL,中信兄弟,rSQKE,樂天桃猿,WdFR4,0,2,7,10,0,0,"0,0,0,0,0,0,0,0,0","0,0,0,0,0,0,0,1,1",AWAY,0
BvR1F,CPBL-2023-sk,2023,一軍-3,例行賽,2023-05-28,2023-05-28 17:06,2023-05-28 20:10,新北市立新莊棒球場,9,,FINISHED,NORMAL,富邦悍將,O2zA3,味全龍,YdmwO,8,0,11,2,0,0,"6,0,0,1,0,0,1,0,0","0,0,0,0,0,0,0,0,0",HOME,1
cbvw7,CPBL-2023-sk,2023,一軍-3,例行賽,2023-05-27,2023-05-27 17:05,2023-05-27 20:12,臺中市洲際棒球場,9,,FINISHED,NORMAL,中信兄弟,rSQKE,統一7-ELEVEn獅,BLJyr,1,5,5,11,0,0,"0,0,1,0,0,0,0,0,0","2,0,1,0,0,0,2,0,0",AWAY,0
EkcqX,CPBL-2023-sk,2023,一軍-3,例行賽,2023-05-27,2023-05-27 17:06,2023-05-27 19:44,新北市立新莊棒球場,9,,FINISHED,NORMAL,富邦悍將,O2zA3,味全龍,YdmwO,0,1,3,5,0,0,"0,0,0,0,0,0,0,0,0","0,0,0,0,0,0,1,0,0",AWAY,0
gg93i,CPBL-2023-sk,2023,一軍-3,例行賽,2023-05-26,2023-05-26 18:35,2023-05-26 21:39,樂天桃園棒球場,9,,FINISHED,NORMAL,樂天桃猿,WdFR4,統一7-ELEVEn獅,BLJyr,0,7,5,14,0,0,"0,0,0,0,0,0,0,0,0","3,0,0,0,0,0,1,0,3",AWAY,0
DxbsQ,CPBL-2023-sk,2023,一軍-3,例行賽,2023-05-26,2023-05-26 18:36,2023-05-26 22:23,新北市立新莊棒球場,9,,FINISHED,NORMAL,富邦悍將,O2zA3,味全龍,YdmwO,11,2,13,8,0,0,"0,8,0,0,2,0,0,1,0","1,0,1,0,0,0,0,0,0",HOME,1
Mcy3G,CPBL-2023-sk,2023,一軍-3,例行賽,2023-05-25,2023-05-25 18:35,2023-05-25 21:47,樂天桃園棒球場,9,,FINISHED,NORMAL,樂天桃猿,WdFR4,統一7-ELEVEn獅,BLJyr,4,9,10,9,0,0,"0,1,0,0,1,2,0,0,0","4,0,0,0,0,0,3,1,1",AWAY,0
zkEVU,CPBL-2023-sk,2023,一軍-3,例行賽,2023-05-25,2023-05-25 18:36,2023-05-25 21:36,臺中市洲際棒球場,9,,FINISHED,NORMAL,中信兄弟,rSQKE,富邦悍將,O2zA3,4,5,11,11,0,0,"2,0,0,2,0,0,0,0,0","0,0,2,0,1,0,0,0,2",AWAY,0
7rVQb,CPBL-2023-sk,2023,一軍-3,例行賽,2023-05-24,2023-05-24 19:25,2023-05-24 23:12,樂天桃園棒球場,11,,FINISHED,NORMAL,樂天桃猿,WdFR4,統一7-ELEVEn獅,BLJyr,1,3,7,6,0,0,"0,0,0,0,0,0,0,0,1,0,0","0,0,0,0,0,0,0,1,0,0,2",AWAY,0
OBAIT,CPBL-2023-sk,2023,一軍-3,例行賽,2023-05-23,2023-05-23 18:36,2023-05-24 01:03,臺中市洲際棒球場,9,,FINISHED,NORMAL,中信兄弟,rSQKE,味全龍,YdmwO,10,7,11,14,0,0,"1,0,2,2,0,0,3,2,0","0,0,0,0,0,3,4,0,0",HOME,1
ssfsc,CPBL-2023-sk,2023,一軍-3,例行賽,2023-05-21,2023-05-21 17:11,2023-05-21 20:23,樂天桃園棒球場,9,,FINISHED,NORMAL,樂天桃猿,WdFR4,富邦悍將,O2zA3,0,2,6,7,0,0,"0,0,0,0,0,0,0,0,0","0,0,0,1,0,0,0,1,0",AWAY,0
GS1n3,CPBL-2023-sk,2023,一軍-3,例行賽,2023-05-21,2023-05-21 17:05,2023-05-21 20:54,花蓮縣立德興棒球場,9,,FINISHED,NORMAL,味全龍,YdmwO,統一7-ELEVEn獅,BLJyr,7,6,8,12,0,0,"2,2,0,0,0,0,0,3,0","2,3,0,0,0,1,0,0,0",HOME,1
ELAHL,CPBL-2023-sk,2023,一軍-3,例行賽,2023-05-20,2023-05-20 17:05,2023-05-20 20:53,樂天桃園棒球場,9,,FINISHED,NORMAL,樂天桃猿,WdFR4,中信兄弟,rSQKE,3,6,10,11,0,0,"0,2,0,0,1,0,0,0,0","0,0,0,0,4,0,0,0,2",AWAY,0
ZlKux,CPBL-2023-sk,2023,一軍-3,例行賽,2023-05-20,2023-05-20 17:05,2023-05-20 20:50,花蓮縣立德興棒球場,9,,FINISHED,NORMAL,味全龍,YdmwO,統一7-ELEVEn獅,BLJyr,2,3,6,9,0,0,"1,0,0,0,0,0,1,0,0","0,0,3,0,0,0,0,0,0",AWAY,0
qkf1o,CPBL-2023-sk,2023,一軍-3,例行賽,2023-05-19,2023-05-19 18:36,2023-05-19 21:41,新北市立新莊棒球場,9,,FINISHED,NORMAL,富邦悍將,O2zA3,中信兄弟,rSQKE,0,3,0,6,0,0,"0,0,0,0,0,0,0,0,0","0,0,0,0,1,0,0,0,2",AWAY,0
lzLNA,CPBL-2023-sk,2023,一軍-3,例行賽,2023-05-19,2023-05-19 19:16,2023-05-19 22:04,花蓮縣立德興棒球場,9,,FINISHED,NORMAL,味全龍,YdmwO,統一7-ELEVEn獅,BLJyr,0,7,2,10,0,0,"0,0,0,0,0,0,0,0,0","3,0,1,2,1,0,0,0,0",AWAY,0
4z0Pg,CPBL-2023-sk,2023,一軍-3,例行賽,2023-05-18,2023-05-18 18:35,2023-05-18 22:55,新北市立新莊棒球場,10,,FINISHED,NORMAL,富邦悍將,O2zA3,中信兄弟,rSQKE,6,6,12,15,0,0,"0,0,0,0,2,1,3,0,0","0,0,0,4,0,0,1,1,0,0",TIE,
aPxaL,CPBL-2023-sk,2023,一軍-3,例行賽,2023-05-18,2023-05-18 18:35,2023-05-18 21:51,樂天桃園棒球場,9,,FINISHED,NORMAL,樂天桃猿,WdFR4,味全龍,YdmwO,9,3,7,8,0,0,"0,2,0,0,1,0,3,3,0","0,0,0,0,2,1,0,0,0",HOME,1
EO7f9,CPBL-2023-sk,2023,一軍-3,例行賽,2023-05-17,2023-05-17 18:35,2023-05-17 21:46,新北市立新莊棒球場,9,,FINISHED,NORMAL,富邦悍將,O2zA3,中信兄弟,rSQKE,2,8,8,9,0,0,"0,0,0,0,2,0,0,0,0","2,0,2,0,0,0,1,0,3",AWAY,0
ONfUJ,CPBL-2023-sk,2023,一軍-3,例行賽,2023-05-17,2023-05-17 18:35,2023-05-17 21:15,樂天桃園棒球場,9,,FINISHED,NORMAL,樂天桃猿,WdFR4,統一7-ELEVEn獅,BLJyr,1,0,6,7,0,0,"0,1,0,0,0,0,0,0,0","0,0,0,0,0,0,0,0,0",HOME,1
jus4p,CPBL-2023-sk,2023,一軍-3,例行賽,2023-05-16,2023-05-16 18:36,2023-05-16 22:26,新北市立新莊棒球場,9,,FINISHED,NORMAL,富邦悍將,O2zA3,味全龍,YdmwO,2,4,7,8,0,0,"0,0,0,0,2,0,0,0,0","0,0,0,0,1,3,0,0,0",AWAY,0
UJAc2,CPBL-2023-sk,2023,一軍-3,例行賽,2023-05-16,2023-05-16 18:35,2023-05-16 21:38,樂天桃園棒球場,9,,FINISHED,NORMAL,樂天桃猿,WdFR4,統一7-ELEVEn獅,BLJyr,4,2,8,7,0,0,"0,0,0,0,4,0,0,0,0","1,0,0,0,0,0,1,0,0",HOME,1
RHVPE,CPBL-2023-sk,2023,一軍-3,例行賽,2023-05-15,2023-05-15 18:36,2023-05-15 21:58,臺中市洲際棒球場,9,,FINISHED,NORMAL,中信兄弟,rSQKE,樂天桃猿,WdFR4,1,8,4,10,0,0,"0,0,0,0,0,1,0,0,0","0,2,0,1,1,0,1,2,1",AWAY,0
quTI7,CPBL-2023-sk,2023,一軍-3,例行賽,2023-05-14,2023-05-14 14:06,2023-05-14 17:27,臺南市立棒球場,9,,FINISHED,NORMAL,統一7-ELEVEn獅,BLJyr,中信兄弟,rSQKE,5,0,7,7,0,0,"2,0,0,0,0,0,0,3,0","0,0,0,0,0,0,0,0,0",HOME,1
n5W47,CPBL-2023-sk,2023,一軍-3,例行賽,2023-05-14,2023-05-14 14:05,2023-05-14 18:08,新北市立新莊棒球場,9,,FINISHED,NORMAL,富邦悍將,O2zA3,味全龍,YdmwO,7,3,14,8,0,0,"0,0,1,0,0,1,5,0,0","0,0,0,2,0,1,0,0,0",HOME,1
U4Nwy,CPBL-2023-sk,2023,一軍-3,例行賽,2023-05-13,2023-05-13 17:05,2023-05-13 20:46,臺南市立棒球場,9,,FINISHED,NORMAL,統一7-ELEVEn獅,BLJyr,中信兄弟,rSQKE,2,4,5,8,0,0,"0,0,0,0,0,1,0,1,0","0,0,1,0,0,2,0,1,0",AWAY,0
onmH5,CPBL-2023-sk,2023,一軍-3,例行賽,2023-05-13,2023-05-13 17:06,2023-05-13 19:55,新北市立新莊棒球場,9,,FINISHED,NORMAL,富邦悍將,O2zA3,樂天桃猿,WdFR4,2,4,6,5,0,0,"0,0,0,0,0,0,0,2,0","0,0,4,0,0,0,0,0,0",AWAY,0
aJzyQ,CPBL-2023-sk,2023,一軍-3,例行賽,2023-05-12,2023-05-12 18:37,2023-05-12 21:15,臺南市立棒球場,9,,FINISHED,NORMAL,統一7-ELEVEn獅,BLJyr,中信兄弟,rSQKE,1,6,3,8,0,0,"0,0,1,0,0,0,0,0,0","1,0,0,0,0,3,0,2,0",AWAY,0
D6JWT,CPBL-2023-sk,2023,一軍-3,例行賽,2023-05-12,2023-05-12 18:35,2023-05-12 21:51,臺北市立天母棒球場,9,,FINISHED,NORMAL,味全龍,YdmwO,樂天桃猿,WdFR4,3,6,4,7,0,0,"0,0,1,0,0,1,1,0,0","0,0,0,0,0,3,1,2,0",AWAY,0
oS7fP,CPBL-2023-sk,2023,一軍-3,例行賽,2023-05-11,2023-05-11 18:35,2023-05-11 21:26,新北市立新莊棒球場,9,,FINISHED,NORMAL,富邦悍將,O2zA3,統一7-ELEVEn獅,BLJyr,3,1,5,5,0,0,"0,0,0,0,0,0,3,0,0","0,0,0,0,0,1,0,0,0",HOME,1
IQ8uI,CPBL-2023-sk,2023,一軍-3,例行賽,2023-05-11,2023-05-11 18:35,2023-05-11 21:29,臺北市立天母棒球場,9,,FINISHED,NORMAL,味全龍,YdmwO,樂天桃猿,WdFR4,3,1,9,6,0,0,"0,1,0,0,2,0,0,0,0","0,0,0,1,0,0,0,0,0",HOME,1
BRouM,CPBL-2023-sk,2023,一軍-3,例行賽,2023-05-10,2023-05-10 18:35,2023-05-10 21:51,新北市立新莊棒球場,9,,FINISHED,NORMAL,富邦悍將,O2zA3,中信兄弟,rSQKE,2,8,7,15,0,0,"0,0,1,1,0,0,0,0,0","0,2,1,0,2,1,0,2,0",AWAY,0
a24D1,CPBL-2023-sk,2023,一軍-3,例行賽,2023-05-10,2023-05-10 18:35,2023-05-10 21:43,臺北市立天母棒球場,9,,FINISHED,NORMAL,味全龍,YdmwO,樂天桃猿,WdFR4,4,3,4,9,0,0,"0,0,0,0,0,4,0,0,0","0,0,0,2,0,1,0,0,0",HOME,1
ycIm8,CPBL-2023-sk,2023,一軍-3,例行賽,2023-05-09,2023-05-09 18:35,2023-05-09 21:59,新北市立新莊棒球場,9,,FINISHED,NORMAL,富邦悍將,O2zA3,中信兄弟,rSQKE,1,7,5,8,0,0,"0,0,1,0,0,0,0,0,0","0,0,0,2,0,0,4,0,1",AWAY,0
9JZpl,CPBL-2023-sk,2023,一軍-3,例行賽,2023-05-09,2023-05-09 18:36,2023-05-09 22:00,臺北市立天母棒球場,9,,FINISHED,NORMAL,味全龍,YdmwO,統一7-ELEVEn獅,BLJyr,2,2,9,6,0,0,"0,0,0,0,0,0,1,0,1","1,0,0,0,0,1,0,0,0",TIE,
C06So,CPBL-2023-sk,2023,一軍-3,例行賽,2023-05-07,2023-05-07 14:06,2023-05-07 17:16,臺中市洲際棒球場,9,,FINISHED,NORMAL,中信兄弟,rSQKE,富邦悍將,O2zA3,3,1,10,6,0,0,"1,0,0,0,0,0,2,0,0","0,0,0,0,0,0,0,0,1",HOME,1
YKcEV,CPBL-2023-sk,2023,一軍-3,例行賽,2023-05-06,2023-05-06 17:05,2023-05-06 21:00,樂天桃園棒球場,9,,FINISHED,NORMAL,樂天桃猿,WdFR4,味全龍,YdmwO,5,8,9,13,0,0,"2,0,2,1,0,0,0,0,0","0,0,1,0,0,5,2,0,0",AWAY,0
tujaO,CPBL-2023-sk,2023,一軍-3,例行賽,2023-05-06,2023-05-06 17:05,2023-05-06 20:27,臺中市洲際棒球場,9,,FINISHED,NORMAL,中信兄弟,rSQKE,富邦悍將,O2zA3,3,4,6,4,0,0,"0,0,0,1,2,0,0,0,0","0,0,1,0,3,0,0,0,0",AWAY,0
Tt5HP,CPBL-2023-sk,2023,一軍-3,例行賽,2023-05-05,2023-05-05 18:35,2023-05-05 21:22,花蓮縣立德興棒球場,9,,FINISHED,NORMAL,統一7-ELEVEn獅,BLJyr,味全龍,YdmwO,4,0,8,7,0,0,"0,0,2,0,0,1,1,0,0","0,0,0,0,0,0,0,0,0",HOME,1
aNBjv,CPBL-2023-sk,2023,一軍-3,例行賽,2023-05-05,2023-05-05 18:36,2023-05-05 22:07,臺中市洲際棒球場,9,,FINISHED,NORMAL,中信兄弟,rSQKE,富邦悍將,O2zA3,4,7,8,14,0,0,"0,0,0,3,0,0,0,1,0","0,2,3,0,0,0,2,0,0",AWAY,0
L50bq,CPBL-2023-sk,2023,一軍-3,例行賽,2023-05-04,2023-05-04 19:15,2023-05-04 21:54,花蓮縣立德興棒球場,9,,FINISHED,NORMAL,統一7-ELEVEn獅,BLJyr,味全龍,YdmwO,2,1,6,5,0,0,"0,0,0,1,0,0,1,0,0","0,1,0,0,0,0,0,0,0",HOME,1
oKKwq,CPBL-2023-sk,2023,一軍-3,例行賽,2023-05-04,2023-05-04 18:35,2023-05-04 21:54,樂天桃園棒球場,9,,FINISHED,NORMAL,樂天桃猿,WdFR4,中信兄弟,rSQKE,11,6,15,12,0,0,"3,0,1,7,0,0,0,0,0","0,1,1,0,0,0,4,0,0",HOME,1
EkBL5,CPBL-2023-sk,2023,一軍-3,例行賽,2023-05-03,2023-05-03 18:35,2023-05-03 22:02,花蓮縣立德興棒球場,9,,FINISHED,NORMAL,統一7-ELEVEn獅,BLJyr,味全龍,YdmwO,4,7,7,10,0,0,"4,0,0,0,0,0,0,0,0","0,0,1,1,0,0,5,0,0",AWAY,0
grFtf,CPBL-2023-sk,2023,一軍-3,例行賽,2023-05-03,2023-05-03 18:35,2023-05-03 21:06,樂天桃園棒球場,9,,FINISHED,NORMAL,樂天桃猿,WdFR4,富邦悍將,O2zA3,2,1,5,6,0,0,"0,0,0,0,0,0,0,0,2","0,0,0,0,1,0,0,0,0",HOME,1
q1SY3,CPBL-2023-sk,2023,一軍-3,例行賽,2023-05-02,2023-05-02 18:35,2023-05-02 21:40,花蓮縣立德興棒球場,9,,FINISHED,NORMAL,統一7-ELEVEn獅,BLJyr,中信兄弟,rSQKE,8,2,13,8,0,0,"4,2,1,0,1,0,0,0,0","0,0,0,1,0,0,0,0,1",HOME,1
WqxcD,CPBL-2023-sk,2023,一軍-3,例行賽,2023-05-02,2023-05-02 18:35,2023-05-02 21:54,樂天桃園棒球場,9,,FINISHED,NORMAL,樂天桃猿,WdFR4,富邦悍將,O2zA3,1,8,9,11,0,0,"0,0,1,0,0,0,0,0,0","0,0,4,2,0,0,2,0,0",AWAY,0
EKAxF,CPBL-2023-sk,2023,一軍-3,例行賽,2023-04-30,2023-04-30 14:05,2023-04-30 17:48,臺北市立天母棒球場,9,,FINISHED,NORMAL,味全龍,YdmwO,樂天桃猿,WdFR4,1,8,11,17,0,0,"0,1,0,0,0,0,0,0,0","0,1,0,1,2,0,3,1,0",AWAY,0
ERNzm,CPBL-2023-sk,2023,一軍-3,例行賽,2023-04-30,2023-04-30 14:05,2023-04-30 16:57,新北市立新莊棒球場,9,,FINISHED,NORMAL,富邦悍將,O2zA3,統一7-ELEVEn獅,BLJyr,0,7,2,16,0,0,"0,0,0,0,0,0,0,0,0","1,2,0,0,2,2,0,0,0",AWAY,0
d8nmB,CPBL-2023-sk,2023,一軍-3,例行賽,2023-04-29,2023-04-29 17:06,2023-04-29 20:36,臺北市立天母棒球場,9,,FINISHED,NORMAL,味全龍,YdmwO,中信兄弟,rSQKE,4,7,8,10,0,0,"0,2,0,0,0,2,0,0,0","0,3,1,2,0,1,0,0,0",AWAY,0
agiGp,CPBL-2023-sk,2023,一軍-3,例行賽,2023-04-29,2023-04-29 17:06,2023-04-29 20:53,新北市立新莊棒球場,9,,FINISHED,NORMAL,富邦悍將,O2zA3,統一7-ELEVEn獅,BLJyr,1,2,7,7,0,0,"0,0,1,0,0,0,0,0,0","0,0,0,0,0,0,0,2,0",AWAY,0
NQFWn,CPBL-2023-sk,2023,一軍-3,例行賽,2023-04-28,2023-04-28 18:35,2023-04-28 22:28,樂天桃園棒球場,9,,FINISHED,NORMAL,樂天桃猿,WdFR4,中信兄弟,rSQKE,7,4,8,11,0,0,"2,0,2,0,0,3,0,0,0","0,0,0,0,0,2,1,1,0",HOME,1
kRWwH,CPBL-2023-sk,2023,一軍-3,例行賽,2023-04-28,2023-04-28 18:35,2023-04-28 21:10,新北市立新莊棒球場,9,,FINISHED,NORMAL,富邦悍將,O2zA3,統一7-ELEVEn獅,BLJyr,3,1,7,7,0,0,"0,0,2,0,1,0,0,0,0","0,0,0,0,0,1,0,0,0",HOME,1
EoxDD,CPBL-2023-sk,2023,一軍-3,例行賽,2023-04-27,2023-04-27 18:35,2023-04-27 21:46,樂天桃園棒球場,9,,FINISHED,NORMAL,樂天桃猿,WdFR4,中信兄弟,rSQKE,6,4,12,7,0,0,"0,0,4,1,0,0,1,0,0","3,0,0,0,1,0,0,0,0",HOME,1
jrz3q,CPBL-2023-sk,2023,一軍-3,例行賽,2023-04-27,2023-04-27 18:35,2023-04-27 21:50,嘉義市立棒球場,9,,FINISHED,NORMAL,味全龍,YdmwO,富邦悍將,O2zA3,9,2,11,6,0,0,"0,0,0,0,0,9,0,0,0","0,0,0,0,1,0,1,0,0",HOME,1
9vV4K,CPBL-2023-sk,2023,一軍-3,例行賽,2023-04-26,2023-04-26 18:35,2023-04-26 22:35,樂天桃園棒球場,9,,FINISHED,NORMAL,樂天桃猿,WdFR4,中信兄弟,rSQKE,6,15,11,15,0,0,"0,2,0,0,0,0,0,0,4","2,8,0,0,0,0,3,0,2",AWAY,0
CCpCC,CPBL-2023-sk,2023,一軍-3,例行賽,2023-04-26,2023-04-26 18:35,2023-04-26 22:06,斗六棒球場,9,,FINISHED,NORMAL,味全龍,YdmwO,統一7-ELEVEn獅,BLJyr,2,1,2,7,0,0,"0,0,0,0,0,0,1,1,0","0,0,0,0,0,0,0,0,1",HOME,1
7zfDu,CPBL-2023-sk,2023,一軍-3,例行賽,2023-04-25,2023-04-25 19:30,2023-04-25 22:40,樂天桃園棒球場,9,,FINISHED,NORMAL,樂天桃猿,WdFR4,富邦悍將,O2zA3,3,1,10,2,0,0,"0,2,0,0,0,1,0,0,0","0,0,0,0,0,0,1,0,0",HOME,1
qqaSs,CPBL-2023-sk,2023,一軍-3,例行賽,2023-04-25,2023-04-25 18:35,2023-04-25 21:58,斗六棒球場,9,,FINISHED,NORMAL,味全龍,YdmwO,統一7-ELEVEn獅,BLJyr,3,7,4,13,0,0,"0,0,0,0,0,0,3,0,0","1,1,4,0,0,1,0,0,0",AWAY,0
9l12t,CPBL-2023-sk,2023,一軍-3,例行賽,2023-04-24,2023-04-24 18:35,2023-04-24 22:40,臺北市立天母棒球場,9,,FINISHED,NORMAL,味全龍,YdmwO,富邦悍將,O2zA3,7,4,11,8,0,0,"1,4,0,2,0,0,0,0,0","0,0,0,0,0,0,4,0,0",HOME,1
fAtXB,CPBL-2023-sk,2023,一軍-3,例行賽,2023-04-23,2023-04-23 14:05,2023-04-23 17:35,臺南市立棒球場,9,,FINISHED,NORMAL,統一7-ELEVEn獅,BLJyr,樂天桃猿,WdFR4,4,7,12,10,0,0,"0,0,0,1,0,1,0,0,2","6,0,0,0,0,1,0,0,0",AWAY,0
nfI7a,CPBL-2023-sk,2023,一軍-3,例行賽,2023-04-23,2023-04-23 14:05,2023-04-23 17:05,臺中市洲際棒球場,9,,FINISHED,NORMAL,中信兄弟,rSQKE,味全龍,YdmwO,2,7,8,10,0,0,"0,0,0,1,0,0,0,0,1","0,1,0,0,1,2,0,0,3",AWAY,0
B8tNu,CPBL-2023-sk,2023,一軍-3,例行賽,2023-04-22,2023-04-22 17:05,2023-04-22 20:31,臺南市立棒球場,9,,FINISHED,NORMAL,統一7-ELEVEn獅,BLJyr,樂天桃猿,WdFR4,10,7,16,14,0,0,"4,1,2,3,0,0,0,0,0","0,0,0,0,4,0,0,0,3",HOME,1
CDfSg,CPBL-2023-sk,2023,一軍-3,例行賽,2023-04-22,2023-04-22 17:05,2023-04-22 21:40,臺中市洲際棒球場,12,,FINISHED,NORMAL,中信兄弟,rSQKE,富邦悍將,O2zA3,3,3,6,8,0,0,"0,1,0,0,0,0,0,1,1,0,0,0","0,0,0,0,0,0,2,0,1,0,0,0",TIE,
JkYqJ,CPBL-2023-sk,2023,一軍-3,例行賽,2023-04-21,2023-04-21 18:36,2023-04-21 22:08,臺南市立棒球場,9,,FINISHED,NORMAL,統一7-ELEVEn獅,BLJyr,樂天桃猿,WdFR4,22,2,17,9,0,0,"3,5,0,2,0,4,7,1,0","0,0,0,0,0,0,1,0,1",HOME,1
yNzfa,CPBL-2023-sk,2023,一軍-3,例行賽,2023-04-21,2023-04-21 18:35,2023-04-21 22:13,臺北市立天母棒球場,10,,FINISHED,NORMAL,味全龍,YdmwO,富邦悍將,O2zA3,3,2,7,5,0,0,"0,0,0,0,0,0,2,0,0,1","0,0,0,0,2,0,0,0,0,0",HOME,1
HBmAv,CPBL-2023-sk,2023,一軍-3,例行賽,2023-04-20,2023-04-20 18:35,2023-04-20 22:53,臺中市洲際棒球場,11,,FINISHED,NORMAL,中信兄弟,rSQKE,統一7-ELEVEn獅,BLJyr,2,4,6,10,0,0,"1,0,0,0,0,0,1,0,0,0,0","0,2,0,0,0,0,0,0,0,0,2",AWAY,0
HBMvI,CPBL-2023-sk,2023,一軍-3,例行賽,2023-04-20,2023-04-20 18:36,2023-04-20 22:13,臺北市立天母棒球場,9,,FINISHED,NORMAL,味全龍,YdmwO,富邦悍將,O2zA3,2,3,8,11,0,0,"1,0,0,0,0,1,0,0,0","1,1,0,0,0,0,1,0,0",AWAY,0
c62Gx,CPBL-2023-sk,2023,一軍-3,例行賽,2023-04-18,2023-04-18 18:35,2023-04-18 21:39,臺中市洲際棒球場,9,,FINISHED,NORMAL,中信兄弟,rSQKE,樂天桃猿,WdFR4,2,9,10,15,0,0,"0,0,0,0,0,0,0,2,0","0,0,0,1,0,3,3,2,0",AWAY,0
rbVAq,CPBL-2023-sk,2023,一軍-3,例行賽,2023-04-18,2023-04-18 18:35,2023-04-18 22:08,臺北市立天母棒球場,9,,FINISHED,NORMAL,味全龍,YdmwO,統一7-ELEVEn獅,BLJyr,3,10,8,13,0,0,"0,0,0,0,0,2,1,0,0","1,3,0,0,3,0,1,0,2",AWAY,0
jlSfL,CPBL-2023-sk,2023,一軍-3,例行賽,2023-04-16,2023-04-16 14:05,2023-04-16 16:58,新北市立新莊棒球場,9,,FINISHED,NORMAL,富邦悍將,O2zA3,中信兄弟,rSQKE,9,2,12,6,0,0,"1,0,1,0,3,0,2,2,0","0,0,0,0,2,0,0,0,0",HOME,1
L78JV,CPBL-2023-sk,2023,一軍-3,例行賽,2023-04-16,2023-04-16 14:05,2023-04-16 17:20,樂天桃園棒球場,9,,FINISHED,NORMAL,樂天桃猿,WdFR4,味全龍,YdmwO,0,4,5,9,0,0,"0,0,0,0,0,0,0,0,0","0,0,0,0,0,1,0,3,0",AWAY,0
lXvaD,CPBL-2023-sk,2023,一軍-3,例行賽,2023-04-15,2023-04-15 17:05,2023-04-15 20:32,新北市立新莊棒球場,9,,FINISHED,NORMAL,富邦悍將,O2zA3,統一7-ELEVEn獅,BLJyr,9,0,15,5,0,0,"0,2,0,3,1,3,0,0,0","0,0,0,0,0,0,0,0,0",HOME,1
1H9L5,CPBL-2023-sk,2023,一軍-3,例行賽,2023-04-15,2023-04-15 17:05,2023-04-15 20:35,樂天桃園棒球場,9,,FINISHED,NORMAL,樂天桃猿,WdFR4,味全龍,YdmwO,4,5,14,10,0,0,"0,0,0,2,0,1,0,0,1","2,2,0,1,0,0,0,0,0",AWAY,0
es5Wx,CPBL-2023-sk,2023,一軍-3,例行賽,2023-04-14,2023-04-14 18:35,2023-04-14 22:06,臺中市洲際棒球場,9,,FINISHED,NORMAL,中信兄弟,rSQKE,統一7-ELEVEn獅,BLJyr,8,5,9,17,0,0,"0,0,0,2,0,6,0,0,0","0,0,0,2,0,3,0,0,0",HOME,1
zVRfV,CPBL-2023-sk,2023,一軍-3,例行賽,2023-04-14,2023-04-14 18:35,2023-04-14 22:15,樂天桃園棒球場,9,,FINISHED,NORMAL,樂天桃猿,WdFR4,味全龍,YdmwO,3,8,10,17,0,0,"0,0,0,1,0,0,0,2,0","2,0,1,0,1,0,2,0,2",AWAY,0
NQWDP,CPBL-2023-sk,2023,一軍-3,例行賽,2023-04-13,2023-04-13 18:35,2023-04-13 21:39,臺中市洲際棒球場,9,,FINISHED,NORMAL,中信兄弟,rSQKE,統一7-ELEVEn獅,BLJyr,6,2,12,7,0,0,"0,0,1,2,1,1,0,1,0","0,1,0,0,1,0,0,0,0",HOME,1
xsYcE,CPBL-2023-sk,2023,一軍-3,例行賽,2023-04-13,2023-04-13 18:35,2023-04-13 22:09,新北市立新莊棒球場,9,,FINISHED,NORMAL,富邦悍將,O2zA3,樂天桃猿,WdFR4,3,9,8,14,0,0,"1,0,0,0,0,0,0,1,1","0,4,0,0,0,0,0,1,4",AWAY,0
dJtjv,CPBL-2023-sk,2023,一軍-3,例行賽,2023-04-12,2023-04-12 18:35,2023-04-12 21:02,臺中市洲際棒球場,9,,FINISHED,NORMAL,中信兄弟,rSQKE,統一7-ELEVEn獅,BLJyr,1,0,6,6,0,0,"0,1,0,0,0,0,0,0,0","0,0,0,0,0,0,0,0,0",HOME,1
y81m8,CPBL-2023-sk,2023,一軍-3,例行賽,2023-04-12,2023-04-12 18:35,2023-04-12 22:22,新北市立新莊棒球場,9,,FINISHED,NORMAL,富邦悍將,O2zA3,味全龍,YdmwO,6,5,11,11,0,0,"0,1,4,0,0,0,0,1,0","0,3,0,1,0,0,1,0,0",HOME,1
suKN1,CPBL-2023-sk,2023,一軍-3,例行賽,2023-04-11,2023-04-11 18:35,2023-04-11 21:51,新北市立新莊棒球場,9,,FINISHED,NORMAL,富邦悍將,O2zA3,味全龍,YdmwO,9,1,13,5,0,0,"1,0,0,0,2,3,3,0,0","0,0,0,0,1,0,0,0,0",HOME,1
jlbBv,CPBL-2023-sk,2023,一軍-3,例行賽,2023-04-09,2023-04-09 14:06,2023-04-09 17:01,臺南市立棒球場,9,,FINISHED,NORMAL,統一7-ELEVEn獅,BLJyr,富邦悍將,O2zA3,2,1,1,1,0,0,"0,0,0,0,1,1,0,0,0","0,0,1,0,0,0,0,0,0",HOME,1
sOnUV,CPBL-2023-sk,2023,一軍-3,例行賽,2023-04-09,2023-04-09 14:05,2023-04-09 17:43,臺北市立天母棒球場,9,,FINISHED,NORMAL,味全龍,YdmwO,中信兄弟,rSQKE,4,5,8,5,0,0,"0,0,0,0,1,0,0,3,0","0,0,0,1,0,1,3,0,0",AWAY,0
rRdQh,CPBL-2023-sk,2023,一軍-3,例行賽,2023-04-08,2023-04-08 17:05,2023-04-08 21:00,臺南市立棒球場,9,,FINISHED,NORMAL,統一7-ELEVEn獅,BLJyr,樂天桃猿,WdFR4,5,3,8,8,0,0,"2,0,1,0,0,2,0,0,0","2,0,0,0,0,0,1,0,0",HOME,1
QSp3y,CPBL-2023-sk,2023,一軍-3,例行賽,2023-04-08,2023-04-08 17:06,2023-04-08 20:03,臺北市立天母棒球場,9,,FINISHED,NORMAL,味全龍,YdmwO,中信兄弟,rSQKE,7,1,9,2,0,0,"0,2,0,1,0,0,3,1,0","0,0,0,1,0,0,0,0,0",HOME,1
OyMxi,CPBL-2023-sk,2023,一軍-3,例行賽,2023-04-07,2023-04-07 18:35,2023-04-07 21:56,新北市立新莊棒球場,9,,FINISHED,NORMAL,富邦悍將,O2zA3,樂天桃猿,WdFR4,0,4,3,12,0,0,"0,0,0,0,0,0,0,0,0","0,0,0,0,2,0,0,1,1",AWAY,0
PXfcj,CPBL-2023-sk,2023,一軍-3,例行賽,2023-04-07,2023-04-07 18:36,2023-04-07 21:42,臺北市立天母棒球場,9,,FINISHED,NORMAL,味全龍,YdmwO,中信兄弟,rSQKE,6,4,6,6,0,0,"2,0,0,0,0,0,0,4,0","0,0,0,0,4,0,0,0,0",HOME,1
3oDf1,CPBL-2023-sk,2023,一軍-3,例行賽,2023-04-05,2023-04-05 17:30,2023-04-05 22:51,新北市立新莊棒球場,9,,FINISHED,NORMAL,富邦悍將,O2zA3,樂天桃猿,WdFR4,4,5,11,9,0,0,"0,0,0,1,0,1,2,0,0","3,0,0,1,0,0,0,1,0",AWAY,0
T3NSU,CPBL-2023-sk,2023,一軍-3,例行賽,2023-04-05,2023-04-05 17:05,2023-04-05 20:14,澄清湖棒球場,9,,FINISHED,NORMAL,統一7-ELEVEn獅,BLJyr,味全龍,YdmwO,3,1,6,4,0,0,"0,0,2,0,0,1,0,0,0","1,0,0,0,0,0,0,0,0",HOME,1
esyUR,CPBL-2023-sk,2023,一軍-3,例行賽,2023-04-04,2023-04-04 17:05,2023-04-04 20:58,新北市立新莊棒球場,9,,FINISHED,NORMAL,富邦悍將,O2zA3,樂天桃猿,WdFR4,7,10,13,16,0,0,"1,0,0,0,1,3,0,0,2","0,1,1,0,5,0,2,1,0",AWAY,0
JgY5r,CPBL-2023-sk,2023,一軍-3,例行賽,2023-04-04,2023-04-04 17:05,2023-04-04 19:53,澄清湖棒球場,9,,FINISHED,NORMAL,統一7-ELEVEn獅,BLJyr,中信兄弟,rSQKE,1,0,8,3,0,0,"0,0,0,0,1,0,0,0,0","0,0,0,0,0,0,0,0,0",HOME,1
cFM2e,CPBL-2023-sk,2023,一軍-3,例行賽,2023-04-03,2023-04-03 17:05,2023-04-03 20:28,新北市立新莊棒球場,9,,FINISHED,NORMAL,富邦悍將,O2zA3,味全龍,YdmwO,3,2,11,6,0,0,"1,0,0,0,0,1,0,0,1","0,0,0,0,0,0,1,1,0",HOME,1
nFCq1,CPBL-2023-sk,2023,一軍-3,例行賽,2023-04-03,2023-04-03 17:05,2023-04-03 20:11,臺南市立棒球場,9,,FINISHED,NORMAL,統一7-ELEVEn獅,BLJyr,中信兄弟,rSQKE,0,7,5,14,0,0,"0,0,0,0,0,0,0,0,0","0,0,3,0,0,1,0,1,2",AWAY,0
K17K0,CPBL-2023-sk,2023,一軍-3,例行賽,2023-04-02,2023-04-02 17:06,2023-04-02 21:52,樂天桃園棒球場,12,,FINISHED,NORMAL,樂天桃猿,WdFR4,富邦悍將,O2zA3,3,3,10,11,0,0,"0,2,0,0,0,1,0,0,0,0,0,0","0,0,0,0,0,0,0,3,0,0,0,0",TIE,
waHQI,CPBL-2023-sk,2023,一軍-3,例行賽,2023-04-02,2023-04-02 17:05,2023-04-02 20:31,臺中市洲際棒球場,9,,FINISHED,NORMAL,中信兄弟,rSQKE,味全龍,YdmwO,5,7,9,16,0,0,"0,0,1,0,0,2,0,2,0","0,2,0,0,3,0,2,0,0",AWAY,0
wYz6h,CPBL-2023-sk,2023,一軍-3,例行賽,2023-04-01,2023-04-01 17:21,2023-04-01 20:20,臺中市洲際棒球場,9,,FINISHED,NORMAL,中信兄弟,rSQKE,樂天桃猿,WdFR4,1,4,6,9,0,0,"0,0,1,0,0,0,0,0,0","0,0,0,0,0,0,3,1,0",AWAY,0
MMgs8,CPBL-2023-yB,2023,一軍-4,春訓,2023-03-29,2023-03-29 18:35,2023-03-29 22:31,澄清湖棒球場,9,,FINISHED,NORMAL,中信兄弟,oKPJU,台鋼雄鷹,1Kf5W,4,5,11,8,0,0,"0,2,0,0,0,0,1,1,0","0,0,0,2,3,0,0,0,0",AWAY,0
kLybN,CPBL-2023-yB,2023,一軍-4,春訓,2023-03-29,2023-03-29 18:35,2023-03-29 21:47,嘉義市立棒球場,9,,FINISHED,NORMAL,樂天桃猿,KUqxu,富邦悍將,vNE5x,1,5,9,10,0,0,"0,0,0,0,0,0,1,0,0","2,0,0,0,2,1,0,0,0",AWAY,0
xgfoe,CPBL-2023-yB,2023,一軍-4,春訓,2023-03-29,2023-03-29 18:35,2023-03-29 21:56,斗六棒球場,9,,FINISHED,NORMAL,味全龍,dChO2,統一7-ELEVEn獅,tdOwa,1,1,5,12,0,0,"0,0,1,0,0,0,0,0,0","1,0,0,0,0,0,0,0,0",TIE,
B9PRi,CPBL-2023-yB,2023,一軍-4,春訓,2023-03-28,2023-03-28 18:35,2023-03-28 22:06,澄清湖棒球場,9,,FINISHED,NORMAL,台鋼雄鷹,1Kf5W,統一7-ELEVEn獅,tdOwa,5,6,14,11,0,0,"0,1,0,0,2,1,1,0,0","1,1,0,0,2,1,1,0,0",AWAY,0
PRPD5,CPBL-2023-yB,2023,一軍-4,春訓,2023-03-28,2023-03-28 18:36,2023-03-28 21:30,嘉義市立棒球場,9,,FINISHED,NORMAL,富邦悍將,vNE5x,中信兄弟,oKPJU,1,0,8,2,0,0,"0,0,0,1,0,0,0,0,0","0,0,0,0,0,0,0,0,0",HOME,1
AsTky,CPBL-2023-yB,2023,一軍-4,春訓,2023-03-28,2023-03-28 18:35,2023-03-28 21:21,斗六棒球場,9,,FINISHED,NORMAL,樂天桃猿,KUqxu,味全龍,dChO2,5,6,4,8,0,0,"0,0,0,0,2,3,0,0,0","0,1,0,4,0,1,0,0,0",AWAY,0
bMhsL,CPBL-2023-yB,2023,一軍-4,春訓,2023-03-27,2023-03-27 18:35,2023-03-27 21:43,澄清湖棒球場,9,,FINISHED,NORMAL,台鋼雄鷹,1Kf5W,統一7-ELEVEn獅,tdOwa,4,10,7,18,0,0,"0,4,0,0,0,0,0,0,0","2,2,0,0,1,0,5,0,0",AWAY,0
9jRZU,CPBL-2023-yB,2023,一軍-4,春訓,2023-03-27,2023-03-27 18:35,2023-03-27 21:44,嘉義市立棒球場,9,,FINISHED,NORMAL,富邦悍將,vNE5x,中信兄弟,oKPJU,10,3,12,9,0,0,"0,0,0,3,3,0,4,0,0","1,0,1,0,0,0,0,1,0",HOME,1
avsS6,CPBL-2023-yB,2023,一軍-4,春訓,2023-03-27,2023-03-27 18:35,2023-03-27 21:51,斗六棒球場,9,,FINISHED,NORMAL,樂天桃猿,KUqxu,味全龍,dChO2,1,4,7,8,0,0,"0,1,0,0,0,0,0,0,0","0,0,0,0,4,0,0,0,0",AWAY,0
l2dtc,CPBL-2023-yB,2023,一軍-4,春訓,2023-03-25,2023-03-25 18:35,2023-03-25 22:05,澄清湖棒球場,9,,FINISHED,NORMAL,台鋼雄鷹,1Kf5W,味全龍,dChO2,4,5,6,7,0,0,"0,0,1,1,0,0,0,2,0","0,1,0,0,0,1,0,3,0",AWAY,0
kB4Tw,CPBL-2023-yB,2023,一軍-4,春訓,2023-03-25,2023-03-25 18:35,2023-03-25 21:52,嘉義市立棒球場,9,,FINISHED,NORMAL,統一7-ELEVEn獅,tdOwa,富邦悍將,vNE5x,4,3,12,6,0,0,"0,0,0,0,2,0,0,0,2","0,0,0,3,0,0,0,0,0",HOME,1
AV6BW,CPBL-2023-yB,2023,一軍-4,春訓,2023-03-24,2023-03-24 18:35,2023-03-24 21:21,澄清湖棒球場,9,,FINISHED,NORMAL,台鋼雄鷹,1Kf5W,味全龍,dChO2,0,2,3,8,0,0,"0,0,0,0,0,0,0,0,0","0,0,1,0,0,1,0,0,0",AWAY,0
L9KFn,CPBL-2023-yB,2023,一軍-4,春訓,2023-03-24,2023-03-24 18:35,2023-03-24 22:15,嘉義市立棒球場,9,,FINISHED,NORMAL,統一7-ELEVEn獅,tdOwa,富邦悍將,vNE5x,4,5,7,9,0,0,"0,0,4,0,0,0,0,0,0","1,0,0,1,0,2,1,0,0",AWAY,0
6iorA,CPBL-2023-yB,2023,一軍-4,春訓,2023-03-24,2023-03-24 18:36,2023-03-24 21:41,臺中市洲際棒球場,9,,FINISHED,NORMAL,中信兄弟,oKPJU,樂天桃猿,KUqxu,3,2,10,10,0,0,"0,3,0,0,0,0,0,0,0","0,1,0,0,0,1,0,0,0",HOME,1
6NQwx,CPBL-2023-yB,2023,一軍-4,春訓,2023-03-23,2023-03-23 18:35,2023-03-23 22:03,嘉義市立棒球場,9,,FINISHED,NORMAL,樂天桃猿,KUqxu,台鋼雄鷹,1Kf5W,16,1,10,9,0,0,"4,3,0,3,2,0,4,0,0","0,0,0,0,0,0,0,1,0",HOME,1
nty6A,CPBL-2023-yB,2023,一軍-4,春訓,2023-03-23,2023-03-23 18:35,2023-03-23 22:15,斗六棒球場,9,,FINISHED,NORMAL,味全龍,dChO2,富邦悍將,vNE5x,3,8,11,14,0,0,"0,1,2,0,0,0,0,0,0","5,0,2,1,0,0,0,0,0",AWAY,0
vzHp2,CPBL-2023-yB,2023,一軍-4,春訓,2023-03-22,2023-03-22 18:35,2023-03-22 22:05,澄清湖棒球場,9,,FINISHED,NORMAL,中信兄弟,oKPJU,統一7-ELEVEn獅,tdOwa,6,3,11,9,0,0,"0,1,0,1,1,3,0,0,0","0,0,0,0,0,3,0,0,0",HOME,1
aVjd2,CPBL-2023-yB,2023,一軍-4,春訓,2023-03-22,2023-03-22 18:35,2023-03-22 22:04,斗六棒球場,9,,FINISHED,NORMAL,味全龍,dChO2,富邦悍將,vNE5x,3,10,8,17,0,0,"0,0,0,0,0,0,3,0,0","0,0,0,2,0,1,4,2,1",AWAY,0
OjzyO,CPBL-2023-yB,2023,一軍-4,春訓,2023-03-21,2023-03-21 18:35,2023-03-21 22:31,澄清湖棒球場,9,,FINISHED,NORMAL,中信兄弟,oKPJU,統一7-ELEVEn獅,tdOwa,22,5,22,10,0,0,"3,1,8,3,0,7,0,0,0","0,0,0,0,2,2,1,0,0",HOME,1
okv3J,CPBL-2023-yB,2023,一軍-4,春訓,2023-03-21,2023-03-21 18:35,2023-03-21 21:04,嘉義市立棒球場,9,,FINISHED,NORMAL,樂天桃猿,KUqxu,台鋼雄鷹,1Kf5W,6,0,9,7,0,0,"1,0,0,0,1,0,4,0,0","0,0,0,0,0,0,0,0,0",HOME,1
laFX4,CPBL-2023-yB,2023,一軍-4,春訓,2023-03-19,2023-03-19 14:05,2023-03-19 16:28,澄清湖棒球場,9,,FINISHED,NORMAL,富邦悍將,vNE5x,台鋼雄鷹,1Kf5W,4,0,8,2,0,0,"0,0,0,0,0,3,0,1,0","0,0,0,0,0,0,0,0,0",HOME,1
f6rd2,CPBL-2023-yB,2023,一軍-4,春訓,2023-03-19,2023-03-19 14:05,2023-03-19 17:18,嘉義市立棒球場,9,,FINISHED,NORMAL,統一7-ELEVEn獅,tdOwa,樂天桃猿,KUqxu,10,1,14,8,0,0,"0,2,0,5,0,1,0,2,0","0,0,0,0,1,0,0,0,0",HOME,1
GjzML,CPBL-2023-yB,2023,一軍-4,春訓,2023-03-19,2023-03-19 14:05,2023-03-19 17:22,斗六棒球場,9,,FINISHED,NORMAL,味全龍,dChO2,中信兄弟,oKPJU,4,5,10,9,0,0,"1,0,0,2,0,0,0,0,1","0,0,0,1,0,3,0,0,1",AWAY,0
tPFAp,CPBL-2023-yB,2023,一軍-4,春訓,2023-03-18,2023-03-18 17:05,2023-03-18 20:21,澄清湖棒球場,9,,FINISHED,NORMAL,富邦悍將,vNE5x,台鋼雄鷹,1Kf5W,9,7,10,11,0,0,"0,0,0,0,4,0,5,0,0","2,0,0,0,1,0,0,0,4",HOME,1
B3XST,CPBL-2023-yB,2023,一軍-4,春訓,2023-03-18,2023-03-18 17:05,2023-03-18 19:42,嘉義市立棒球場,9,,FINISHED,NORMAL,統一7-ELEVEn獅,tdOwa,樂天桃猿,KUqxu,0,2,3,7,0,0,"0,0,0,0,0,0,0,0,0","2,0,0,0,0,0,0,0,0",AWAY,0
NgYDA,CPBL-2023-yB,2023,一軍-4,春訓,2023-03-18,2023-03-18 17:05,2023-03-18 20:27,斗六棒球場,9,,FINISHED,NORMAL,味全龍,dChO2,中信兄弟,oKPJU,2,9,2,11,0,0,"0,0,0,2,0,0,0,0,0","0,1,1,0,6,1,0,0,0",AWAY,0
B5zRs,CPBL-2023-yB,2023,一軍-4,春訓,2023-03-17,2023-03-17 18:38,2023-03-17 21:48,澄清湖棒球場,9,,FINISHED,NORMAL,台鋼雄鷹,1Kf5W,中信兄弟,oKPJU,2,7,7,8,0,0,"0,0,1,0,0,0,1,0,0","0,4,0,0,0,1,0,0,2",AWAY,0
7Cnr8,CPBL-2023-yB,2023,一軍-4,春訓,2023-03-17,2023-03-17 18:35,2023-03-17 21:40,嘉義市立棒球場,9,,FINISHED,NORMAL,富邦悍將,vNE5x,樂天桃猿,KUqxu,1,4,8,8,0,0,"0,0,0,0,1,0,0,0,0","0,0,1,0,2,1,0,0,0",AWAY,0
gMU6f,CPBL-2023-yB,2023,一軍-4,春訓,2023-03-17,2023-03-17 18:35,2023-03-17 21:27,斗六棒球場,9,,FINISHED,NORMAL,統一7-ELEVEn獅,tdOwa,味全龍,dChO2,0,8,2,9,0,0,"0,0,0,0,0,0,0,0,0","0,0,0,7,0,0,1,0,0",AWAY,0
Hbz5Q,CPBL-2022-dG,2022,一軍,例行賽,2022-10-26,2022-10-26 18:35,2022-10-26 21:06,新北市立新莊棒球場,11,,FINISHED,NORMAL,富邦悍將,EAjkg,統一7-ELEVEn獅,sIhGz,2,1,5,3,0,0,"0,0,0,0,0,1,0,0,0,0,1","0,0,1,0,0,0,0,0,0,0,0",HOME,1
88OmL,CPBL-2022-dG,2022,一軍,例行賽,2022-10-25,2022-10-25 18:35,2022-10-25 21:49,樂天桃園棒球場,9,,FINISHED,NORMAL,樂天桃猿,qDCGm,富邦悍將,EAjkg,2,6,8,12,0,0,"0,0,1,0,0,0,0,1,0","0,2,0,2,0,0,0,2,0",AWAY,0
32aGS,CPBL-2022-dG,2022,一軍,例行賽,2022-10-25,2022-10-25 18:05,2022-10-25 21:53,臺北市立天母棒球場,12,,FINISHED,NORMAL,味全龍,7vHtn,統一7-ELEVEn獅,sIhGz,4,4,10,13,0,0,"0,1,0,3,0,0,0,0,0,0,0,0","0,1,0,0,0,0,1,2,0,0,0,0",TIE,
lxSpN,CPBL-2022-dG,2022,一軍,例行賽,2022-10-24,2022-10-24 18:05,2022-10-24 20:55,臺北市立天母棒球場,9,,FINISHED,NORMAL,味全龍,7vHtn,富邦悍將,EAjkg,3,0,8,4,0,0,"1,0,2,0,0,0,0,0,0","0,0,0,0,0,0,0,0,0",HOME,1
eIDCN,CPBL-2022-dG,2022,一軍,例行賽,2022-10-23,2022-10-23 18:09,2022-10-23 21:40,新北市立新莊棒球場,9,,FINISHED,NORMAL,富邦悍將,EAjkg,統一7-ELEVEn獅,sIhGz,4,1,9,4,0,0,"0,0,0,0,0,0,0,4,0","0,0,0,0,1,0,0,0,0",HOME,1
eVRVc,CPBL-2022-dG,2022,一軍,例行賽,2022-10-23,2022-10-23 18:01,2022-10-23 21:17,樂天桃園棒球場,9,,FINISHED,NORMAL,樂天桃猿,qDCGm,中信兄弟,X4hc7,6,8,12,15,0,0,"0,0,1,0,0,1,4,0,0","0,0,2,1,2,1,2,0,0",AWAY,0
e3wsp,CPBL-2022-dG,2022,一軍,例行賽,2022-10-22,2022-10-22 17:06,2022-10-22 22:23,樂天桃園棒球場,12,,FINISHED,NORMAL,樂天桃猿,qDCGm,味全龍,7vHtn,5,5,13,13,0,0,"1,0,1,0,0,0,0,0,3,0,0,0","0,0,0,0,1,0,0,0,4,0,0,0",TIE,
RQA0F,CPBL-2022-dG,2022,一軍,例行賽,2022-10-21,2022-10-21 18:36,2022-10-21 21:34,新北市立新莊棒球場,9,,FINISHED,NORMAL,富邦悍將,EAjkg,統一7-ELEVEn獅,sIhGz,5,3,8,9,0,0,"2,0,1,0,1,1,0,0,0","0,0,0,0,1,0,0,0,2",HOME,1
n32rH,CPBL-2022-dG,2022,一軍,例行賽,2022-10-21,2022-10-21 18:35,2022-10-21 21:11,臺中市洲際棒球場,9,,FINISHED,NORMAL,中信兄弟,X4hc7,味全龍,7vHtn,0,2,5,4,0,0,"0,0,0,0,0,0,0,0,0","2,0,0,0,0,0,0,0,0",AWAY,0
xeCLY,CPBL-2022-dG,2022,一軍,例行賽,2022-10-20,2022-10-20 18:35,2022-10-20 22:08,樂天桃園棒球場,9,,FINISHED,NORMAL,樂天桃猿,qDCGm,統一7-ELEVEn獅,sIhGz,4,0,13,6,0,0,"0,0,0,0,2,0,0,2,0","0,0,0,0,0,0,0,0,0",HOME,1
U0wNJ,CPBL-2022-dG,2022,一軍,例行賽,2022-10-20,2022-10-20 18:35,2022-10-20 22:40,臺中市洲際棒球場,9,,FINISHED,NORMAL,中信兄弟,X4hc7,味全龍,7vHtn,5,11,9,16,0,0,"0,0,0,0,5,0,0,0,0","1,0,7,0,2,0,0,0,1",AWAY,0
KCMpD,CPBL-2022-dG,2022,一軍,例行賽,2022-10-19,2022-10-19 18:35,2022-10-19 22:16,斗六棒球場,9,,FINISHED,NORMAL,味全龍,7vHtn,中信兄弟,X4hc7,3,8,12,12,0,0,"0,0,0,0,0,0,0,0,3","1,0,1,0,0,1,1,0,4",AWAY,0
miEZE,CPBL-2022-dG,2022,一軍,例行賽,2022-10-19,2022-10-19 18:35,2022-10-19 22:08,臺南市立棒球場,9,,FINISHED,NORMAL,統一7-ELEVEn獅,sIhGz,樂天桃猿,qDCGm,7,6,14,11,0,0,"3,0,0,0,3,0,0,0,1","2,1,1,0,0,0,1,0,1",HOME,1
cq0Jf,CPBL-2022-dG,2022,一軍,例行賽,2022-10-18,2022-10-18 18:36,2022-10-18 21:25,新北市立新莊棒球場,9,,FINISHED,NORMAL,富邦悍將,EAjkg,樂天桃猿,qDCGm,2,1,8,5,0,0,"1,0,1,0,0,0,0,0,0","0,0,0,0,0,1,0,0,0",HOME,1
tXjh1,CPBL-2022-dG,2022,一軍,例行賽,2022-10-17,2022-10-17 18:36,2022-10-17 22:21,新北市立新莊棒球場,9,,FINISHED,NORMAL,富邦悍將,EAjkg,樂天桃猿,qDCGm,4,9,11,13,0,0,"0,0,2,0,1,0,0,0,1","4,0,0,4,0,0,0,1,0",AWAY,0
DS1UX,CPBL-2022-dG,2022,一軍,例行賽,2022-10-16,2022-10-16 17:05,2022-10-16 20:13,澄清湖棒球場,9,,FINISHED,NORMAL,中信兄弟,X4hc7,統一7-ELEVEn獅,sIhGz,6,4,8,9,0,0,"2,2,0,0,0,0,2,0,0","1,0,1,0,2,0,0,0,0",HOME,1
lUSbD,CPBL-2022-dG,2022,一軍,例行賽,2022-10-15,2022-10-15 17:05,2022-10-15 20:27,斗六棒球場,9,,FINISHED,NORMAL,味全龍,7vHtn,統一7-ELEVEn獅,sIhGz,1,2,8,8,0,0,"0,0,0,0,0,0,0,1,0","0,0,0,0,2,0,0,0,0",AWAY,0
qqKu8,CPBL-2022-dG,2022,一軍,例行賽,2022-10-14,2022-10-14 18:35,2022-10-14 22:17,樂天桃園棒球場,9,,FINISHED,NORMAL,樂天桃猿,qDCGm,味全龍,7vHtn,9,5,13,10,0,0,"0,3,0,1,0,3,1,1,0","0,2,0,0,1,0,0,2,0",HOME,1
6ooPW,CPBL-2022-dG,2022,一軍,例行賽,2022-10-14,2022-10-14 18:35,2022-10-14 21:35,臺中市洲際棒球場,9,,FINISHED,NORMAL,中信兄弟,X4hc7,富邦悍將,EAjkg,2,4,8,8,0,0,"0,0,1,0,0,1,0,0,0","0,2,0,0,0,0,0,0,2",AWAY,0
HjBUA,CPBL-2022-dG,2022,一軍,例行賽,2022-10-13,2022-10-13 18:35,2022-10-13 21:33,臺中市洲際棒球場,9,,FINISHED,NORMAL,中信兄弟,X4hc7,富邦悍將,EAjkg,6,3,10,6,0,0,"0,0,4,0,1,0,1,0,0","0,0,0,0,2,0,1,0,0",HOME,1
6DR47,CPBL-2022-dG,2022,一軍,例行賽,2022-10-12,2022-10-12 18:35,2022-10-12 21:59,新北市立新莊棒球場,9,,FINISHED,NORMAL,富邦悍將,EAjkg,中信兄弟,X4hc7,3,4,5,9,0,0,"0,0,0,0,0,0,0,3,0","0,0,2,0,0,1,0,1,0",AWAY,0
tfmxE,CPBL-2022-dG,2022,一軍,例行賽,2022-10-12,2022-10-12 18:35,2022-10-12 21:50,臺南市立棒球場,9,,FINISHED,NORMAL,統一7-ELEVEn獅,sIhGz,樂天桃猿,qDCGm,2,3,8,8,0,0,"0,0,0,0,0,1,1,0,0","2,0,1,0,0,0,0,0,0",AWAY,0
JxvzR,CPBL-2022-dG,2022,一軍,例行賽,2022-10-11,2022-10-11 18:35,2022-10-11 22:58,臺南市立棒球場,9,,FINISHED,NORMAL,統一7-ELEVEn獅,sIhGz,樂天桃猿,qDCGm,1,3,5,7,0,0,"0,0,0,0,0,0,1,0,0","0,1,0,1,0,0,0,0,1",AWAY,0
S1JZJ,CPBL-2022-dG,2022,一軍,例行賽,2022-10-10,2022-10-10 17:06,2022-10-10 20:32,樂天桃園棒球場,9,,FINISHED,NORMAL,樂天桃猿,qDCGm,中信兄弟,X4hc7,2,4,6,13,0,0,"0,0,1,0,0,0,1,0,0","0,1,0,2,0,0,0,0,1",AWAY,0
dYsVv,CPBL-2022-dG,2022,一軍,例行賽,2022-10-10,2022-10-10 17:05,2022-10-10 19:57,新北市立新莊棒球場,9,,FINISHED,NORMAL,富邦悍將,EAjkg,味全龍,7vHtn,3,0,9,4,0,0,"0,0,1,1,1,0,0,0,0","0,0,0,0,0,0,0,0,0",HOME,1
0oCEZ,CPBL-2022-dG,2022,一軍,例行賽,2022-10-09,2022-10-09 17:05,2022-10-09 20:31,樂天桃園棒球場,9,,FINISHED,NORMAL,樂天桃猿,qDCGm,中信兄弟,X4hc7,4,13,11,19,0,0,"0,0,1,0,0,0,2,0,1","0,2,0,2,4,0,5,0,0",AWAY,0
PgG6n,CPBL-2022-dG,2022,一軍,例行賽,2022-10-09,2022-10-09 17:05,2022-10-09 20:08,臺北市立天母棒球場,9,,FINISHED,NORMAL,味全龍,7vHtn,統一7-ELEVEn獅,sIhGz,2,0,7,4,0,0,"0,0,1,0,0,0,0,1,0","0,0,0,0,0,0,0,0,0",HOME,1
1cvAL,CPBL-2022-dG,2022,一軍,例行賽,2022-10-08,2022-10-08 17:05,2022-10-08 21:23,新北市立新莊棒球場,12,,FINISHED,NORMAL,富邦悍將,EAjkg,中信兄弟,X4hc7,1,1,9,3,0,0,"0,1,0,0,0,0,0,0,0,0,0,0","0,1,0,0,0,0,0,0,0,0,0,0",TIE,
WtQV1,CPBL-2022-dG,2022,一軍,例行賽,2022-10-08,2022-10-08 17:05,2022-10-08 20:50,臺北市立天母棒球場,9,,FINISHED,NORMAL,味全龍,7vHtn,樂天桃猿,qDCGm,5,10,11,15,0,0,"0,1,0,0,2,0,2,0,0","0,0,2,0,3,0,0,1,4",AWAY,0
U2btY,CPBL-2022-dG,2022,一軍,例行賽,2022-10-07,2022-10-07 18:36,2022-10-08 00:50,新北市立新莊棒球場,11,,FINISHED,NORMAL,富邦悍將,EAjkg,統一7-ELEVEn獅,sIhGz,5,4,9,9,0,0,"0,1,0,0,0,1,0,2,0,0,1","0,2,0,1,0,0,0,0,1,0,0",HOME,1
5lOcA,CPBL-2022-dG,2022,一軍,例行賽,2022-10-07,2022-10-07 18:05,2022-10-07 21:11,臺北市立天母棒球場,9,,FINISHED,NORMAL,味全龍,7vHtn,樂天桃猿,qDCGm,6,1,10,3,0,0,"2,0,0,0,2,2,0,0,0","0,0,0,0,1,0,0,0,0",HOME,1
xs9ul,CPBL-2022-dG,2022,一軍,例行賽,2022-10-06,2022-10-06 18:35,2022-10-06 22:44,新北市立新莊棒球場,9,,FINISHED,NORMAL,富邦悍將,EAjkg,統一7-ELEVEn獅,sIhGz,11,10,12,16,0,0,"0,1,6,0,0,0,0,0,4","1,1,5,0,0,1,2,0,0",HOME,1
20Rjt,CPBL-2022-dG,2022,一軍,例行賽,2022-10-05,2022-10-05 18:35,2022-10-05 21:58,花蓮縣立德興棒球場,9,,FINISHED,NORMAL,統一7-ELEVEn獅,sIhGz,中信兄弟,X4hc7,1,9,10,13,0,0,"0,0,1,0,0,0,0,0,0","0,6,0,0,2,0,0,0,1",AWAY,0
uyjmF,CPBL-2022-dG,2022,一軍,例行賽,2022-10-05,2022-10-05 18:35,2022-10-05 21:24,斗六棒球場,9,,FINISHED,NORMAL,味全龍,7vHtn,富邦悍將,EAjkg,2,1,4,4,0,0,"1,1,0,0,0,0,0,0,0","0,0,0,0,1,0,0,0,0",HOME,1
8Htem,CPBL-2022-dG,2022,一軍,例行賽,2022-10-04,2022-10-04 18:35,2022-10-04 22:21,花蓮縣立德興棒球場,9,,FINISHED,NORMAL,統一7-ELEVEn獅,sIhGz,中信兄弟,X4hc7,2,9,7,14,0,0,"0,0,0,1,0,1,0,0,0","0,0,0,0,0,2,4,0,3",AWAY,0
Yd7yG,CPBL-2022-dG,2022,一軍,例行賽,2022-10-04,2022-10-04 18:35,2022-10-04 21:39,樂天桃園棒球場,9,,FINISHED,NORMAL,樂天桃猿,qDCGm,味全龍,7vHtn,2,5,6,9,0,0,"2,0,0,0,0,0,0,0,0","0,1,2,0,0,0,1,1,0",AWAY,0
JcbHw,CPBL-2022-dG,2022,一軍,例行賽,2022-10-02,2022-10-02 17:05,2022-10-02 20:18,臺南市立棒球場,9,,FINISHED,NORMAL,統一7-ELEVEn獅,sIhGz,樂天桃猿,qDCGm,7,1,8,5,0,0,"0,0,0,2,3,0,0,2,0","0,0,0,0,0,0,1,0,0",HOME,1
fnSoz,CPBL-2022-dG,2022,一軍,例行賽,2022-10-02,2022-10-02 17:05,2022-10-02 20:16,新北市立新莊棒球場,9,,FINISHED,NORMAL,富邦悍將,EAjkg,味全龍,7vHtn,0,6,2,12,0,0,"0,0,0,0,0,0,0,0,0","1,0,2,0,0,0,3,0,0",AWAY,0
X9TyH,CPBL-2022-dG,2022,一軍,例行賽,2022-10-01,2022-10-01 17:05,2022-10-01 20:23,臺南市立棒球場,9,,FINISHED,NORMAL,統一7-ELEVEn獅,sIhGz,富邦悍將,EAjkg,1,2,5,10,0,0,"0,0,0,0,0,0,1,0,0","1,0,0,0,1,0,0,0,0",AWAY,0
tiVen,CPBL-2022-dG,2022,一軍,例行賽,2022-10-01,2022-10-01 17:05,2022-10-01 21:11,臺中市洲際棒球場,9,,FINISHED,NORMAL,中信兄弟,X4hc7,味全龍,7vHtn,9,8,11,12,0,0,"0,4,1,2,0,0,0,0,2","2,1,0,0,1,0,0,0,4",HOME,1
W1Ppz,CPBL-2022-dG,2022,一軍,例行賽,2022-09-30,2022-09-30 18:36,2022-09-30 22:51,臺南市立棒球場,12,,FINISHED,NORMAL,統一7-ELEVEn獅,sIhGz,富邦悍將,EAjkg,1,4,7,11,0,0,"0,0,0,0,0,1,0,0,0,0,0,0","0,0,0,0,0,0,1,0,0,0,0,3",AWAY,0
xDoOZ,CPBL-2022-dG,2022,一軍,例行賽,2022-09-30,2022-09-30 18:36,2022-09-30 21:23,臺中市洲際棒球場,9,,FINISHED,NORMAL,中信兄弟,X4hc7,味全龍,7vHtn,3,0,8,4,0,0,"0,0,0,0,0,1,2,0,0","0,0,0,0,0,0,0,0,0",HOME,1
d2eCJ,CPBL-2022-dG,2022,一軍,例行賽,2022-09-29,2022-09-29 18:36,2022-09-29 21:35,臺中市洲際棒球場,9,,FINISHED,NORMAL,中信兄弟,X4hc7,樂天桃猿,qDCGm,1,3,8,8,0,0,"0,1,0,0,0,0,0,0,0","1,0,0,0,0,0,0,0,2",AWAY,0
Ohg4D,CPBL-2022-dG,2022,一軍,例行賽,2022-09-29,2022-09-29 18:35,2022-09-29 22:42,臺南市立棒球場,9,,FINISHED,NORMAL,統一7-ELEVEn獅,sIhGz,味全龍,7vHtn,7,11,11,13,0,0,"0,0,0,4,1,1,1,0,0","1,0,6,0,3,0,0,0,1",AWAY,0
ZnnaV,CPBL-2022-dG,2022,一軍,例行賽,2022-09-28,2022-09-28 18:36,2022-09-28 21:35,臺中市洲際棒球場,9,,FINISHED,NORMAL,中信兄弟,X4hc7,樂天桃猿,qDCGm,5,2,9,6,0,0,"0,0,0,1,4,0,0,0,0","1,0,0,1,0,0,0,0,0",HOME,1
B8ljQ,CPBL-2022-dG,2022,一軍,例行賽,2022-09-28,2022-09-28 18:35,2022-09-28 21:30,嘉義市立棒球場,9,,FINISHED,NORMAL,味全龍,7vHtn,富邦悍將,EAjkg,3,2,7,7,0,0,"3,0,0,0,0,0,0,0,0","0,0,0,0,0,0,0,2,0",HOME,1
TczKg,CPBL-2022-dG,2022,一軍,例行賽,2022-09-27,2022-09-27 18:35,2022-09-27 21:49,臺中市洲際棒球場,9,,FINISHED,NORMAL,中信兄弟,X4hc7,統一7-ELEVEn獅,sIhGz,4,2,7,7,0,0,"0,0,2,0,0,0,0,2,0","0,0,1,0,0,1,0,0,0",HOME,1
weqq2,CPBL-2022-dG,2022,一軍,例行賽,2022-09-27,2022-09-27 18:36,2022-09-27 21:27,樂天桃園棒球場,9,,FINISHED,NORMAL,樂天桃猿,qDCGm,富邦悍將,EAjkg,2,3,6,9,0,0,"0,0,0,1,0,0,0,1,0","0,0,0,1,2,0,0,0,0",AWAY,0
uevGN,CPBL-2022-dG,2022,一軍,例行賽,2022-09-25,2022-09-25 17:05,2022-09-25 20:48,臺南市立棒球場,9,,FINISHED,NORMAL,統一7-ELEVEn獅,sIhGz,味全龍,7vHtn,2,4,4,7,0,0,"0,2,0,0,0,0,0,0,0","0,0,0,0,4,0,0,0,0",AWAY,0
FGFGL,CPBL-2022-dG,2022,一軍,例行賽,2022-09-25,2022-09-25 17:06,2022-09-25 20:44,新北市立新莊棒球場,9,,FINISHED,NORMAL,富邦悍將,EAjkg,樂天桃猿,qDCGm,2,8,11,13,0,0,"0,0,0,1,1,0,0,0,0","0,0,0,0,3,0,3,0,2",AWAY,0
IZTrj,CPBL-2022-dG,2022,一軍,例行賽,2022-09-24,2022-09-24 17:05,2022-09-24 20:20,臺南市立棒球場,9,,FINISHED,NORMAL,統一7-ELEVEn獅,sIhGz,味全龍,7vHtn,4,5,8,7,0,0,"0,2,1,1,0,0,0,0,0","0,1,0,2,2,0,0,0,0",AWAY,0
oU4cw,CPBL-2022-dG,2022,一軍,例行賽,2022-09-24,2022-09-24 17:05,2022-09-24 20:44,新北市立新莊棒球場,9,,FINISHED,NORMAL,富邦悍將,EAjkg,中信兄弟,X4hc7,2,4,4,6,0,0,"0,0,0,1,0,0,0,0,1","0,0,0,0,0,0,0,0,4",AWAY,0
FuMzb,CPBL-2022-dG,2022,一軍,例行賽,2022-09-23,2022-09-23 18:35,2022-09-23 21:36,臺南市立棒球場,9,,FINISHED,NORMAL,統一7-ELEVEn獅,sIhGz,味全龍,7vHtn,3,2,4,5,0,0,"0,1,2,0,0,0,0,0,0","0,2,0,0,0,0,0,0,0",HOME,1
4Sbk3,CPBL-2022-dG,2022,一軍,例行賽,2022-09-23,2022-09-23 18:36,2022-09-23 22:54,樂天桃園棒球場,9,,FINISHED,NORMAL,樂天桃猿,qDCGm,中信兄弟,X4hc7,7,9,15,15,0,0,"0,2,2,3,0,0,0,0,0","2,2,0,0,1,0,1,3,0",AWAY,0
QxWn1,CPBL-2022-dG,2022,一軍,例行賽,2022-09-22,2022-09-22 18:36,2022-09-22 21:35,樂天桃園棒球場,9,,FINISHED,NORMAL,樂天桃猿,qDCGm,中信兄弟,X4hc7,2,6,6,6,0,0,"0,2,0,0,0,0,0,0,0","0,0,3,1,1,1,0,0,0",AWAY,0
yJZy3,CPBL-2022-dG,2022,一軍,例行賽,2022-09-22,2022-09-22 18:35,2022-09-22 21:53,新北市立新莊棒球場,9,,FINISHED,NORMAL,富邦悍將,EAjkg,統一7-ELEVEn獅,sIhGz,4,3,6,4,0,0,"2,0,2,0,0,0,0,0,0","1,0,2,0,0,0,0,0,0",HOME,1
PYMvW,CPBL-2022-dG,2022,一軍,例行賽,2022-09-21,2022-09-21 18:36,2022-09-21 22:02,樂天桃園棒球場,9,,FINISHED,NORMAL,樂天桃猿,qDCGm,中信兄弟,X4hc7,0,11,6,13,0,0,"0,0,0,0,0,0,0,0,0","1,4,0,0,0,5,0,1,0",AWAY,0
S4Q1m,CPBL-2022-dG,2022,一軍,例行賽,2022-09-21,2022-09-21 18:36,2022-09-21 21:39,新北市立新莊棒球場,9,,FINISHED,NORMAL,富邦悍將,EAjkg,味全龍,7vHtn,9,2,13,8,0,0,"3,1,0,0,1,3,0,1,0","0,0,0,0,0,0,2,0,0",HOME,1
4cYGq,CPBL-2022-dG,2022,一軍,例行賽,2022-09-20,2022-09-20 18:35,2022-09-20 21:54,樂天桃園棒球場,9,,FINISHED,NORMAL,樂天桃猿,qDCGm,統一7-ELEVEn獅,sIhGz,5,3,7,7,0,0,"0,0,0,4,1,0,0,0,0","0,0,0,3,0,0,0,0,0",HOME,1
QWdBJ,CPBL-2022-dG,2022,一軍,例行賽,2022-09-20,2022-09-20 18:35,2022-09-20 21:43,新北市立新莊棒球場,9,,FINISHED,NORMAL,富邦悍將,EAjkg,味全龍,7vHtn,3,2,7,8,0,0,"0,3,0,0,0,0,0,0,0","0,0,0,0,0,1,0,1,0",HOME,1
ubiWI,CPBL-2022-dG,2022,一軍,例行賽,2022-09-18,2022-09-18 17:05,2022-09-18 21:06,臺北市立天母棒球場,9,,FINISHED,NORMAL,味全龍,7vHtn,中信兄弟,X4hc7,4,8,11,11,0,0,"0,0,0,0,0,0,2,0,2","1,0,0,0,3,0,1,3,0",AWAY,0
1MvNp,CPBL-2022-dG,2022,一軍,例行賽,2022-09-18,2022-09-18 17:05,2022-09-18 19:39,樂天桃園棒球場,9,,FINISHED,NORMAL,樂天桃猿,qDCGm,統一7-ELEVEn獅,sIhGz,3,1,7,3,0,0,"0,0,2,0,1,0,0,0,0","0,0,0,0,0,0,1,0,0",HOME,1
Hcr0r,CPBL-2022-dG,2022,一軍,例行賽,2022-09-17,2022-09-17 17:05,2022-09-17 20:32,臺北市立天母棒球場,9,,FINISHED,NORMAL,味全龍,7vHtn,中信兄弟,X4hc7,4,5,10,10,0,0,"1,0,0,0,0,0,2,1,0","0,0,1,0,1,0,0,3,0",AWAY,0
IXM3t,CPBL-2022-dG,2022,一軍,例行賽,2022-09-17,2022-09-17 17:05,2022-09-17 20:15,樂天桃園棒球場,9,,FINISHED,NORMAL,樂天桃猿,qDCGm,富邦悍將,EAjkg,6,1,11,9,0,0,"0,0,0,2,0,4,0,0,0","0,1,0,0,0,0,0,0,0",HOME,1
d3Abw,CPBL-2022-dG,2022,一軍,例行賽,2022-09-16,2022-09-16 18:35,2022-09-16 22:30,臺南市立棒球場,9,,FINISHED,NORMAL,統一7-ELEVEn獅,sIhGz,富邦悍將,EAjkg,3,6,12,14,0,0,"0,3,0,0,0,0,0,0,0","4,0,0,0,1,0,0,0,1",AWAY,0
N2l9o,CPBL-2022-dG,2022,一軍,例行賽,2022-09-16,2022-09-16 18:05,2022-09-16 21:04,臺北市立天母棒球場,9,,FINISHED,NORMAL,味全龍,7vHtn,中信兄弟,X4hc7,2,3,7,7,0,0,"1,0,0,0,1,0,0,0,0","2,0,0,0,0,1,0,0,0",AWAY,0
0Xf8h,CPBL-2022-dG,2022,一軍,例行賽,2022-09-15,2022-09-15 18:35,2022-09-15 22:02,臺南市立棒球場,9,,FINISHED,NORMAL,統一7-ELEVEn獅,sIhGz,富邦悍將,EAjkg,13,6,13,10,0,0,"9,0,1,2,0,0,0,1,0","0,1,1,0,2,0,2,0,0",HOME,1
qGBF3,CPBL-2022-dG,2022,一軍,例行賽,2022-09-15,2022-09-15 18:35,2022-09-15 21:20,樂天桃園棒球場,9,,FINISHED,NORMAL,樂天桃猿,qDCGm,味全龍,7vHtn,4,2,7,8,0,0,"0,0,2,0,0,1,1,0,0","2,0,0,0,0,0,0,0,0",HOME,1
eAHxt,CPBL-2022-dG,2022,一軍,例行賽,2022-09-14,2022-09-14 18:35,2022-09-14 21:43,臺南市立棒球場,9,,FINISHED,NORMAL,統一7-ELEVEn獅,sIhGz,富邦悍將,EAjkg,5,2,7,8,0,0,"0,3,0,1,1,0,0,0,0","0,0,0,0,0,0,1,1,0",HOME,1
H4XAI,CPBL-2022-dG,2022,一軍,例行賽,2022-09-14,2022-09-14 18:35,2022-09-14 22:21,樂天桃園棒球場,9,,FINISHED,NORMAL,樂天桃猿,qDCGm,中信兄弟,X4hc7,13,2,21,7,0,0,"0,0,0,4,1,2,1,5,0","0,0,0,0,0,0,0,2,0",HOME,1
AXAJM,CPBL-2022-dG,2022,一軍,例行賽,2022-09-13,2022-09-13 18:35,2022-09-13 22:00,臺南市立棒球場,9,,FINISHED,NORMAL,統一7-ELEVEn獅,sIhGz,味全龍,7vHtn,7,2,12,9,0,0,"1,0,0,0,0,0,5,1,0","0,0,0,0,2,0,0,0,0",HOME,1
9fQr6,CPBL-2022-dG,2022,一軍,例行賽,2022-09-13,2022-09-13 18:56,2022-09-13 22:36,樂天桃園棒球場,9,,FINISHED,NORMAL,樂天桃猿,qDCGm,中信兄弟,X4hc7,5,7,11,17,0,0,"0,0,1,0,1,0,0,2,1","2,2,1,1,0,0,1,0,0",AWAY,0
63ng7,CPBL-2022-dG,2022,一軍,例行賽,2022-09-11,2022-09-11 17:05,2022-09-11 22:25,臺中市洲際棒球場,9,,FINISHED,NORMAL,中信兄弟,X4hc7,富邦悍將,EAjkg,4,1,11,8,0,0,"0,0,2,0,0,2,0,0,0","0,0,0,0,0,1,0,0,0",HOME,1
B2DXH,CPBL-2022-dG,2022,一軍,例行賽,2022-09-11,2022-09-11 17:05,2022-09-11 20:52,臺南市立棒球場,9,,FINISHED,NORMAL,統一7-ELEVEn獅,sIhGz,味全龍,7vHtn,8,4,12,9,0,0,"0,3,3,0,1,0,0,1,0","0,1,0,0,0,2,1,0,0",HOME,1
Xq0gp,CPBL-2022-dG,2022,一軍,例行賽,2022-09-10,2022-09-10 17:05,2022-09-10 20:46,臺中市洲際棒球場,9,,FINISHED,NORMAL,中信兄弟,X4hc7,富邦悍將,EAjkg,2,3,7,12,0,0,"0,0,0,2,0,0,0,0,0","1,0,0,0,0,1,1,0,0",AWAY,0
flHMM,CPBL-2022-dG,2022,一軍,例行賽,2022-09-10,2022-09-10 17:05,2022-09-10 21:07,臺南市立棒球場,9,,FINISHED,NORMAL,統一7-ELEVEn獅,sIhGz,樂天桃猿,qDCGm,3,8,10,13,0,0,"0,0,0,0,2,0,0,0,1","0,0,1,1,0,6,0,0,0",AWAY,0
e75rh,CPBL-2022-dG,2022,一軍,例行賽,2022-09-09,2022-09-09 17:05,2022-09-09 20:00,臺中市洲際棒球場,9,,FINISHED,NORMAL,中信兄弟,X4hc7,富邦悍將,EAjkg,6,0,10,5,0,0,"1,0,0,0,0,5,0,0,0","0,0,0,0,0,0,0,0,0",HOME,1
eejUv,CPBL-2022-dG,2022,一軍,例行賽,2022-09-09,2022-09-09 17:05,2022-09-09 20:01,花蓮縣立德興棒球場,9,,FINISHED,NORMAL,味全龍,7vHtn,樂天桃猿,qDCGm,5,4,9,10,0,0,"1,1,0,0,1,0,2,0,0","0,0,0,1,0,2,1,0,0",HOME,1
xrPqg,CPBL-2022-dG,2022,一軍,例行賽,2022-09-08,2022-09-08 18:36,2022-09-08 21:53,臺南市立棒球場,9,,FINISHED,NORMAL,統一7-ELEVEn獅,sIhGz,中信兄弟,X4hc7,7,3,12,9,0,0,"3,0,0,1,1,2,0,0,0","0,0,0,0,0,0,3,0,0",HOME,1
VSGnf,CPBL-2022-dG,2022,一軍,例行賽,2022-09-08,2022-09-08 18:36,2022-09-08 22:01,花蓮縣立德興棒球場,9,,FINISHED,NORMAL,味全龍,7vHtn,樂天桃猿,qDCGm,2,3,4,5,0,0,"0,0,0,0,1,1,0,0,0","0,0,0,0,0,0,0,0,3",AWAY,0
jbFn0,CPBL-2022-dG,2022,一軍,例行賽,2022-09-07,2022-09-07 18:36,2022-09-07 22:25,臺南市立棒球場,9,,FINISHED,NORMAL,統一7-ELEVEn獅,sIhGz,富邦悍將,EAjkg,2,3,9,7,0,0,"0,0,0,0,1,1,0,0,0","0,0,0,0,0,0,3,0,0",AWAY,0
cwn65,CPBL-2022-dG,2022,一軍,例行賽,2022-09-07,2022-09-07 19:36,2022-09-07 23:47,花蓮縣立德興棒球場,9,,FINISHED,NORMAL,味全龍,7vHtn,樂天桃猿,qDCGm,3,4,8,6,0,0,"0,2,0,1,0,0,0,0,0","3,0,0,0,0,1,0,0,0",AWAY,0
vXxsG,CPBL-2022-dG,2022,一軍,例行賽,2022-09-06,2022-09-06 18:36,2022-09-06 22:08,臺南市立棒球場,9,,FINISHED,NORMAL,統一7-ELEVEn獅,sIhGz,富邦悍將,EAjkg,1,5,8,12,0,0,"0,0,1,0,0,0,0,0,0","0,0,4,0,0,1,0,0,0",AWAY,0
HBXy9,CPBL-2022-dG,2022,一軍,例行賽,2022-09-06,2022-09-06 18:05,2022-09-06 20:46,臺北市立天母棒球場,9,,FINISHED,NORMAL,味全龍,7vHtn,中信兄弟,X4hc7,4,3,10,6,0,0,"0,0,0,1,0,0,1,2,0","0,0,0,0,0,0,0,0,3",HOME,1
ZBow0,CPBL-2022-dG,2022,一軍,例行賽,2022-09-05,2022-09-05 18:35,2022-09-05 22:03,新北市立新莊棒球場,9,,FINISHED,NORMAL,富邦悍將,EAjkg,樂天桃猿,qDCGm,6,3,11,6,0,0,"0,1,0,2,0,2,0,1,0","1,0,0,0,2,0,0,0,0",HOME,1
LyvGA,CPBL-2022-dG,2022,一軍,例行賽,2022-09-04,2022-09-04 17:05,2022-09-04 20:20,臺北市立天母棒球場,9,,FINISHED,NORMAL,味全龍,7vHtn,中信兄弟,X4hc7,4,12,11,13,0,0,"1,0,1,0,0,1,0,0,1","0,0,7,2,2,0,1,0,0",AWAY,0
w527o,CPBL-2022-dG,2022,一軍,例行賽,2022-09-02,2022-09-02 18:36,2022-09-02 21:17,臺中市洲際棒球場,9,,FINISHED,NORMAL,中信兄弟,X4hc7,統一7-ELEVEn獅,sIhGz,4,0,7,2,0,0,"0,0,0,0,1,0,0,3,0","0,0,0,0,0,0,0,0,0",HOME,1
BkApX,CPBL-2022-dG,2022,一軍,例行賽,2022-09-01,2022-09-01 18:36,2022-09-01 21:31,臺中市洲際棒球場,9,,FINISHED,NORMAL,中信兄弟,X4hc7,統一7-ELEVEn獅,sIhGz,4,0,8,3,0,0,"0,2,0,0,0,0,2,0,0","0,0,0,0,0,0,0,0,0",HOME,1
H8FDf,CPBL-2022-dG,2022,一軍,例行賽,2022-09-01,2022-09-01 18:05,2022-09-01 23:38,臺北市立天母棒球場,9,,FINISHED,NORMAL,味全龍,7vHtn,富邦悍將,EAjkg,4,4,11,11,0,0,"0,0,1,0,0,2,0,1,0","0,0,0,0,0,0,1,3,0",TIE,
o5PUV,CPBL-2022-dG,2022,一軍,例行賽,2022-08-31,2022-08-31 18:35,2022-08-31 22:06,臺中市洲際棒球場,9,,FINISHED,NORMAL,中信兄弟,X4hc7,統一7-ELEVEn獅,sIhGz,5,7,10,11,0,0,"4,0,0,0,0,1,0,0,0","3,0,0,0,0,0,0,4,0",AWAY,0
dSK8u,CPBL-2022-dG,2022,一軍,例行賽,2022-08-31,2022-08-31 18:05,2022-08-31 21:23,臺北市立天母棒球場,6,,FINISHED,NORMAL,味全龍,7vHtn,樂天桃猿,qDCGm,4,4,5,9,0,0,"0,1,3,0,0,0","2,0,1,1,0,0,0",TIE,
Jqub5,CPBL-2022-dG,2022,一軍,例行賽,2022-08-30,2022-08-30 18:35,2022-08-30 21:37,臺中市洲際棒球場,9,,FINISHED,NORMAL,中信兄弟,X4hc7,富邦悍將,EAjkg,2,1,10,6,0,0,"0,0,0,0,1,1,0,0,0","0,1,0,0,0,0,0,0,0",HOME,1
0cxL0,CPBL-2022-dG,2022,一軍,例行賽,2022-08-30,2022-08-30 18:05,2022-08-30 22:07,臺北市立天母棒球場,9,,FINISHED,NORMAL,味全龍,7vHtn,樂天桃猿,qDCGm,3,7,6,12,0,0,"0,1,1,0,1,0,0,0,0","1,0,0,3,0,0,0,1,2",AWAY,0
ZXi2A,CPBL-2022-dG,2022,一軍,例行賽,2022-08-29,2022-08-29 18:36,2022-08-29 23:13,新北市立新莊棒球場,11,,FINISHED,NORMAL,富邦悍將,EAjkg,味全龍,7vHtn,2,6,8,14,0,0,"0,0,0,0,0,1,0,0,1,0,0","0,0,0,0,0,0,0,0,2,0,4",AWAY,0
SWnN1,CPBL-2022-dG,2022,一軍,例行賽,2022-08-28,2022-08-28 17:05,2022-08-28 20:27,臺中市洲際棒球場,9,,FINISHED,NORMAL,中信兄弟,X4hc7,富邦悍將,EAjkg,6,3,12,13,0,0,"1,2,0,0,2,1,0,0,0","0,0,0,0,0,0,2,0,1",HOME,1
HepOl,CPBL-2022-dG,2022,一軍,例行賽,2022-08-27,2022-08-27 17:05,2022-08-27 20:27,樂天桃園棒球場,9,,FINISHED,NORMAL,樂天桃猿,qDCGm,統一7-ELEVEn獅,sIhGz,4,8,10,9,0,0,"2,0,0,0,0,0,0,1,1","0,0,5,0,0,0,3,0,0",AWAY,0
3KtT3,CPBL-2022-dG,2022,一軍,例行賽,2022-08-27,2022-08-27 17:05,2022-08-27 20:17,臺中市洲際棒球場,9,,FINISHED,NORMAL,中信兄弟,X4hc7,味全龍,7vHtn,6,3,9,8,0,0,"0,0,0,0,2,0,4,0,0","2,0,0,0,1,0,0,0,0",HOME,1
EO1Hc,CPBL-2022-dG,2022,一軍,例行賽,2022-08-26,2022-08-26 18:36,2022-08-26 22:08,樂天桃園棒球場,9,,FINISHED,NORMAL,樂天桃猿,qDCGm,統一7-ELEVEn獅,sIhGz,3,1,7,10,0,0,"0,0,0,0,1,0,2,0,0","0,0,0,1,0,0,0,0,0",HOME,1
Jzvxi,CPBL-2022-dG,2022,一軍,例行賽,2022-08-26,2022-08-26 18:35,2022-08-26 21:33,新北市立新莊棒球場,9,,FINISHED,NORMAL,富邦悍將,EAjkg,味全龍,7vHtn,6,3,9,6,0,0,"0,0,1,1,0,0,0,4,0","1,2,0,0,0,0,0,0,0",HOME,1
EfOGM,CPBL-2022-dG,2022,一軍,例行賽,2022-08-25,2022-08-25 19:00,2022-08-25 22:40,新北市立新莊棒球場,9,,FINISHED,NORMAL,富邦悍將,EAjkg,味全龍,7vHtn,2,4,10,7,0,0,"0,0,0,1,0,0,1,0,0","0,0,0,0,0,1,0,3,0",AWAY,0
RNAbT,CPBL-2022-dG,2022,一軍,例行賽,2022-08-25,2022-08-25 18:35,2022-08-25 22:26,臺中市洲際棒球場,9,,FINISHED,NORMAL,中信兄弟,X4hc7,樂天桃猿,qDCGm,2,6,8,12,0,0,"0,0,0,0,2,0,0,0,0","0,0,0,0,1,5,0,0,0",AWAY,0
c993e,CPBL-2022-dG,2022,一軍,例行賽,2022-08-24,2022-08-24 18:35,2022-08-24 21:22,臺中市洲際棒球場,9,,FINISHED,NORMAL,中信兄弟,X4hc7,統一7-ELEVEn獅,sIhGz,3,0,14,7,0,0,"0,1,0,0,0,1,1,0,0","0,0,0,0,0,0,0,0,0",HOME,1
CdRPA,CPBL-2022-dG,2022,一軍,例行賽,2022-08-23,2022-08-23 18:36,2022-08-23 21:46,新北市立新莊棒球場,9,,FINISHED,NORMAL,富邦悍將,EAjkg,樂天桃猿,qDCGm,10,2,12,8,0,0,"1,7,1,0,1,0,0,0,0","0,0,1,0,0,0,1,0,0",HOME,1
SrkKb,CPBL-2022-dG,2022,一軍,例行賽,2022-08-23,2022-08-23 18:35,2022-08-23 21:30,臺中市洲際棒球場,9,,FINISHED,NORMAL,中信兄弟,X4hc7,統一7-ELEVEn獅,sIhGz,0,3,3,9,0,0,"0,0,0,0,0,0,0,0,0","1,0,0,2,0,0,0,0,0",AWAY,0
1rX2h,CPBL-2022-dG,2022,一軍,例行賽,2022-08-21,2022-08-21 17:05,2022-08-21 20:34,澄清湖棒球場,9,,FINISHED,NORMAL,統一7-ELEVEn獅,sIhGz,中信兄弟,X4hc7,1,8,5,11,0,0,"0,0,0,1,0,0,0,0,0","2,0,0,0,0,2,4,0,0",AWAY,0
jOGbR,CPBL-2022-dG,2022,一軍,例行賽,2022-08-21,2022-08-21 17:06,2022-08-21 20:19,臺北市立天母棒球場,9,,FINISHED,NORMAL,味全龍,7vHtn,樂天桃猿,qDCGm,7,3,11,8,0,0,"2,0,3,0,0,0,0,2,0","1,1,0,1,0,0,0,0,0",HOME,1
BBjoz,CPBL-2022-dG,2022,一軍,例行賽,2022-08-20,2022-08-20 17:05,2022-08-20 19:49,澄清湖棒球場,9,,FINISHED,NORMAL,統一7-ELEVEn獅,sIhGz,中信兄弟,X4hc7,1,0,8,7,0,0,"0,0,0,0,0,0,1,0,0","0,0,0,0,0,0,0,0,0",HOME,1
AsBR4,CPBL-2022-dG,2022,一軍,例行賽,2022-08-20,2022-08-20 17:05,2022-08-20 20:07,臺北市立天母棒球場,9,,FINISHED,NORMAL,味全龍,7vHtn,富邦悍將,EAjkg,3,1,7,4,0,0,"1,0,0,0,1,0,0,1,0","0,0,0,1,0,0,0,0,0",HOME,1
4URZw,CPBL-2022-dG,2022,一軍,例行賽,2022-08-19,2022-08-19 18:35,2022-08-19 21:32,臺南市立棒球場,9,,FINISHED,NORMAL,統一7-ELEVEn獅,sIhGz,中信兄弟,X4hc7,5,1,7,6,0,0,"3,2,0,0,0,0,0,0,0","1,0,0,0,0,0,0,0,0",HOME,1
v46KK,CPBL-2022-dG,2022,一軍,例行賽,2022-08-19,2022-08-19 18:35,2022-08-19 22:05,樂天桃園棒球場,9,,FINISHED,NORMAL,樂天桃猿,qDCGm,富邦悍將,EAjkg,2,10,6,13,0,0,"2,0,0,0,0,0,0,0,0","3,0,0,3,1,3,0,0,0",AWAY,0
PzGqw,CPBL-2022-dG,2022,一軍,例行賽,2022-08-18,2022-08-18 18:35,2022-08-18 23:36,樂天桃園棒球場,12,,FINISHED,NORMAL,樂天桃猿,qDCGm,富邦悍將,EAjkg,2,2,12,10,0,0,"0,0,0,0,1,0,1,0,0,0,0,0","0,0,0,0,0,1,0,1,0,0,0,0",TIE,
hbcSI,CPBL-2022-dG,2022,一軍,例行賽,2022-08-18,2022-08-18 19:34,2022-08-18 23:15,斗六棒球場,9,,FINISHED,NORMAL,味全龍,7vHtn,統一7-ELEVEn獅,sIhGz,4,3,13,6,0,0,"0,1,1,0,1,0,0,1,0","1,0,0,1,0,0,0,0,1",HOME,1
7A39a,CPBL-2022-dG,2022,一軍,例行賽,2022-08-17,2022-08-17 18:35,2022-08-17 21:48,樂天桃園棒球場,9,,FINISHED,NORMAL,樂天桃猿,qDCGm,富邦悍將,EAjkg,0,5,6,12,0,0,"0,0,0,0,0,0,0,0,0","0,0,2,0,2,0,1,0,0",AWAY,0
MgJUy,CPBL-2022-dG,2022,一軍,例行賽,2022-08-16,2022-08-16 18:35,2022-08-16 22:13,樂天桃園棒球場,9,,FINISHED,NORMAL,樂天桃猿,qDCGm,統一7-ELEVEn獅,sIhGz,11,2,20,9,0,0,"1,1,2,2,4,0,0,1,0","0,0,1,0,0,0,1,0,0",HOME,1
PqMl8,CPBL-2022-dG,2022,一軍,例行賽,2022-08-16,2022-08-16 18:35,2022-08-16 21:25,斗六棒球場,9,,FINISHED,NORMAL,味全龍,7vHtn,中信兄弟,X4hc7,0,5,4,11,0,0,"0,0,0,0,0,0,0,0,0","0,0,0,0,0,0,0,4,1",AWAY,0
93nj3,CPBL-2022-dG,2022,一軍,例行賽,2022-08-14,2022-08-14 17:05,2022-08-14 20:33,臺中市洲際棒球場,9,,FINISHED,NORMAL,中信兄弟,X4hc7,樂天桃猿,qDCGm,3,4,9,9,0,0,"2,0,0,0,0,1,0,0,0","0,0,0,0,0,0,3,0,1",AWAY,0
9qrdg,CPBL-2022-dG,2022,一軍,例行賽,2022-08-14,2022-08-14 17:06,2022-08-14 21:47,新北市立新莊棒球場,12,,FINISHED,NORMAL,富邦悍將,EAjkg,味全龍,7vHtn,3,4,8,15,0,0,"1,0,0,2,0,0,0,0,0,0,0,0","0,1,0,0,2,0,0,0,0,0,0,1",AWAY,0
2bxBN,CPBL-2022-dG,2022,一軍,例行賽,2022-08-13,2022-08-13 17:06,2022-08-13 20:02,臺中市洲際棒球場,9,,FINISHED,NORMAL,中信兄弟,X4hc7,樂天桃猿,qDCGm,4,2,6,4,0,0,"0,0,0,1,2,0,1,0,0","0,0,0,0,2,0,0,0,0",HOME,1
uYLQa,CPBL-2022-dG,2022,一軍,例行賽,2022-08-13,2022-08-13 17:05,2022-08-13 20:32,新北市立新莊棒球場,9,,FINISHED,NORMAL,富邦悍將,EAjkg,統一7-ELEVEn獅,sIhGz,7,2,11,9,0,0,"0,1,3,0,0,3,0,0,0","2,0,0,0,0,0,0,0,0",HOME,1
3j2in,CPBL-2022-dG,2022,一軍,例行賽,2022-08-12,2022-08-12 18:35,2022-08-12 21:52,臺中市洲際棒球場,9,,FINISHED,NORMAL,中信兄弟,X4hc7,樂天桃猿,qDCGm,2,7,9,13,0,0,"0,0,0,0,0,1,1,0,0","1,2,0,0,1,0,0,3,0",AWAY,0
pQER3,CPBL-2022-dG,2022,一軍,例行賽,2022-08-12,2022-08-12 18:05,2022-08-12 21:32,臺北市立天母棒球場,9,,FINISHED,NORMAL,味全龍,7vHtn,統一7-ELEVEn獅,sIhGz,2,7,9,11,0,0,"0,0,0,0,0,0,0,2,0","1,1,0,0,2,3,0,0,0",AWAY,0
cj3ZR,CPBL-2022-dG,2022,一軍,例行賽,2022-08-11,2022-08-11 18:35,2022-08-11 22:06,新北市立新莊棒球場,9,,FINISHED,NORMAL,富邦悍將,EAjkg,中信兄弟,X4hc7,2,7,5,11,0,0,"1,0,0,1,0,0,0,0,0","0,1,1,0,2,2,1,0,0",AWAY,0
fC6am,CPBL-2022-dG,2022,一軍,例行賽,2022-08-11,2022-08-11 18:06,2022-08-11 21:32,臺北市立天母棒球場,9,,FINISHED,NORMAL,味全龍,7vHtn,統一7-ELEVEn獅,sIhGz,4,3,9,11,0,0,"3,0,0,0,1,0,0,0,0","0,0,0,0,1,0,0,2,0",HOME,1
A6qoA,CPBL-2022-dG,2022,一軍,例行賽,2022-08-10,2022-08-10 18:35,2022-08-10 21:24,新北市立新莊棒球場,9,,FINISHED,NORMAL,富邦悍將,EAjkg,樂天桃猿,qDCGm,0,3,3,4,0,0,"0,0,0,0,0,0,0,0,0","0,0,1,0,0,0,1,0,1",AWAY,0
NSjyN,CPBL-2022-dG,2022,一軍,例行賽,2022-08-10,2022-08-10 18:05,2022-08-10 21:44,臺北市立天母棒球場,9,,FINISHED,NORMAL,味全龍,7vHtn,統一7-ELEVEn獅,sIhGz,4,3,11,8,0,0,"1,0,0,0,0,0,0,1,2","0,1,0,0,0,0,2,0,0",HOME,1
yrGPo,CPBL-2022-dG,2022,一軍,例行賽,2022-08-09,2022-08-09 18:35,2022-08-09 21:45,新北市立新莊棒球場,9,,FINISHED,NORMAL,富邦悍將,EAjkg,樂天桃猿,qDCGm,4,5,9,6,0,0,"0,0,0,0,0,0,0,0,4","2,0,0,0,3,0,0,0,0",AWAY,0
0cz99,CPBL-2022-dG,2022,一軍,例行賽,2022-08-09,2022-08-09 18:05,2022-08-09 20:49,臺北市立天母棒球場,9,,FINISHED,NORMAL,味全龍,7vHtn,中信兄弟,X4hc7,2,1,8,7,0,0,"1,0,0,0,1,0,0,0,0","0,1,0,0,0,0,0,0,0",HOME,1
0kAWE,CPBL-2022-dG,2022,一軍,例行賽,2022-08-07,2022-08-07 19:17,2022-08-07 22:49,臺南市立棒球場,9,,FINISHED,NORMAL,統一7-ELEVEn獅,sIhGz,富邦悍將,EAjkg,5,3,13,7,0,0,"4,0,0,0,1,0,0,0,0","0,1,0,0,0,0,0,0,2",HOME,1
7wZ0A,CPBL-2022-dG,2022,一軍,例行賽,2022-08-07,2022-08-07 17:05,2022-08-07 19:51,樂天桃園棒球場,9,,FINISHED,NORMAL,樂天桃猿,qDCGm,味全龍,7vHtn,3,0,9,7,0,0,"1,0,0,2,0,0,0,0,0","0,0,0,0,0,0,0,0,0",HOME,1
9zapF,CPBL-2022-dG,2022,一軍,例行賽,2022-08-06,2022-08-06 17:05,2022-08-06 20:18,樂天桃園棒球場,9,,FINISHED,NORMAL,樂天桃猿,qDCGm,味全龍,7vHtn,7,1,4,5,0,0,"0,0,0,3,3,0,1,0,0","0,0,0,0,0,1,0,0,0",HOME,1
0nuHK,CPBL-2022-dG,2022,一軍,例行賽,2022-08-06,2022-08-06 17:05,2022-08-06 21:14,臺南市立棒球場,9,,FINISHED,NORMAL,統一7-ELEVEn獅,sIhGz,中信兄弟,X4hc7,13,6,14,12,0,0,"1,5,0,0,0,0,7,0,0","0,0,0,3,0,0,0,0,3",HOME,1
YNbFn,CPBL-2022-dG,2022,一軍,例行賽,2022-08-05,2022-08-05 18:35,2022-08-05 21:48,樂天桃園棒球場,9,,FINISHED,NORMAL,樂天桃猿,qDCGm,味全龍,7vHtn,3,1,9,8,0,0,"1,0,0,0,0,0,0,2,0","0,0,1,0,0,0,0,0,0",HOME,1
mpOH9,CPBL-2022-dG,2022,一軍,例行賽,2022-08-05,2022-08-05 18:35,2022-08-05 22:00,新北市立新莊棒球場,9,,FINISHED,NORMAL,富邦悍將,EAjkg,中信兄弟,X4hc7,3,1,9,7,0,0,"1,0,0,1,1,0,0,0,0","0,0,0,0,0,0,0,0,1",HOME,1
iiAg3,CPBL-2022-dG,2022,一軍,例行賽,2022-08-04,2022-08-04 18:35,2022-08-04 22:16,新北市立新莊棒球場,9,,FINISHED,NORMAL,富邦悍將,EAjkg,中信兄弟,X4hc7,6,5,10,9,0,0,"0,0,0,3,0,1,0,1,1","0,0,1,1,2,0,0,1,0",HOME,1
cZtiT,CPBL-2022-dG,2022,一軍,例行賽,2022-08-04,2022-08-04 18:35,2022-08-04 21:32,澄清湖棒球場,9,,FINISHED,NORMAL,統一7-ELEVEn獅,sIhGz,樂天桃猿,qDCGm,1,4,6,7,0,0,"0,1,0,0,0,0,0,0,0","0,1,0,0,3,0,0,0,0",AWAY,0
8StH5,CPBL-2022-dG,2022,一軍,例行賽,2022-08-03,2022-08-03 18:35,2022-08-03 22:33,新北市立新莊棒球場,9,,FINISHED,NORMAL,富邦悍將,EAjkg,中信兄弟,X4hc7,2,4,11,12,0,0,"0,0,0,1,1,0,0,0,0","1,0,2,0,1,0,0,0,0",AWAY,0
IHvkV,CPBL-2022-dG,2022,一軍,例行賽,2022-08-03,2022-08-03 18:35,2022-08-03 21:33,澄清湖棒球場,9,,FINISHED,NORMAL,統一7-ELEVEn獅,sIhGz,味全龍,7vHtn,0,6,7,12,0,0,"0,0,0,0,0,0,0,0,0","3,0,0,0,1,2,0,0,0",AWAY,0
LxZNH,CPBL-2022-dG,2022,一軍,例行賽,2022-08-02,2022-08-02 18:35,2022-08-02 22:20,新北市立新莊棒球場,10,,FINISHED,NORMAL,富邦悍將,EAjkg,樂天桃猿,qDCGm,1,4,6,4,0,0,"0,0,0,0,0,0,0,0,1,0","0,0,0,0,0,0,0,0,1,3",AWAY,0
OJoSa,CPBL-2022-dG,2022,一軍,例行賽,2022-08-02,2022-08-02 18:35,2022-08-02 21:34,澄清湖棒球場,9,,FINISHED,NORMAL,統一7-ELEVEn獅,sIhGz,味全龍,7vHtn,1,4,5,8,0,0,"0,0,0,1,0,0,0,0,0","0,0,4,0,0,0,0,0,0",AWAY,0
VLAoi,CPBL-2022-dG,2022,一軍,例行賽,2022-07-28,2022-07-28 18:35,2022-07-28 22:42,澄清湖棒球場,9,,FINISHED,NORMAL,中信兄弟,X4hc7,味全龍,7vHtn,4,9,9,15,0,0,"0,3,0,0,0,0,1,0,0","0,1,0,0,3,0,5,0,0",AWAY,0
RECzX,CPBL-2022-dG,2022,一軍,例行賽,2022-07-28,2022-07-28 18:35,2022-07-28 22:25,樂天桃園棒球場,9,,FINISHED,NORMAL,樂天桃猿,qDCGm,富邦悍將,EAjkg,6,10,13,14,0,0,"0,1,0,0,2,1,2,0,0","0,2,2,3,2,0,0,1,0",AWAY,0
lbzUe,CPBL-2022-dG,2022,一軍,例行賽,2022-07-27,2022-07-27 18:35,2022-07-27 23:55,澄清湖棒球場,12,,FINISHED,NORMAL,中信兄弟,X4hc7,味全龍,7vHtn,6,6,16,16,0,0,"0,0,2,0,0,0,0,4,0,0,0,0","1,0,2,0,0,0,1,2,0,0,0,0",TIE,
rUwE2,CPBL-2022-dG,2022,一軍,例行賽,2022-07-27,2022-07-27 18:35,2022-07-27 22:27,樂天桃園棒球場,9,,FINISHED,NORMAL,樂天桃猿,qDCGm,統一7-ELEVEn獅,sIhGz,6,3,6,10,0,0,"3,1,0,0,1,0,1,0,0","1,0,0,2,0,0,0,0,0",HOME,1
WpbNE,CPBL-2022-dG,2022,一軍,例行賽,2022-07-26,2022-07-26 18:35,2022-07-26 21:03,澄清湖棒球場,9,,FINISHED,NORMAL,中信兄弟,X4hc7,富邦悍將,EAjkg,2,1,4,5,0,0,"0,1,0,0,1,0,0,0,0","0,0,0,0,0,0,1,0,0",HOME,1
d8Gci,CPBL-2022-dG,2022,一軍,例行賽,2022-07-26,2022-07-26 18:35,2022-07-26 21:54,樂天桃園棒球場,9,,FINISHED,NORMAL,樂天桃猿,qDCGm,統一7-ELEVEn獅,sIhGz,3,1,10,6,0,0,"1,0,0,1,0,0,0,1,0","0,0,1,0,0,0,0,0,0",HOME,1
dwgyT,CPBL-2022-dG,2022,一軍,例行賽,2022-07-24,2022-07-24 17:05,2022-07-24 19:51,臺中市洲際棒球場,9,,FINISHED,NORMAL,中信兄弟,X4hc7,統一7-ELEVEn獅,sIhGz,3,1,8,2,0,0,"0,0,0,0,0,1,2,0,0","0,0,0,1,0,0,0,0,0",HOME,1
HCReQ,CPBL-2022-dG,2022,一軍,例行賽,2022-07-23,2022-07-23 17:05,2022-07-23 20:41,臺中市洲際棒球場,9,,FINISHED,NORMAL,中信兄弟,X4hc7,樂天桃猿,qDCGm,6,8,7,12,0,0,"4,1,0,0,0,0,1,0,0","0,0,0,0,0,8,0,0,0",AWAY,0
QYlOT,CPBL-2022-dG,2022,一軍,例行賽,2022-07-23,2022-07-23 17:06,2022-07-23 19:53,新竹市立棒球場,9,,FINISHED,NORMAL,味全龍,7vHtn,富邦悍將,EAjkg,0,4,2,9,0,0,"0,0,0,0,0,0,0,0,0","0,2,0,0,0,0,2,0,0",AWAY,0
IbRA9,CPBL-2022-dG,2022,一軍,例行賽,2022-07-22,2022-07-22 18:35,2022-07-22 21:27,臺南市立棒球場,9,,FINISHED,NORMAL,統一7-ELEVEn獅,sIhGz,樂天桃猿,qDCGm,0,3,4,6,0,0,"0,0,0,0,0,0,0,0,0","1,0,0,0,1,0,0,1,0",AWAY,0
kBcyJ,CPBL-2022-dG,2022,一軍,例行賽,2022-07-22,2022-07-22 18:40,2022-07-22 22:07,新竹市立棒球場,9,,FINISHED,NORMAL,味全龍,7vHtn,富邦悍將,EAjkg,0,1,5,4,0,0,"0,0,0,0,0,0,0,0,0","0,0,0,0,0,0,1,0,0",AWAY,0
v0o00,CPBL-2022-dG,2022,一軍,例行賽,2022-07-19,2022-07-19 18:35,2022-07-19 21:23,臺南市立棒球場,9,,FINISHED,NORMAL,統一7-ELEVEn獅,sIhGz,富邦悍將,EAjkg,3,4,7,12,0,0,"0,3,0,0,0,0,0,0,0","1,0,0,0,1,1,1,0,0",AWAY,0
Bgno5,CPBL-2022-dG,2022,一軍,例行賽,2022-07-18,2022-07-18 18:35,2022-07-18 22:09,新北市立新莊棒球場,9,,FINISHED,NORMAL,富邦悍將,EAjkg,味全龍,7vHtn,1,8,6,12,0,0,"0,0,1,0,0,0,0,0,0","1,1,0,0,4,0,0,2,0",AWAY,0
Eo7Pu,CPBL-2022-dG,2022,一軍,例行賽,2022-07-17,2022-07-17 17:05,2022-07-17 21:52,新北市立新莊棒球場,12,,FINISHED,NORMAL,富邦悍將,EAjkg,中信兄弟,X4hc7,5,5,16,13,0,0,"0,3,0,0,0,0,1,0,1,0,0,0","2,0,0,2,0,0,0,1,0,0,0,0",TIE,
G5mRx,CPBL-2022-dG,2022,一軍,例行賽,2022-07-16,2022-07-16 17:06,2022-07-16 21:12,樂天桃園棒球場,9,,FINISHED,NORMAL,樂天桃猿,qDCGm,富邦悍將,EAjkg,8,5,14,10,0,0,"0,0,0,4,1,0,0,3,0","1,0,3,0,0,0,0,1,0",HOME,1
m0YfX,CPBL-2022-dG,2022,一軍,例行賽,2022-07-16,2022-07-16 17:06,2022-07-16 19:46,臺中市洲際棒球場,9,,FINISHED,NORMAL,中信兄弟,X4hc7,味全龍,7vHtn,3,1,9,5,0,0,"0,3,0,0,0,0,0,0,0","1,0,0,0,0,0,0,0,0",HOME,1
nt2lx,CPBL-2022-dG,2022,一軍,例行賽,2022-07-15,2022-07-15 18:35,2022-07-15 21:50,新北市立新莊棒球場,9,,FINISHED,NORMAL,富邦悍將,EAjkg,味全龍,7vHtn,2,5,6,6,0,0,"0,0,0,0,0,0,2,0,0","0,0,0,0,0,3,0,1,1",AWAY,0
QISkQ,CPBL-2022-dG,2022,一軍,例行賽,2022-07-14,2022-07-14 18:36,2022-07-14 22:27,臺南市立棒球場,9,,FINISHED,NORMAL,統一7-ELEVEn獅,sIhGz,富邦悍將,EAjkg,10,3,9,9,0,0,"0,4,0,3,0,1,2,0,0","1,0,1,1,0,0,0,0,0",HOME,1
ClT3X,CPBL-2022-dG,2022,一軍,例行賽,2022-07-14,2022-07-14 18:35,2022-07-14 21:58,樂天桃園棒球場,9,,FINISHED,NORMAL,樂天桃猿,qDCGm,味全龍,7vHtn,3,5,11,13,0,0,"0,1,1,0,0,0,0,0,1","0,0,0,2,2,1,0,0,0",AWAY,0
z3Jzj,CPBL-2022-dG,2022,一軍,例行賽,2022-07-13,2022-07-13 18:36,2022-07-13 21:17,臺中市洲際棒球場,9,,FINISHED,NORMAL,中信兄弟,X4hc7,統一7-ELEVEn獅,sIhGz,2,0,9,3,0,0,"0,0,1,0,1,0,0,0,0","0,0,0,0,0,0,0,0,0",HOME,1
IXogw,CPBL-2022-dG,2022,一軍,例行賽,2022-07-13,2022-07-13 18:35,2022-07-13 21:57,樂天桃園棒球場,9,,FINISHED,NORMAL,樂天桃猿,qDCGm,味全龍,7vHtn,9,2,14,5,0,0,"0,2,0,0,0,4,0,3,0","0,0,0,1,0,0,0,1,0",HOME,1
cUIse,CPBL-2022-dG,2022,一軍,例行賽,2022-07-12,2022-07-12 18:36,2022-07-12 22:03,新北市立新莊棒球場,9,,FINISHED,NORMAL,富邦悍將,EAjkg,中信兄弟,X4hc7,2,8,11,11,0,0,"0,0,0,0,0,0,1,1,0","2,0,0,0,0,6,0,0,0",AWAY,0
TmNfc,CPBL-2022-dG,2022,一軍,例行賽,2022-07-12,2022-07-12 18:05,2022-07-12 21:10,臺北市立天母棒球場,9,,FINISHED,NORMAL,味全龍,7vHtn,統一7-ELEVEn獅,sIhGz,11,3,14,8,0,0,"0,0,4,2,2,0,0,3,0","0,0,0,0,0,0,0,0,3",HOME,1
bQvB9,CPBL-2022-dG,2022,一軍,例行賽,2022-07-10,2022-07-10 17:05,2022-07-10 20:43,樂天桃園棒球場,9,,FINISHED,NORMAL,樂天桃猿,qDCGm,味全龍,7vHtn,10,2,7,7,0,0,"0,0,3,0,0,0,0,7,0","0,0,1,0,1,0,0,0,0",HOME,1
ECko5,CPBL-2022-dG,2022,一軍,例行賽,2022-07-10,2022-07-10 17:05,2022-07-10 20:09,臺中市洲際棒球場,9,,FINISHED,NORMAL,中信兄弟,X4hc7,統一7-ELEVEn獅,sIhGz,4,6,10,9,0,0,"0,1,0,0,0,0,0,3,0","0,0,0,3,2,0,0,0,1",AWAY,0
j0XCg,CPBL-2022-dG,2022,一軍,例行賽,2022-07-09,2022-07-09 17:07,2022-07-09 20:25,臺南市立棒球場,9,,FINISHED,NORMAL,統一7-ELEVEn獅,sIhGz,樂天桃猿,qDCGm,2,3,4,6,0,0,"0,0,2,0,0,0,0,0,0","0,0,0,0,0,0,1,2,0",AWAY,0
HGZPJ,CPBL-2022-dG,2022,一軍,例行賽,2022-07-09,2022-07-09 17:05,2022-07-09 19:59,臺北市立天母棒球場,9,,FINISHED,NORMAL,味全龍,7vHtn,富邦悍將,EAjkg,3,1,9,3,0,0,"2,0,0,0,1,0,0,0,0","0,0,1,0,0,0,0,0,0",HOME,1
lVzCg,CPBL-2022-dG,2022,一軍,例行賽,2022-07-08,2022-07-08 18:35,2022-07-08 22:37,臺南市立棒球場,9,,FINISHED,NORMAL,統一7-ELEVEn獅,sIhGz,樂天桃猿,qDCGm,0,8,9,12,0,0,"0,0,0,0,0,0,0,0,0","0,0,1,0,1,4,0,0,2",AWAY,0
pJzGh,CPBL-2022-dG,2022,一軍,例行賽,2022-07-08,2022-07-08 18:05,2022-07-08 21:41,臺北市立天母棒球場,9,,FINISHED,NORMAL,味全龍,7vHtn,富邦悍將,EAjkg,8,5,11,14,0,0,"0,0,4,0,1,2,1,0,0","1,0,0,0,0,0,0,2,2",HOME,1
7F20t,CPBL-2022-dG,2022,一軍,例行賽,2022-07-07,2022-07-07 18:35,2022-07-07 22:09,臺中市洲際棒球場,9,,FINISHED,NORMAL,中信兄弟,X4hc7,樂天桃猿,qDCGm,3,4,10,7,0,0,"0,0,0,2,0,1,0,0,0","4,0,0,0,0,0,0,0,0",AWAY,0
NBOqo,CPBL-2022-dG,2022,一軍,例行賽,2022-07-07,2022-07-07 18:05,2022-07-07 22:25,臺北市立天母棒球場,9,,FINISHED,NORMAL,味全龍,7vHtn,統一7-ELEVEn獅,sIhGz,6,13,12,14,0,0,"0,0,0,0,0,2,4,0,0","0,2,3,0,0,0,4,2,2",AWAY,0
bWqB5,CPBL-2022-dG,2022,一軍,例行賽,2022-07-06,2022-07-06 18:36,2022-07-06 22:31,臺中市洲際棒球場,9,,FINISHED,NORMAL,中信兄弟,X4hc7,樂天桃猿,qDCGm,1,0,8,4,0,0,"0,0,0,0,0,0,0,1,0","0,0,0,0,0,0,0,0,0",HOME,1
Ee0tH,CPBL-2022-dG,2022,一軍,例行賽,2022-07-06,2022-07-06 19:09,2022-07-06 21:54,臺北市立天母棒球場,9,,FINISHED,NORMAL,味全龍,7vHtn,統一7-ELEVEn獅,sIhGz,2,3,6,7,0,0,"1,0,1,0,0,0,0,0,0","0,0,0,0,0,2,1,0,0",AWAY,0
XLEAf,CPBL-2022-dG,2022,一軍,例行賽,2022-07-05,2022-07-05 18:36,2022-07-05 21:39,新北市立新莊棒球場,9,,FINISHED,NORMAL,富邦悍將,EAjkg,中信兄弟,X4hc7,1,3,5,6,0,0,"0,0,0,0,1,0,0,0,0","2,0,0,0,0,0,0,1,0",AWAY,0
BJNTb,CPBL-2022-dG,2022,一軍,例行賽,2022-07-04,2022-07-04 19:01,2022-07-04 22:13,澄清湖棒球場,9,,FINISHED,NORMAL,味全龍,7vHtn,樂天桃猿,qDCGm,1,4,3,9,0,0,"0,0,0,0,0,0,0,0,1","0,0,1,1,0,0,1,0,1",AWAY,0
ZZlWQ,CPBL-2022-dG,2022,一軍,例行賽,2022-07-03,2022-07-03 17:05,2022-07-03 20:37,臺中市洲際棒球場,9,,FINISHED,NORMAL,中信兄弟,X4hc7,樂天桃猿,qDCGm,3,9,9,13,0,0,"0,0,0,0,0,0,2,0,1","2,0,2,0,0,0,3,0,2",AWAY,0
2YgVT,CPBL-2022-dG,2022,一軍,例行賽,2022-07-03,2022-07-03 17:05,2022-07-03 20:31,臺南市立棒球場,9,,FINISHED,NORMAL,統一7-ELEVEn獅,sIhGz,味全龍,7vHtn,1,3,7,9,0,0,"0,0,1,0,0,0,0,0,0","0,0,0,0,2,0,1,0,0",AWAY,0
k2t7q,CPBL-2022-dG,2022,一軍,例行賽,2022-07-02,2022-07-02 17:05,2022-07-02 19:46,臺南市立棒球場,8,,FINISHED,NORMAL,統一7-ELEVEn獅,sIhGz,味全龍,7vHtn,2,1,6,6,0,0,"0,2,0,0,0,0,0","0,0,1,0,0,0,0,0",HOME,1
Mvlda,CPBL-2022-dG,2022,一軍,例行賽,2022-07-01,2022-07-01 18:35,2022-07-01 22:25,臺中市洲際棒球場,9,,FINISHED,NORMAL,中信兄弟,X4hc7,樂天桃猿,qDCGm,8,3,10,10,0,0,"0,0,0,2,0,0,3,3,0","0,0,0,1,2,0,0,0,0",HOME,1
lIEok,CPBL-2022-dG,2022,一軍,例行賽,2022-06-30,2022-06-30 18:35,2022-06-30 21:59,樂天桃園棒球場,9,,FINISHED,NORMAL,樂天桃猿,qDCGm,味全龍,7vHtn,3,10,9,13,0,0,"0,0,2,0,0,0,1,0,0","0,4,1,0,0,0,4,0,1",AWAY,0
jfG3L,CPBL-2022-dG,2022,一軍,例行賽,2022-06-29,2022-06-29 19:20,2022-06-29 23:19,樂天桃園棒球場,9,,FINISHED,NORMAL,樂天桃猿,qDCGm,中信兄弟,X4hc7,12,2,15,11,0,0,"0,0,0,5,0,1,4,2,0","0,0,0,0,0,1,0,0,1",HOME,1
n6kR5,CPBL-2022-dG,2022,一軍,例行賽,2022-06-28,2022-06-28 18:35,2022-06-28 23:26,樂天桃園棒球場,11,,FINISHED,NORMAL,樂天桃猿,qDCGm,中信兄弟,X4hc7,6,7,14,17,0,0,"2,0,0,1,0,1,0,0,2,0,0","1,2,1,0,1,0,0,0,1,0,1",AWAY,0
dGYe2,CPBL-2022-dG,2022,一軍,例行賽,2022-06-26,2022-06-26 17:05,2022-06-26 21:34,樂天桃園棒球場,9,,FINISHED,NORMAL,樂天桃猿,qDCGm,統一7-ELEVEn獅,sIhGz,5,13,12,20,0,0,"0,0,0,0,0,0,2,2,1","0,0,1,2,2,7,0,1,0",AWAY,0
cEk3f,CPBL-2022-dG,2022,一軍,例行賽,2022-06-26,2022-06-26 17:05,2022-06-26 20:13,臺北市立天母棒球場,9,,FINISHED,NORMAL,味全龍,7vHtn,富邦悍將,EAjkg,4,1,12,8,0,0,"0,1,0,1,0,1,1,0,0","0,0,0,1,0,0,0,0,0",HOME,1
izSHa,CPBL-2022-dG,2022,一軍,例行賽,2022-06-25,2022-06-25 19:01,2022-06-25 22:55,臺中市洲際棒球場,9,,FINISHED,NORMAL,中信兄弟,X4hc7,富邦悍將,EAjkg,9,2,12,5,0,0,"1,0,3,2,0,3,0,0,0","1,0,0,1,0,0,0,0,0",HOME,1
LAsoS,CPBL-2022-dG,2022,一軍,例行賽,2022-06-25,2022-06-25 17:06,2022-06-25 19:15,樂天桃園棒球場,6,,FINISHED,NORMAL,樂天桃猿,qDCGm,味全龍,7vHtn,10,2,10,3,0,0,"0,1,5,3,0,1","0,0,1,0,1,0",HOME,1
BNoQ0,CPBL-2022-dG,2022,一軍,例行賽,2022-06-24,2022-06-24 18:36,2022-06-24 22:50,樂天桃園棒球場,12,,FINISHED,NORMAL,樂天桃猿,qDCGm,味全龍,7vHtn,2,3,7,10,0,0,"1,0,0,0,1,0,0,0,0,0,0,0","0,0,0,0,0,1,0,0,1,0,0,1",AWAY,0
ViKwC,CPBL-2022-dG,2022,一軍,例行賽,2022-06-23,2022-06-23 19:01,2022-06-23 22:27,臺中市洲際棒球場,9,,FINISHED,NORMAL,中信兄弟,X4hc7,統一7-ELEVEn獅,sIhGz,11,1,17,7,0,0,"3,0,0,2,2,0,3,1,0","1,0,0,0,0,0,0,0,0",HOME,1
z5Xr2,CPBL-2022-dG,2022,一軍,例行賽,2022-06-23,2022-06-23 18:05,2022-06-23 21:30,臺北市立天母棒球場,9,,FINISHED,NORMAL,味全龍,7vHtn,富邦悍將,EAjkg,8,2,8,9,0,0,"5,0,0,0,3,0,0,0,0","0,0,0,0,2,0,0,0,0",HOME,1
MQgh5,CPBL-2022-dG,2022,一軍,例行賽,2022-06-22,2022-06-22 18:35,2022-06-22 21:49,樂天桃園棒球場,9,,FINISHED,NORMAL,樂天桃猿,qDCGm,統一7-ELEVEn獅,sIhGz,11,1,19,8,0,0,"0,3,0,0,1,0,1,6,0","0,0,1,0,0,0,0,0,0",HOME,1
km8pr,CPBL-2022-dG,2022,一軍,例行賽,2022-06-22,2022-06-22 18:35,2022-06-22 21:49,澄清湖棒球場,9,,FINISHED,NORMAL,味全龍,7vHtn,富邦悍將,EAjkg,6,3,10,6,0,0,"0,0,0,3,2,0,1,0,0","1,0,2,0,0,0,0,0,0",HOME,1
gbHUI,CPBL-2022-dG,2022,一軍,例行賽,2022-06-21,2022-06-21 18:35,2022-06-21 21:58,臺南市立棒球場,9,,FINISHED,NORMAL,統一7-ELEVEn獅,sIhGz,中信兄弟,X4hc7,9,2,18,5,0,0,"0,4,2,0,0,0,0,3,0","0,0,0,0,0,0,2,0,0",HOME,1
7sQbl,CPBL-2022-dG,2022,一軍,例行賽,2022-06-21,2022-06-21 18:35,2022-06-21 22:07,新北市立新莊棒球場,9,,FINISHED,NORMAL,富邦悍將,EAjkg,樂天桃猿,qDCGm,9,7,11,12,0,0,"4,0,0,0,2,3,0,0,0","0,2,1,4,0,0,0,0,0",HOME,1
ixgkf,CPBL-2022-dG,2022,一軍,例行賽,2022-06-20,2022-06-20 18:35,2022-06-20 22:15,澄清湖棒球場,9,,FINISHED,NORMAL,味全龍,7vHtn,中信兄弟,X4hc7,1,4,11,5,0,0,"0,0,0,0,0,1,0,0,0","1,2,0,0,0,1,0,0,0",AWAY,0
JYQ3i,CPBL-2022-dG,2022,一軍,例行賽,2022-06-19,2022-06-19 17:05,2022-06-19 20:17,新北市立新莊棒球場,9,,FINISHED,NORMAL,富邦悍將,EAjkg,樂天桃猿,qDCGm,1,2,10,7,0,0,"1,0,0,0,0,0,0,0,0","0,0,1,0,0,0,0,1,0",AWAY,0
SNplb,CPBL-2022-dG,2022,一軍,例行賽,2022-06-19,2022-06-19 17:06,2022-06-19 20:49,臺南市立棒球場,9,,FINISHED,NORMAL,統一7-ELEVEn獅,sIhGz,中信兄弟,X4hc7,4,5,11,7,0,0,"0,1,0,2,0,0,1,0,0","3,0,0,0,2,0,0,0,0",AWAY,0
gAcd8,CPBL-2022-dG,2022,一軍,例行賽,2022-06-18,2022-06-18 17:05,2022-06-18 20:22,新北市立新莊棒球場,9,,FINISHED,NORMAL,富邦悍將,EAjkg,統一7-ELEVEn獅,sIhGz,6,4,12,9,0,0,"1,3,0,1,0,0,1,0,0","3,0,0,0,0,0,1,0,0",HOME,1
WqtVa,CPBL-2022-dG,2022,一軍,例行賽,2022-06-18,2022-06-18 17:06,2022-06-18 20:14,臺北市立天母棒球場,9,,FINISHED,NORMAL,味全龍,7vHtn,中信兄弟,X4hc7,3,0,11,3,0,0,"0,0,0,0,1,0,2,0,0","0,0,0,0,0,0,0,0,0",HOME,1
1YlmV,CPBL-2022-dG,2022,一軍,例行賽,2022-06-17,2022-06-17 18:35,2022-06-17 22:21,新北市立新莊棒球場,9,,FINISHED,NORMAL,富邦悍將,EAjkg,統一7-ELEVEn獅,sIhGz,5,4,14,10,0,0,"0,2,1,1,0,0,0,0,1","0,2,1,0,0,0,0,1,0",HOME,1
ZujMq,CPBL-2022-dG,2022,一軍,例行賽,2022-06-17,2022-06-17 18:05,2022-06-17 21:02,臺北市立天母棒球場,9,,FINISHED,NORMAL,味全龍,7vHtn,中信兄弟,X4hc7,1,3,4,9,0,0,"1,0,0,0,0,0,0,0,0","0,0,0,1,2,0,0,0,0",AWAY,0
BhoHG,CPBL-2022-dG,2022,一軍,例行賽,2022-06-16,2022-06-16 18:05,2022-06-16 22:22,臺北市立天母棒球場,9,,FINISHED,NORMAL,味全龍,7vHtn,樂天桃猿,qDCGm,2,4,8,9,0,0,"0,1,0,0,0,0,1,0,0","0,0,0,0,0,1,0,0,3",AWAY,0
Redck,CPBL-2022-dG,2022,一軍,例行賽,2022-06-16,2022-06-16 18:36,2022-06-16 21:20,新北市立新莊棒球場,9,,FINISHED,NORMAL,富邦悍將,EAjkg,統一7-ELEVEn獅,sIhGz,6,1,14,5,0,0,"3,0,0,1,0,0,2,0,0","0,0,0,1,0,0,0,0,0",HOME,1
kOZc6,CPBL-2022-dG,2022,一軍,例行賽,2022-06-15,2022-06-15 18:36,2022-06-15 22:03,臺中市洲際棒球場,9,,FINISHED,NORMAL,中信兄弟,X4hc7,富邦悍將,EAjkg,9,3,13,6,0,0,"0,4,3,1,0,0,0,1,0","2,0,1,0,0,0,0,0,0",HOME,1
nATdj,CPBL-2022-dG,2022,一軍,例行賽,2022-06-15,2022-06-15 18:05,2022-06-15 20:44,臺北市立天母棒球場,9,,FINISHED,NORMAL,味全龍,7vHtn,樂天桃猿,qDCGm,0,3,6,10,0,0,"0,0,0,0,0,0,0,0,0","0,0,0,0,1,0,2,0,0",AWAY,0
3albP,CPBL-2022-dG,2022,一軍,例行賽,2022-06-14,2022-06-14 18:35,2022-06-14 21:55,臺中市洲際棒球場,9,,FINISHED,NORMAL,中信兄弟,X4hc7,樂天桃猿,qDCGm,2,5,10,12,0,0,"1,1,0,0,0,0,0,0,0","2,1,0,1,1,0,0,0,0",AWAY,0
YscOY,CPBL-2022-dG,2022,一軍,例行賽,2022-06-14,2022-06-14 18:35,2022-06-14 21:52,澄清湖棒球場,9,,FINISHED,NORMAL,統一7-ELEVEn獅,sIhGz,味全龍,7vHtn,2,1,4,5,0,0,"0,0,0,0,0,0,2,0,0","0,0,1,0,0,0,0,0,0",HOME,1
bvkey,CPBL-2022-dG,2022,一軍,例行賽,2022-06-13,2022-06-13 18:35,2022-06-13 21:07,新北市立新莊棒球場,9,,FINISHED,NORMAL,富邦悍將,EAjkg,統一7-ELEVEn獅,sIhGz,3,10,12,13,0,0,"1,0,1,0,1,0,0,0,0","2,0,0,0,0,1,3,2,2",AWAY,0
WWoBq,CPBL-2022-dG,2022,一軍,例行賽,2022-06-12,2022-06-12 17:05,2022-06-12 20:09,臺中市洲際棒球場,9,,FINISHED,NORMAL,中信兄弟,X4hc7,味全龍,7vHtn,2,5,5,10,0,0,"0,0,0,0,0,0,0,0,2","0,2,0,1,0,0,1,1,0",AWAY,0
N3vd7,CPBL-2022-dG,2022,一軍,例行賽,2022-06-11,2022-06-11 17:05,2022-06-11 20:14,樂天桃園棒球場,9,,FINISHED,NORMAL,樂天桃猿,qDCGm,統一7-ELEVEn獅,sIhGz,2,4,9,10,0,0,"0,0,0,2,0,0,0,0,0","0,0,0,1,2,0,1,0,0",AWAY,0
qORwO,CPBL-2022-dG,2022,一軍,例行賽,2022-06-10,2022-06-10 18:36,2022-06-10 21:23,臺中市洲際棒球場,9,,FINISHED,NORMAL,中信兄弟,X4hc7,味全龍,7vHtn,4,2,8,8,0,0,"2,1,0,1,0,0,0,0,0","0,2,0,0,0,0,0,0,0",HOME,1
c2Ftc,CPBL-2022-dG,2022,一軍,例行賽,2022-06-10,2022-06-10 18:44,2022-06-10 22:01,新北市立新莊棒球場,9,,FINISHED,NORMAL,富邦悍將,EAjkg,統一7-ELEVEn獅,sIhGz,3,1,10,10,0,0,"1,0,0,0,1,0,0,1,0","0,0,0,0,1,0,0,0,0",HOME,1
lmaT8,CPBL-2022-dG,2022,一軍,例行賽,2022-06-09,2022-06-09 18:46,2022-06-09 22:03,樂天桃園棒球場,9,,FINISHED,NORMAL,樂天桃猿,qDCGm,中信兄弟,X4hc7,4,3,8,8,0,0,"0,0,4,0,0,0,0,0,0","0,0,2,0,0,0,1,0,0",HOME,1
YxfpE,CPBL-2022-dG,2022,一軍,例行賽,2022-06-06,2022-06-06 18:35,2022-06-06 21:24,臺南市立棒球場,9,,FINISHED,NORMAL,統一7-ELEVEn獅,sIhGz,樂天桃猿,qDCGm,2,1,4,6,0,0,"1,0,0,0,1,0,0,0,0","0,0,0,0,0,0,0,1,0",HOME,1
YRMri,CPBL-2022-dG,2022,一軍,例行賽,2022-06-05,2022-06-05 17:06,2022-06-05 21:30,臺北市立天母棒球場,10,,FINISHED,NORMAL,味全龍,7vHtn,統一7-ELEVEn獅,sIhGz,6,9,11,14,0,0,"0,0,0,2,0,1,1,0,2,0","1,0,2,0,0,0,1,0,2,3",AWAY,0
w1vXd,CPBL-2022-dG,2022,一軍,例行賽,2022-06-05,2022-06-05 17:05,2022-06-05 20:30,新北市立新莊棒球場,9,,FINISHED,NORMAL,富邦悍將,EAjkg,中信兄弟,X4hc7,8,2,14,9,0,0,"2,2,0,3,0,0,1,0,0","0,0,0,0,1,0,1,0,0",HOME,1
jvQcH,CPBL-2022-dG,2022,一軍,例行賽,2022-06-04,2022-06-04 17:05,2022-06-04 19:43,臺北市立天母棒球場,9,,FINISHED,NORMAL,味全龍,7vHtn,統一7-ELEVEn獅,sIhGz,3,2,8,4,0,0,"0,0,1,1,0,0,0,1,0","1,0,1,0,0,0,0,0,0",HOME,1
mlupw,CPBL-2022-dG,2022,一軍,例行賽,2022-06-04,2022-06-04 17:05,2022-06-04 20:08,新北市立新莊棒球場,9,,FINISHED,NORMAL,富邦悍將,EAjkg,樂天桃猿,qDCGm,2,0,9,7,0,0,"0,0,0,1,1,0,0,0,0","0,0,0,0,0,0,0,0,0",HOME,1
zJMaF,CPBL-2022-dG,2022,一軍,例行賽,2022-06-03,2022-06-03 17:05,2022-06-03 19:54,臺北市立天母棒球場,9,,FINISHED,NORMAL,味全龍,7vHtn,統一7-ELEVEn獅,sIhGz,1,2,4,6,0,0,"0,0,0,0,0,0,0,1,0","0,0,1,0,0,0,1,0,0",AWAY,0
2X0NM,CPBL-2022-dG,2022,一軍,例行賽,2022-06-03,2022-06-03 17:05,2022-06-03 20:42,臺中市洲際棒球場,9,,FINISHED,NORMAL,中信兄弟,X4hc7,樂天桃猿,qDCGm,2,8,5,10,0,0,"0,1,0,0,0,0,1,0,0","1,4,0,1,2,0,0,0,0",AWAY,0
XGrhC,CPBL-2022-dG,2022,一軍,例行賽,2022-06-02,2022-06-02 18:35,2022-06-02 21:52,新北市立新莊棒球場,9,,FINISHED,NORMAL,富邦悍將,EAjkg,味全龍,7vHtn,1,2,5,8,0,0,"0,0,0,0,0,0,1,0,0","0,2,0,0,0,0,0,0,0",AWAY,0
NoMrW,CPBL-2022-dG,2022,一軍,例行賽,2022-06-01,2022-06-01 18:35,2022-06-01 22:03,新北市立新莊棒球場,9,,FINISHED,NORMAL,富邦悍將,EAjkg,統一7-ELEVEn獅,sIhGz,3,6,12,11,0,0,"1,0,0,0,0,0,0,2,0","4,0,0,0,0,1,1,0,0",AWAY,0
1sFTL,CPBL-2022-dG,2022,一軍,例行賽,2022-05-31,2022-05-31 18:36,2022-05-31 22:25,臺中市洲際棒球場,9,,FINISHED,NORMAL,中信兄弟,X4hc7,味全龍,7vHtn,4,5,10,6,0,0,"0,0,1,0,1,0,0,0,2","2,0,0,2,0,0,0,0,1",AWAY,0
ckyyY,CPBL-2022-dG,2022,一軍,例行賽,2022-05-31,2022-05-31 18:51,2022-05-31 21:54,新北市立新莊棒球場,9,,FINISHED,NORMAL,富邦悍將,EAjkg,統一7-ELEVEn獅,sIhGz,1,3,5,12,0,0,"0,0,0,0,0,0,1,0,0","0,1,0,0,0,0,0,2,0",AWAY,0
Tsrc2,CPBL-2022-dG,2022,一軍,例行賽,2022-05-29,2022-05-29 17:07,2022-05-29 20:21,臺中市洲際棒球場,9,,FINISHED,NORMAL,中信兄弟,X4hc7,味全龍,7vHtn,9,3,11,8,0,0,"0,4,0,0,0,0,5,0,0","1,2,0,0,0,0,0,0,0",HOME,1
CUxqj,CPBL-2022-dG,2022,一軍,例行賽,2022-05-28,2022-05-28 17:07,2022-05-28 20:28,臺中市洲際棒球場,9,,FINISHED,NORMAL,中信兄弟,X4hc7,富邦悍將,EAjkg,1,0,6,6,0,0,"0,0,0,0,0,0,0,0,1","0,0,0,0,0,0,0,0,0",HOME,1
BTVEs,CPBL-2022-dG,2022,一軍,例行賽,2022-05-27,2022-05-27 18:05,2022-05-27 21:19,臺北市立天母棒球場,9,,FINISHED,NORMAL,味全龍,7vHtn,富邦悍將,EAjkg,5,2,7,8,0,0,"0,0,0,5,0,0,0,0,0","0,2,0,0,0,0,0,0,0",HOME,1
1WHhF,CPBL-2022-dG,2022,一軍,例行賽,2022-05-24,2022-05-24 18:36,2022-05-24 22:56,臺東棒球村第一棒球場,11,,FINISHED,NORMAL,中信兄弟,X4hc7,樂天桃猿,qDCGm,4,3,9,10,0,0,"0,0,0,2,0,0,0,0,0,0,2","0,0,0,1,0,0,0,1,0,0,1",HOME,1
SePIX,CPBL-2022-dG,2022,一軍,例行賽,2022-05-22,2022-05-22 17:06,2022-05-22 19:52,樂天桃園棒球場,9,,FINISHED,NORMAL,樂天桃猿,qDCGm,富邦悍將,EAjkg,2,5,6,6,0,0,"0,0,0,0,0,0,1,1,0","1,3,0,1,0,0,0,0,0",AWAY,0
scN4q,CPBL-2022-dG,2022,一軍,例行賽,2022-05-22,2022-05-22 17:05,2022-05-22 20:02,臺北市立天母棒球場,9,,FINISHED,NORMAL,味全龍,7vHtn,統一7-ELEVEn獅,sIhGz,1,7,5,8,0,0,"0,0,0,1,0,0,0,0,0","0,1,0,0,0,4,0,2,0",AWAY,0
l6eGj,CPBL-2022-dG,2022,一軍,例行賽,2022-05-21,2022-05-21 17:05,2022-05-21 20:28,樂天桃園棒球場,9,,FINISHED,NORMAL,樂天桃猿,qDCGm,富邦悍將,EAjkg,0,7,8,11,0,0,"0,0,0,0,0,0,0,0,0","0,3,0,0,2,0,0,0,2",AWAY,0
gt4bY,CPBL-2022-dG,2022,一軍,例行賽,2022-05-21,2022-05-21 17:05,2022-05-21 20:48,臺北市立天母棒球場,9,,FINISHED,NORMAL,味全龍,7vHtn,中信兄弟,X4hc7,7,6,10,9,0,0,"0,0,0,0,2,0,5,0,0","0,0,1,0,0,0,0,5,0",HOME,1
07GDw,CPBL-2022-dG,2022,一軍,例行賽,2022-05-20,2022-05-20 18:35,2022-05-20 22:14,樂天桃園棒球場,9,,FINISHED,NORMAL,樂天桃猿,qDCGm,富邦悍將,EAjkg,6,9,10,12,0,0,"4,1,1,0,0,0,0,0,0","0,4,3,0,2,0,0,0,0",AWAY,0
oY7VS,CPBL-2022-dG,2022,一軍,例行賽,2022-05-20,2022-05-20 18:35,2022-05-20 22:08,臺南市立棒球場,9,,FINISHED,NORMAL,統一7-ELEVEn獅,sIhGz,中信兄弟,X4hc7,1,10,6,14,0,0,"0,0,0,0,0,0,0,0,1","0,0,0,0,4,4,1,0,1",AWAY,0
wqCN3,CPBL-2022-dG,2022,一軍,例行賽,2022-05-19,2022-05-19 18:35,2022-05-19 21:29,臺南市立棒球場,9,,FINISHED,NORMAL,統一7-ELEVEn獅,sIhGz,中信兄弟,X4hc7,7,0,11,2,0,0,"0,1,1,0,0,0,5,0,0","0,0,0,0,0,0,0,0,0",HOME,1
03g87,CPBL-2022-dG,2022,一軍,例行賽,2022-05-19,2022-05-19 18:35,2022-05-19 22:05,澄清湖棒球場,9,,FINISHED,NORMAL,味全龍,7vHtn,樂天桃猿,qDCGm,3,5,6,9,0,0,"0,2,1,0,0,0,0,0,0","0,0,3,0,0,0,0,1,1",AWAY,0
gTKdy,CPBL-2022-dG,2022,一軍,例行賽,2022-05-18,2022-05-18 18:35,2022-05-18 21:34,臺南市立棒球場,9,,FINISHED,NORMAL,統一7-ELEVEn獅,sIhGz,中信兄弟,X4hc7,3,2,9,5,0,0,"0,0,0,0,0,1,0,1,1","0,0,0,2,0,0,0,0,0",HOME,1
pjSiX,CPBL-2022-dG,2022,一軍,例行賽,2022-05-18,2022-05-18 18:35,2022-05-18 22:29,澄清湖棒球場,9,,FINISHED,NORMAL,味全龍,7vHtn,富邦悍將,EAjkg,7,4,7,10,0,0,"0,0,1,0,0,0,4,2,0","0,0,3,0,1,0,0,0,0",HOME,1
b83n9,CPBL-2022-dG,2022,一軍,例行賽,2022-05-17,2022-05-17 18:35,2022-05-17 21:12,臺南市立棒球場,9,,FINISHED,NORMAL,統一7-ELEVEn獅,sIhGz,樂天桃猿,qDCGm,3,1,7,11,0,0,"0,0,0,0,0,1,0,2,0","0,0,0,0,0,0,1,0,0",HOME,1
IgrWv,CPBL-2022-dG,2022,一軍,例行賽,2022-05-17,2022-05-17 18:35,2022-05-17 21:35,澄清湖棒球場,9,,FINISHED,NORMAL,味全龍,7vHtn,富邦悍將,EAjkg,3,7,5,9,0,0,"0,1,0,0,0,1,1,0,0","0,2,0,0,0,0,0,0,5",AWAY,0
wWWEF,CPBL-2022-dG,2022,一軍,例行賽,2022-05-16,2022-05-16 18:37,2022-05-16 22:15,澄清湖棒球場,9,,FINISHED,NORMAL,味全龍,7vHtn,中信兄弟,X4hc7,8,7,12,11,0,0,"1,0,2,0,2,0,0,3,0","1,0,0,1,0,0,0,0,5",HOME,1
ZW8P5,CPBL-2022-dG,2022,一軍,例行賽,2022-05-15,2022-05-15 17:06,2022-05-15 20:09,臺南市立棒球場,9,,FINISHED,NORMAL,統一7-ELEVEn獅,sIhGz,樂天桃猿,qDCGm,2,7,8,13,0,0,"0,2,0,0,0,0,0,0,0","0,0,4,1,0,2,0,0,0",AWAY,0
wSMxn,CPBL-2022-dG,2022,一軍,例行賽,2022-05-13,2022-05-13 18:36,2022-05-13 22:31,新北市立新莊棒球場,9,,FINISHED,NORMAL,富邦悍將,EAjkg,中信兄弟,X4hc7,2,8,4,18,0,0,"0,0,0,1,1,0,0,0,0","0,1,0,1,0,1,4,0,1",AWAY,0
WVzxd,CPBL-2022-dG,2022,一軍,例行賽,2022-05-13,2022-05-13 18:35,2022-05-13 23:25,樂天桃園棒球場,11,,FINISHED,NORMAL,樂天桃猿,qDCGm,味全龍,7vHtn,6,5,11,18,0,0,"1,0,0,0,0,0,3,0,1,0,1","1,1,0,1,2,0,0,0,0,0,0",HOME,1
Z5kMx,CPBL-2022-dG,2022,一軍,例行賽,2022-05-12,2022-05-12 18:35,2022-05-12 21:49,臺南市立棒球場,9,,FINISHED,NORMAL,統一7-ELEVEn獅,sIhGz,富邦悍將,EAjkg,6,1,13,4,0,0,"0,0,1,0,1,0,4,0,0","0,1,0,0,0,0,0,0,0",HOME,1
NbDXH,CPBL-2022-dG,2022,一軍,例行賽,2022-05-11,2022-05-11 18:35,2022-05-11 21:47,樂天桃園棒球場,9,,FINISHED,NORMAL,樂天桃猿,qDCGm,味全龍,7vHtn,10,1,12,6,0,0,"0,1,0,0,0,0,0,9,0","0,0,0,0,1,0,0,0,0",HOME,1
BhZfq,CPBL-2022-dG,2022,一軍,例行賽,2022-05-11,2022-05-11 18:36,2022-05-11 21:38,臺南市立棒球場,9,,FINISHED,NORMAL,統一7-ELEVEn獅,sIhGz,中信兄弟,X4hc7,2,4,6,10,0,0,"0,0,0,0,0,0,2,0,0","1,0,1,2,0,0,0,0,0",AWAY,0
KYLbv,CPBL-2022-dG,2022,一軍,例行賽,2022-05-10,2022-05-10 18:35,2022-05-10 21:09,樂天桃園棒球場,9,,FINISHED,NORMAL,樂天桃猿,qDCGm,富邦悍將,EAjkg,3,0,8,5,0,0,"0,0,0,2,0,0,0,1,0","0,0,0,0,0,0,0,0,0",HOME,1
Yl5cY,CPBL-2022-dG,2022,一軍,例行賽,2022-05-10,2022-05-10 18:36,2022-05-10 21:46,臺南市立棒球場,9,,FINISHED,NORMAL,統一7-ELEVEn獅,sIhGz,中信兄弟,X4hc7,5,1,7,6,0,0,"3,0,0,0,0,2,0,0,0","0,0,1,0,0,0,0,0,0",HOME,1
tek2u,CPBL-2022-dG,2022,一軍,例行賽,2022-05-09,2022-05-09 18:35,2022-05-09 21:24,樂天桃園棒球場,9,,FINISHED,NORMAL,樂天桃猿,qDCGm,富邦悍將,EAjkg,4,1,8,6,0,0,"2,0,0,0,2,0,0,0,0","0,0,0,0,0,0,1,0,0",HOME,1
VIB0L,CPBL-2022-dG,2022,一軍,例行賽,2022-05-08,2022-05-08 14:05,2022-05-08 17:29,臺中市洲際棒球場,9,,FINISHED,NORMAL,中信兄弟,X4hc7,統一7-ELEVEn獅,sIhGz,3,4,11,9,0,0,"1,1,0,0,0,0,0,1,0","0,0,0,2,0,0,0,0,2",AWAY,0
xIvBd,CPBL-2022-dG,2022,一軍,例行賽,2022-05-07,2022-05-07 17:05,2022-05-07 20:35,臺中市洲際棒球場,9,,FINISHED,NORMAL,中信兄弟,X4hc7,統一7-ELEVEn獅,sIhGz,4,3,14,10,0,0,"0,1,0,1,0,0,0,1,1","0,0,0,0,2,1,0,0,0",HOME,1
nI44V,CPBL-2022-dG,2022,一軍,例行賽,2022-05-06,2022-05-06 18:35,2022-05-06 21:48,臺中市洲際棒球場,9,,FINISHED,NORMAL,中信兄弟,X4hc7,統一7-ELEVEn獅,sIhGz,3,2,7,10,0,0,"0,0,2,1,0,0,0,0,0","0,0,0,0,0,1,1,0,0",HOME,1
ilQXj,CPBL-2022-dG,2022,一軍,例行賽,2022-05-06,2022-05-06 18:36,2022-05-06 22:32,新北市立新莊棒球場,11,,FINISHED,NORMAL,富邦悍將,EAjkg,樂天桃猿,qDCGm,1,3,6,9,0,0,"0,0,0,0,0,0,0,0,1,0,0","0,0,0,0,0,0,0,0,1,0,2",AWAY,0
lqxKH,CPBL-2022-dG,2022,一軍,例行賽,2022-05-05,2022-05-05 18:35,2022-05-05 21:51,新北市立新莊棒球場,9,,FINISHED,NORMAL,富邦悍將,EAjkg,樂天桃猿,qDCGm,3,7,12,14,0,0,"0,1,1,0,0,0,1,0,0","3,0,0,2,0,0,0,1,1",AWAY,0
E7k1j,CPBL-2022-dG,2022,一軍,例行賽,2022-05-04,2022-05-04 18:35,2022-05-04 20:59,新北市立新莊棒球場,9,,FINISHED,NORMAL,富邦悍將,EAjkg,樂天桃猿,qDCGm,3,1,9,3,0,0,"0,0,0,3,0,0,0,0,0","0,0,0,0,0,0,1,0,0",HOME,1
FriyS,CPBL-2022-dG,2022,一軍,例行賽,2022-05-03,2022-05-03 18:35,2022-05-03 21:56,新北市立新莊棒球場,9,,FINISHED,NORMAL,富邦悍將,EAjkg,中信兄弟,X4hc7,0,9,1,14,0,0,"0,0,0,0,0,0,0,0,0","0,1,1,0,0,0,2,0,5",AWAY,0
xUOrb,CPBL-2022-dG,2022,一軍,例行賽,2022-05-01,2022-05-01 14:05,2022-05-01 17:19,臺南市立棒球場,9,,FINISHED,NORMAL,統一7-ELEVEn獅,sIhGz,富邦悍將,EAjkg,2,5,7,10,0,0,"0,0,0,0,1,1,0,0,0","0,0,0,0,0,4,0,1,0",AWAY,0
d98Jc,CPBL-2022-dG,2022,一軍,例行賽,2022-04-30,2022-04-30 17:05,2022-04-30 19:59,臺南市立棒球場,9,,FINISHED,NORMAL,統一7-ELEVEn獅,sIhGz,富邦悍將,EAjkg,5,0,12,5,0,0,"1,0,0,0,0,3,1,0,0","0,0,0,0,0,0,0,0,0",HOME,1
pqRxE,CPBL-2022-dG,2022,一軍,例行賽,2022-04-30,2022-04-30 17:05,2022-04-30 20:01,樂天桃園棒球場,9,,FINISHED,NORMAL,樂天桃猿,qDCGm,中信兄弟,X4hc7,0,4,4,10,0,0,"0,0,0,0,0,0,0,0,0","0,0,1,3,0,0,0,0,0",AWAY,0
hp7eX,CPBL-2022-dG,2022,一軍,例行賽,2022-04-29,2022-04-29 18:35,2022-04-29 21:37,臺南市立棒球場,9,,FINISHED,NORMAL,統一7-ELEVEn獅,sIhGz,富邦悍將,EAjkg,5,3,9,10,0,0,"3,0,0,0,0,2,0,0,0","0,0,0,1,0,0,0,2,0",HOME,1
snd6e,CPBL-2022-dG,2022,一軍,例行賽,2022-04-29,2022-04-29 18:05,2022-04-29 21:24,臺北市立天母棒球場,9,,FINISHED,NORMAL,味全龍,7vHtn,中信兄弟,X4hc7,1,9,4,10,0,0,"0,0,0,0,0,0,1,0,0","1,0,0,0,6,0,0,2,0",AWAY,0
oVmx1,CPBL-2022-dG,2022,一軍,例行賽,2022-04-28,2022-04-28 18:35,2022-04-28 23:45,樂天桃園棒球場,12,,FINISHED,NORMAL,樂天桃猿,qDCGm,統一7-ELEVEn獅,sIhGz,8,8,15,17,0,0,"0,1,0,1,1,0,1,4,0,0,0,0","1,3,0,1,1,0,0,1,1,0,0,0",TIE,
UQhXa,CPBL-2022-dG,2022,一軍,例行賽,2022-04-28,2022-04-28 18:05,2022-04-28 21:04,臺北市立天母棒球場,9,,FINISHED,NORMAL,味全龍,7vHtn,中信兄弟,X4hc7,8,0,11,3,0,0,"0,3,0,4,1,0,0,0,0","0,0,0,0,0,0,0,0,0",HOME,1
vC5Rx,CPBL-2022-dG,2022,一軍,例行賽,2022-04-27,2022-04-27 18:35,2022-04-27 21:23,樂天桃園棒球場,9,,FINISHED,NORMAL,樂天桃猿,qDCGm,富邦悍將,EAjkg,5,1,10,4,0,0,"0,0,0,1,0,0,4,0,0","0,0,0,0,0,1,0,0,0",HOME,1
TEei6,CPBL-2022-dG,2022,一軍,例行賽,2022-04-26,2022-04-26 18:35,2022-04-26 22:07,樂天桃園棒球場,9,,FINISHED,NORMAL,樂天桃猿,qDCGm,富邦悍將,EAjkg,5,3,9,6,0,0,"2,0,1,0,0,0,1,1,0","0,0,2,1,0,0,0,0,0",HOME,1
qlxx4,CPBL-2022-dG,2022,一軍,例行賽,2022-04-26,2022-04-26 18:05,2022-04-26 21:08,臺北市立天母棒球場,9,,FINISHED,NORMAL,味全龍,7vHtn,統一7-ELEVEn獅,sIhGz,7,1,17,2,0,0,"0,0,1,2,0,0,3,1,0","0,0,0,0,0,0,0,1,0",HOME,1
jMAie,CPBL-2022-dG,2022,一軍,例行賽,2022-04-24,2022-04-24 14:05,2022-04-24 17:09,新北市立新莊棒球場,9,,FINISHED,NORMAL,富邦悍將,EAjkg,味全龍,7vHtn,3,7,8,12,0,0,"0,0,2,1,0,0,0,0,0","0,0,1,2,1,1,2,0,0",AWAY,0
z0bdX,CPBL-2022-dG,2022,一軍,例行賽,2022-04-24,2022-04-24 14:05,2022-04-24 17:10,臺中市洲際棒球場,9,,FINISHED,NORMAL,中信兄弟,X4hc7,樂天桃猿,qDCGm,5,3,5,10,0,0,"0,4,0,0,0,0,1,0,0","0,0,0,0,0,0,0,1,2",HOME,1
cXMqR,CPBL-2022-dG,2022,一軍,例行賽,2022-04-23,2022-04-23 17:06,2022-04-23 20:19,新北市立新莊棒球場,9,,FINISHED,NORMAL,富邦悍將,EAjkg,味全龍,7vHtn,0,9,6,11,0,0,"0,0,0,0,0,0,0,0,0","2,0,0,7,0,0,0,0,0",AWAY,0
nJFW0,CPBL-2022-dG,2022,一軍,例行賽,2022-04-23,2022-04-23 17:05,2022-04-23 20:30,臺中市洲際棒球場,9,,FINISHED,NORMAL,中信兄弟,X4hc7,統一7-ELEVEn獅,sIhGz,11,5,12,9,0,0,"0,0,0,0,1,0,1,9,0","0,0,0,3,0,0,0,0,2",HOME,1
LVEXe,CPBL-2022-dG,2022,一軍,例行賽,2022-04-22,2022-04-22 18:35,2022-04-22 21:25,新北市立新莊棒球場,9,,FINISHED,NORMAL,富邦悍將,EAjkg,味全龍,7vHtn,2,3,5,10,0,0,"0,0,0,0,2,0,0,0,0","0,0,0,0,0,0,0,0,3",AWAY,0
z6kBw,CPBL-2022-dG,2022,一軍,例行賽,2022-04-22,2022-04-22 18:35,2022-04-22 22:14,樂天桃園棒球場,9,,FINISHED,NORMAL,樂天桃猿,qDCGm,統一7-ELEVEn獅,sIhGz,5,6,11,9,0,0,"1,1,0,0,0,0,3,0,0","0,0,1,0,1,4,0,0,0",AWAY,0
8FKAd,CPBL-2022-dG,2022,一軍,例行賽,2022-04-21,2022-04-21 18:36,2022-04-21 21:52,樂天桃園棒球場,9,,FINISHED,NORMAL,樂天桃猿,qDCGm,統一7-ELEVEn獅,sIhGz,3,2,8,6,0,0,"0,0,0,0,0,0,3,0,0","0,1,0,0,1,0,0,0,0",HOME,1
TVFdQ,CPBL-2022-dG,2022,一軍,例行賽,2022-04-21,2022-04-21 18:35,2022-04-21 21:38,臺中市洲際棒球場,9,,FINISHED,NORMAL,中信兄弟,X4hc7,富邦悍將,EAjkg,1,3,6,7,0,0,"0,0,0,0,1,0,0,0,0","0,0,0,1,0,0,0,0,2",AWAY,0
71F2y,CPBL-2022-dG,2022,一軍,例行賽,2022-04-20,2022-04-20 18:35,2022-04-20 21:56,樂天桃園棒球場,9,,FINISHED,NORMAL,樂天桃猿,qDCGm,統一7-ELEVEn獅,sIhGz,3,1,10,7,0,0,"0,0,1,2,0,0,0,0,0","0,0,0,0,0,0,0,1,0",HOME,1
ahhqQ,CPBL-2022-dG,2022,一軍,例行賽,2022-04-20,2022-04-20 18:35,2022-04-20 21:38,臺中市洲際棒球場,9,,FINISHED,NORMAL,中信兄弟,X4hc7,味全龍,7vHtn,9,0,15,8,0,0,"3,0,0,1,5,0,0,0,0","0,0,0,0,0,0,0,0,0",HOME,1
1qJi7,CPBL-2022-dG,2022,一軍,例行賽,2022-04-19,2022-04-19 18:45,2022-04-19 22:04,臺中市洲際棒球場,9,,FINISHED,NORMAL,中信兄弟,X4hc7,味全龍,7vHtn,5,11,6,12,0,0,"1,0,0,0,0,0,2,0,2","0,0,0,3,0,8,0,0,0",AWAY,0
5xibr,CPBL-2022-dG,2022,一軍,例行賽,2022-04-17,2022-04-17 14:05,2022-04-17 18:58,臺南市立棒球場,12,,FINISHED,NORMAL,統一7-ELEVEn獅,sIhGz,中信兄弟,X4hc7,5,5,12,6,0,0,"0,0,3,0,0,0,0,2,0,0,0,0","0,1,0,1,0,0,0,0,3,0,0,0",TIE,
LITsa,CPBL-2022-dG,2022,一軍,例行賽,2022-04-17,2022-04-17 14:07,2022-04-17 17:08,臺北市立天母棒球場,9,,FINISHED,NORMAL,味全龍,7vHtn,樂天桃猿,qDCGm,2,3,5,9,0,0,"0,0,2,0,0,0,0,0,0","1,1,0,1,0,0,0,0,0",AWAY,0
ZsCsl,CPBL-2022-dG,2022,一軍,例行賽,2022-04-16,2022-04-16 17:05,2022-04-16 19:51,臺南市立棒球場,9,,FINISHED,NORMAL,統一7-ELEVEn獅,sIhGz,富邦悍將,EAjkg,6,0,7,5,0,0,"3,0,3,0,0,0,0,0,0","0,0,0,0,0,0,0,0,0",HOME,1
940ls,CPBL-2022-dG,2022,一軍,例行賽,2022-04-16,2022-04-16 17:06,2022-04-16 20:26,臺北市立天母棒球場,9,,FINISHED,NORMAL,味全龍,7vHtn,樂天桃猿,qDCGm,3,6,8,10,0,0,"0,0,0,1,0,0,0,0,2","0,0,0,3,2,0,0,1,0",AWAY,0
uI3t7,CPBL-2022-dG,2022,一軍,例行賽,2022-04-15,2022-04-15 18:35,2022-04-15 22:14,臺中市洲際棒球場,9,,FINISHED,NORMAL,中信兄弟,X4hc7,富邦悍將,EAjkg,13,6,12,9,0,0,"0,0,9,1,3,0,0,0,0","0,0,0,0,0,3,1,2,0",HOME,1
Jdtgn,CPBL-2022-dG,2022,一軍,例行賽,2022-04-15,2022-04-15 18:09,2022-04-15 21:33,臺北市立天母棒球場,9,,FINISHED,NORMAL,味全龍,7vHtn,樂天桃猿,qDCGm,2,8,7,14,0,0,"0,1,0,1,0,0,0,0,0","3,0,0,0,2,0,2,1,0",AWAY,0
DHgyx,CPBL-2022-dG,2022,一軍,例行賽,2022-04-14,2022-04-14 18:35,2022-04-14 21:22,臺中市洲際棒球場,9,,FINISHED,NORMAL,中信兄弟,X4hc7,富邦悍將,EAjkg,5,2,12,10,0,0,"1,0,1,2,0,0,0,1,0","0,0,0,0,0,0,2,0,0",HOME,1
viarI,CPBL-2022-dG,2022,一軍,例行賽,2022-04-14,2022-04-14 18:35,2022-04-14 21:55,澄清湖棒球場,9,,FINISHED,NORMAL,統一7-ELEVEn獅,sIhGz,味全龍,7vHtn,6,5,9,8,0,0,"0,1,1,0,0,1,2,1,0","0,1,0,0,0,0,0,0,4",HOME,1
KiF32,CPBL-2022-dG,2022,一軍,例行賽,2022-04-13,2022-04-13 18:35,2022-04-13 21:42,澄清湖棒球場,9,,FINISHED,NORMAL,統一7-ELEVEn獅,sIhGz,樂天桃猿,qDCGm,5,4,10,10,0,0,"0,3,0,0,2,0,0,0,0","0,0,1,1,0,0,0,2,0",HOME,1
KC36P,CPBL-2022-dG,2022,一軍,例行賽,2022-04-12,2022-04-12 18:35,2022-04-12 22:52,臺中市洲際棒球場,11,,FINISHED,NORMAL,中信兄弟,X4hc7,味全龍,7vHtn,5,6,10,9,0,0,"0,0,0,0,3,2,0,0,0,0,0","0,1,0,0,0,0,4,0,0,0,1",AWAY,0
kgCBZ,CPBL-2022-dG,2022,一軍,例行賽,2022-04-12,2022-04-12 18:35,2022-04-12 22:33,澄清湖棒球場,9,,FINISHED,NORMAL,統一7-ELEVEn獅,sIhGz,樂天桃猿,qDCGm,6,7,12,12,0,0,"0,0,1,1,0,0,4,0,0","1,0,1,0,0,2,2,0,1",AWAY,0
KTiUc,CPBL-2022-dG,2022,一軍,例行賽,2022-04-10,2022-04-10 14:05,2022-04-10 17:05,樂天桃園棒球場,9,,FINISHED,NORMAL,樂天桃猿,qDCGm,中信兄弟,X4hc7,5,0,9,3,0,0,"0,0,2,2,0,0,1,0,0","0,0,0,0,0,0,0,0,0",HOME,1
Wv1S9,CPBL-2022-dG,2022,一軍,例行賽,2022-04-10,2022-04-10 14:06,2022-04-10 17:52,新北市立新莊棒球場,9,,FINISHED,NORMAL,富邦悍將,EAjkg,統一7-ELEVEn獅,sIhGz,4,8,7,12,0,0,"3,0,0,0,0,0,0,1,0","0,2,0,0,2,0,3,1,0",AWAY,0
G2aMc,CPBL-2022-dG,2022,一軍,例行賽,2022-04-09,2022-04-09 17:05,2022-04-09 19:49,樂天桃園棒球場,9,,FINISHED,NORMAL,樂天桃猿,qDCGm,中信兄弟,X4hc7,2,0,5,5,0,0,"0,0,0,0,2,0,0,0,0","0,0,0,0,0,0,0,0,0",HOME,1
ggPSB,CPBL-2022-dG,2022,一軍,例行賽,2022-04-09,2022-04-09 17:05,2022-04-09 20:44,新北市立新莊棒球場,10,,FINISHED,NORMAL,富邦悍將,EAjkg,味全龍,7vHtn,2,3,8,9,0,0,"0,0,1,0,0,0,0,1,0,0","0,1,0,1,0,0,0,0,0,1",AWAY,0
dvfkR,CPBL-2022-dG,2022,一軍,例行賽,2022-04-08,2022-04-08 18:35,2022-04-08 23:25,澄清湖棒球場,10,,FINISHED,NORMAL,統一7-ELEVEn獅,sIhGz,樂天桃猿,qDCGm,9,8,14,18,0,0,"0,0,3,0,2,0,0,0,2,2","1,3,0,1,0,0,1,0,1,1",HOME,1
gGK8N,CPBL-2022-dG,2022,一軍,例行賽,2022-04-08,2022-04-08 18:35,2022-04-08 23:21,新北市立新莊棒球場,11,,FINISHED,NORMAL,富邦悍將,EAjkg,中信兄弟,X4hc7,7,6,14,15,0,0,"0,0,0,0,0,1,0,4,1,0,1","2,0,1,0,0,0,2,1,0,0,0",HOME,1
mycXO,CPBL-2022-dG,2022,一軍,例行賽,2022-04-07,2022-04-07 18:35,2022-04-07 21:51,新北市立新莊棒球場,9,,FINISHED,NORMAL,富邦悍將,EAjkg,樂天桃猿,qDCGm,2,5,7,11,0,0,"0,0,0,1,1,0,0,0,0","0,0,0,1,0,0,3,0,1",AWAY,0
Fmctv,CPBL-2022-dG,2022,一軍,例行賽,2022-04-05,2022-04-05 17:06,2022-04-05 19:22,臺南市立棒球場,9,,FINISHED,NORMAL,統一7-ELEVEn獅,sIhGz,味全龍,7vHtn,4,0,7,2,0,0,"0,0,0,0,1,3,0,0,0","0,0,0,0,0,0,0,0,0",HOME,1
Hk1Kq,CPBL-2022-dG,2022,一軍,例行賽,2022-04-05,2022-04-05 17:05,2022-04-05 20:21,樂天桃園棒球場,9,,FINISHED,NORMAL,樂天桃猿,qDCGm,中信兄弟,X4hc7,8,2,11,8,0,0,"0,1,1,0,0,6,0,0,0","0,0,0,0,0,2,0,0,0",HOME,1
7Cxaf,CPBL-2022-dG,2022,一軍,例行賽,2022-04-04,2022-04-04 17:06,2022-04-04 20:23,臺南市立棒球場,9,,FINISHED,NORMAL,統一7-ELEVEn獅,sIhGz,味全龍,7vHtn,4,6,5,9,0,0,"0,0,0,1,2,0,0,1,0","2,0,1,0,1,1,0,1,0",AWAY,0
On0kl,CPBL-2022-dG,2022,一軍,例行賽,2022-04-04,2022-04-04 17:05,2022-04-04 20:29,新北市立新莊棒球場,9,,FINISHED,NORMAL,富邦悍將,EAjkg,中信兄弟,X4hc7,1,4,8,9,0,0,"0,0,0,0,0,0,1,0,0","2,0,0,2,0,0,0,0,0",AWAY,0
z4Uhq,CPBL-2022-dG,2022,一軍,例行賽,2022-04-03,2022-04-03 17:06,2022-04-03 20:29,臺南市立棒球場,9,,FINISHED,NORMAL,統一7-ELEVEn獅,sIhGz,味全龍,7vHtn,3,11,7,12,0,0,"1,0,0,1,0,0,1,0,0","2,0,7,0,1,0,0,1,0",AWAY,0
Fy06f,CPBL-2022-dG,2022,一軍,例行賽,2022-04-03,2022-04-03 17:05,2022-04-03 19:55,臺中市洲際棒球場,9,,FINISHED,NORMAL,中信兄弟,X4hc7,富邦悍將,EAjkg,8,2,10,5,0,0,"0,0,0,0,5,3,0,0,0","0,0,0,0,0,0,0,1,1",HOME,1
py5SY,CPBL-2022-o7,2022,一軍-2,季後賽,2022-11-09,2022-11-09 18:36,2022-11-09 21:55,臺中市洲際棒球場,9,,FINISHED,NORMAL,中信兄弟,iIoLZ,樂天桃猿,5WnxH,3,2,9,5,0,0,"1,1,0,0,0,1,0,0,0","0,1,0,0,0,0,0,1,0",HOME,1
DTvcJ,CPBL-2022-o7,2022,一軍-2,季後賽,2022-11-08,2022-11-08 18:35,2022-11-08 21:53,臺中市洲際棒球場,9,,FINISHED,NORMAL,中信兄弟,iIoLZ,樂天桃猿,5WnxH,7,2,12,10,0,0,"1,1,0,1,4,0,0,0,0","1,0,0,0,0,0,1,0,0",HOME,1
Fldf5,CPBL-2022-o7,2022,一軍-2,季後賽,2022-11-06,2022-11-06 17:07,2022-11-06 20:35,樂天桃園棒球場,9,,FINISHED,NORMAL,樂天桃猿,5WnxH,中信兄弟,iIoLZ,1,4,8,8,0,0,"0,1,0,0,0,0,0,0,0","0,0,3,0,0,0,1,0,0",AWAY,0
U0hbW,CPBL-2022-o7,2022,一軍-2,季後賽,2022-11-05,2022-11-05 17:06,2022-11-05 20:24,樂天桃園棒球場,9,,FINISHED,NORMAL,樂天桃猿,5WnxH,中信兄弟,iIoLZ,3,5,5,10,0,0,"0,0,0,1,0,0,1,0,1","3,0,0,0,0,0,0,0,2",AWAY,0
H9ZHr,CPBL-2022-yt,2022,一軍-3,挑戰賽,2022-10-31,2022-10-31 18:36,2022-10-31 22:20,臺中市洲際棒球場,9,,FINISHED,NORMAL,中信兄弟,8o4vU,味全龍,s1XZZ,3,2,9,12,0,0,"2,0,0,0,0,0,1,0,0","0,0,0,0,0,0,2,0,0",HOME,1
e42pf,CPBL-2022-yt,2022,一軍-3,挑戰賽,2022-10-30,2022-10-30 17:05,2022-10-30 20:32,臺北市立天母棒球場,9,,FINISHED,NORMAL,味全龍,s1XZZ,中信兄弟,8o4vU,4,2,11,8,0,0,"3,0,1,0,0,0,0,0,0","0,0,0,0,0,0,1,0,1",HOME,1
rvET9,CPBL-2022-yt,2022,一軍-3,挑戰賽,2022-10-29,2022-10-29 17:05,2022-10-29 19:50,臺中市洲際棒球場,9,,FINISHED,NORMAL,中信兄弟,8o4vU,味全龍,s1XZZ,6,2,13,3,0,0,"0,5,0,1,0,0,0,0,0","0,0,0,0,1,0,0,0,1",HOME,1
ry45o,CPBL-2022-s6,2022,一軍-4,春訓,2022-03-30,2022-03-30 18:37,2022-03-30 21:34,嘉義市立棒球場,9,,FINISHED,NORMAL,樂天桃猿,Ur6Ba,富邦悍將,xq7A6,3,3,9,8,0,0,"1,0,0,1,0,0,0,1,0","0,0,0,0,2,0,0,0,1",TIE,
RoqXS,CPBL-2022-s6,2022,一軍-4,春訓,2022-03-30,2022-03-30 18:35,2022-03-30 22:16,澄清湖棒球場,9,,FINISHED,NORMAL,中信兄弟,Fk72k,味全龍,HAhoZ,8,7,13,9,0,0,"1,3,3,0,1,0,0,0,0","2,2,0,0,0,0,3,0,0",HOME,1
PTQZo,CPBL-2022-s6,2022,一軍-4,春訓,2022-03-29,2022-03-29 18:35,2022-03-29 21:38,嘉義市立棒球場,9,,FINISHED,NORMAL,富邦悍將,xq7A6,味全龍,HAhoZ,6,5,11,8,0,0,"2,0,3,0,0,0,1,0,0","0,0,0,0,2,0,3,0,0",HOME,1
wrKye,CPBL-2022-s6,2022,一軍-4,春訓,2022-03-29,2022-03-29 18:35,2022-03-29 21:20,澄清湖棒球場,9,,FINISHED,NORMAL,統一7-ELEVEn獅,dQCGM,中信兄弟,Fk72k,3,4,6,13,0,0,"3,0,0,0,0,0,0,0,0","2,0,0,0,0,0,0,2,0",AWAY,0
LVVQl,CPBL-2022-s6,2022,一軍-4,春訓,2022-03-26,2022-03-26 17:05,2022-03-26 20:19,斗六棒球場,9,,FINISHED,NORMAL,味全龍,HAhoZ,統一7-ELEVEn獅,dQCGM,6,4,14,9,0,0,"0,0,0,3,0,3,0,0,0","0,0,0,1,1,0,0,0,2",HOME,1
ZWSp7,CPBL-2022-s6,2022,一軍-4,春訓,2022-03-26,2022-03-26 17:06,2022-03-26 19:40,澄清湖棒球場,9,,FINISHED,NORMAL,樂天桃猿,Ur6Ba,中信兄弟,Fk72k,2,0,7,4,0,0,"0,2,0,0,0,0,0,0,0","0,0,0,0,0,0,0,0,0",HOME,1
BvI2P,CPBL-2022-s6,2022,一軍-4,春訓,2022-03-25,2022-03-25 18:35,2022-03-25 21:34,斗六棒球場,9,,FINISHED,NORMAL,味全龍,HAhoZ,富邦悍將,xq7A6,5,1,12,6,0,0,"0,0,0,1,0,3,1,0,0","0,0,1,0,0,0,0,0,0",HOME,1
19Ifp,CPBL-2022-s6,2022,一軍-4,春訓,2022-03-25,2022-03-25 18:35,2022-03-25 21:50,澄清湖棒球場,9,,FINISHED,NORMAL,樂天桃猿,Ur6Ba,統一7-ELEVEn獅,dQCGM,3,5,8,11,0,0,"1,0,0,0,0,0,1,1,0","2,0,0,1,0,2,0,0,0",AWAY,0
VEdG1,CPBL-2022-s6,2022,一軍-4,春訓,2022-03-24,2022-03-24 18:35,2022-03-24 21:49,澄清湖棒球場,9,,FINISHED,NORMAL,中信兄弟,Fk72k,統一7-ELEVEn獅,dQCGM,5,5,8,10,0,0,"2,0,2,0,1,0,0,0,0","0,0,4,0,0,0,0,0,1",TIE,
hHCYP,CPBL-2022-s6,2022,一軍-4,春訓,2022-03-22,2022-03-22 18:38,2022-03-22 21:26,嘉義市立棒球場,9,,FINISHED,NORMAL,富邦悍將,xq7A6,中信兄弟,Fk72k,6,1,10,4,0,0,"0,3,0,0,0,3,0,0,0","0,0,0,0,1,0,0,0,0",HOME,1
UNomL,CPBL-2022-s6,2022,一軍-4,春訓,2022-03-22,2022-03-22 18:35,2022-03-22 21:45,斗六棒球場,9,,FINISHED,NORMAL,味全龍,HAhoZ,樂天桃猿,Ur6Ba,5,0,9,7,0,0,"0,0,0,0,3,0,2,0,0","0,0,0,0,0,0,0,0,0",HOME,1
eanHc,CPBL-2022-s6,2022,一軍-4,春訓,2022-03-20,2022-03-20 14:05,2022-03-20 17:05,澄清湖棒球場,9,,FINISHED,NORMAL,中信兄弟,Fk72k,富邦悍將,xq7A6,10,6,12,10,0,0,"0,0,0,0,4,2,4,0,0","0,4,0,0,0,0,2,0,0",HOME,1
0tU2d,CPBL-2022-s6,2022,一軍-4,春訓,2022-03-20,2022-03-20 14:05,2022-03-20 17:31,臺南市立棒球場,9,,FINISHED,NORMAL,統一7-ELEVEn獅,dQCGM,樂天桃猿,Ur6Ba,4,4,12,9,0,0,"0,0,0,1,2,0,1,0,0","0,1,1,0,0,0,1,0,1",TIE,
jBK1N,CPBL-2022-s6,2022,一軍-4,春訓,2022-03-19,2022-03-19 17:08,2022-03-19 20:25,澄清湖棒球場,9,,FINISHED,NORMAL,中信兄弟,Fk72k,樂天桃猿,Ur6Ba,4,6,7,13,0,0,"2,0,0,0,0,2,0,0,0","0,0,3,1,0,1,0,1,0",AWAY,0
OhSMW,CPBL-2022-s6,2022,一軍-4,春訓,2022-03-19,2022-03-19 17:05,2022-03-19 20:16,臺南市立棒球場,9,,FINISHED,NORMAL,統一7-ELEVEn獅,dQCGM,味全龍,HAhoZ,2,5,7,6,0,0,"1,0,0,0,1,0,0,0,0","0,0,0,1,0,0,4,0,0",AWAY,0
4PWG1,CPBL-2021-fi,2021,一軍,例行賽,2021-11-21,2021-11-21 17:05,2021-11-21 19:50,臺中市洲際棒球場,9,,FINISHED,NORMAL,中信兄弟,4aYcq,樂天桃猿,SoR6H,6,4,8,6,0,0,"0,0,0,0,0,0,4,2,0","3,0,0,0,0,0,0,0,1",HOME,1
MZAap,CPBL-2021-fi,2021,一軍,例行賽,2021-11-21,2021-11-21 17:05,2021-11-21 20:04,臺北市立天母棒球場,9,,FINISHED,NORMAL,味全龍,jgY4I,富邦悍將,uQIc3,1,5,7,6,0,0,"0,0,0,0,1,0,0,0,0","0,0,0,0,0,0,3,2,0",AWAY,0
HOrPD,CPBL-2021-fi,2021,一軍,例行賽,2021-11-20,2021-11-20 17:05,2021-11-20 21:49,臺中市洲際棒球場,11,,FINISHED,NORMAL,中信兄弟,4aYcq,樂天桃猿,SoR6H,7,6,11,15,0,0,"0,4,0,0,0,1,1,0,0,0,1","0,0,0,4,1,0,1,0,0,0,0",HOME,1
hHRDb,CPBL-2021-fi,2021,一軍,例行賽,2021-11-20,2021-11-20 17:05,2021-11-20 20:04,臺北市立天母棒球場,9,,FINISHED,NORMAL,味全龍,jgY4I,統一7-ELEVEn獅,oDGsG,7,2,9,6,0,0,"3,1,0,0,3,0,0,0,0","1,0,1,0,0,0,0,0,0",HOME,1
zyeK8,CPBL-2021-fi,2021,一軍,例行賽,2021-11-19,2021-11-19 18:35,2021-11-19 22:10,臺中市洲際棒球場,9,,FINISHED,NORMAL,中信兄弟,4aYcq,樂天桃猿,SoR6H,4,2,4,11,0,0,"0,0,0,2,0,0,2,0,0","0,0,0,0,0,0,2,0,0",HOME,1
Sz4ij,CPBL-2021-fi,2021,一軍,例行賽,2021-11-19,2021-11-19 18:35,2021-11-19 22:03,新北市立新莊棒球場,9,,FINISHED,NORMAL,富邦悍將,uQIc3,統一7-ELEVEn獅,oDGsG,6,4,12,8,0,0,"0,1,0,3,0,1,1,0,0","0,0,0,0,0,3,0,0,1",HOME,1
KAvSy,CPBL-2021-fi,2021,一軍,例行賽,2021-11-18,2021-11-18 18:35,2021-11-18 21:40,新北市立新莊棒球場,9,,FINISHED,NORMAL,富邦悍將,uQIc3,統一7-ELEVEn獅,oDGsG,4,3,9,8,0,0,"0,0,1,1,1,0,0,1,0","0,0,0,0,0,0,1,0,2",HOME,1
is20z,CPBL-2021-fi,2021,一軍,例行賽,2021-11-18,2021-11-18 18:35,2021-11-18 21:46,澄清湖棒球場,9,,FINISHED,NORMAL,味全龍,jgY4I,中信兄弟,4aYcq,11,2,12,7,0,0,"1,2,1,0,4,0,0,3,0","0,0,0,0,2,0,0,0,0",HOME,1
Ruk0m,CPBL-2021-fi,2021,一軍,例行賽,2021-11-17,2021-11-17 18:35,2021-11-17 21:29,新北市立新莊棒球場,9,,FINISHED,NORMAL,富邦悍將,uQIc3,統一7-ELEVEn獅,oDGsG,0,7,5,8,0,0,"0,0,0,0,0,0,0,0,0","0,0,0,0,2,0,0,0,5",AWAY,0
1UgMj,CPBL-2021-fi,2021,一軍,例行賽,2021-11-17,2021-11-17 18:35,2021-11-17 21:59,澄清湖棒球場,9,,FINISHED,NORMAL,味全龍,jgY4I,樂天桃猿,SoR6H,3,9,6,11,0,0,"0,0,1,0,0,1,0,0,1","4,0,0,0,1,4,0,0,0",AWAY,0
YY0MJ,CPBL-2021-fi,2021,一軍,例行賽,2021-11-16,2021-11-16 18:35,2021-11-16 23:10,新北市立新莊棒球場,12,,FINISHED,NORMAL,富邦悍將,uQIc3,中信兄弟,4aYcq,1,0,9,5,0,0,"0,0,0,0,0,0,0,0,0,0,0,1","0,0,0,0,0,0,0,0,0,0,0,0",HOME,1
6ngAS,CPBL-2021-fi,2021,一軍,例行賽,2021-11-16,2021-11-16 18:35,2021-11-16 22:12,澄清湖棒球場,9,,FINISHED,NORMAL,味全龍,jgY4I,樂天桃猿,SoR6H,5,3,11,13,0,0,"0,0,0,0,0,2,3,0,0","1,0,0,0,0,0,2,0,0",HOME,1
IJnNq,CPBL-2021-fi,2021,一軍,例行賽,2021-11-14,2021-11-14 17:05,2021-11-14 21:31,新北市立新莊棒球場,9,,FINISHED,NORMAL,富邦悍將,uQIc3,樂天桃猿,SoR6H,9,10,15,11,0,0,"0,2,0,0,3,2,0,2,0","0,0,1,0,0,5,4,0,0",AWAY,0
D50ve,CPBL-2021-fi,2021,一軍,例行賽,2021-11-14,2021-11-14 17:05,2021-11-14 21:02,臺北市立天母棒球場,10,,FINISHED,NORMAL,味全龍,jgY4I,中信兄弟,4aYcq,3,6,11,11,0,0,"0,2,0,0,1,0,0,0,0,0","0,0,0,0,2,1,0,0,0,3",AWAY,0
ueqYu,CPBL-2021-fi,2021,一軍,例行賽,2021-11-13,2021-11-13 17:05,2021-11-13 20:26,臺北市立天母棒球場,9,,FINISHED,NORMAL,味全龍,jgY4I,中信兄弟,4aYcq,5,2,14,11,0,0,"0,0,0,1,1,3,0,0,0","1,0,0,0,0,1,0,0,0",HOME,1
6e04f,CPBL-2021-fi,2021,一軍,例行賽,2021-11-13,2021-11-13 17:05,2021-11-13 19:59,樂天桃園棒球場,9,,FINISHED,NORMAL,樂天桃猿,SoR6H,統一7-ELEVEn獅,oDGsG,5,0,7,5,0,0,"0,0,1,2,0,0,2,0,0","0,0,0,0,0,0,0,0,0",HOME,1
WEPsd,CPBL-2021-fi,2021,一軍,例行賽,2021-11-12,2021-11-12 18:05,2021-11-12 21:43,臺北市立天母棒球場,9,,FINISHED,NORMAL,味全龍,jgY4I,統一7-ELEVEn獅,oDGsG,8,7,13,11,0,0,"0,0,3,2,1,0,2,0,0","0,0,2,4,0,1,0,0,0",HOME,1
VzA7R,CPBL-2021-fi,2021,一軍,例行賽,2021-11-11,2021-11-11 18:35,2021-11-11 22:54,樂天桃園棒球場,11,,FINISHED,NORMAL,樂天桃猿,SoR6H,富邦悍將,uQIc3,7,6,17,12,0,0,"0,0,3,1,0,1,1,0,0,0,1","0,4,1,0,0,0,0,0,1,0,0",HOME,1
qCWIN,CPBL-2021-fi,2021,一軍,例行賽,2021-11-11,2021-11-11 18:35,2021-11-11 22:48,嘉義市立棒球場,11,,FINISHED,NORMAL,味全龍,jgY4I,統一7-ELEVEn獅,oDGsG,5,4,11,8,0,0,"0,1,0,0,0,2,0,0,1,0,1","0,1,0,1,0,1,1,0,0,0,0",HOME,1
oXA0S,CPBL-2021-fi,2021,一軍,例行賽,2021-11-10,2021-11-10 18:35,2021-11-10 22:28,臺南市立棒球場,9,,FINISHED,NORMAL,統一7-ELEVEn獅,oDGsG,中信兄弟,4aYcq,2,4,7,12,0,0,"0,0,0,0,0,0,0,0,2","0,0,0,3,1,0,0,0,0",AWAY,0
EopnS,CPBL-2021-fi,2021,一軍,例行賽,2021-11-10,2021-11-10 18:35,2021-11-10 21:20,樂天桃園棒球場,9,,FINISHED,NORMAL,樂天桃猿,SoR6H,富邦悍將,uQIc3,0,1,3,7,0,0,"0,0,0,0,0,0,0,0,0","0,0,0,0,0,0,0,0,1",AWAY,0
F9hVV,CPBL-2021-fi,2021,一軍,例行賽,2021-11-09,2021-11-09 18:35,2021-11-09 21:45,臺南市立棒球場,9,,FINISHED,NORMAL,統一7-ELEVEn獅,oDGsG,樂天桃猿,SoR6H,6,2,8,8,0,0,"0,0,0,0,0,6,0,0,0","0,0,0,0,2,0,0,0,0",HOME,1
YpqmK,CPBL-2021-fi,2021,一軍,例行賽,2021-11-09,2021-11-09 18:35,2021-11-09 21:34,嘉義市立棒球場,9,,FINISHED,NORMAL,味全龍,jgY4I,富邦悍將,uQIc3,4,2,7,8,0,0,"0,0,1,0,1,0,2,0,0","0,0,1,1,0,0,0,0,0",HOME,1
qF0RT,CPBL-2021-fi,2021,一軍,例行賽,2021-11-07,2021-11-07 17:05,2021-11-07 20:21,臺南市立棒球場,9,,FINISHED,NORMAL,統一7-ELEVEn獅,oDGsG,樂天桃猿,SoR6H,3,1,7,6,0,0,"0,0,0,0,0,3,0,0,0","0,0,0,0,1,0,0,0,0",HOME,1
SLtBh,CPBL-2021-fi,2021,一軍,例行賽,2021-11-07,2021-11-07 17:05,2021-11-07 20:07,臺北市立天母棒球場,9,,FINISHED,NORMAL,味全龍,jgY4I,富邦悍將,uQIc3,4,1,13,10,0,0,"0,0,0,0,0,3,0,1,0","0,1,0,0,0,0,0,0,0",HOME,1
xyKgt,CPBL-2021-fi,2021,一軍,例行賽,2021-11-06,2021-11-06 17:05,2021-11-06 20:17,臺南市立棒球場,9,,FINISHED,NORMAL,統一7-ELEVEn獅,oDGsG,味全龍,jgY4I,3,2,10,6,0,0,"0,3,0,0,0,0,0,0,0","0,0,1,0,1,0,0,0,0",HOME,1
TGzBW,CPBL-2021-fi,2021,一軍,例行賽,2021-11-06,2021-11-06 17:05,2021-11-06 21:05,臺中市洲際棒球場,9,,FINISHED,NORMAL,中信兄弟,4aYcq,富邦悍將,uQIc3,3,7,9,8,0,0,"0,0,0,1,0,0,2,0,0","0,0,3,0,0,0,0,0,4",AWAY,0
9AkaC,CPBL-2021-fi,2021,一軍,例行賽,2021-11-05,2021-11-05 18:35,2021-11-05 21:59,臺南市立棒球場,9,,FINISHED,NORMAL,統一7-ELEVEn獅,oDGsG,味全龍,jgY4I,10,3,12,9,0,0,"2,0,0,3,3,2,0,0,0","0,0,3,0,0,0,0,0,0",HOME,1
zspqO,CPBL-2021-fi,2021,一軍,例行賽,2021-11-05,2021-11-05 18:36,2021-11-05 21:53,臺中市洲際棒球場,9,,FINISHED,NORMAL,中信兄弟,4aYcq,樂天桃猿,SoR6H,1,3,6,10,0,0,"1,0,0,0,0,0,0,0,0","1,0,1,1,0,0,0,0,0",AWAY,0
JFN1P,CPBL-2021-fi,2021,一軍,例行賽,2021-11-04,2021-11-04 18:35,2021-11-04 21:41,澄清湖棒球場,9,,FINISHED,NORMAL,味全龍,jgY4I,富邦悍將,uQIc3,3,0,8,5,0,0,"0,1,0,1,0,0,0,1,0","0,0,0,0,0,0,0,0,0",HOME,1
22V3q,CPBL-2021-fi,2021,一軍,例行賽,2021-11-04,2021-11-04 18:35,2021-11-04 21:54,臺中市洲際棒球場,9,,FINISHED,NORMAL,中信兄弟,4aYcq,樂天桃猿,SoR6H,1,6,4,10,0,0,"0,0,0,1,0,0,0,0,0","0,2,0,4,0,0,0,0,0",AWAY,0
MMfbh,CPBL-2021-fi,2021,一軍,例行賽,2021-11-03,2021-11-03 18:35,2021-11-03 22:24,臺中市洲際棒球場,9,,FINISHED,NORMAL,中信兄弟,4aYcq,富邦悍將,uQIc3,1,5,7,9,0,0,"0,0,0,0,0,1,0,0,0","0,0,0,1,0,0,0,0,4",AWAY,0
e9K3r,CPBL-2021-fi,2021,一軍,例行賽,2021-11-02,2021-11-02 18:35,2021-11-02 22:11,樂天桃園棒球場,9,,FINISHED,NORMAL,樂天桃猿,SoR6H,統一7-ELEVEn獅,oDGsG,3,5,11,11,0,0,"0,0,0,0,0,0,3,0,0","2,0,0,0,0,2,0,0,1",AWAY,0
ZsLvp,CPBL-2021-fi,2021,一軍,例行賽,2021-11-02,2021-11-02 18:35,2021-11-02 21:20,新北市立新莊棒球場,9,,FINISHED,NORMAL,富邦悍將,uQIc3,味全龍,jgY4I,3,1,4,6,0,0,"0,0,0,1,0,0,0,2,0","0,0,0,0,1,0,0,0,0",HOME,1
18V4N,CPBL-2021-fi,2021,一軍,例行賽,2021-11-01,2021-11-01 18:35,2021-11-01 21:50,樂天桃園棒球場,9,,FINISHED,NORMAL,樂天桃猿,SoR6H,味全龍,jgY4I,0,5,6,8,0,0,"0,0,0,0,0,0,0,0,0","1,0,2,0,0,2,0,0,0",AWAY,0
EnyFL,CPBL-2021-fi,2021,一軍,例行賽,2021-10-31,2021-10-31 17:05,2021-10-31 20:27,樂天桃園棒球場,9,,FINISHED,NORMAL,樂天桃猿,SoR6H,味全龍,jgY4I,3,4,7,9,0,0,"1,0,2,0,0,0,0,0,0","0,0,0,1,0,1,2,0,0",AWAY,0
k61UX,CPBL-2021-fi,2021,一軍,例行賽,2021-10-31,2021-10-31 17:05,2021-10-31 19:55,臺中市洲際棒球場,9,,FINISHED,NORMAL,中信兄弟,4aYcq,統一7-ELEVEn獅,oDGsG,4,2,6,7,0,0,"3,1,0,0,0,0,0,0,0","1,0,1,0,0,0,0,0,0",HOME,1
N5NHd,CPBL-2021-fi,2021,一軍,例行賽,2021-10-30,2021-10-30 17:06,2021-10-30 21:05,樂天桃園棒球場,9,,FINISHED,NORMAL,樂天桃猿,SoR6H,中信兄弟,4aYcq,6,4,7,12,0,0,"0,1,0,3,0,0,0,0,2","1,0,0,0,2,0,1,0,0",HOME,1
NDhKC,CPBL-2021-fi,2021,一軍,例行賽,2021-10-30,2021-10-30 17:05,2021-10-30 19:58,新北市立新莊棒球場,9,,FINISHED,NORMAL,富邦悍將,uQIc3,統一7-ELEVEn獅,oDGsG,5,6,4,8,0,0,"0,0,0,0,1,0,4,0,0","0,2,0,0,0,2,2,0,0",AWAY,0
ZpcwW,CPBL-2021-fi,2021,一軍,例行賽,2021-10-29,2021-10-29 18:35,2021-10-29 22:16,樂天桃園棒球場,10,,FINISHED,NORMAL,樂天桃猿,SoR6H,中信兄弟,4aYcq,2,5,8,9,0,0,"1,0,0,0,1,0,0,0,0,0","0,0,0,0,0,0,2,0,0,3",AWAY,0
YZPRK,CPBL-2021-fi,2021,一軍,例行賽,2021-10-29,2021-10-29 18:35,2021-10-29 21:55,新北市立新莊棒球場,9,,FINISHED,NORMAL,富邦悍將,uQIc3,統一7-ELEVEn獅,oDGsG,0,4,2,7,0,0,"0,0,0,0,0,0,0,0,0","0,0,0,0,1,2,0,0,1",AWAY,0
S0CDQ,CPBL-2021-fi,2021,一軍,例行賽,2021-10-28,2021-10-28 18:35,2021-10-28 21:16,新北市立新莊棒球場,9,,FINISHED,NORMAL,富邦悍將,uQIc3,味全龍,jgY4I,0,2,5,8,0,0,"0,0,0,0,0,0,0,0,0","0,1,0,1,0,0,0,0,0",AWAY,0
0nmSZ,CPBL-2021-fi,2021,一軍,例行賽,2021-10-27,2021-10-27 18:35,2021-10-27 22:02,臺南市立棒球場,9,,FINISHED,NORMAL,統一7-ELEVEn獅,oDGsG,中信兄弟,4aYcq,4,2,6,7,0,0,"1,0,0,0,0,3,0,0,0","0,2,0,0,0,0,0,0,0",HOME,1
OCEbz,CPBL-2021-fi,2021,一軍,例行賽,2021-10-27,2021-10-27 18:35,2021-10-27 22:17,新北市立新莊棒球場,9,,FINISHED,NORMAL,富邦悍將,uQIc3,味全龍,jgY4I,11,1,12,6,0,0,"0,0,0,4,1,4,2,0,0","0,0,0,0,0,1,0,0,0",HOME,1
jLB54,CPBL-2021-fi,2021,一軍,例行賽,2021-10-26,2021-10-26 18:35,2021-10-26 21:17,新北市立新莊棒球場,9,,FINISHED,NORMAL,富邦悍將,uQIc3,樂天桃猿,SoR6H,6,0,11,5,0,0,"0,2,0,2,1,0,1,0,0","0,0,0,0,0,0,0,0,0",HOME,1
ZUi6D,CPBL-2021-fi,2021,一軍,例行賽,2021-10-26,2021-10-26 18:35,2021-10-26 22:23,澄清湖棒球場,10,,FINISHED,NORMAL,味全龍,jgY4I,中信兄弟,4aYcq,7,5,14,13,0,0,"0,0,2,0,0,0,0,0,3,2","0,0,0,0,1,2,1,0,1,0",HOME,1
X1FSM,CPBL-2021-fi,2021,一軍,例行賽,2021-10-25,2021-10-25 18:50,2021-10-25 23:37,樂天桃園棒球場,11,,FINISHED,NORMAL,樂天桃猿,SoR6H,統一7-ELEVEn獅,oDGsG,4,3,10,13,0,0,"0,0,0,0,0,1,0,1,0,1,1","0,0,0,0,0,1,0,0,1,1,0",HOME,1
lZIY5,CPBL-2021-fi,2021,一軍,例行賽,2021-10-24,2021-10-24 17:05,2021-10-24 21:18,臺中市洲際棒球場,12,,FINISHED,NORMAL,中信兄弟,4aYcq,味全龍,jgY4I,2,2,7,9,0,0,"0,0,0,0,0,0,1,1,0,0,0,0","0,0,0,0,0,0,1,0,1,0,0,0",TIE,
QJiWv,CPBL-2021-fi,2021,一軍,例行賽,2021-10-23,2021-10-23 17:41,2021-10-23 19:31,樂天桃園棒球場,6,,FINISHED,NORMAL,樂天桃猿,SoR6H,統一7-ELEVEn獅,oDGsG,0,0,3,3,0,0,"0,0,0,0,0,0","0,0,0,0,0,0",TIE,
9vugZ,CPBL-2021-fi,2021,一軍,例行賽,2021-10-23,2021-10-23 17:05,2021-10-23 20:09,臺中市洲際棒球場,9,,FINISHED,NORMAL,中信兄弟,4aYcq,富邦悍將,uQIc3,5,2,11,3,0,0,"4,0,0,0,0,0,0,1,0","0,0,0,0,0,2,0,0,0",HOME,1
Ptonk,CPBL-2021-fi,2021,一軍,例行賽,2021-10-22,2021-10-22 18:05,2021-10-22 21:55,臺北市立天母棒球場,9,,FINISHED,NORMAL,味全龍,jgY4I,富邦悍將,uQIc3,8,7,13,13,0,0,"0,1,1,0,0,3,0,3,0","1,0,0,2,1,1,0,1,1",HOME,1
UiuBk,CPBL-2021-fi,2021,一軍,例行賽,2021-10-21,2021-10-21 18:35,2021-10-21 21:32,斗六棒球場,9,,FINISHED,NORMAL,味全龍,jgY4I,富邦悍將,uQIc3,1,2,3,7,0,0,"0,0,0,0,0,1,0,0,0","0,0,0,0,0,0,2,0,0",AWAY,0
WAF93,CPBL-2021-fi,2021,一軍,例行賽,2021-10-21,2021-10-21 18:36,2021-10-21 21:21,臺中市洲際棒球場,9,,FINISHED,NORMAL,中信兄弟,4aYcq,樂天桃猿,SoR6H,2,1,9,5,0,0,"0,0,0,0,1,1,0,0,0","0,0,1,0,0,0,0,0,0",HOME,1
OwtCH,CPBL-2021-fi,2021,一軍,例行賽,2021-10-20,2021-10-20 18:35,2021-10-20 21:48,斗六棒球場,9,,FINISHED,NORMAL,味全龍,jgY4I,富邦悍將,uQIc3,7,4,8,11,0,0,"0,0,0,6,1,0,0,0,0","0,2,2,0,0,0,0,0,0",HOME,1
nOzT4,CPBL-2021-fi,2021,一軍,例行賽,2021-10-20,2021-10-20 18:35,2021-10-20 22:46,臺中市洲際棒球場,9,,FINISHED,NORMAL,中信兄弟,4aYcq,統一7-ELEVEn獅,oDGsG,4,6,11,12,0,0,"0,0,1,0,3,0,0,0,0","0,0,0,0,1,0,0,5,0",AWAY,0
Npe1D,CPBL-2021-fi,2021,一軍,例行賽,2021-10-19,2021-10-19 18:35,2021-10-19 22:12,斗六棒球場,9,,FINISHED,NORMAL,味全龍,jgY4I,樂天桃猿,SoR6H,8,7,10,7,0,0,"2,0,0,0,2,0,2,2,0","0,0,0,1,0,4,0,1,1",HOME,1
a1Uyr,CPBL-2021-fi,2021,一軍,例行賽,2021-10-19,2021-10-19 18:35,2021-10-19 21:45,臺中市洲際棒球場,9,,FINISHED,NORMAL,中信兄弟,4aYcq,統一7-ELEVEn獅,oDGsG,6,5,2,9,0,0,"2,0,2,2,0,0,0,0,0","3,0,0,1,0,0,1,0,0",HOME,1
t4UlM,CPBL-2021-fi,2021,一軍,例行賽,2021-10-17,2021-10-17 17:05,2021-10-17 20:33,臺南市立棒球場,9,,FINISHED,NORMAL,統一7-ELEVEn獅,oDGsG,富邦悍將,uQIc3,1,3,7,8,0,0,"0,0,0,0,1,0,0,0,0","1,0,0,0,0,0,0,2,0",AWAY,0
wQeRG,CPBL-2021-fi,2021,一軍,例行賽,2021-10-17,2021-10-17 17:05,2021-10-17 19:38,臺北市立天母棒球場,9,,FINISHED,NORMAL,味全龍,jgY4I,樂天桃猿,SoR6H,0,3,4,10,0,0,"0,0,0,0,0,0,0,0,0","0,0,0,0,1,2,0,0,0",AWAY,0
RJhfq,CPBL-2021-fi,2021,一軍,例行賽,2021-10-16,2021-10-16 17:05,2021-10-16 20:40,臺南市立棒球場,9,,FINISHED,NORMAL,統一7-ELEVEn獅,oDGsG,富邦悍將,uQIc3,3,5,8,9,0,0,"0,1,0,0,0,0,0,2,0","0,1,1,0,0,0,0,3,0",AWAY,0
GrD3u,CPBL-2021-fi,2021,一軍,例行賽,2021-10-15,2021-10-15 18:35,2021-10-15 21:18,臺南市立棒球場,9,,FINISHED,NORMAL,統一7-ELEVEn獅,oDGsG,富邦悍將,uQIc3,3,0,6,7,0,0,"0,0,0,1,1,1,0,0,0","0,0,0,0,0,0,0,0,0",HOME,1
vbuBX,CPBL-2021-fi,2021,一軍,例行賽,2021-10-15,2021-10-15 18:35,2021-10-15 22:28,樂天桃園棒球場,9,,FINISHED,NORMAL,樂天桃猿,SoR6H,中信兄弟,4aYcq,3,6,9,10,0,0,"0,0,0,0,0,0,3,0,0","0,0,0,1,0,5,0,0,0",AWAY,0
NzkHG,CPBL-2021-fi,2021,一軍,例行賽,2021-10-14,2021-10-14 18:36,2021-10-14 21:33,樂天桃園棒球場,9,,FINISHED,NORMAL,樂天桃猿,SoR6H,中信兄弟,4aYcq,5,1,9,7,0,0,"0,0,0,1,0,0,1,3,0","1,0,0,0,0,0,0,0,0",HOME,1
Ik9Wp,CPBL-2021-fi,2021,一軍,例行賽,2021-10-14,2021-10-14 18:35,2021-10-14 21:22,澄清湖棒球場,9,,FINISHED,NORMAL,味全龍,jgY4I,統一7-ELEVEn獅,oDGsG,3,0,8,6,0,0,"0,1,0,0,2,0,0,0,0","0,0,0,0,0,0,0,0,0",HOME,1
I4Fn9,CPBL-2021-fi,2021,一軍,例行賽,2021-10-13,2021-10-13 18:35,2021-10-13 22:02,樂天桃園棒球場,9,,FINISHED,NORMAL,樂天桃猿,SoR6H,中信兄弟,4aYcq,4,8,7,12,0,0,"2,2,0,0,0,0,0,0,0","4,0,1,3,0,0,0,0,0",AWAY,0
H3mJ4,CPBL-2021-fi,2021,一軍,例行賽,2021-10-13,2021-10-13 18:35,2021-10-13 22:13,澄清湖棒球場,9,,FINISHED,NORMAL,味全龍,jgY4I,富邦悍將,uQIc3,1,7,5,15,0,0,"0,0,0,0,0,0,0,1,0","0,0,1,0,0,0,0,0,6",AWAY,0
StIKz,CPBL-2021-fi,2021,一軍,例行賽,2021-10-11,2021-10-11 17:05,2021-10-11 20:46,臺中市洲際棒球場,9,,FINISHED,NORMAL,中信兄弟,4aYcq,統一7-ELEVEn獅,oDGsG,6,5,8,8,0,0,"2,0,0,1,0,3,0,0,0","0,0,1,3,0,0,0,0,1",HOME,1
FOszY,CPBL-2021-fi,2021,一軍,例行賽,2021-10-10,2021-10-10 17:05,2021-10-10 21:07,新北市立新莊棒球場,9,,FINISHED,NORMAL,富邦悍將,uQIc3,中信兄弟,4aYcq,2,6,8,11,0,0,"0,0,0,0,0,0,1,1,0","1,0,0,0,2,2,0,1,0",AWAY,0
cHabj,CPBL-2021-fi,2021,一軍,例行賽,2021-10-10,2021-10-10 17:05,2021-10-10 20:02,樂天桃園棒球場,9,,FINISHED,NORMAL,樂天桃猿,SoR6H,統一7-ELEVEn獅,oDGsG,0,7,2,6,0,0,"0,0,0,0,0,0,0,0,0","0,0,0,1,3,0,0,3,0",AWAY,0
8ReRT,CPBL-2021-fi,2021,一軍,例行賽,2021-10-09,2021-10-09 17:05,2021-10-09 20:43,新北市立新莊棒球場,9,,FINISHED,NORMAL,富邦悍將,uQIc3,中信兄弟,4aYcq,1,3,9,9,0,0,"0,0,0,1,0,0,0,0,0","0,1,0,1,0,0,1,0,0",AWAY,0
rOhpR,CPBL-2021-fi,2021,一軍,例行賽,2021-10-09,2021-10-09 17:07,2021-10-09 20:35,樂天桃園棒球場,9,,FINISHED,NORMAL,樂天桃猿,SoR6H,味全龍,jgY4I,6,9,11,13,0,0,"1,0,0,0,1,0,4,0,0","0,0,3,0,2,0,3,0,1",AWAY,0
7i76s,CPBL-2021-fi,2021,一軍,例行賽,2021-10-08,2021-10-08 18:35,2021-10-08 21:38,新北市立新莊棒球場,9,,FINISHED,NORMAL,富邦悍將,uQIc3,中信兄弟,4aYcq,4,5,9,7,0,0,"1,0,1,1,1,0,0,0,0","1,0,2,0,2,0,0,0,0",AWAY,0
KIyz8,CPBL-2021-fi,2021,一軍,例行賽,2021-10-08,2021-10-08 18:35,2021-10-08 22:13,臺南市立棒球場,9,,FINISHED,NORMAL,統一7-ELEVEn獅,oDGsG,味全龍,jgY4I,9,6,14,12,0,0,"2,1,2,1,1,0,0,2,0","2,0,0,2,0,2,0,0,0",HOME,1
4oXXt,CPBL-2021-fi,2021,一軍,例行賽,2021-10-07,2021-10-07 18:35,2021-10-07 21:11,臺南市立棒球場,9,,FINISHED,NORMAL,統一7-ELEVEn獅,oDGsG,味全龍,jgY4I,4,0,7,2,0,0,"1,0,3,0,0,0,0,0,0","0,0,0,0,0,0,0,0,0",HOME,1
xCnyo,CPBL-2021-fi,2021,一軍,例行賽,2021-10-07,2021-10-07 18:35,2021-10-07 22:00,樂天桃園棒球場,9,,FINISHED,NORMAL,樂天桃猿,SoR6H,富邦悍將,uQIc3,6,7,8,10,0,0,"1,0,0,1,0,0,4,0,0","0,0,7,0,0,0,0,0,0",AWAY,0
DZ2JZ,CPBL-2021-fi,2021,一軍,例行賽,2021-10-06,2021-10-06 18:36,2021-10-06 21:36,臺南市立棒球場,9,,FINISHED,NORMAL,統一7-ELEVEn獅,oDGsG,味全龍,jgY4I,6,3,9,6,0,0,"0,6,0,0,0,0,0,0,0","0,1,0,0,2,0,0,0,0",HOME,1
YOZip,CPBL-2021-fi,2021,一軍,例行賽,2021-10-06,2021-10-06 18:35,2021-10-07 00:14,樂天桃園棒球場,12,,FINISHED,NORMAL,樂天桃猿,SoR6H,中信兄弟,4aYcq,10,10,15,15,0,0,"1,0,1,0,1,1,2,4,0,0,0,0","0,0,1,0,0,2,5,2,0,0,0,0",TIE,
Gs2pB,CPBL-2021-fi,2021,一軍,例行賽,2021-10-05,2021-10-05 18:36,2021-10-05 22:17,臺南市立棒球場,9,,FINISHED,NORMAL,統一7-ELEVEn獅,oDGsG,富邦悍將,uQIc3,1,2,5,5,0,0,"0,0,0,0,1,0,0,0,0","0,0,0,0,2,0,0,0,0",AWAY,0
OknNs,CPBL-2021-fi,2021,一軍,例行賽,2021-10-05,2021-10-05 18:35,2021-10-05 22:52,樂天桃園棒球場,9,,FINISHED,NORMAL,樂天桃猿,SoR6H,中信兄弟,4aYcq,6,8,13,14,0,0,"0,1,0,0,0,1,0,0,4","1,0,0,0,1,0,1,3,2",AWAY,0
JfFn3,CPBL-2021-fi,2021,一軍,例行賽,2021-10-03,2021-10-03 17:05,2021-10-03 19:45,臺中市洲際棒球場,9,,FINISHED,NORMAL,中信兄弟,4aYcq,味全龍,jgY4I,7,3,13,12,0,0,"0,0,0,0,1,6,0,0,0","0,0,0,1,0,1,0,0,1",HOME,1
Mjmlz,CPBL-2021-fi,2021,一軍,例行賽,2021-10-03,2021-10-03 17:06,2021-10-03 20:12,臺南市立棒球場,9,,FINISHED,NORMAL,統一7-ELEVEn獅,oDGsG,富邦悍將,uQIc3,8,3,9,8,0,0,"0,1,4,0,3,0,0,0,0","0,0,0,0,0,2,0,1,0",HOME,1
VWrbW,CPBL-2021-fi,2021,一軍,例行賽,2021-10-02,2021-10-02 17:05,2021-10-02 20:31,臺中市洲際棒球場,10,,FINISHED,NORMAL,中信兄弟,4aYcq,味全龍,jgY4I,2,3,7,10,0,0,"0,2,0,0,0,0,0,0,0,0","0,0,0,0,0,0,1,0,1,1",AWAY,0
AfQXW,CPBL-2021-fi,2021,一軍,例行賽,2021-10-02,2021-10-02 17:05,2021-10-02 20:23,臺南市立棒球場,9,,FINISHED,NORMAL,統一7-ELEVEn獅,oDGsG,樂天桃猿,SoR6H,10,5,14,7,0,0,"4,1,1,1,2,1,0,0,0","0,0,0,2,1,0,0,2,0",HOME,1
xy98z,CPBL-2021-fi,2021,一軍,例行賽,2021-10-01,2021-10-01 18:35,2021-10-01 21:39,臺中市洲際棒球場,9,,FINISHED,NORMAL,中信兄弟,4aYcq,味全龍,jgY4I,3,5,7,10,0,0,"0,0,0,0,1,0,1,0,1","3,0,0,0,0,2,0,0,0",AWAY,0
u75k5,CPBL-2021-fi,2021,一軍,例行賽,2021-10-01,2021-10-01 18:35,2021-10-01 22:34,新北市立新莊棒球場,9,,FINISHED,NORMAL,富邦悍將,uQIc3,樂天桃猿,SoR6H,9,7,8,13,0,0,"0,1,1,4,3,0,0,0,0","0,0,2,0,2,2,0,0,1",HOME,1
B3TcS,CPBL-2021-fi,2021,一軍,例行賽,2021-09-30,2021-09-30 18:35,2021-09-30 21:42,新北市立新莊棒球場,9,,FINISHED,NORMAL,富邦悍將,uQIc3,樂天桃猿,SoR6H,1,2,7,6,0,0,"0,0,0,0,1,0,0,0,0","0,0,0,0,0,2,0,0,0",AWAY,0
XgO3N,CPBL-2021-fi,2021,一軍,例行賽,2021-09-30,2021-09-30 18:35,2021-09-30 22:20,臺南市立棒球場,10,,FINISHED,NORMAL,統一7-ELEVEn獅,oDGsG,中信兄弟,4aYcq,2,4,6,12,0,0,"0,0,0,0,0,2,0,0,0,0","0,0,0,1,0,0,0,0,1,2",AWAY,0
HaaEE,CPBL-2021-fi,2021,一軍,例行賽,2021-09-29,2021-09-29 18:35,2021-09-29 21:59,新北市立新莊棒球場,9,,FINISHED,NORMAL,富邦悍將,uQIc3,樂天桃猿,SoR6H,3,6,10,5,0,0,"1,0,0,0,0,1,1,0,0","0,1,0,0,0,4,0,1,0",AWAY,0
VN1eB,CPBL-2021-fi,2021,一軍,例行賽,2021-09-29,2021-09-29 18:35,2021-09-29 21:57,臺南市立棒球場,9,,FINISHED,NORMAL,統一7-ELEVEn獅,oDGsG,味全龍,jgY4I,6,1,6,8,0,0,"2,0,0,0,2,0,2,0,0","0,0,0,0,0,1,0,0,0",HOME,1
vL1Rk,CPBL-2021-fi,2021,一軍,例行賽,2021-09-28,2021-09-28 18:35,2021-09-28 21:50,新北市立新莊棒球場,9,,FINISHED,NORMAL,富邦悍將,uQIc3,中信兄弟,4aYcq,6,3,13,6,0,0,"0,3,0,0,0,0,3,0,0","0,0,1,0,2,0,0,0,0",HOME,1
ZAYx2,CPBL-2021-fi,2021,一軍,例行賽,2021-09-28,2021-09-28 18:35,2021-09-28 21:22,臺南市立棒球場,9,,FINISHED,NORMAL,統一7-ELEVEn獅,oDGsG,味全龍,jgY4I,3,1,5,5,0,0,"0,2,0,1,0,0,0,0,0","0,0,0,0,1,0,0,0,0",HOME,1
t8q7U,CPBL-2021-fi,2021,一軍,例行賽,2021-09-26,2021-09-26 17:07,2021-09-26 20:14,臺北市立天母棒球場,9,,FINISHED,NORMAL,味全龍,jgY4I,樂天桃猿,SoR6H,0,6,5,8,0,0,"0,0,0,0,0,0,0,0,0","1,0,0,0,0,3,0,2,0",AWAY,0
kp6TS,CPBL-2021-fi,2021,一軍,例行賽,2021-09-26,2021-09-26 17:05,2021-09-26 20:58,新北市立新莊棒球場,9,,FINISHED,NORMAL,富邦悍將,uQIc3,中信兄弟,4aYcq,3,8,8,12,0,0,"0,2,0,1,0,0,0,0,0","0,1,0,3,1,2,0,0,1",AWAY,0
oOnsL,CPBL-2021-fi,2021,一軍,例行賽,2021-09-25,2021-09-25 17:06,2021-09-25 21:01,臺北市立天母棒球場,9,,FINISHED,NORMAL,味全龍,jgY4I,樂天桃猿,SoR6H,3,2,11,5,0,0,"0,2,0,0,0,0,0,0,1","0,0,0,0,0,1,0,1,0",HOME,1
9PvCa,CPBL-2021-fi,2021,一軍,例行賽,2021-09-25,2021-09-25 17:05,2021-09-25 19:38,新北市立新莊棒球場,9,,FINISHED,NORMAL,富邦悍將,uQIc3,統一7-ELEVEn獅,oDGsG,4,0,8,8,0,0,"0,0,3,0,0,1,0,0,0","0,0,0,0,0,0,0,0,0",HOME,1
ji9fg,CPBL-2021-fi,2021,一軍,例行賽,2021-09-24,2021-09-24 18:05,2021-09-24 21:55,臺北市立天母棒球場,9,,FINISHED,NORMAL,味全龍,jgY4I,樂天桃猿,SoR6H,6,8,10,10,0,0,"2,0,0,0,0,0,0,0,4","1,3,0,0,1,0,0,3,0",AWAY,0
KPfKV,CPBL-2021-fi,2021,一軍,例行賽,2021-09-24,2021-09-24 18:36,2021-09-24 21:29,臺中市洲際棒球場,9,,FINISHED,NORMAL,中信兄弟,4aYcq,統一7-ELEVEn獅,oDGsG,5,3,8,6,0,0,"0,2,0,1,0,1,1,0,0","0,0,0,0,0,1,0,0,2",HOME,1
jB50r,CPBL-2021-fi,2021,一軍,例行賽,2021-09-23,2021-09-23 18:35,2021-09-23 21:47,臺中市洲際棒球場,9,,FINISHED,NORMAL,中信兄弟,4aYcq,統一7-ELEVEn獅,oDGsG,6,2,10,6,0,0,"1,0,0,2,1,0,0,2,0","0,0,0,0,0,0,0,2,0",HOME,1
j0UAK,CPBL-2021-fi,2021,一軍,例行賽,2021-09-23,2021-09-23 18:35,2021-09-23 21:19,新北市立新莊棒球場,9,,FINISHED,NORMAL,富邦悍將,uQIc3,味全龍,jgY4I,2,0,6,3,0,0,"0,0,1,0,0,0,0,1,0","0,0,0,0,0,0,0,0,0",HOME,1
6aosa,CPBL-2021-fi,2021,一軍,例行賽,2021-09-22,2021-09-22 18:35,2021-09-22 22:26,臺中市洲際棒球場,9,,FINISHED,NORMAL,中信兄弟,4aYcq,統一7-ELEVEn獅,oDGsG,3,9,9,18,0,0,"1,0,0,0,2,0,0,0,0","0,0,0,2,2,0,2,3,0",AWAY,0
e4jCe,CPBL-2021-fi,2021,一軍,例行賽,2021-09-22,2021-09-22 18:35,2021-09-22 21:53,新北市立新莊棒球場,9,,FINISHED,NORMAL,富邦悍將,uQIc3,樂天桃猿,SoR6H,3,4,8,9,0,0,"0,0,0,0,0,0,0,1,2","2,0,0,0,0,0,0,1,1",AWAY,0
tS6JP,CPBL-2021-fi,2021,一軍,例行賽,2021-09-21,2021-09-21 17:05,2021-09-21 20:12,臺中市洲際棒球場,9,,FINISHED,NORMAL,中信兄弟,4aYcq,味全龍,jgY4I,6,2,12,12,0,0,"0,0,1,2,0,0,0,3,0","0,1,0,1,0,0,0,0,0",HOME,1
qQ3S7,CPBL-2021-fi,2021,一軍,例行賽,2021-09-20,2021-09-20 17:05,2021-09-20 22:18,新北市立新莊棒球場,12,,FINISHED,NORMAL,富邦悍將,uQIc3,樂天桃猿,SoR6H,4,4,11,7,0,0,"0,0,2,0,0,0,0,0,2,0,0,0","0,0,0,3,0,1,0,0,0,0,0,0",TIE,
lULTM,CPBL-2021-fi,2021,一軍,例行賽,2021-09-19,2021-09-19 17:05,2021-09-19 21:34,樂天桃園棒球場,9,,FINISHED,NORMAL,樂天桃猿,SoR6H,富邦悍將,uQIc3,8,5,16,7,0,0,"0,0,0,2,3,0,3,0,0","0,3,0,0,0,0,1,1,0",HOME,1
a5Bs3,CPBL-2021-fi,2021,一軍,例行賽,2021-09-19,2021-09-19 17:05,2021-09-19 21:28,花蓮縣立德興棒球場,9,,FINISHED,NORMAL,統一7-ELEVEn獅,oDGsG,味全龍,jgY4I,9,2,14,7,0,0,"4,0,0,0,0,4,1,0,0","0,0,1,0,1,0,0,0,0",HOME,1
fwVfK,CPBL-2021-fi,2021,一軍,例行賽,2021-09-18,2021-09-18 17:06,2021-09-18 21:40,樂天桃園棒球場,11,,FINISHED,NORMAL,樂天桃猿,SoR6H,富邦悍將,uQIc3,6,5,13,13,0,0,"0,1,0,0,0,2,0,0,2,0,1","0,0,0,0,2,1,1,1,0,0,0",HOME,1
yMPIm,CPBL-2021-fi,2021,一軍,例行賽,2021-09-18,2021-09-18 17:05,2021-09-18 20:14,花蓮縣立德興棒球場,9,,FINISHED,NORMAL,統一7-ELEVEn獅,oDGsG,中信兄弟,4aYcq,4,1,8,5,0,0,"2,0,0,2,0,0,0,0,0","0,0,0,0,1,0,0,0,0",HOME,1
D3NSu,CPBL-2021-fi,2021,一軍,例行賽,2021-09-17,2021-09-17 18:36,2021-09-17 22:04,樂天桃園棒球場,9,,FINISHED,NORMAL,樂天桃猿,SoR6H,富邦悍將,uQIc3,11,5,18,8,0,0,"1,0,0,0,0,9,0,1,0","0,0,0,0,0,0,0,0,5",HOME,1
BfIJc,CPBL-2021-fi,2021,一軍,例行賽,2021-09-17,2021-09-17 18:05,2021-09-17 20:33,臺北市立天母棒球場,9,,FINISHED,NORMAL,味全龍,jgY4I,中信兄弟,4aYcq,1,0,5,4,0,0,"0,0,0,0,0,0,1,0,0","0,0,0,0,0,0,0,0,0",HOME,1
aTii0,CPBL-2021-fi,2021,一軍,例行賽,2021-09-16,2021-09-16 18:35,2021-09-16 22:32,澄清湖棒球場,9,,FINISHED,NORMAL,味全龍,jgY4I,中信兄弟,4aYcq,4,8,10,14,0,0,"0,1,0,0,3,0,0,0,0","0,0,0,2,0,0,4,1,1",AWAY,0
mZshe,CPBL-2021-fi,2021,一軍,例行賽,2021-09-16,2021-09-16 18:35,2021-09-16 22:49,花蓮縣立德興棒球場,9,,FINISHED,NORMAL,統一7-ELEVEn獅,oDGsG,樂天桃猿,SoR6H,6,5,9,10,0,0,"0,2,0,0,0,4,0,0,0","0,0,2,0,0,0,0,0,3",HOME,1
35YNT,CPBL-2021-fi,2021,一軍,例行賽,2021-09-15,2021-09-15 18:35,2021-09-15 21:19,澄清湖棒球場,9,,FINISHED,NORMAL,味全龍,jgY4I,中信兄弟,4aYcq,1,5,3,6,0,0,"0,0,0,1,0,0,0,0,0","0,0,1,0,0,0,0,4,0",AWAY,0
wtbeZ,CPBL-2021-fi,2021,一軍,例行賽,2021-09-15,2021-09-15 18:35,2021-09-16 00:12,花蓮縣立德興棒球場,12,,FINISHED,NORMAL,統一7-ELEVEn獅,oDGsG,富邦悍將,uQIc3,7,7,16,14,0,0,"0,1,2,1,0,1,0,0,2,0,0,0","0,0,2,2,0,0,0,2,1,0,0,0",TIE,
3wUTI,CPBL-2021-fi,2021,一軍,例行賽,2021-09-14,2021-09-14 19:10,2021-09-14 22:25,澄清湖棒球場,9,,FINISHED,NORMAL,味全龍,jgY4I,樂天桃猿,SoR6H,0,5,7,9,0,0,"0,0,0,0,0,0,0,0,0","1,0,0,1,0,0,0,0,3",AWAY,0
Zuzpw,CPBL-2021-fi,2021,一軍,例行賽,2021-09-14,2021-09-14 18:35,2021-09-14 21:50,花蓮縣立德興棒球場,9,,FINISHED,NORMAL,統一7-ELEVEn獅,oDGsG,富邦悍將,uQIc3,0,5,4,9,0,0,"0,0,0,0,0,0,0,0,0","0,1,0,0,4,0,0,0,0",AWAY,0
LHBvT,CPBL-2021-fi,2021,一軍,例行賽,2021-09-12,2021-09-12 17:05,2021-09-12 20:36,澄清湖棒球場,9,,FINISHED,NORMAL,中信兄弟,4aYcq,統一7-ELEVEn獅,oDGsG,3,5,9,10,0,0,"0,0,1,2,0,0,0,0,0","0,0,0,4,0,0,0,1,0",AWAY,0
X2yU9,CPBL-2021-fi,2021,一軍,例行賽,2021-09-11,2021-09-11 18:35,2021-09-11 21:34,新北市立新莊棒球場,9,,FINISHED,NORMAL,富邦悍將,uQIc3,味全龍,jgY4I,5,4,10,7,0,0,"0,0,0,0,1,0,1,1,2","0,0,0,0,0,3,0,1,0",HOME,1
bOPjU,CPBL-2021-fi,2021,一軍,例行賽,2021-09-11,2021-09-11 18:35,2021-09-11 21:56,澄清湖棒球場,9,,FINISHED,NORMAL,中信兄弟,4aYcq,樂天桃猿,SoR6H,5,2,7,7,0,0,"0,2,2,0,1,0,0,0,0","2,0,0,0,0,0,0,0,0",HOME,1
BlSTt,CPBL-2021-fi,2021,一軍,例行賽,2021-09-10,2021-09-10 18:35,2021-09-10 23:27,新北市立新莊棒球場,11,,FINISHED,NORMAL,富邦悍將,uQIc3,味全龍,jgY4I,2,5,8,9,0,0,"1,0,0,0,0,0,1,0,0,0,0","2,0,0,0,0,0,0,0,0,0,3",AWAY,0
B9igN,CPBL-2021-fi,2021,一軍,例行賽,2021-09-10,2021-09-10 18:35,2021-09-10 22:44,臺南市立棒球場,9,,FINISHED,NORMAL,統一7-ELEVEn獅,oDGsG,樂天桃猿,SoR6H,5,7,9,14,0,0,"3,0,0,0,0,0,2,0,0","0,0,4,2,0,0,0,1,0",AWAY,0
yGKXj,CPBL-2021-fi,2021,一軍,例行賽,2021-09-09,2021-09-09 18:35,2021-09-09 21:55,臺南市立棒球場,9,,FINISHED,NORMAL,統一7-ELEVEn獅,oDGsG,樂天桃猿,SoR6H,5,3,10,6,0,0,"0,0,2,0,0,1,2,0,0","0,0,0,0,1,0,0,2,0",HOME,1
CZC6Y,CPBL-2021-fi,2021,一軍,例行賽,2021-09-09,2021-09-09 18:35,2021-09-09 21:59,臺中市洲際棒球場,9,,FINISHED,NORMAL,中信兄弟,4aYcq,富邦悍將,uQIc3,0,3,6,6,0,0,"0,0,0,0,0,0,0,0,0","0,0,2,1,0,0,0,0,0",AWAY,0
on89R,CPBL-2021-fi,2021,一軍,例行賽,2021-09-08,2021-09-08 18:35,2021-09-08 22:54,臺南市立棒球場,9,,FINISHED,NORMAL,統一7-ELEVEn獅,oDGsG,樂天桃猿,SoR6H,9,6,13,12,0,0,"4,0,1,3,0,1,0,0,0","1,2,0,1,0,0,0,2,0",HOME,1
iO2kM,CPBL-2021-fi,2021,一軍,例行賽,2021-09-08,2021-09-08 18:35,2021-09-08 22:12,臺中市洲際棒球場,9,,FINISHED,NORMAL,中信兄弟,4aYcq,味全龍,jgY4I,4,7,12,12,0,0,"0,0,0,0,0,2,2,0,0","2,0,4,0,0,0,0,1,0",AWAY,0
9mLiY,CPBL-2021-fi,2021,一軍,例行賽,2021-09-07,2021-09-07 18:36,2021-09-07 22:37,臺南市立棒球場,9,,FINISHED,NORMAL,統一7-ELEVEn獅,oDGsG,富邦悍將,uQIc3,6,8,10,11,0,0,"2,0,0,0,0,2,0,0,2","1,0,0,0,0,0,3,4,0",AWAY,0
zbvrL,CPBL-2021-fi,2021,一軍,例行賽,2021-09-07,2021-09-07 18:35,2021-09-07 21:29,臺中市洲際棒球場,9,,FINISHED,NORMAL,中信兄弟,4aYcq,味全龍,jgY4I,2,0,6,5,0,0,"0,0,1,0,0,1,0,0,0","0,0,0,0,0,0,0,0,0",HOME,1
yiztw,CPBL-2021-fi,2021,一軍,例行賽,2021-09-05,2021-09-05 17:05,2021-09-05 20:12,臺北市立天母棒球場,9,,FINISHED,NORMAL,味全龍,jgY4I,統一7-ELEVEn獅,oDGsG,4,1,8,7,0,0,"0,3,0,1,0,0,0,0,0","0,0,0,0,0,0,0,0,1",HOME,1
ovz7I,CPBL-2021-fi,2021,一軍,例行賽,2021-09-05,2021-09-05 17:05,2021-09-05 20:33,樂天桃園棒球場,9,,FINISHED,NORMAL,樂天桃猿,SoR6H,中信兄弟,4aYcq,3,7,6,13,0,0,"0,0,0,0,0,2,0,1,0","0,0,4,0,0,1,1,0,1",AWAY,0
vR0Vz,CPBL-2021-fi,2021,一軍,例行賽,2021-09-04,2021-09-04 17:44,2021-09-04 20:58,臺北市立天母棒球場,9,,FINISHED,NORMAL,味全龍,jgY4I,統一7-ELEVEn獅,oDGsG,4,1,13,6,0,0,"2,1,0,0,0,1,0,0,0","0,0,0,0,0,0,0,1,0",HOME,1
3ycPW,CPBL-2021-fi,2021,一軍,例行賽,2021-09-04,2021-09-04 17:05,2021-09-04 20:37,樂天桃園棒球場,9,,FINISHED,NORMAL,樂天桃猿,SoR6H,富邦悍將,uQIc3,4,3,9,8,0,0,"0,1,0,1,0,1,0,0,1","3,0,0,0,0,0,0,0,0",HOME,1
HxIrz,CPBL-2021-fi,2021,一軍,例行賽,2021-09-03,2021-09-03 18:05,2021-09-03 21:26,臺北市立天母棒球場,9,,FINISHED,NORMAL,味全龍,jgY4I,統一7-ELEVEn獅,oDGsG,1,3,8,7,0,0,"0,0,0,0,0,1,0,0,0","0,0,0,0,1,2,0,0,0",AWAY,0
i2PsQ,CPBL-2021-fi,2021,一軍,例行賽,2021-09-03,2021-09-03 18:36,2021-09-03 22:27,臺中市洲際棒球場,12,,FINISHED,NORMAL,中信兄弟,4aYcq,富邦悍將,uQIc3,2,2,6,7,0,0,"0,2,0,0,0,0,0,0,0,0,0,0","0,0,0,0,0,0,0,1,1,0,0,0",TIE,
nZe3v,CPBL-2021-fi,2021,一軍,例行賽,2021-09-02,2021-09-02 18:35,2021-09-02 22:50,臺中市洲際棒球場,9,,FINISHED,NORMAL,中信兄弟,4aYcq,富邦悍將,uQIc3,2,6,9,12,0,0,"0,0,0,1,1,0,0,0,0","0,1,0,0,3,0,2,0,0",AWAY,0
lYmOk,CPBL-2021-fi,2021,一軍,例行賽,2021-09-02,2021-09-02 18:36,2021-09-02 21:48,樂天桃園棒球場,9,,FINISHED,NORMAL,樂天桃猿,SoR6H,味全龍,jgY4I,13,2,16,11,0,0,"0,4,2,1,1,0,3,2,0","0,0,0,0,0,0,2,0,0",HOME,1
jKPmx,CPBL-2021-fi,2021,一軍,例行賽,2021-09-01,2021-09-01 18:35,2021-09-01 21:45,臺中市洲際棒球場,9,,FINISHED,NORMAL,中信兄弟,4aYcq,富邦悍將,uQIc3,1,7,4,10,0,0,"0,0,0,0,1,0,0,0,0","3,1,0,2,0,0,1,0,0",AWAY,0
1GGDx,CPBL-2021-fi,2021,一軍,例行賽,2021-09-01,2021-09-01 18:35,2021-09-01 22:20,樂天桃園棒球場,9,,FINISHED,NORMAL,樂天桃猿,SoR6H,統一7-ELEVEn獅,oDGsG,7,12,14,14,0,0,"0,1,0,0,3,0,3,0,0","0,1,1,1,0,6,3,0,0",AWAY,0
3Kh5T,CPBL-2021-fi,2021,一軍,例行賽,2021-08-31,2021-08-31 18:35,2021-08-31 22:52,臺中市洲際棒球場,11,,FINISHED,NORMAL,中信兄弟,4aYcq,味全龍,jgY4I,5,4,9,8,0,0,"0,0,0,1,0,0,0,0,0,3,1","0,0,0,1,0,0,0,0,0,3,0",HOME,1
QaJ6u,CPBL-2021-fi,2021,一軍,例行賽,2021-08-31,2021-08-31 18:35,2021-08-31 22:30,樂天桃園棒球場,9,,FINISHED,NORMAL,樂天桃猿,SoR6H,統一7-ELEVEn獅,oDGsG,4,9,11,14,0,0,"0,0,0,0,0,2,0,2,0","0,3,0,0,0,3,1,2,0",AWAY,0
IiSUq,CPBL-2021-fi,2021,一軍,例行賽,2021-08-29,2021-08-29 17:05,2021-08-29 20:21,臺南市立棒球場,9,,FINISHED,NORMAL,統一7-ELEVEn獅,oDGsG,中信兄弟,4aYcq,3,2,9,10,0,0,"1,0,0,0,0,0,0,2,0","0,0,0,0,1,0,1,0,0",HOME,1
Qc03G,CPBL-2021-fi,2021,一軍,例行賽,2021-08-29,2021-08-29 17:05,2021-08-29 21:12,新北市立新莊棒球場,9,,FINISHED,NORMAL,富邦悍將,uQIc3,樂天桃猿,SoR6H,5,7,12,8,0,0,"1,1,0,1,2,0,0,0,0","0,1,0,0,5,0,0,1,0",AWAY,0
nwhZ4,CPBL-2021-fi,2021,一軍,例行賽,2021-08-28,2021-08-28 17:05,2021-08-28 21:16,臺南市立棒球場,12,,FINISHED,NORMAL,統一7-ELEVEn獅,oDGsG,中信兄弟,4aYcq,1,1,8,6,0,0,"0,0,0,0,1,0,0,0,0,0,0,0","0,0,0,0,0,0,1,0,0,0,0,0",TIE,
urxwB,CPBL-2021-fi,2021,一軍,例行賽,2021-08-28,2021-08-28 17:06,2021-08-28 20:29,新北市立新莊棒球場,9,,FINISHED,NORMAL,富邦悍將,uQIc3,味全龍,jgY4I,2,5,7,10,0,0,"0,2,0,0,0,0,0,0,0","1,0,2,0,1,0,0,0,1",AWAY,0
8LiKX,CPBL-2021-fi,2021,一軍,例行賽,2021-08-27,2021-08-27 18:35,2021-08-27 22:07,臺南市立棒球場,9,,FINISHED,NORMAL,統一7-ELEVEn獅,oDGsG,中信兄弟,4aYcq,10,4,18,9,0,0,"0,0,4,0,5,1,0,0,0","0,0,0,0,0,0,0,4,0",HOME,1
yzNpW,CPBL-2021-fi,2021,一軍,例行賽,2021-08-27,2021-08-27 18:36,2021-08-27 22:11,樂天桃園棒球場,9,,FINISHED,NORMAL,樂天桃猿,SoR6H,味全龍,jgY4I,8,3,13,6,0,0,"0,0,2,4,0,0,0,2,0","0,1,0,2,0,0,0,0,0",HOME,1
Up4jA,CPBL-2021-fi,2021,一軍,例行賽,2021-08-26,2021-08-26 18:35,2021-08-26 22:18,樂天桃園棒球場,9,,FINISHED,NORMAL,樂天桃猿,SoR6H,味全龍,jgY4I,21,3,22,8,0,0,"7,2,2,5,0,0,5,0,0","0,0,0,0,2,1,0,0,0",HOME,1
yqLFu,CPBL-2021-fi,2021,一軍,例行賽,2021-08-26,2021-08-26 18:35,2021-08-26 22:03,新北市立新莊棒球場,9,,FINISHED,NORMAL,富邦悍將,uQIc3,統一7-ELEVEn獅,oDGsG,1,5,6,12,0,0,"1,0,0,0,0,0,0,0,0","1,0,0,0,0,2,2,0,0",AWAY,0
td0Ok,CPBL-2021-fi,2021,一軍,例行賽,2021-08-25,2021-08-25 18:35,2021-08-25 22:42,樂天桃園棒球場,9,,FINISHED,NORMAL,樂天桃猿,SoR6H,味全龍,jgY4I,8,9,13,16,0,0,"0,0,0,0,0,0,3,3,2","1,5,0,2,0,0,0,1,0",AWAY,0
pf7un,CPBL-2021-fi,2021,一軍,例行賽,2021-08-25,2021-08-25 18:36,2021-08-25 22:04,新北市立新莊棒球場,9,,FINISHED,NORMAL,富邦悍將,uQIc3,中信兄弟,4aYcq,2,5,6,7,0,0,"1,0,0,0,0,1,0,0,0","3,1,0,0,1,0,0,0,0",AWAY,0
qWJeA,CPBL-2021-fi,2021,一軍,例行賽,2021-08-24,2021-08-24 18:35,2021-08-24 23:09,樂天桃園棒球場,9,,FINISHED,NORMAL,樂天桃猿,SoR6H,統一7-ELEVEn獅,oDGsG,12,4,15,11,0,0,"0,0,2,0,1,4,0,5,0","0,1,0,0,0,3,0,0,0",HOME,1
XdGcb,CPBL-2021-fi,2021,一軍,例行賽,2021-08-24,2021-08-24 18:37,2021-08-24 21:57,新北市立新莊棒球場,9,,FINISHED,NORMAL,富邦悍將,uQIc3,中信兄弟,4aYcq,1,3,5,6,0,0,"0,0,0,0,1,0,0,0,0","2,0,1,0,0,0,0,0,0",AWAY,0
0GwVY,CPBL-2021-fi,2021,一軍,例行賽,2021-08-20,2021-08-20 18:05,2021-08-20 21:01,臺北市立天母棒球場,9,,FINISHED,NORMAL,味全龍,jgY4I,中信兄弟,4aYcq,1,2,11,7,0,0,"0,1,0,0,0,0,0,0,0","1,0,0,0,0,0,1,0,0",AWAY,0
H18Sx,CPBL-2021-fi,2021,一軍,例行賽,2021-08-19,2021-08-19 18:35,2021-08-19 21:20,新北市立新莊棒球場,9,,FINISHED,NORMAL,富邦悍將,uQIc3,中信兄弟,4aYcq,8,4,9,8,0,0,"3,0,0,2,1,0,2,0,0","3,0,0,0,0,0,1,0,0",HOME,1
QpjHl,CPBL-2021-fi,2021,一軍,例行賽,2021-08-18,2021-08-18 18:35,2021-08-18 21:46,臺中市洲際棒球場,9,,FINISHED,NORMAL,中信兄弟,4aYcq,樂天桃猿,SoR6H,6,5,13,8,0,0,"0,3,1,0,0,0,0,2,0","0,0,1,1,0,3,0,0,0",HOME,1
psOY2,CPBL-2021-fi,2021,一軍,例行賽,2021-08-17,2021-08-17 18:35,2021-08-17 22:34,樂天桃園棒球場,9,,FINISHED,NORMAL,樂天桃猿,SoR6H,中信兄弟,4aYcq,4,9,11,16,0,0,"0,1,0,2,1,0,0,0,0","1,2,4,1,0,0,1,0,0",AWAY,0
2csF9,CPBL-2021-fi,2021,一軍,例行賽,2021-08-15,2021-08-15 17:05,2021-08-15 20:55,新北市立新莊棒球場,9,,FINISHED,NORMAL,富邦悍將,uQIc3,統一7-ELEVEn獅,oDGsG,5,4,10,10,0,0,"0,0,1,0,1,0,0,3,0","0,0,1,0,0,1,1,1,0",HOME,1
xfGBg,CPBL-2021-fi,2021,一軍,例行賽,2021-08-15,2021-08-15 17:05,2021-08-15 20:52,臺北市立天母棒球場,9,,FINISHED,NORMAL,味全龍,jgY4I,中信兄弟,4aYcq,3,7,10,12,0,0,"1,0,0,0,1,0,1,0,0","0,0,0,0,0,0,2,4,1",AWAY,0
HYs94,CPBL-2021-fi,2021,一軍,例行賽,2021-08-14,2021-08-14 17:05,2021-08-14 19:23,臺北市立天母棒球場,5,,FINISHED,NORMAL,味全龍,jgY4I,統一7-ELEVEn獅,oDGsG,1,2,6,8,0,0,"0,0,0,1,0","0,0,0,0,2",AWAY,0
81KGe,CPBL-2021-fi,2021,一軍,例行賽,2021-08-13,2021-08-13 18:35,2021-08-13 22:14,樂天桃園棒球場,9,,FINISHED,NORMAL,樂天桃猿,SoR6H,統一7-ELEVEn獅,oDGsG,18,0,23,6,0,0,"0,3,1,6,4,2,0,2,0","0,0,0,0,0,0,0,0,0",HOME,1
LJ1Tt,CPBL-2021-fi,2021,一軍,例行賽,2021-08-13,2021-08-13 18:35,2021-08-13 22:11,新北市立新莊棒球場,9,,FINISHED,NORMAL,富邦悍將,uQIc3,中信兄弟,4aYcq,6,5,10,11,0,0,"1,1,0,0,0,3,0,1,0","0,0,3,0,0,2,0,0,0",HOME,1
sMG8f,CPBL-2021-fi,2021,一軍,例行賽,2021-08-12,2021-08-12 18:35,2021-08-12 21:29,新北市立新莊棒球場,9,,FINISHED,NORMAL,富邦悍將,uQIc3,樂天桃猿,SoR6H,2,12,6,9,0,0,"0,0,2,0,0,0,0,0,0","1,1,0,0,0,2,3,5,0",AWAY,0
qaiKZ,CPBL-2021-fi,2021,一軍,例行賽,2021-08-11,2021-08-11 18:35,2021-08-11 22:56,臺南市立棒球場,12,,FINISHED,NORMAL,統一7-ELEVEn獅,oDGsG,中信兄弟,4aYcq,1,1,8,7,0,0,"0,0,0,0,0,0,0,1,0,0,0,0","0,0,0,0,0,0,0,1,0,0,0,0",TIE,
qDrtu,CPBL-2021-fi,2021,一軍,例行賽,2021-08-11,2021-08-11 18:35,2021-08-11 21:58,新北市立新莊棒球場,9,,FINISHED,NORMAL,富邦悍將,uQIc3,樂天桃猿,SoR6H,5,3,9,13,0,0,"0,4,0,0,0,0,1,0,0","0,1,0,2,0,0,0,0,0",HOME,1
Gluea,CPBL-2021-fi,2021,一軍,例行賽,2021-08-10,2021-08-10 18:35,2021-08-10 23:48,臺南市立棒球場,12,,FINISHED,NORMAL,統一7-ELEVEn獅,oDGsG,味全龍,jgY4I,3,2,7,8,0,0,"0,0,0,0,1,0,0,1,0,0,0,1","0,0,0,0,0,0,2,0,0,0,0,0",HOME,1
UzoJl,CPBL-2021-fi,2021,一軍,例行賽,2021-08-09,2021-08-09 18:35,2021-08-09 22:02,臺中市洲際棒球場,9,,FINISHED,NORMAL,中信兄弟,4aYcq,統一7-ELEVEn獅,oDGsG,4,7,5,14,0,0,"1,0,0,1,0,0,0,2,0","0,0,0,2,2,0,1,2,0",AWAY,0
iGg1K,CPBL-2021-fi,2021,一軍,例行賽,2021-08-08,2021-08-08 17:05,2021-08-08 20:14,新北市立新莊棒球場,9,,FINISHED,NORMAL,富邦悍將,uQIc3,味全龍,jgY4I,1,5,2,10,0,0,"0,0,0,1,0,0,0,0,0","0,0,0,2,2,0,0,1,0",AWAY,0
ZJdXP,CPBL-2021-fi,2021,一軍,例行賽,2021-08-08,2021-08-08 17:05,2021-08-08 18:54,樂天桃園棒球場,9,,FINISHED,NORMAL,樂天桃猿,SoR6H,統一7-ELEVEn獅,oDGsG,4,1,9,6,0,0,"0,1,0,1,0,0,0,2,0","0,0,0,0,0,0,0,0,1",HOME,1
0UPlB,CPBL-2021-fi,2021,一軍,例行賽,2021-08-06,2021-08-06 18:05,2021-08-06 23:07,臺北市立天母棒球場,9,,FINISHED,NORMAL,味全龍,jgY4I,富邦悍將,uQIc3,3,3,11,7,0,0,"0,0,1,0,0,0,0,2,0","0,2,0,0,0,1,0,0,0",TIE,
entd3,CPBL-2021-fi,2021,一軍,例行賽,2021-08-05,2021-08-05 18:51,2021-08-05 22:40,樂天桃園棒球場,10,,FINISHED,NORMAL,樂天桃猿,SoR6H,中信兄弟,4aYcq,4,7,9,7,0,0,"0,0,0,0,2,0,2,0,0,0","0,0,0,2,1,1,0,0,0,3",AWAY,0
kx4CP,CPBL-2021-fi,2021,一軍,例行賽,2021-08-04,2021-08-04 18:35,2021-08-04 21:45,臺中市洲際棒球場,9,,FINISHED,NORMAL,中信兄弟,4aYcq,統一7-ELEVEn獅,oDGsG,2,1,5,5,0,0,"0,0,0,0,0,2,0,0,0","0,0,1,0,0,0,0,0,0",HOME,1
zFj9U,CPBL-2021-fi,2021,一軍,例行賽,2021-08-04,2021-08-04 18:45,2021-08-04 21:33,澄清湖棒球場,9,,FINISHED,NORMAL,味全龍,jgY4I,富邦悍將,uQIc3,1,0,6,6,0,0,"0,0,0,0,0,1,0,0,0","0,0,0,0,0,0,0,0,0",HOME,1
frYOh,CPBL-2021-fi,2021,一軍,例行賽,2021-08-03,2021-08-03 18:47,2021-08-03 22:49,澄清湖棒球場,9,,FINISHED,NORMAL,味全龍,jgY4I,富邦悍將,uQIc3,5,9,9,12,0,0,"1,0,3,0,0,0,1,0,0","2,0,0,0,0,4,3,0,0",AWAY,0
ZGoV2,CPBL-2021-fi,2021,一軍,例行賽,2021-08-01,2021-08-01 17:05,2021-08-01 20:04,臺北市立天母棒球場,9,,FINISHED,NORMAL,味全龍,jgY4I,樂天桃猿,SoR6H,0,3,4,7,0,0,"0,0,0,0,0,0,0,0,0","0,1,0,0,2,0,0,0,0",AWAY,0
Z74Eg,CPBL-2021-fi,2021,一軍,例行賽,2021-07-30,2021-07-30 18:05,2021-07-30 21:44,臺北市立天母棒球場,9,,FINISHED,NORMAL,味全龍,jgY4I,統一7-ELEVEn獅,oDGsG,6,9,13,10,0,0,"0,0,0,0,3,0,0,0,3","1,3,0,0,0,0,0,5,0",AWAY,0
UnVuv,CPBL-2021-fi,2021,一軍,例行賽,2021-07-30,2021-07-30 18:35,2021-07-30 22:09,新北市立新莊棒球場,9,,FINISHED,NORMAL,富邦悍將,uQIc3,樂天桃猿,SoR6H,16,1,14,6,0,0,"0,2,5,0,0,3,0,6,0","1,0,0,0,0,0,0,0,0",HOME,1
886Dr,CPBL-2021-fi,2021,一軍,例行賽,2021-07-29,2021-07-29 18:35,2021-07-29 21:52,臺南市立棒球場,9,,FINISHED,NORMAL,統一7-ELEVEn獅,oDGsG,中信兄弟,4aYcq,1,5,7,10,0,0,"0,0,0,0,1,0,0,0,0","1,1,0,0,1,0,2,0,0",AWAY,0
ZsGp7,CPBL-2021-fi,2021,一軍,例行賽,2021-07-28,2021-07-28 18:35,2021-07-28 22:26,斗六棒球場,9,,FINISHED,NORMAL,味全龍,jgY4I,樂天桃猿,SoR6H,6,4,10,10,0,0,"0,1,3,0,0,0,2,0,0","1,0,2,0,1,0,0,0,0",HOME,1
CN4ab,CPBL-2021-fi,2021,一軍,例行賽,2021-07-28,2021-07-28 18:35,2021-07-28 22:27,臺南市立棒球場,9,,FINISHED,NORMAL,統一7-ELEVEn獅,oDGsG,中信兄弟,4aYcq,8,11,10,16,0,0,"0,0,0,2,3,0,0,3,0","7,1,1,0,0,0,2,0,0",AWAY,0
ZH1fr,CPBL-2021-fi,2021,一軍,例行賽,2021-07-27,2021-07-27 18:35,2021-07-27 23:01,樂天桃園棒球場,10,,FINISHED,NORMAL,樂天桃猿,SoR6H,富邦悍將,uQIc3,10,9,13,13,0,0,"0,0,2,0,2,0,0,1,0,5","3,0,0,0,2,0,0,0,0,4",HOME,1
zXDfL,CPBL-2021-fi,2021,一軍,例行賽,2021-07-27,2021-07-27 18:35,2021-07-27 21:56,臺中市洲際棒球場,9,,FINISHED,NORMAL,中信兄弟,4aYcq,味全龍,jgY4I,4,2,8,3,0,0,"0,0,0,0,1,1,0,2,0","0,0,0,0,1,1,0,0,0",HOME,1
kqebj,CPBL-2021-fi,2021,一軍,例行賽,2021-07-25,2021-07-25 17:05,2021-07-25 19:44,臺中市洲際棒球場,9,,FINISHED,NORMAL,中信兄弟,4aYcq,味全龍,jgY4I,6,0,12,2,0,0,"0,0,4,0,0,0,2,0,0","0,0,0,0,0,0,0,0,0",HOME,1
agccW,CPBL-2021-fi,2021,一軍,例行賽,2021-07-25,2021-07-25 17:05,2021-07-25 20:22,樂天桃園棒球場,9,,FINISHED,NORMAL,樂天桃猿,SoR6H,富邦悍將,uQIc3,12,3,18,5,0,0,"3,3,2,0,0,0,4,0,0","0,0,2,1,0,0,0,0,0",HOME,1
l9OIW,CPBL-2021-fi,2021,一軍,例行賽,2021-07-24,2021-07-24 17:05,2021-07-24 20:54,臺中市洲際棒球場,9,,FINISHED,NORMAL,中信兄弟,4aYcq,樂天桃猿,SoR6H,5,11,10,14,0,0,"0,2,1,1,0,1,0,0,0","0,0,4,0,5,2,0,0,0",AWAY,0
q63i5,CPBL-2021-fi,2021,一軍,例行賽,2021-07-24,2021-07-24 17:05,2021-07-24 21:01,澄清湖棒球場,9,,FINISHED,NORMAL,統一7-ELEVEn獅,oDGsG,富邦悍將,uQIc3,7,12,12,16,0,0,"3,0,2,2,0,0,0,0,0","4,0,0,0,1,0,5,1,1",AWAY,0
CzIZI,CPBL-2021-fi,2021,一軍,例行賽,2021-07-23,2021-07-23 18:36,2021-07-23 21:40,澄清湖棒球場,9,,FINISHED,NORMAL,統一7-ELEVEn獅,oDGsG,富邦悍將,uQIc3,3,2,4,10,0,0,"0,0,1,0,0,2,0,0,0","1,0,0,0,0,0,0,0,1",HOME,1
vffmo,CPBL-2021-fi,2021,一軍,例行賽,2021-07-22,2021-07-22 18:35,2021-07-22 20:48,澄清湖棒球場,9,,FINISHED,NORMAL,統一7-ELEVEn獅,oDGsG,味全龍,jgY4I,1,0,1,2,0,0,"0,1,0,0,0,0,0,0,0","0,0,0,0,0,0,0,0,0",HOME,1
azONS,CPBL-2021-fi,2021,一軍,例行賽,2021-07-21,2021-07-21 18:35,2021-07-21 20:59,樂天桃園棒球場,6,,FINISHED,NORMAL,樂天桃猿,SoR6H,統一7-ELEVEn獅,oDGsG,4,8,4,11,0,0,"0,0,0,2,2,0","3,0,0,4,0,1",AWAY,0
I2jVo,CPBL-2021-fi,2021,一軍,例行賽,2021-07-20,2021-07-20 18:36,2021-07-20 21:46,樂天桃園棒球場,9,,FINISHED,NORMAL,樂天桃猿,SoR6H,統一7-ELEVEn獅,oDGsG,1,4,9,5,0,0,"0,0,0,0,0,0,0,1,0","1,2,1,0,0,0,0,0,0",AWAY,0
dJ36Q,CPBL-2021-fi,2021,一軍,例行賽,2021-07-20,2021-07-20 18:35,2021-07-20 21:33,新北市立新莊棒球場,9,,FINISHED,NORMAL,富邦悍將,uQIc3,味全龍,jgY4I,2,3,7,6,0,0,"0,1,0,0,1,0,0,0,0","0,0,0,1,2,0,0,0,0",AWAY,0
U1Jvp,CPBL-2021-fi,2021,一軍,例行賽,2021-07-18,2021-07-18 17:06,2021-07-18 20:29,樂天桃園棒球場,9,,FINISHED,NORMAL,樂天桃猿,SoR6H,味全龍,jgY4I,3,2,7,7,0,0,"0,0,1,0,2,0,0,0,0","1,0,0,0,0,0,1,0,0",HOME,1
Lr2aL,CPBL-2021-fi,2021,一軍,例行賽,2021-07-17,2021-07-17 17:05,2021-07-17 19:57,樂天桃園棒球場,9,,FINISHED,NORMAL,樂天桃猿,SoR6H,味全龍,jgY4I,5,1,9,5,0,0,"3,0,0,0,0,1,1,0,0","0,0,0,0,0,1,0,0,0",HOME,1
tCioh,CPBL-2021-fi,2021,一軍,例行賽,2021-07-17,2021-07-17 17:05,2021-07-17 20:39,斗六棒球場,9,,FINISHED,NORMAL,富邦悍將,uQIc3,中信兄弟,4aYcq,13,5,17,10,0,0,"3,4,0,0,3,0,0,3,0","0,1,0,2,0,0,0,2,0",HOME,1
stvJR,CPBL-2021-fi,2021,一軍,例行賽,2021-07-16,2021-07-16 18:35,2021-07-16 22:01,樂天桃園棒球場,9,,FINISHED,NORMAL,樂天桃猿,SoR6H,味全龍,jgY4I,4,2,8,6,0,0,"1,0,0,1,0,1,0,1,0","0,0,0,1,0,0,0,0,1",HOME,1
8Y1CP,CPBL-2021-fi,2021,一軍,例行賽,2021-07-16,2021-07-16 18:36,2021-07-16 22:00,臺南市立棒球場,9,,FINISHED,NORMAL,統一7-ELEVEn獅,oDGsG,中信兄弟,4aYcq,3,8,7,11,0,0,"0,2,1,0,0,0,0,0,0","0,0,0,2,1,0,0,5,0",AWAY,0
jNkhe,CPBL-2021-fi,2021,一軍,例行賽,2021-07-14,2021-07-14 18:35,2021-07-14 22:09,斗六棒球場,9,,FINISHED,NORMAL,富邦悍將,uQIc3,味全龍,jgY4I,4,7,9,11,0,0,"0,0,0,0,2,1,0,0,1","1,1,0,2,0,3,0,0,0",AWAY,0
CCgJB,CPBL-2021-fi,2021,一軍,例行賽,2021-07-13,2021-07-13 18:35,2021-07-13 21:29,臺南市立棒球場,9,,FINISHED,NORMAL,統一7-ELEVEn獅,oDGsG,樂天桃猿,SoR6H,8,1,8,3,0,0,"1,0,0,1,0,2,4,0,0","0,0,0,0,0,0,0,0,1",HOME,1
fFMtw,CPBL-2021-fi,2021,一軍,例行賽,2021-07-13,2021-07-13 19:33,2021-07-13 23:00,斗六棒球場,9,,FINISHED,NORMAL,富邦悍將,uQIc3,味全龍,jgY4I,9,5,15,9,0,0,"0,0,0,1,0,0,1,7,0","0,1,0,3,0,0,1,0,0",HOME,1
LEBZD,CPBL-2021-fi,2021,一軍,例行賽,2021-05-16,2021-05-16 17:05,2021-05-16 20:23,臺南市立棒球場,9,,FINISHED,NORMAL,統一7-ELEVEn獅,oDGsG,樂天桃猿,SoR6H,0,5,8,8,0,0,"0,0,0,0,0,0,0,0,0","1,0,0,0,0,1,0,0,3",AWAY,0
1SqGP,CPBL-2021-fi,2021,一軍,例行賽,2021-05-15,2021-05-15 17:05,2021-05-15 20:59,臺南市立棒球場,10,,FINISHED,NORMAL,統一7-ELEVEn獅,oDGsG,富邦悍將,uQIc3,3,2,9,11,0,0,"0,0,0,0,0,0,0,0,2,1","0,0,1,0,1,0,0,0,0,0",HOME,1
7eMfK,CPBL-2021-fi,2021,一軍,例行賽,2021-05-14,2021-05-14 18:05,2021-05-14 21:10,臺北市立天母棒球場,9,,FINISHED,NORMAL,味全龍,jgY4I,中信兄弟,4aYcq,9,0,14,1,0,0,"2,2,2,1,0,1,1,0,0","0,0,0,0,0,0,0,0,0",HOME,1
iAGBI,CPBL-2021-fi,2021,一軍,例行賽,2021-05-14,2021-05-14 18:35,2021-05-14 22:21,樂天桃園棒球場,9,,FINISHED,NORMAL,樂天桃猿,SoR6H,富邦悍將,uQIc3,2,4,6,9,0,0,"0,1,0,1,0,0,0,0,0","1,1,2,0,0,0,0,0,0",AWAY,0
VLQ2g,CPBL-2021-fi,2021,一軍,例行賽,2021-05-13,2021-05-13 18:35,2021-05-13 21:52,樂天桃園棒球場,9,,FINISHED,NORMAL,樂天桃猿,SoR6H,富邦悍將,uQIc3,7,4,10,7,0,0,"1,0,0,2,0,0,3,1,0","0,0,0,0,0,0,4,0,0",HOME,1
p2pCO,CPBL-2021-fi,2021,一軍,例行賽,2021-05-12,2021-05-12 18:35,2021-05-12 22:12,樂天桃園棒球場,9,,FINISHED,NORMAL,樂天桃猿,SoR6H,富邦悍將,uQIc3,5,4,9,13,0,0,"3,1,0,0,1,0,0,0,0","0,0,0,3,0,0,0,1,0",HOME,1
tkM9b,CPBL-2021-fi,2021,一軍,例行賽,2021-05-12,2021-05-12 18:35,2021-05-12 21:40,臺南市立棒球場,9,,FINISHED,NORMAL,統一7-ELEVEn獅,oDGsG,中信兄弟,4aYcq,4,1,6,8,0,0,"1,0,3,0,0,0,0,0,0","0,0,0,0,0,0,0,1,0",HOME,1
aLqyB,CPBL-2021-fi,2021,一軍,例行賽,2021-05-11,2021-05-11 18:35,2021-05-11 22:08,樂天桃園棒球場,9,,FINISHED,NORMAL,樂天桃猿,SoR6H,味全龍,jgY4I,1,4,7,11,0,0,"0,0,0,0,0,1,0,0,0","1,0,0,0,2,1,0,0,0",AWAY,0
4ikDS,CPBL-2021-fi,2021,一軍,例行賽,2021-05-11,2021-05-11 18:35,2021-05-11 22:22,臺南市立棒球場,9,,FINISHED,NORMAL,統一7-ELEVEn獅,oDGsG,中信兄弟,4aYcq,3,9,10,11,0,0,"0,0,0,0,0,1,2,0,0","0,0,2,4,0,0,0,2,1",AWAY,0
3tWA7,CPBL-2021-fi,2021,一軍,例行賽,2021-05-09,2021-05-09 14:05,2021-05-09 17:28,臺中市洲際棒球場,9,,FINISHED,NORMAL,中信兄弟,4aYcq,富邦悍將,uQIc3,10,2,14,9,0,0,"3,6,0,0,0,0,1,0,0","1,0,0,0,0,1,0,0,0",HOME,1
7zuzt,CPBL-2021-fi,2021,一軍,例行賽,2021-05-09,2021-05-09 14:05,2021-05-09 17:47,樂天桃園棒球場,9,,FINISHED,NORMAL,樂天桃猿,SoR6H,味全龍,jgY4I,2,3,7,11,0,0,"1,0,0,1,0,0,0,0,0","0,0,0,0,0,3,0,0,0",AWAY,0
zxjbs,CPBL-2021-fi,2021,一軍,例行賽,2021-05-08,2021-05-08 17:05,2021-05-08 21:03,臺中市洲際棒球場,9,,FINISHED,NORMAL,中信兄弟,4aYcq,富邦悍將,uQIc3,2,7,6,13,0,0,"0,0,0,0,2,0,0,0,0","0,0,0,0,5,0,0,0,2",AWAY,0
GFOUi,CPBL-2021-fi,2021,一軍,例行賽,2021-05-08,2021-05-08 17:05,2021-05-08 20:15,樂天桃園棒球場,9,,FINISHED,NORMAL,樂天桃猿,SoR6H,統一7-ELEVEn獅,oDGsG,2,6,8,12,0,0,"0,0,0,0,0,0,0,2,0","0,0,0,4,0,2,0,0,0",AWAY,0
KIAfb,CPBL-2021-fi,2021,一軍,例行賽,2021-05-07,2021-05-07 18:35,2021-05-07 22:13,臺中市洲際棒球場,9,,FINISHED,NORMAL,中信兄弟,4aYcq,富邦悍將,uQIc3,6,4,11,7,0,0,"1,0,0,2,1,0,0,2,0","0,0,2,0,0,0,1,0,1",HOME,1
5RoJU,CPBL-2021-fi,2021,一軍,例行賽,2021-05-07,2021-05-07 18:05,2021-05-07 21:02,臺北市立天母棒球場,9,,FINISHED,NORMAL,味全龍,jgY4I,統一7-ELEVEn獅,oDGsG,3,1,6,3,0,0,"0,0,0,1,0,0,0,2,0","0,0,0,0,0,0,1,0,0",HOME,1
TsXL0,CPBL-2021-fi,2021,一軍,例行賽,2021-05-06,2021-05-06 18:35,2021-05-06 22:30,澄清湖棒球場,9,,FINISHED,NORMAL,味全龍,jgY4I,統一7-ELEVEn獅,oDGsG,8,7,11,8,0,0,"0,0,0,0,0,2,0,3,3","1,0,1,4,0,0,0,1,0",HOME,1
rhK38,CPBL-2021-fi,2021,一軍,例行賽,2021-05-06,2021-05-06 18:39,2021-05-06 22:47,樂天桃園棒球場,9,,FINISHED,NORMAL,樂天桃猿,SoR6H,中信兄弟,4aYcq,4,13,9,16,0,0,"0,0,0,4,0,0,0,0,0","2,0,1,0,0,0,6,1,3",AWAY,0
gqh2I,CPBL-2021-fi,2021,一軍,例行賽,2021-05-05,2021-05-05 18:35,2021-05-05 23:16,澄清湖棒球場,12,,FINISHED,NORMAL,味全龍,jgY4I,統一7-ELEVEn獅,oDGsG,5,5,13,9,0,0,"0,0,0,1,1,0,2,1,0,0,0,0","0,0,2,0,1,1,0,1,0,0,0,0",TIE,
SaT3S,CPBL-2021-fi,2021,一軍,例行賽,2021-05-05,2021-05-05 18:35,2021-05-05 21:44,樂天桃園棒球場,9,,FINISHED,NORMAL,樂天桃猿,SoR6H,富邦悍將,uQIc3,2,1,6,6,0,0,"0,1,1,0,0,0,0,0,0","0,0,1,0,0,0,0,0,0",HOME,1
tjAso,CPBL-2021-fi,2021,一軍,例行賽,2021-05-04,2021-05-04 18:35,2021-05-04 21:47,澄清湖棒球場,9,,FINISHED,NORMAL,味全龍,jgY4I,中信兄弟,4aYcq,2,7,5,8,0,0,"0,0,0,0,0,0,0,0,2","0,0,0,0,2,3,2,0,0",AWAY,0
X9DtC,CPBL-2021-fi,2021,一軍,例行賽,2021-05-04,2021-05-04 18:35,2021-05-04 23:07,樂天桃園棒球場,9,,FINISHED,NORMAL,樂天桃猿,SoR6H,富邦悍將,uQIc3,6,8,12,13,0,0,"0,0,0,3,1,1,0,0,1","0,1,3,0,0,1,1,0,2",AWAY,0
7WcJ3,CPBL-2021-fi,2021,一軍,例行賽,2021-05-02,2021-05-02 14:05,2021-05-02 17:09,新北市立新莊棒球場,9,,FINISHED,NORMAL,富邦悍將,uQIc3,統一7-ELEVEn獅,oDGsG,6,4,5,9,0,0,"0,0,2,0,4,0,0,0,0","0,0,1,0,0,3,0,0,0",HOME,1
ok1Ez,CPBL-2021-fi,2021,一軍,例行賽,2021-05-02,2021-05-02 14:05,2021-05-02 17:08,臺北市立天母棒球場,9,,FINISHED,NORMAL,味全龍,jgY4I,中信兄弟,4aYcq,0,4,5,5,0,0,"0,0,0,0,0,0,0,0,0","0,0,0,0,3,0,0,0,1",AWAY,0
GjaIC,CPBL-2021-fi,2021,一軍,例行賽,2021-05-01,2021-05-01 17:05,2021-05-01 19:59,新北市立新莊棒球場,9,,FINISHED,NORMAL,富邦悍將,uQIc3,統一7-ELEVEn獅,oDGsG,3,5,4,9,0,0,"2,0,0,0,0,0,0,0,1","0,0,5,0,0,0,0,0,0",AWAY,0
oOMAH,CPBL-2021-fi,2021,一軍,例行賽,2021-05-01,2021-05-01 17:05,2021-05-01 20:51,臺北市立天母棒球場,9,,FINISHED,NORMAL,味全龍,jgY4I,樂天桃猿,SoR6H,7,5,10,11,0,0,"0,0,2,0,0,4,1,0,0","0,1,0,0,3,1,0,0,0",HOME,1
36QwU,CPBL-2021-fi,2021,一軍,例行賽,2021-04-30,2021-04-30 18:35,2021-04-30 21:41,新北市立新莊棒球場,9,,FINISHED,NORMAL,富邦悍將,uQIc3,統一7-ELEVEn獅,oDGsG,1,12,6,13,0,0,"0,0,0,0,0,0,0,1,0","3,2,0,1,0,0,6,0,0",AWAY,0
swf4Z,CPBL-2021-fi,2021,一軍,例行賽,2021-04-30,2021-04-30 18:35,2021-04-30 22:06,臺中市洲際棒球場,9,,FINISHED,NORMAL,中信兄弟,4aYcq,樂天桃猿,SoR6H,2,0,10,7,0,0,"0,0,0,0,0,1,1,0,0","0,0,0,0,0,0,0,0,0",HOME,1
Wo6e6,CPBL-2021-fi,2021,一軍,例行賽,2021-04-29,2021-04-29 18:35,2021-04-29 22:26,臺中市洲際棒球場,9,,FINISHED,NORMAL,中信兄弟,4aYcq,樂天桃猿,SoR6H,5,7,11,11,0,0,"1,0,0,0,2,0,0,2,0","3,0,3,0,0,1,0,0,0",AWAY,0
Kqwws,CPBL-2021-fi,2021,一軍,例行賽,2021-04-28,2021-04-28 18:35,2021-04-28 23:11,臺中市洲際棒球場,9,,FINISHED,NORMAL,中信兄弟,4aYcq,樂天桃猿,SoR6H,8,7,10,12,0,0,"0,0,0,2,2,2,2,0,0","0,1,4,1,0,0,0,0,1",HOME,1
3Wmxz,CPBL-2021-fi,2021,一軍,例行賽,2021-04-28,2021-04-28 18:35,2021-04-28 22:19,花蓮縣立德興棒球場,9,,FINISHED,NORMAL,味全龍,jgY4I,統一7-ELEVEn獅,oDGsG,2,8,4,14,0,0,"0,0,0,0,0,2,0,0,0","0,0,0,1,0,0,2,2,3",AWAY,0
OGO36,CPBL-2021-fi,2021,一軍,例行賽,2021-04-27,2021-04-27 18:35,2021-04-27 21:37,臺中市洲際棒球場,9,,FINISHED,NORMAL,中信兄弟,4aYcq,富邦悍將,uQIc3,5,3,13,9,0,0,"0,0,0,0,0,0,0,1,4","0,0,0,1,1,0,1,0,0",HOME,1
E61YJ,CPBL-2021-fi,2021,一軍,例行賽,2021-04-27,2021-04-27 18:35,2021-04-27 21:20,花蓮縣立德興棒球場,9,,FINISHED,NORMAL,味全龍,jgY4I,統一7-ELEVEn獅,oDGsG,1,4,3,10,0,0,"0,0,0,0,1,0,0,0,0","0,0,3,0,0,0,1,0,0",AWAY,0
8wSbY,CPBL-2021-fi,2021,一軍,例行賽,2021-04-25,2021-04-25 14:05,2021-04-25 17:36,臺南市立棒球場,9,,FINISHED,NORMAL,統一7-ELEVEn獅,oDGsG,樂天桃猿,SoR6H,5,7,8,11,0,0,"1,1,0,1,0,0,2,0,0","6,0,0,0,0,0,0,1,0",AWAY,0
7n8v0,CPBL-2021-fi,2021,一軍,例行賽,2021-04-25,2021-04-25 14:07,2021-04-25 17:33,臺中市洲際棒球場,9,,FINISHED,NORMAL,中信兄弟,4aYcq,富邦悍將,uQIc3,0,9,8,13,0,0,"0,0,0,0,0,0,0,0,0","0,2,0,4,0,0,3,0,0",AWAY,0
008hC,CPBL-2021-fi,2021,一軍,例行賽,2021-04-24,2021-04-24 17:05,2021-04-24 20:23,臺南市立棒球場,9,,FINISHED,NORMAL,統一7-ELEVEn獅,oDGsG,樂天桃猿,SoR6H,3,2,6,5,0,0,"1,0,0,0,2,0,0,0,0","0,0,0,1,0,0,1,0,0",HOME,1
m7jCv,CPBL-2021-fi,2021,一軍,例行賽,2021-04-24,2021-04-24 17:05,2021-04-24 20:52,臺中市洲際棒球場,9,,FINISHED,NORMAL,中信兄弟,4aYcq,味全龍,jgY4I,7,5,12,9,0,0,"0,0,2,2,1,1,1,0,0","0,0,0,0,0,0,0,1,4",HOME,1
aZDYi,CPBL-2021-fi,2021,一軍,例行賽,2021-04-23,2021-04-23 18:35,2021-04-23 22:04,臺南市立棒球場,9,,FINISHED,NORMAL,統一7-ELEVEn獅,oDGsG,樂天桃猿,SoR6H,1,3,6,11,0,0,"0,0,0,0,0,0,0,1,0","0,0,1,0,2,0,0,0,0",AWAY,0
Z97Ez,CPBL-2021-fi,2021,一軍,例行賽,2021-04-23,2021-04-23 18:35,2021-04-23 21:45,新北市立新莊棒球場,9,,FINISHED,NORMAL,富邦悍將,uQIc3,味全龍,jgY4I,2,0,8,8,0,0,"0,0,0,0,0,0,0,2,0","0,0,0,0,0,0,0,0,0",HOME,1
dBGmZ,CPBL-2021-fi,2021,一軍,例行賽,2021-04-22,2021-04-22 18:35,2021-04-22 21:53,新北市立新莊棒球場,9,,FINISHED,NORMAL,富邦悍將,uQIc3,味全龍,jgY4I,2,3,7,10,0,0,"0,0,0,1,0,1,0,0,0","0,0,0,0,2,1,0,0,0",AWAY,0
8bzZH,CPBL-2021-fi,2021,一軍,例行賽,2021-04-22,2021-04-22 18:35,2021-04-22 21:41,臺中市洲際棒球場,9,,FINISHED,NORMAL,中信兄弟,4aYcq,統一7-ELEVEn獅,oDGsG,3,5,7,10,0,0,"0,0,0,0,0,2,0,0,1","0,0,0,2,0,2,0,1,0",AWAY,0
yIR8O,CPBL-2021-fi,2021,一軍,例行賽,2021-04-21,2021-04-21 18:35,2021-04-21 22:02,新北市立新莊棒球場,9,,FINISHED,NORMAL,富邦悍將,uQIc3,味全龍,jgY4I,1,2,10,7,0,0,"0,0,0,0,1,0,0,0,0","0,2,0,0,0,0,0,0,0",AWAY,0
EJhnQ,CPBL-2021-fi,2021,一軍,例行賽,2021-04-21,2021-04-21 18:35,2021-04-21 21:48,臺中市洲際棒球場,9,,FINISHED,NORMAL,中信兄弟,4aYcq,樂天桃猿,SoR6H,3,6,11,9,0,0,"0,1,1,0,0,0,0,1,0","0,0,0,2,3,0,1,0,0",AWAY,0
pJpJu,CPBL-2021-fi,2021,一軍,例行賽,2021-04-20,2021-04-20 18:35,2021-04-20 21:56,新北市立新莊棒球場,9,,FINISHED,NORMAL,富邦悍將,uQIc3,統一7-ELEVEn獅,oDGsG,4,1,9,7,0,0,"0,2,0,1,0,0,0,1,0","0,0,0,0,0,0,1,0,0",HOME,1
bSU94,CPBL-2021-fi,2021,一軍,例行賽,2021-04-20,2021-04-20 18:35,2021-04-20 22:13,臺中市洲際棒球場,9,,FINISHED,NORMAL,中信兄弟,4aYcq,樂天桃猿,SoR6H,3,6,7,14,0,0,"1,0,0,0,1,0,0,0,1","0,0,0,1,0,0,0,0,5",AWAY,0
5ovxy,CPBL-2021-fi,2021,一軍,例行賽,2021-04-18,2021-04-18 14:05,2021-04-18 17:37,樂天桃園棒球場,9,,FINISHED,NORMAL,樂天桃猿,SoR6H,中信兄弟,4aYcq,5,2,13,8,0,0,"3,0,2,0,0,0,0,0,0","0,0,0,0,0,0,0,2,0",HOME,1
Rb27Q,CPBL-2021-fi,2021,一軍,例行賽,2021-04-18,2021-04-18 14:05,2021-04-18 17:03,臺北市立天母棒球場,9,,FINISHED,NORMAL,味全龍,jgY4I,統一7-ELEVEn獅,oDGsG,0,3,2,7,0,0,"0,0,0,0,0,0,0,0,0","0,2,0,0,0,0,1,0,0",AWAY,0
n2Q9H,CPBL-2021-fi,2021,一軍,例行賽,2021-04-17,2021-04-17 17:05,2021-04-17 20:43,樂天桃園棒球場,9,,FINISHED,NORMAL,樂天桃猿,SoR6H,中信兄弟,4aYcq,1,13,6,13,0,0,"0,0,0,0,0,0,1,0,0","0,1,1,1,1,7,0,0,2",AWAY,0
4jdVs,CPBL-2021-fi,2021,一軍,例行賽,2021-04-17,2021-04-17 17:05,2021-04-17 20:57,臺北市立天母棒球場,9,,FINISHED,NORMAL,味全龍,jgY4I,富邦悍將,uQIc3,7,0,9,4,0,0,"1,3,0,2,1,0,0,0,0","0,0,0,0,0,0,0,0,0",HOME,1
neDie,CPBL-2021-fi,2021,一軍,例行賽,2021-04-16,2021-04-16 18:35,2021-04-16 22:28,樂天桃園棒球場,9,,FINISHED,NORMAL,樂天桃猿,SoR6H,中信兄弟,4aYcq,4,5,13,7,0,0,"0,1,0,1,0,1,0,1,0","0,0,2,3,0,0,0,0,0",AWAY,0
gD8BW,CPBL-2021-fi,2021,一軍,例行賽,2021-04-16,2021-04-16 18:36,2021-04-16 21:03,臺南市立棒球場,9,,FINISHED,NORMAL,統一7-ELEVEn獅,oDGsG,富邦悍將,uQIc3,5,1,6,5,0,0,"0,0,1,0,0,0,4,0,0","0,0,0,0,0,1,0,0,0",HOME,1
ix1nv,CPBL-2021-fi,2021,一軍,例行賽,2021-04-15,2021-04-15 18:36,2021-04-15 21:38,臺南市立棒球場,9,,FINISHED,NORMAL,統一7-ELEVEn獅,oDGsG,富邦悍將,uQIc3,1,6,7,9,0,0,"1,0,0,0,0,0,0,0,0","0,1,0,0,2,1,0,2,0",AWAY,0
K08q8,CPBL-2021-fi,2021,一軍,例行賽,2021-04-15,2021-04-15 18:35,2021-04-15 21:48,澄清湖棒球場,9,,FINISHED,NORMAL,味全龍,jgY4I,樂天桃猿,SoR6H,0,11,4,16,0,0,"0,0,0,0,0,0,0,0,0","3,0,0,1,3,0,0,3,1",AWAY,0
AMonZ,CPBL-2021-fi,2021,一軍,例行賽,2021-04-14,2021-04-14 18:36,2021-04-14 20:40,臺南市立棒球場,9,,FINISHED,NORMAL,統一7-ELEVEn獅,oDGsG,富邦悍將,uQIc3,3,0,6,1,0,0,"0,1,0,0,0,1,1,0,0","0,0,0,0,0,0,0,0,0",HOME,1
fHMfH,CPBL-2021-fi,2021,一軍,例行賽,2021-04-14,2021-04-14 18:36,2021-04-14 21:54,澄清湖棒球場,9,,FINISHED,NORMAL,味全龍,jgY4I,中信兄弟,4aYcq,4,6,8,6,0,0,"0,2,0,0,1,0,1,0,0","0,0,0,0,0,0,2,2,2",AWAY,0
gugf6,CPBL-2021-fi,2021,一軍,例行賽,2021-04-13,2021-04-13 18:36,2021-04-13 21:58,臺南市立棒球場,9,,FINISHED,NORMAL,統一7-ELEVEn獅,oDGsG,樂天桃猿,SoR6H,10,0,14,4,0,0,"0,5,1,2,1,1,0,0,0","0,0,0,0,0,0,0,0,0",HOME,1
jSdGg,CPBL-2021-fi,2021,一軍,例行賽,2021-04-13,2021-04-13 18:35,2021-04-13 21:26,澄清湖棒球場,9,,FINISHED,NORMAL,味全龍,jgY4I,中信兄弟,4aYcq,6,1,11,4,0,0,"3,1,0,0,1,1,0,0,0","0,1,0,0,0,0,0,0,0",HOME,1
138Rw,CPBL-2021-fi,2021,一軍,例行賽,2021-04-11,2021-04-11 14:05,2021-04-11 17:55,臺中市洲際棒球場,9,,FINISHED,NORMAL,中信兄弟,4aYcq,統一7-ELEVEn獅,oDGsG,3,6,12,13,0,0,"1,0,0,0,2,0,0,0,0","2,0,2,0,2,0,0,0,0",AWAY,0
wnuTA,CPBL-2021-fi,2021,一軍,例行賽,2021-04-11,2021-04-11 14:05,2021-04-11 17:20,新北市立新莊棒球場,9,,FINISHED,NORMAL,富邦悍將,uQIc3,味全龍,jgY4I,2,6,9,14,0,0,"0,0,2,0,0,0,0,0,0","0,0,1,0,2,2,1,0,0",AWAY,0
yyCVP,CPBL-2021-fi,2021,一軍,例行賽,2021-04-10,2021-04-10 17:05,2021-04-10 19:36,臺中市洲際棒球場,9,,FINISHED,NORMAL,中信兄弟,4aYcq,統一7-ELEVEn獅,oDGsG,3,1,8,2,0,0,"0,0,0,0,0,1,2,0,0","0,0,0,0,0,0,1,0,0",HOME,1
h2bXV,CPBL-2021-fi,2021,一軍,例行賽,2021-04-10,2021-04-10 17:05,2021-04-10 20:56,新北市立新莊棒球場,10,,FINISHED,NORMAL,富邦悍將,uQIc3,樂天桃猿,SoR6H,7,6,13,12,0,0,"0,2,0,0,1,3,0,0,0,1","0,0,4,0,0,2,0,0,0,0",HOME,1
jDgKB,CPBL-2021-fi,2021,一軍,例行賽,2021-04-09,2021-04-09 18:35,2021-04-09 22:16,臺中市洲際棒球場,10,,FINISHED,NORMAL,中信兄弟,4aYcq,統一7-ELEVEn獅,oDGsG,5,3,8,7,0,0,"0,0,0,0,0,3,0,0,0,2","0,0,0,0,0,3,0,0,0,0",HOME,1
c1vz0,CPBL-2021-fi,2021,一軍,例行賽,2021-04-09,2021-04-09 18:05,2021-04-09 22:20,臺北市立天母棒球場,11,,FINISHED,NORMAL,味全龍,jgY4I,樂天桃猿,SoR6H,2,5,8,8,0,0,"0,0,0,0,0,1,1,0,0,0,0","0,0,1,0,1,0,0,0,0,0,3",AWAY,0
zoTmk,CPBL-2021-fi,2021,一軍,例行賽,2021-04-08,2021-04-08 18:35,2021-04-08 22:26,嘉義市立棒球場,9,,FINISHED,NORMAL,味全龍,jgY4I,樂天桃猿,SoR6H,5,9,8,19,0,0,"0,0,0,1,0,0,4,0,0","0,3,1,0,1,0,0,0,4",AWAY,0
W4v6D,CPBL-2021-fi,2021,一軍,例行賽,2021-04-08,2021-04-08 18:35,2021-04-08 21:04,新北市立新莊棒球場,9,,FINISHED,NORMAL,富邦悍將,uQIc3,中信兄弟,4aYcq,2,0,4,4,0,0,"0,0,0,0,2,0,0,0,0","0,0,0,0,0,0,0,0,0",HOME,1
vOpGU,CPBL-2021-fi,2021,一軍,例行賽,2021-04-07,2021-04-07 18:36,2021-04-07 21:54,嘉義市立棒球場,9,,FINISHED,NORMAL,味全龍,jgY4I,樂天桃猿,SoR6H,1,4,8,9,0,0,"0,0,0,0,0,0,0,0,1","2,1,0,0,0,0,1,0,0",AWAY,0
8Zda0,CPBL-2021-fi,2021,一軍,例行賽,2021-04-07,2021-04-07 18:35,2021-04-07 21:47,新北市立新莊棒球場,9,,FINISHED,NORMAL,富邦悍將,uQIc3,統一7-ELEVEn獅,oDGsG,4,5,9,8,0,0,"2,0,0,0,0,1,1,0,0","0,1,1,2,0,1,0,0,0",AWAY,0
Y1ZWh,CPBL-2021-fi,2021,一軍,例行賽,2021-04-06,2021-04-06 18:35,2021-04-06 22:18,新北市立新莊棒球場,9,,FINISHED,NORMAL,富邦悍將,uQIc3,統一7-ELEVEn獅,oDGsG,1,6,6,12,0,0,"0,0,0,0,0,0,1,0,0","1,0,0,2,0,0,1,2,0",AWAY,0
AdgIc,CPBL-2021-fi,2021,一軍,例行賽,2021-04-05,2021-04-05 17:05,2021-04-05 19:57,臺北市立天母棒球場,9,,FINISHED,NORMAL,味全龍,jgY4I,中信兄弟,4aYcq,2,1,6,9,0,0,"0,0,0,1,0,0,1,0,0","0,0,0,0,0,0,1,0,0",HOME,1
Ss10V,CPBL-2021-fi,2021,一軍,例行賽,2021-04-04,2021-04-04 14:06,2021-04-04 18:00,臺南市立棒球場,9,,FINISHED,NORMAL,統一7-ELEVEn獅,oDGsG,味全龍,jgY4I,14,2,14,6,0,0,"0,1,2,0,1,4,1,5,0","0,0,0,0,1,1,0,0,0",HOME,1
Y6D9A,CPBL-2021-fi,2021,一軍,例行賽,2021-04-04,2021-04-04 14:05,2021-04-04 18:05,樂天桃園棒球場,9,,FINISHED,NORMAL,樂天桃猿,SoR6H,富邦悍將,uQIc3,2,7,10,10,0,0,"0,1,1,0,0,0,0,0,0","0,0,0,0,4,0,2,0,1",AWAY,0
CqoML,CPBL-2021-fi,2021,一軍,例行賽,2021-04-03,2021-04-03 17:05,2021-04-03 20:03,臺南市立棒球場,9,,FINISHED,NORMAL,統一7-ELEVEn獅,oDGsG,味全龍,jgY4I,9,2,14,6,0,0,"0,4,1,0,0,1,2,1,0","0,0,0,0,1,0,1,0,0",HOME,1
rdJ8q,CPBL-2021-fi,2021,一軍,例行賽,2021-04-03,2021-04-03 17:06,2021-04-03 20:51,樂天桃園棒球場,9,,FINISHED,NORMAL,樂天桃猿,SoR6H,中信兄弟,4aYcq,6,12,11,19,0,0,"0,0,2,2,0,0,0,2,0","1,0,3,2,0,0,0,6,0",AWAY,0
GD32O,CPBL-2021-fi,2021,一軍,例行賽,2021-04-02,2021-04-02 17:05,2021-04-02 20:13,臺南市立棒球場,9,,FINISHED,NORMAL,統一7-ELEVEn獅,oDGsG,味全龍,jgY4I,13,0,15,0,0,0,"1,4,0,3,5,0,0,0,0","0,0,0,0,0,0,0,0,0",HOME,1
28Y17,CPBL-2021-fi,2021,一軍,例行賽,2021-04-02,2021-04-02 17:05,2021-04-02 20:01,新北市立新莊棒球場,9,,FINISHED,NORMAL,富邦悍將,uQIc3,中信兄弟,4aYcq,1,6,5,8,0,0,"0,0,0,0,0,0,1,0,0","0,4,0,0,0,0,0,1,1",AWAY,0
aVtqV,CPBL-2021-fi,2021,一軍,例行賽,2021-04-01,2021-04-01 18:35,2021-04-01 21:56,新北市立新莊棒球場,9,,FINISHED,NORMAL,富邦悍將,uQIc3,中信兄弟,4aYcq,6,3,11,4,0,0,"0,1,3,0,0,0,2,0,0","0,0,0,0,2,0,0,0,1",HOME,1
39E9B,CPBL-2021-fi,2021,一軍,例行賽,2021-04-01,2021-04-01 18:35,2021-04-01 21:48,樂天桃園棒球場,9,,FINISHED,NORMAL,樂天桃猿,SoR6H,統一7-ELEVEn獅,oDGsG,7,2,13,6,0,0,"0,1,0,0,0,3,3,0,0","0,2,0,0,0,0,0,0,0",HOME,1
vJzfB,CPBL-2021-fi,2021,一軍,例行賽,2021-03-31,2021-03-31 18:35,2021-03-31 22:09,新北市立新莊棒球場,9,,FINISHED,NORMAL,富邦悍將,uQIc3,中信兄弟,4aYcq,5,3,10,12,0,0,"1,0,1,3,0,0,0,0,0","1,0,0,0,0,1,1,0,0",HOME,1
mRlI2,CPBL-2021-fi,2021,一軍,例行賽,2021-03-31,2021-03-31 18:35,2021-03-31 21:10,樂天桃園棒球場,9,,FINISHED,NORMAL,樂天桃猿,SoR6H,味全龍,jgY4I,3,2,6,6,0,0,"0,0,0,1,0,0,0,0,2","0,0,1,1,0,0,0,0,0",HOME,1
nouN0,CPBL-2021-fi,2021,一軍,例行賽,2021-03-30,2021-03-30 18:35,2021-03-30 21:37,新北市立新莊棒球場,9,,FINISHED,NORMAL,富邦悍將,uQIc3,統一7-ELEVEn獅,oDGsG,3,4,2,5,0,0,"1,0,0,0,0,2,0,0,0","0,0,0,0,0,0,0,0,4",AWAY,0
wPQSQ,CPBL-2021-fi,2021,一軍,例行賽,2021-03-30,2021-03-30 18:35,2021-03-30 21:55,樂天桃園棒球場,9,,FINISHED,NORMAL,樂天桃猿,SoR6H,味全龍,jgY4I,0,3,7,7,0,0,"0,0,0,0,0,0,0,0,0","0,0,0,1,0,0,2,0,0",AWAY,0
I69RK,CPBL-2021-fi,2021,一軍,例行賽,2021-03-28,2021-03-28 14:05,2021-03-28 17:32,臺北市立天母棒球場,9,,FINISHED,NORMAL,味全龍,jgY4I,富邦悍將,uQIc3,2,5,4,10,0,0,"0,2,0,0,0,0,0,0,0","0,0,0,0,0,2,0,3,0",AWAY,0
Nhj0H,CPBL-2021-fi,2021,一軍,例行賽,2021-03-28,2021-03-28 14:05,2021-03-28 17:41,臺中市洲際棒球場,9,,FINISHED,NORMAL,中信兄弟,4aYcq,樂天桃猿,SoR6H,3,6,5,8,0,0,"0,2,0,0,0,1,0,0,0","0,0,0,5,1,0,0,0,0",AWAY,0
SBQtW,CPBL-2021-fi,2021,一軍,例行賽,2021-03-27,2021-03-27 17:05,2021-03-27 20:21,臺北市立天母棒球場,9,,FINISHED,NORMAL,味全龍,jgY4I,富邦悍將,uQIc3,7,2,10,4,0,0,"2,2,0,0,0,2,1,0,0","1,1,0,0,0,0,0,0,0",HOME,1
LHWn9,CPBL-2021-fi,2021,一軍,例行賽,2021-03-27,2021-03-27 17:05,2021-03-27 20:21,臺中市洲際棒球場,9,,FINISHED,NORMAL,中信兄弟,4aYcq,統一7-ELEVEn獅,oDGsG,7,3,11,6,0,0,"0,2,2,1,2,0,0,0,0","1,0,0,1,0,0,1,0,0",HOME,1
RYFgK,CPBL-2021-fi,2021,一軍,例行賽,2021-03-26,2021-03-26 18:05,2021-03-26 20:35,臺北市立天母棒球場,9,,FINISHED,NORMAL,味全龍,jgY4I,富邦悍將,uQIc3,3,0,6,5,0,0,"0,0,0,0,2,0,0,1,0","0,0,0,0,0,0,0,0,0",HOME,1
YTop2,CPBL-2021-fi,2021,一軍,例行賽,2021-03-25,2021-03-25 18:37,2021-03-25 23:07,樂天桃園棒球場,11,,FINISHED,NORMAL,樂天桃猿,SoR6H,統一7-ELEVEn獅,oDGsG,5,4,10,10,0,0,"0,0,0,0,2,0,2,0,0,0,1","0,0,0,0,0,0,1,1,2,0,0",HOME,1
ikUEd,CPBL-2021-fi,2021,一軍,例行賽,2021-03-25,2021-03-25 18:35,2021-03-25 22:03,澄清湖棒球場,9,,FINISHED,NORMAL,中信兄弟,4aYcq,味全龍,jgY4I,8,3,12,12,0,0,"1,1,0,0,2,0,4,0,0","1,0,0,0,0,0,2,0,0",HOME,1
aMICm,CPBL-2021-fi,2021,一軍,例行賽,2021-03-24,2021-03-24 18:35,2021-03-24 21:30,澄清湖棒球場,9,,FINISHED,NORMAL,中信兄弟,4aYcq,富邦悍將,uQIc3,3,5,12,11,0,0,"1,0,0,0,0,0,1,1,0","0,2,0,2,0,1,0,0,0",AWAY,0
9A9N5,CPBL-2021-fi,2021,一軍,例行賽,2021-03-23,2021-03-23 18:36,2021-03-23 22:15,樂天桃園棒球場,9,,FINISHED,NORMAL,樂天桃猿,SoR6H,味全龍,jgY4I,4,7,10,12,0,0,"0,1,0,0,0,0,3,0,0","0,1,4,2,0,0,0,0,0",AWAY,0
GRmJQ,CPBL-2021-fi,2021,一軍,例行賽,2021-03-23,2021-03-23 18:35,2021-03-23 21:20,澄清湖棒球場,9,,FINISHED,NORMAL,中信兄弟,4aYcq,富邦悍將,uQIc3,3,2,8,7,0,0,"0,0,0,0,0,1,0,2,0","0,0,0,0,2,0,0,0,0",HOME,1
lnilr,CPBL-2021-fi,2021,一軍,例行賽,2021-03-21,2021-03-21 14:05,2021-03-21 17:41,新北市立新莊棒球場,9,,FINISHED,NORMAL,富邦悍將,uQIc3,樂天桃猿,SoR6H,5,4,9,14,0,0,"0,1,0,1,0,1,1,1,0","0,0,0,0,4,0,0,0,0",HOME,1
MfaI2,CPBL-2021-fi,2021,一軍,例行賽,2021-03-21,2021-03-21 14:05,2021-03-21 17:17,澄清湖棒球場,9,,FINISHED,NORMAL,統一7-ELEVEn獅,oDGsG,中信兄弟,4aYcq,2,3,7,6,0,0,"0,0,0,0,0,0,2,0,0","0,0,0,0,1,0,0,2,0",AWAY,0
pakwA,CPBL-2021-fi,2021,一軍,例行賽,2021-03-20,2021-03-20 17:05,2021-03-20 20:39,新北市立新莊棒球場,9,,FINISHED,NORMAL,富邦悍將,uQIc3,樂天桃猿,SoR6H,0,6,6,11,0,0,"0,0,0,0,0,0,0,0,0","0,0,0,0,2,0,2,1,1",AWAY,0
02Ci8,CPBL-2021-fi,2021,一軍,例行賽,2021-03-20,2021-03-20 17:06,2021-03-20 21:00,澄清湖棒球場,9,,FINISHED,NORMAL,統一7-ELEVEn獅,oDGsG,味全龍,jgY4I,6,4,9,9,0,0,"0,1,2,0,2,0,1,0,0","2,0,0,0,0,0,0,0,2",HOME,1
K0WIY,CPBL-2021-fi,2021,一軍,例行賽,2021-03-19,2021-03-19 18:37,2021-03-19 21:44,新北市立新莊棒球場,9,,FINISHED,NORMAL,富邦悍將,uQIc3,樂天桃猿,SoR6H,5,0,13,5,0,0,"0,0,1,0,3,1,0,0,0","0,0,0,0,0,0,0,0,0",HOME,1
j5XyA,CPBL-2021-fi,2021,一軍,例行賽,2021-03-19,2021-03-19 18:35,2021-03-19 21:31,臺中市洲際棒球場,9,,FINISHED,NORMAL,中信兄弟,4aYcq,味全龍,jgY4I,5,1,9,8,0,0,"0,0,0,1,4,0,0,0,0","0,0,0,0,0,0,1,0,0",HOME,1
kedtJ,CPBL-2021-fi,2021,一軍,例行賽,2021-03-18,2021-03-18 18:35,2021-03-18 21:43,臺中市洲際棒球場,9,,FINISHED,NORMAL,中信兄弟,4aYcq,味全龍,jgY4I,5,1,11,7,0,0,"0,1,0,2,0,0,0,2,0","0,0,0,1,0,0,0,0,0",HOME,1
nk151,CPBL-2021-fi,2021,一軍,例行賽,2021-03-18,2021-03-18 18:36,2021-03-18 22:09,臺南市立棒球場,9,,FINISHED,NORMAL,統一7-ELEVEn獅,oDGsG,富邦悍將,uQIc3,2,14,5,16,0,0,"0,1,0,0,0,1,0,0,0","2,0,0,2,0,0,2,3,5",AWAY,0
pXadi,CPBL-2021-fi,2021,一軍,例行賽,2021-03-17,2021-03-17 18:35,2021-03-17 22:03,臺中市洲際棒球場,9,,FINISHED,NORMAL,中信兄弟,4aYcq,味全龍,jgY4I,0,4,9,6,0,0,"0,0,0,0,0,0,0,0,0","1,0,1,0,0,0,2,0,0",AWAY,0
XzbIb,CPBL-2021-fi,2021,一軍,例行賽,2021-03-17,2021-03-17 18:36,2021-03-17 21:20,臺南市立棒球場,9,,FINISHED,NORMAL,統一7-ELEVEn獅,oDGsG,樂天桃猿,SoR6H,4,2,5,3,0,0,"0,0,0,1,3,0,0,0,0","0,0,0,0,0,0,0,2,0",HOME,1
ufVcE,CPBL-2021-fi,2021,一軍,例行賽,2021-03-16,2021-03-16 18:37,2021-03-16 22:11,臺南市立棒球場,9,,FINISHED,NORMAL,統一7-ELEVEn獅,oDGsG,樂天桃猿,SoR6H,4,12,10,16,0,0,"0,0,0,2,2,0,0,0,0","0,1,1,0,0,3,2,0,5",AWAY,0
7Px47,CPBL-2021-fi,2021,一軍,例行賽,2021-03-14,2021-03-14 17:06,2021-03-14 20:23,臺中市洲際棒球場,9,,FINISHED,NORMAL,中信兄弟,4aYcq,富邦悍將,uQIc3,6,10,11,16,0,0,"2,0,0,0,1,1,0,2,0","1,6,0,1,0,0,0,1,1",AWAY,0
1nqvs,CPBL-2021-fi,2021,一軍,例行賽,2021-03-14,2021-03-14 17:05,2021-03-14 20:03,臺南市立棒球場,9,,FINISHED,NORMAL,統一7-ELEVEn獅,oDGsG,味全龍,jgY4I,3,2,6,4,0,0,"0,0,0,0,3,0,0,0,0","0,0,1,0,0,0,1,0,0",HOME,1
tol45,CPBL-2021-fi,2021,一軍,例行賽,2021-03-13,2021-03-13 17:05,2021-03-13 21:50,臺南市立棒球場,9,,FINISHED,NORMAL,統一7-ELEVEn獅,oDGsG,中信兄弟,4aYcq,4,10,14,8,0,0,"0,3,0,0,0,1,0,0,0","3,0,1,0,0,2,0,4,0",AWAY,0
f4cIW,CPBL-2021-53,2021,一軍-2,季後賽,2021-12-01,2021-12-01 18:36,2021-12-01 21:49,臺南市立棒球場,9,,FINISHED,NORMAL,統一7-ELEVEn獅,fZ0gg,中信兄弟,vOIp4,0,5,4,11,0,0,"0,0,0,0,0,0,0,0,0","1,0,0,2,0,0,2,0,0",AWAY,0
YmJpm,CPBL-2021-53,2021,一軍-2,季後賽,2021-11-30,2021-11-30 18:36,2021-11-30 22:23,澄清湖棒球場,9,,FINISHED,NORMAL,統一7-ELEVEn獅,fZ0gg,中信兄弟,vOIp4,4,7,8,7,0,0,"0,1,0,1,0,0,0,2,0","0,2,0,0,0,0,3,2,0",AWAY,0
tHlei,CPBL-2021-53,2021,一軍-2,季後賽,2021-11-28,2021-11-28 17:05,2021-11-28 20:34,臺中市洲際棒球場,9,,FINISHED,NORMAL,中信兄弟,vOIp4,統一7-ELEVEn獅,fZ0gg,8,3,7,11,0,0,"3,3,0,0,0,0,1,1,0","0,0,0,1,0,0,0,2,0",HOME,1
IiKkD,CPBL-2021-53,2021,一軍-2,季後賽,2021-11-27,2021-11-27 17:07,2021-11-27 19:50,臺中市洲際棒球場,9,,FINISHED,NORMAL,中信兄弟,vOIp4,統一7-ELEVEn獅,fZ0gg,2,0,7,6,0,0,"0,0,0,0,0,0,2,0,0","0,0,0,0,0,0,0,0,0",HOME,1
jBzjI,CPBL-2020-KS,2020,一軍,例行賽,2020-10-24,2020-10-24 17:07,2020-10-24 19:22,臺南市立棒球場,9,,FINISHED,NORMAL,統一7-ELEVEn獅,ORcS5,中信兄弟,n51lm,3,2,9,10,0,0,"1,0,0,0,0,2,0,0,0","1,0,0,0,0,0,0,1,0",HOME,1
YbyAz,CPBL-2020-KS,2020,一軍,例行賽,2020-10-23,2020-10-23 18:35,2020-10-23 21:27,新北市立新莊棒球場,9,,FINISHED,NORMAL,富邦悍將,Bh3cW,統一7-ELEVEn獅,ORcS5,0,2,6,7,0,0,"0,0,0,0,0,0,0,0,0","0,0,0,0,0,0,2,0,0",AWAY,0
VIymp,CPBL-2020-KS,2020,一軍,例行賽,2020-10-21,2020-10-21 18:36,2020-10-21 21:44,新北市立新莊棒球場,9,,FINISHED,NORMAL,富邦悍將,Bh3cW,樂天桃猿,BCqA8,4,2,11,6,0,0,"0,0,2,0,1,1,0,0,0","0,0,1,0,0,1,0,0,0",HOME,1
miIOO,CPBL-2020-KS,2020,一軍,例行賽,2020-10-20,2020-10-20 18:35,2020-10-20 21:03,臺中市洲際棒球場,9,,FINISHED,NORMAL,中信兄弟,n51lm,富邦悍將,Bh3cW,6,1,8,8,0,0,"0,3,2,0,0,0,1,0,0","0,0,0,0,0,0,1,0,0",HOME,1
sSVbf,CPBL-2020-KS,2020,一軍,例行賽,2020-10-18,2020-10-18 14:05,2020-10-18 17:58,樂天桃園棒球場,9,,FINISHED,NORMAL,樂天桃猿,BCqA8,中信兄弟,n51lm,7,13,13,20,0,0,"0,2,1,0,0,1,3,0,0","2,3,0,0,3,1,0,2,2",AWAY,0
FWjm6,CPBL-2020-KS,2020,一軍,例行賽,2020-10-17,2020-10-17 17:05,2020-10-17 20:26,樂天桃園棒球場,9,,FINISHED,NORMAL,樂天桃猿,BCqA8,中信兄弟,n51lm,1,11,8,11,0,0,"0,1,0,0,0,0,0,0,0","0,0,0,0,0,0,0,11,0",AWAY,0
O0R4c,CPBL-2020-KS,2020,一軍,例行賽,2020-10-16,2020-10-16 18:36,2020-10-16 21:45,臺南市立棒球場,9,,FINISHED,NORMAL,統一7-ELEVEn獅,ORcS5,富邦悍將,Bh3cW,3,4,9,12,0,0,"2,0,0,0,0,1,0,0,0","0,1,0,0,1,0,0,1,1",AWAY,0
J8KRP,CPBL-2020-KS,2020,一軍,例行賽,2020-10-14,2020-10-14 18:36,2020-10-14 22:24,臺南市立棒球場,9,,FINISHED,NORMAL,統一7-ELEVEn獅,ORcS5,樂天桃猿,BCqA8,6,13,9,19,0,0,"0,0,1,0,0,0,5,0,0","0,4,0,0,5,0,3,1,0",AWAY,0
DxMV8,CPBL-2020-KS,2020,一軍,例行賽,2020-10-14,2020-10-14 18:35,2020-10-14 23:09,新北市立新莊棒球場,12,,FINISHED,NORMAL,富邦悍將,Bh3cW,中信兄弟,n51lm,7,7,10,13,0,0,"2,1,0,0,2,0,2,0,0,0,0,0","0,2,0,4,1,0,0,0,0,0,0,0",TIE,
kyyy9,CPBL-2020-KS,2020,一軍,例行賽,2020-10-13,2020-10-13 18:36,2020-10-13 21:38,臺南市立棒球場,9,,FINISHED,NORMAL,統一7-ELEVEn獅,ORcS5,樂天桃猿,BCqA8,4,3,7,5,0,0,"0,0,0,0,4,0,0,0,0","0,2,1,0,0,0,0,0,0",HOME,1
ttGZW,CPBL-2020-KS,2020,一軍,例行賽,2020-10-13,2020-10-13 18:35,2020-10-13 21:53,新北市立新莊棒球場,9,,FINISHED,NORMAL,富邦悍將,Bh3cW,中信兄弟,n51lm,3,5,7,12,0,0,"0,0,1,0,0,1,1,0,0","1,0,0,0,1,1,2,0,0",AWAY,0
gQePX,CPBL-2020-KS,2020,一軍,例行賽,2020-10-11,2020-10-11 14:05,2020-10-11 17:32,臺中市洲際棒球場,9,,FINISHED,NORMAL,中信兄弟,n51lm,統一7-ELEVEn獅,ORcS5,3,7,5,8,0,0,"0,0,0,0,0,0,3,0,0","1,0,2,4,0,0,0,0,0",AWAY,0
CYaFe,CPBL-2020-KS,2020,一軍,例行賽,2020-10-11,2020-10-11 14:05,2020-10-11 17:53,樂天桃園棒球場,9,,FINISHED,NORMAL,樂天桃猿,BCqA8,富邦悍將,Bh3cW,11,15,13,18,0,0,"0,3,0,0,3,5,0,0,0","0,0,2,5,0,6,0,2,0",AWAY,0
wZTTZ,CPBL-2020-KS,2020,一軍,例行賽,2020-10-10,2020-10-10 17:05,2020-10-10 20:51,臺中市洲際棒球場,9,,FINISHED,NORMAL,中信兄弟,n51lm,統一7-ELEVEn獅,ORcS5,2,7,6,10,0,0,"1,0,0,0,1,0,0,0,0","0,0,0,0,1,3,0,0,3",AWAY,0
6URdp,CPBL-2020-KS,2020,一軍,例行賽,2020-10-10,2020-10-10 17:06,2020-10-10 20:25,樂天桃園棒球場,9,,FINISHED,NORMAL,樂天桃猿,BCqA8,富邦悍將,Bh3cW,2,6,9,16,0,0,"1,0,0,0,1,0,0,0,0","3,0,0,2,0,1,0,0,0",AWAY,0
bj8G9,CPBL-2020-KS,2020,一軍,例行賽,2020-10-09,2020-10-09 17:05,2020-10-09 19:46,臺中市洲際棒球場,9,,FINISHED,NORMAL,中信兄弟,n51lm,統一7-ELEVEn獅,ORcS5,5,2,8,9,0,0,"0,0,0,5,0,0,0,0,0","0,0,2,0,0,0,0,0,0",HOME,1
YWWeT,CPBL-2020-KS,2020,一軍,例行賽,2020-10-09,2020-10-09 17:08,2020-10-09 20:56,樂天桃園棒球場,9,,FINISHED,NORMAL,樂天桃猿,BCqA8,富邦悍將,Bh3cW,13,2,16,9,0,0,"0,0,0,5,5,3,0,0,0","0,0,0,1,0,0,1,0,0",HOME,1
GevYb,CPBL-2020-KS,2020,一軍,例行賽,2020-10-08,2020-10-08 18:35,2020-10-08 22:30,臺中市洲際棒球場,9,,FINISHED,NORMAL,中信兄弟,n51lm,樂天桃猿,BCqA8,8,5,11,13,0,0,"2,0,2,0,0,4,0,0,0","0,2,1,2,0,0,0,0,0",HOME,1
FYyel,CPBL-2020-KS,2020,一軍,例行賽,2020-10-07,2020-10-07 18:35,2020-10-07 21:53,臺中市洲際棒球場,9,,FINISHED,NORMAL,中信兄弟,n51lm,樂天桃猿,BCqA8,8,1,12,6,0,0,"2,1,4,1,0,0,0,0,0","0,0,1,0,0,0,0,0,0",HOME,1
H0BQJ,CPBL-2020-KS,2020,一軍,例行賽,2020-10-07,2020-10-07 18:35,2020-10-07 21:45,新北市立新莊棒球場,9,,FINISHED,NORMAL,富邦悍將,Bh3cW,統一7-ELEVEn獅,ORcS5,2,4,7,9,0,0,"0,0,0,0,1,0,0,1,0","0,0,3,1,0,0,0,0,0",AWAY,0
VDxKt,CPBL-2020-KS,2020,一軍,例行賽,2020-10-06,2020-10-06 18:35,2020-10-06 21:27,新北市立新莊棒球場,9,,FINISHED,NORMAL,富邦悍將,Bh3cW,統一7-ELEVEn獅,ORcS5,6,4,13,12,0,0,"1,0,2,0,0,0,0,3,0","0,0,0,1,3,0,0,0,0",HOME,1
gojMU,CPBL-2020-KS,2020,一軍,例行賽,2020-10-04,2020-10-04 14:05,2020-10-04 17:38,新北市立新莊棒球場,10,,FINISHED,NORMAL,富邦悍將,Bh3cW,中信兄弟,n51lm,4,5,10,12,0,0,"1,2,0,0,0,1,0,0,0,0","1,0,0,0,1,0,1,1,0,1",AWAY,0
TTTnH,CPBL-2020-KS,2020,一軍,例行賽,2020-10-04,2020-10-04 14:07,2020-10-04 17:13,臺南市立棒球場,9,,FINISHED,NORMAL,統一7-ELEVEn獅,ORcS5,樂天桃猿,BCqA8,9,3,15,10,0,0,"2,0,0,6,0,0,1,0,0","1,0,0,0,0,0,0,1,1",HOME,1
APGpI,CPBL-2020-KS,2020,一軍,例行賽,2020-10-03,2020-10-03 17:05,2020-10-03 20:25,新北市立新莊棒球場,9,,FINISHED,NORMAL,富邦悍將,Bh3cW,中信兄弟,n51lm,3,2,5,5,0,0,"0,0,0,0,0,0,2,0,1","0,0,0,0,0,0,0,1,1",HOME,1
eBaL8,CPBL-2020-KS,2020,一軍,例行賽,2020-10-03,2020-10-03 17:06,2020-10-03 20:54,臺南市立棒球場,9,,FINISHED,NORMAL,統一7-ELEVEn獅,ORcS5,樂天桃猿,BCqA8,10,8,15,11,0,0,"1,5,0,0,1,1,0,2,0","0,0,0,0,0,6,2,0,0",HOME,1
Ly1fO,CPBL-2020-KS,2020,一軍,例行賽,2020-10-02,2020-10-02 17:05,2020-10-02 20:15,新北市立新莊棒球場,9,,FINISHED,NORMAL,富邦悍將,Bh3cW,中信兄弟,n51lm,0,7,6,13,0,0,"0,0,0,0,0,0,0,0,0","0,0,1,0,1,0,0,3,2",AWAY,0
BkTTq,CPBL-2020-KS,2020,一軍,例行賽,2020-10-02,2020-10-02 17:06,2020-10-02 20:59,臺南市立棒球場,9,,FINISHED,NORMAL,統一7-ELEVEn獅,ORcS5,樂天桃猿,BCqA8,2,15,11,25,0,0,"0,0,0,0,0,2,0,0,0","1,6,0,1,1,0,3,3,0",AWAY,0
Ujjxo,CPBL-2020-KS,2020,一軍,例行賽,2020-10-01,2020-10-01 17:05,2020-10-01 20:29,新北市立新莊棒球場,9,,FINISHED,NORMAL,富邦悍將,Bh3cW,樂天桃猿,BCqA8,2,7,8,14,0,0,"1,0,0,0,0,1,0,0,0","0,1,1,0,0,5,0,0,0",AWAY,0
iobg5,CPBL-2020-KS,2020,一軍,例行賽,2020-09-30,2020-09-30 18:35,2020-09-30 21:10,新北市立新莊棒球場,9,,FINISHED,NORMAL,富邦悍將,Bh3cW,樂天桃猿,BCqA8,8,0,12,4,0,0,"2,5,0,0,0,1,0,0,0","0,0,0,0,0,0,0,0,0",HOME,1
MK9O2,CPBL-2020-KS,2020,一軍,例行賽,2020-09-30,2020-09-30 18:36,2020-09-30 23:13,臺南市立棒球場,11,,FINISHED,NORMAL,統一7-ELEVEn獅,ORcS5,中信兄弟,n51lm,6,7,10,14,0,0,"0,0,0,2,0,1,0,1,0,2,0","1,1,0,0,0,2,0,0,0,2,1",AWAY,0
tS30s,CPBL-2020-KS,2020,一軍,例行賽,2020-09-29,2020-09-29 18:36,2020-09-29 21:58,臺南市立棒球場,9,,FINISHED,NORMAL,統一7-ELEVEn獅,ORcS5,中信兄弟,n51lm,14,1,14,5,0,0,"1,5,5,0,2,1,0,0,0","0,0,0,0,0,0,1,0,0",HOME,1
f08yT,CPBL-2020-KS,2020,一軍,例行賽,2020-09-27,2020-09-27 17:05,2020-09-27 21:29,臺南市立棒球場,9,,FINISHED,NORMAL,統一7-ELEVEn獅,ORcS5,富邦悍將,Bh3cW,15,20,16,27,0,0,"0,0,0,0,0,1,2,6,6","6,0,5,3,3,1,1,1,0",AWAY,0
XK9IP,CPBL-2020-KS,2020,一軍,例行賽,2020-09-26,2020-09-26 18:35,2020-09-26 22:01,臺南市立棒球場,9,,FINISHED,NORMAL,統一7-ELEVEn獅,ORcS5,富邦悍將,Bh3cW,3,5,10,9,0,0,"0,1,0,0,0,0,1,0,1","2,1,2,0,0,0,0,0,0",AWAY,0
jQiny,CPBL-2020-KS,2020,一軍,例行賽,2020-09-26,2020-09-26 18:35,2020-09-26 21:48,樂天桃園棒球場,9,,FINISHED,NORMAL,樂天桃猿,BCqA8,中信兄弟,n51lm,2,5,3,11,0,0,"0,0,2,0,0,0,0,0,0","0,0,1,0,0,2,2,0,0",AWAY,0
IiUcI,CPBL-2020-KS,2020,一軍,例行賽,2020-09-25,2020-09-25 18:36,2020-09-25 21:18,臺南市立棒球場,9,,FINISHED,NORMAL,統一7-ELEVEn獅,ORcS5,富邦悍將,Bh3cW,7,0,5,4,0,0,"0,4,0,0,0,0,1,2,0","0,0,0,0,0,0,0,0,0",HOME,1
bmypz,CPBL-2020-KS,2020,一軍,例行賽,2020-09-25,2020-09-25 18:36,2020-09-25 21:42,樂天桃園棒球場,9,,FINISHED,NORMAL,樂天桃猿,BCqA8,中信兄弟,n51lm,9,4,12,9,0,0,"1,1,0,0,0,3,1,3,0","0,1,0,1,0,0,0,2,0",HOME,1
al8YZ,CPBL-2020-KS,2020,一軍,例行賽,2020-09-24,2020-09-24 18:35,2020-09-24 21:56,臺中市洲際棒球場,9,,FINISHED,NORMAL,中信兄弟,n51lm,富邦悍將,Bh3cW,2,3,10,6,0,0,"0,0,0,1,0,0,1,0,0","0,0,0,0,0,3,0,0,0",AWAY,0
0l5og,CPBL-2020-KS,2020,一軍,例行賽,2020-09-23,2020-09-23 18:35,2020-09-23 22:16,臺中市洲際棒球場,9,,FINISHED,NORMAL,中信兄弟,n51lm,富邦悍將,Bh3cW,5,16,9,18,0,0,"2,0,0,0,0,1,0,2,0","3,0,0,1,4,5,0,3,0",AWAY,0
rbUFJ,CPBL-2020-KS,2020,一軍,例行賽,2020-09-23,2020-09-23 18:35,2020-09-23 22:47,樂天桃園棒球場,9,,FINISHED,NORMAL,樂天桃猿,BCqA8,統一7-ELEVEn獅,ORcS5,9,12,16,18,0,0,"0,4,1,0,2,0,2,0,0","0,0,0,0,5,2,0,3,2",AWAY,0
OECvJ,CPBL-2020-KS,2020,一軍,例行賽,2020-09-22,2020-09-22 18:36,2020-09-22 21:54,樂天桃園棒球場,9,,FINISHED,NORMAL,樂天桃猿,BCqA8,統一7-ELEVEn獅,ORcS5,7,6,13,9,0,0,"0,1,0,0,2,1,3,0,0","0,0,0,4,0,0,0,0,2",HOME,1
98CPW,CPBL-2020-KS,2020,一軍,例行賽,2020-09-20,2020-09-20 17:07,2020-09-20 20:32,新北市立新莊棒球場,9,,FINISHED,NORMAL,富邦悍將,Bh3cW,統一7-ELEVEn獅,ORcS5,8,4,12,8,0,0,"1,0,1,2,2,0,1,1,0","0,0,0,2,0,0,0,1,1",HOME,1
RuwmD,CPBL-2020-KS,2020,一軍,例行賽,2020-09-20,2020-09-20 17:05,2020-09-20 19:53,臺中市洲際棒球場,9,,FINISHED,NORMAL,中信兄弟,n51lm,樂天桃猿,BCqA8,6,0,11,2,0,0,"0,0,3,3,0,0,0,0,0","0,0,0,0,0,0,0,0,0",HOME,1
6s0Dr,CPBL-2020-KS,2020,一軍,例行賽,2020-09-19,2020-09-19 17:06,2020-09-19 20:27,新北市立新莊棒球場,9,,FINISHED,NORMAL,富邦悍將,Bh3cW,統一7-ELEVEn獅,ORcS5,6,7,12,12,0,0,"2,0,0,1,0,1,0,0,2","0,0,2,0,0,0,1,0,4",AWAY,0
zWrpz,CPBL-2020-KS,2020,一軍,例行賽,2020-09-19,2020-09-19 17:05,2020-09-19 20:36,臺中市洲際棒球場,10,,FINISHED,NORMAL,中信兄弟,n51lm,樂天桃猿,BCqA8,3,4,7,9,0,0,"0,1,0,0,0,2,0,0,0,0","0,0,1,0,1,1,0,0,0,1",AWAY,0
4nLKA,CPBL-2020-KS,2020,一軍,例行賽,2020-09-18,2020-09-18 18:35,2020-09-18 21:05,新北市立新莊棒球場,9,,FINISHED,NORMAL,富邦悍將,Bh3cW,統一7-ELEVEn獅,ORcS5,5,1,10,8,0,0,"0,0,0,0,0,0,1,4","0,0,0,0,0,0,0,1,0",HOME,1
V6AWg,CPBL-2020-KS,2020,一軍,例行賽,2020-09-18,2020-09-18 18:35,2020-09-18 21:57,臺中市洲際棒球場,9,,FINISHED,NORMAL,中信兄弟,n51lm,樂天桃猿,BCqA8,13,2,20,6,0,0,"3,0,4,0,0,0,2,4,0","2,0,0,0,0,0,0,0,0",HOME,1
kQkT3,CPBL-2020-KS,2020,一軍,例行賽,2020-09-17,2020-09-17 18:35,2020-09-17 22:28,新北市立新莊棒球場,9,,FINISHED,NORMAL,富邦悍將,Bh3cW,中信兄弟,n51lm,4,10,9,11,0,0,"2,0,0,0,0,2,0,0,0","0,3,4,0,0,0,0,0,3",AWAY,0
Opf6v,CPBL-2020-KS,2020,一軍,例行賽,2020-09-16,2020-09-16 18:35,2020-09-16 22:26,新北市立新莊棒球場,9,,FINISHED,NORMAL,富邦悍將,Bh3cW,中信兄弟,n51lm,10,4,12,11,0,0,"0,3,0,2,3,2,0,0,0","0,1,1,0,0,2,0,0,0",HOME,1
RCbBw,CPBL-2020-KS,2020,一軍,例行賽,2020-09-16,2020-09-16 18:36,2020-09-16 22:06,臺南市立棒球場,9,,FINISHED,NORMAL,統一7-ELEVEn獅,ORcS5,樂天桃猿,BCqA8,11,5,13,13,0,0,"0,0,2,3,5,0,0,1,0","0,0,1,1,1,0,1,1,0",HOME,1
rH9ip,CPBL-2020-KS,2020,一軍,例行賽,2020-09-15,2020-09-15 18:35,2020-09-15 21:51,臺南市立棒球場,9,,FINISHED,NORMAL,統一7-ELEVEn獅,ORcS5,樂天桃猿,BCqA8,4,1,9,4,0,0,"0,0,0,0,0,3,0,1,0","0,0,0,1,0,0,0,0,0",HOME,1
fGx5f,CPBL-2020-KS,2020,一軍,例行賽,2020-09-13,2020-09-13 17:05,2020-09-13 20:49,新北市立新莊棒球場,9,,FINISHED,NORMAL,富邦悍將,Bh3cW,樂天桃猿,BCqA8,5,4,9,6,0,0,"0,0,0,0,0,1,0,2,2","0,1,0,0,3,0,0,0,0",HOME,1
rBYMH,CPBL-2020-KS,2020,一軍,例行賽,2020-09-13,2020-09-13 17:06,2020-09-13 20:02,臺南市立棒球場,9,,FINISHED,NORMAL,統一7-ELEVEn獅,ORcS5,中信兄弟,n51lm,6,3,11,9,0,0,"0,4,2,0,0,0,0,0,0","0,0,0,0,0,0,3,0,0",HOME,1
Rvp1d,CPBL-2020-KS,2020,一軍,例行賽,2020-09-12,2020-09-12 17:05,2020-09-12 20:18,新北市立新莊棒球場,9,,FINISHED,NORMAL,富邦悍將,Bh3cW,樂天桃猿,BCqA8,12,1,16,8,0,0,"0,0,5,1,2,0,4,0,0","0,1,0,0,0,0,0,0,0",HOME,1
8esWi,CPBL-2020-KS,2020,一軍,例行賽,2020-09-11,2020-09-11 18:35,2020-09-11 22:11,新北市立新莊棒球場,9,,FINISHED,NORMAL,富邦悍將,Bh3cW,樂天桃猿,BCqA8,4,7,11,14,0,0,"0,0,0,0,2,0,0,0,2","0,2,0,0,0,1,1,2,1",AWAY,0
myZs0,CPBL-2020-KS,2020,一軍,例行賽,2020-09-11,2020-09-11 18:36,2020-09-11 21:59,臺南市立棒球場,9,,FINISHED,NORMAL,統一7-ELEVEn獅,ORcS5,中信兄弟,n51lm,2,12,7,15,0,0,"1,0,0,0,0,0,0,0,1","2,2,0,0,0,0,7,0,1",AWAY,0
1sjWc,CPBL-2020-KS,2020,一軍,例行賽,2020-09-10,2020-09-10 18:35,2020-09-10 22:26,樂天桃園棒球場,9,,FINISHED,NORMAL,樂天桃猿,BCqA8,中信兄弟,n51lm,5,4,10,9,0,0,"0,0,0,0,1,1,0,3,0","3,0,0,0,0,0,0,1,0",HOME,1
JbonV,CPBL-2020-KS,2020,一軍,例行賽,2020-09-09,2020-09-09 18:35,2020-09-09 22:11,樂天桃園棒球場,9,,FINISHED,NORMAL,樂天桃猿,BCqA8,中信兄弟,n51lm,1,8,11,12,0,0,"0,0,0,0,0,0,0,0,1","0,0,0,6,0,0,0,0,2",AWAY,0
HAg56,CPBL-2020-KS,2020,一軍,例行賽,2020-09-09,2020-09-09 18:36,2020-09-09 22:18,臺南市立棒球場,9,,FINISHED,NORMAL,統一7-ELEVEn獅,ORcS5,富邦悍將,Bh3cW,6,0,10,6,0,0,"2,1,1,0,0,2,0,0,0","0,0,0,0,0,0,0,0,0",HOME,1
OlZjC,CPBL-2020-KS,2020,一軍,例行賽,2020-09-08,2020-09-08 18:36,2020-09-08 22:22,臺南市立棒球場,10,,FINISHED,NORMAL,統一7-ELEVEn獅,ORcS5,富邦悍將,Bh3cW,8,7,16,12,0,0,"0,0,0,1,2,0,1,0,3,1","1,0,0,2,0,1,1,2,0,0",HOME,1
98pVk,CPBL-2020-KS,2020,一軍,例行賽,2020-09-06,2020-09-06 17:06,2020-09-06 20:23,臺中市洲際棒球場,9,,FINISHED,NORMAL,中信兄弟,n51lm,富邦悍將,Bh3cW,3,6,12,9,0,0,"0,0,2,0,1,0,0,0,0","0,3,2,0,0,0,0,1,0",AWAY,0
2d9rw,CPBL-2020-KS,2020,一軍,例行賽,2020-09-06,2020-09-06 17:07,2020-09-06 21:08,樂天桃園棒球場,9,,FINISHED,NORMAL,樂天桃猿,BCqA8,統一7-ELEVEn獅,ORcS5,12,5,11,7,0,0,"0,2,2,1,0,0,7,0,0","0,0,1,0,0,0,0,2,2",HOME,1
LTnIX,CPBL-2020-KS,2020,一軍,例行賽,2020-09-05,2020-09-05 17:06,2020-09-05 19:29,臺中市洲際棒球場,9,,FINISHED,NORMAL,中信兄弟,n51lm,富邦悍將,Bh3cW,1,0,5,3,0,0,"0,1,0,0,0,0,0,0,0","0,0,0,0,0,0,0,0,0",HOME,1
aveJ3,CPBL-2020-KS,2020,一軍,例行賽,2020-09-05,2020-09-05 17:07,2020-09-05 21:44,樂天桃園棒球場,11,,FINISHED,NORMAL,樂天桃猿,BCqA8,統一7-ELEVEn獅,ORcS5,5,4,9,8,0,0,"3,0,0,0,0,0,0,1,0,0,1","0,1,2,0,0,1,0,0,0,0,0",HOME,1
eaA1v,CPBL-2020-KS,2020,一軍,例行賽,2020-09-04,2020-09-04 18:35,2020-09-04 21:46,臺中市洲際棒球場,9,,FINISHED,NORMAL,中信兄弟,n51lm,富邦悍將,Bh3cW,5,3,15,6,0,0,"0,0,2,1,0,2,0,0,0","1,0,0,0,2,0,0,0,0",HOME,1
WXs57,CPBL-2020-KS,2020,一軍,例行賽,2020-09-04,2020-09-04 18:35,2020-09-04 22:30,樂天桃園棒球場,9,,FINISHED,NORMAL,樂天桃猿,BCqA8,統一7-ELEVEn獅,ORcS5,8,7,16,7,0,0,"1,1,0,0,4,1,0,0,1","2,0,2,0,3,0,0,0,0",HOME,1
1Ax9d,CPBL-2020-KS,2020,一軍,例行賽,2020-09-03,2020-09-03 18:35,2020-09-03 21:39,臺中市洲際棒球場,9,,FINISHED,NORMAL,中信兄弟,n51lm,統一7-ELEVEn獅,ORcS5,5,1,10,6,0,0,"0,0,1,0,3,0,1,0,0","0,0,0,1,0,0,0,0,0",HOME,1
zHmIr,CPBL-2020-KS,2020,一軍,例行賽,2020-09-02,2020-09-02 18:35,2020-09-02 22:33,臺中市洲際棒球場,9,,FINISHED,NORMAL,中信兄弟,n51lm,統一7-ELEVEn獅,ORcS5,2,9,5,15,0,0,"0,0,2,0,0,0,0,0,0","1,0,2,4,0,0,2,0,0",AWAY,0
F9bMr,CPBL-2020-KS,2020,一軍,例行賽,2020-09-02,2020-09-02 18:35,2020-09-02 21:59,樂天桃園棒球場,9,,FINISHED,NORMAL,樂天桃猿,BCqA8,富邦悍將,Bh3cW,10,3,14,10,0,0,"2,0,0,7,0,0,0,1,0","0,0,2,1,0,0,0,0,0",HOME,1
zi89r,CPBL-2020-KS,2020,一軍,例行賽,2020-09-01,2020-09-01 18:36,2020-09-01 22:28,樂天桃園棒球場,9,,FINISHED,NORMAL,樂天桃猿,BCqA8,富邦悍將,Bh3cW,2,14,9,22,0,0,"0,1,0,0,0,1,0,0,0","5,4,2,0,0,2,1,0,0",AWAY,0
MOnzl,CPBL-2020-KS,2020,一軍,例行賽,2020-08-30,2020-08-30 17:06,2020-08-30 20:09,新北市立新莊棒球場,9,,FINISHED,NORMAL,富邦悍將,Bh3cW,中信兄弟,n51lm,5,4,10,7,0,0,"1,0,0,0,0,0,0,3,1","1,0,0,0,1,0,0,0,2",HOME,1
noH1r,CPBL-2020-KS,2020,一軍,例行賽,2020-08-30,2020-08-30 17:06,2020-08-30 22:10,臺南市立棒球場,12,,FINISHED,NORMAL,統一7-ELEVEn獅,ORcS5,樂天桃猿,BCqA8,4,7,8,14,0,0,"0,0,0,3,0,0,0,0,0,0,0,1","0,1,0,0,0,1,0,1,0,0,0,4",AWAY,0
iaKAK,CPBL-2020-KS,2020,一軍,例行賽,2020-08-29,2020-08-29 17:05,2020-08-29 20:21,新北市立新莊棒球場,9,,FINISHED,NORMAL,富邦悍將,Bh3cW,中信兄弟,n51lm,4,3,6,7,0,0,"0,0,0,4,0,0,0,0,0","0,0,0,0,1,0,2,0,0",HOME,1
Q9TTv,CPBL-2020-KS,2020,一軍,例行賽,2020-08-29,2020-08-29 17:06,2020-08-29 21:21,臺南市立棒球場,9,,FINISHED,NORMAL,統一7-ELEVEn獅,ORcS5,樂天桃猿,BCqA8,6,11,14,12,0,0,"2,0,1,0,3,0,0,0,0","0,0,4,5,0,0,0,1,1",AWAY,0
w25sy,CPBL-2020-KS,2020,一軍,例行賽,2020-08-28,2020-08-28 19:01,2020-08-28 22:29,新北市立新莊棒球場,9,,FINISHED,NORMAL,富邦悍將,Bh3cW,中信兄弟,n51lm,4,5,8,9,0,0,"0,2,0,1,0,0,0,0,1","0,0,0,0,5,0,0,0,0",AWAY,0
INp2Y,CPBL-2020-KS,2020,一軍,例行賽,2020-08-28,2020-08-28 18:36,2020-08-28 22:10,臺南市立棒球場,9,,FINISHED,NORMAL,統一7-ELEVEn獅,ORcS5,樂天桃猿,BCqA8,8,3,11,5,0,0,"0,0,0,5,0,0,0,3,0","0,1,0,0,2,0,0,0,0",HOME,1
CXbQl,CPBL-2020-KS,2020,一軍,例行賽,2020-08-26,2020-08-26 18:37,2020-08-26 21:40,新北市立新莊棒球場,9,,FINISHED,NORMAL,富邦悍將,Bh3cW,統一7-ELEVEn獅,ORcS5,3,6,7,10,0,0,"0,0,0,1,0,0,0,2,0","0,3,2,0,0,0,0,0,1",AWAY,0
U5dBt,CPBL-2020-KS,2020,一軍,例行賽,2020-08-26,2020-08-26 18:35,2020-08-26 21:32,臺中市洲際棒球場,9,,FINISHED,NORMAL,中信兄弟,n51lm,樂天桃猿,BCqA8,5,3,8,11,0,0,"1,0,0,0,0,3,1,0,0","0,3,0,0,0,0,0,0,0",HOME,1
ekX48,CPBL-2020-KS,2020,一軍,例行賽,2020-08-25,2020-08-25 18:35,2020-08-25 21:27,臺中市洲際棒球場,9,,FINISHED,NORMAL,中信兄弟,n51lm,樂天桃猿,BCqA8,4,1,7,6,0,0,"1,1,1,1,0,0,0,0,0","0,0,0,1,0,0,0,0,0",HOME,1
PsDwG,CPBL-2020-KS,2020,一軍,例行賽,2020-08-23,2020-08-23 17:05,2020-08-23 20:16,樂天桃園棒球場,9,,FINISHED,NORMAL,樂天桃猿,BCqA8,富邦悍將,Bh3cW,0,6,7,13,0,0,"0,0,0,0,0,0,0,0,0","0,0,0,1,2,0,2,1,0",AWAY,0
L3zyQ,CPBL-2020-KS,2020,一軍,例行賽,2020-08-23,2020-08-23 17:05,2020-08-23 21:26,臺中市洲際棒球場,12,,FINISHED,NORMAL,中信兄弟,n51lm,統一7-ELEVEn獅,ORcS5,0,4,6,11,0,0,"0,0,0,0,0,0,0,0,0,0,0,0","0,0,0,0,0,0,0,0,0,0,0,4",AWAY,0
P9a3H,CPBL-2020-KS,2020,一軍,例行賽,2020-08-22,2020-08-22 17:40,2020-08-22 23:57,樂天桃園棒球場,9,,FINISHED,NORMAL,樂天桃猿,BCqA8,富邦悍將,Bh3cW,10,7,17,17,0,0,"2,0,0,3,4,0,1,0,0","0,0,0,0,0,1,4,0,2",HOME,1
2XQgH,CPBL-2020-KS,2020,一軍,例行賽,2020-08-22,2020-08-22 17:32,2020-08-22 21:45,臺中市洲際棒球場,9,,FINISHED,NORMAL,中信兄弟,n51lm,統一7-ELEVEn獅,ORcS5,19,3,22,8,0,0,"1,1,1,0,2,3,11,0,0","0,1,1,0,0,0,0,0,1",HOME,1
W1tFT,CPBL-2020-KS,2020,一軍,例行賽,2020-08-21,2020-08-21 18:35,2020-08-21 21:53,樂天桃園棒球場,9,,FINISHED,NORMAL,樂天桃猿,BCqA8,富邦悍將,Bh3cW,3,2,10,8,0,0,"1,1,0,0,0,0,0,0,1","0,0,0,1,0,0,0,0,1",HOME,1
ZsfPV,CPBL-2020-KS,2020,一軍,例行賽,2020-08-21,2020-08-21 18:35,2020-08-22 00:05,臺中市洲際棒球場,12,,FINISHED,NORMAL,中信兄弟,n51lm,統一7-ELEVEn獅,ORcS5,8,8,12,11,0,0,"3,1,1,0,0,1,0,0,2,0,0,0","2,0,0,1,0,1,4,0,0,0,0,0",TIE,
ATmdH,CPBL-2020-KS,2020,一軍,例行賽,2020-08-20,2020-08-20 18:35,2020-08-20 22:18,樂天桃園棒球場,9,,FINISHED,NORMAL,樂天桃猿,BCqA8,統一7-ELEVEn獅,ORcS5,7,8,14,11,0,0,"1,2,0,4,0,0,0,0,0","0,0,0,0,0,3,4,0,1",AWAY,0
VZmMU,CPBL-2020-KS,2020,一軍,例行賽,2020-08-19,2020-08-19 18:36,2020-08-19 22:23,樂天桃園棒球場,9,,FINISHED,NORMAL,樂天桃猿,BCqA8,統一7-ELEVEn獅,ORcS5,4,8,5,7,0,0,"0,0,0,0,2,0,2,0,0","0,0,1,0,0,2,3,0,2",AWAY,0
ZHh8K,CPBL-2020-KS,2020,一軍,例行賽,2020-08-19,2020-08-19 18:36,2020-08-19 21:45,臺中市洲際棒球場,9,,FINISHED,NORMAL,中信兄弟,n51lm,富邦悍將,Bh3cW,2,8,10,13,0,0,"0,0,0,0,0,0,2,0,0","0,0,1,0,3,1,1,2,0",AWAY,0
3H6JC,CPBL-2020-KS,2020,一軍,例行賽,2020-08-16,2020-08-16 17:05,2020-08-16 20:37,花蓮縣立德興棒球場,9,,FINISHED,NORMAL,統一7-ELEVEn獅,ORcS5,富邦悍將,Bh3cW,4,7,7,15,0,0,"0,0,0,0,3,0,1,0,0","1,0,0,3,3,0,0,0,0",AWAY,0
xIJae,CPBL-2020-KS,2020,一軍,例行賽,2020-08-16,2020-08-16 17:49,2020-08-16 21:02,樂天桃園棒球場,9,,FINISHED,NORMAL,樂天桃猿,BCqA8,中信兄弟,n51lm,1,4,6,9,0,0,"0,0,0,0,0,0,1,0,0","1,0,0,0,0,0,0,0,3",AWAY,0
NzNay,CPBL-2020-KS,2020,一軍,例行賽,2020-08-15,2020-08-15 17:05,2020-08-15 20:50,花蓮縣立德興棒球場,9,,FINISHED,NORMAL,統一7-ELEVEn獅,ORcS5,富邦悍將,Bh3cW,9,11,15,18,0,0,"0,4,1,0,3,0,0,0,1","7,0,0,1,0,0,1,1,1",AWAY,0
D3cqr,CPBL-2020-KS,2020,一軍,例行賽,2020-08-14,2020-08-14 18:35,2020-08-14 22:00,花蓮縣立德興棒球場,9,,FINISHED,NORMAL,統一7-ELEVEn獅,ORcS5,富邦悍將,Bh3cW,3,15,8,20,0,0,"0,0,0,1,2,0,0,0,0","0,6,0,1,5,0,2,0,1",AWAY,0
wD9lX,CPBL-2020-KS,2020,一軍,例行賽,2020-08-14,2020-08-14 18:35,2020-08-14 23:55,樂天桃園棒球場,9,,FINISHED,NORMAL,樂天桃猿,BCqA8,中信兄弟,n51lm,11,6,13,11,0,0,"0,4,2,0,0,5,0,0,0","0,2,0,0,4,0,0,0,0",HOME,1
qflBX,CPBL-2020-KS,2020,一軍,例行賽,2020-08-13,2020-08-13 18:37,2020-08-13 22:00,花蓮縣立德興棒球場,9,,FINISHED,NORMAL,統一7-ELEVEn獅,ORcS5,中信兄弟,n51lm,5,3,10,10,0,0,"0,0,0,3,0,0,1,1,0","0,2,1,0,0,0,0,0,0",HOME,1
aPtWG,CPBL-2020-KS,2020,一軍,例行賽,2020-08-12,2020-08-12 18:35,2020-08-12 21:53,花蓮縣立德興棒球場,9,,FINISHED,NORMAL,統一7-ELEVEn獅,ORcS5,中信兄弟,n51lm,10,0,15,1,0,0,"2,3,0,0,0,3,0,2,0","0,0,0,0,0,0,0,0,0",HOME,1
JGEeW,CPBL-2020-KS,2020,一軍,例行賽,2020-08-12,2020-08-12 18:35,2020-08-12 22:14,新北市立新莊棒球場,9,,FINISHED,NORMAL,富邦悍將,Bh3cW,樂天桃猿,BCqA8,10,6,14,14,0,0,"0,0,0,4,0,0,0,2,4","0,1,0,0,0,0,4,1,0",HOME,1
XmZ8R,CPBL-2020-KS,2020,一軍,例行賽,2020-08-09,2020-08-09 17:05,2020-08-09 20:07,新北市立新莊棒球場,9,,FINISHED,NORMAL,富邦悍將,Bh3cW,統一7-ELEVEn獅,ORcS5,1,2,4,10,0,0,"0,0,0,0,0,0,0,1,0","0,1,0,0,0,0,0,1,0",AWAY,0
O5ZuS,CPBL-2020-KS,2020,一軍,例行賽,2020-08-09,2020-08-09 17:05,2020-08-09 20:57,臺中市洲際棒球場,9,,FINISHED,NORMAL,中信兄弟,n51lm,樂天桃猿,BCqA8,10,5,11,11,0,0,"3,0,3,0,2,0,1,1,0","0,2,0,3,0,0,0,0,0",HOME,1
2JUld,CPBL-2020-KS,2020,一軍,例行賽,2020-08-08,2020-08-08 17:07,2020-08-08 19:36,新北市立新莊棒球場,9,,FINISHED,NORMAL,富邦悍將,Bh3cW,統一7-ELEVEn獅,ORcS5,4,0,2,6,0,0,"0,0,0,0,0,4,0,0,0","0,0,0,0,0,0,0,0,0",HOME,1
61AwW,CPBL-2020-KS,2020,一軍,例行賽,2020-08-08,2020-08-08 17:05,2020-08-08 20:51,臺中市洲際棒球場,9,,FINISHED,NORMAL,中信兄弟,n51lm,樂天桃猿,BCqA8,11,0,17,6,0,0,"0,0,1,0,1,5,1,3,0","0,0,0,0,0,0,0,0,0",HOME,1
7Vr6C,CPBL-2020-KS,2020,一軍,例行賽,2020-08-07,2020-08-07 18:35,2020-08-07 21:26,新北市立新莊棒球場,9,,FINISHED,NORMAL,富邦悍將,Bh3cW,統一7-ELEVEn獅,ORcS5,2,7,8,9,0,0,"0,0,0,0,0,1,0,1,0","3,0,0,0,2,0,1,1,0",AWAY,0
h0fxr,CPBL-2020-KS,2020,一軍,例行賽,2020-08-07,2020-08-07 18:36,2020-08-07 21:35,臺中市洲際棒球場,9,,FINISHED,NORMAL,中信兄弟,n51lm,樂天桃猿,BCqA8,1,4,4,9,0,0,"0,1,0,0,0,0,0,0,0","0,0,0,0,2,0,0,1,1",AWAY,0
YJdCE,CPBL-2020-KS,2020,一軍,例行賽,2020-08-06,2020-08-06 18:36,2020-08-06 22:03,樂天桃園棒球場,9,,FINISHED,NORMAL,樂天桃猿,BCqA8,富邦悍將,Bh3cW,8,3,16,6,0,0,"2,0,0,0,1,0,5,0,0","0,1,0,0,1,0,0,0,1",HOME,1
EsoXO,CPBL-2020-KS,2020,一軍,例行賽,2020-08-05,2020-08-05 18:35,2020-08-05 21:48,樂天桃園棒球場,9,,FINISHED,NORMAL,樂天桃猿,BCqA8,富邦悍將,Bh3cW,4,3,8,9,0,0,"0,0,0,0,1,1,2,0,0","0,0,1,0,2,0,0,0,0",HOME,1
vhzak,CPBL-2020-KS,2020,一軍,例行賽,2020-08-05,2020-08-05 18:35,2020-08-05 22:23,臺中市洲際棒球場,9,,FINISHED,NORMAL,中信兄弟,n51lm,統一7-ELEVEn獅,ORcS5,4,5,11,12,0,0,"0,0,2,0,0,0,0,2,0","0,0,0,0,0,1,0,4,0",AWAY,0
s03oh,CPBL-2020-KS,2020,一軍,例行賽,2020-08-04,2020-08-04 18:35,2020-08-04 22:29,臺中市洲際棒球場,9,,FINISHED,NORMAL,中信兄弟,n51lm,統一7-ELEVEn獅,ORcS5,5,6,9,12,0,0,"0,1,0,2,0,2,0,0,0","1,0,2,0,0,0,0,3,0",AWAY,0
GkW3X,CPBL-2020-KS,2020,一軍,例行賽,2020-08-02,2020-08-02 17:05,2020-08-02 20:29,臺中市洲際棒球場,9,,FINISHED,NORMAL,中信兄弟,n51lm,富邦悍將,Bh3cW,3,6,14,12,0,0,"0,0,0,2,1,0,0,0,0","0,1,0,1,2,2,0,0,0",AWAY,0
d55wI,CPBL-2020-KS,2020,一軍,例行賽,2020-08-02,2020-08-02 17:06,2020-08-02 20:59,樂天桃園棒球場,9,,FINISHED,NORMAL,樂天桃猿,BCqA8,統一7-ELEVEn獅,ORcS5,4,10,11,12,0,0,"0,2,0,0,1,0,0,1,0","0,3,1,2,4,0,0,0,0",AWAY,0
yoyO1,CPBL-2020-KS,2020,一軍,例行賽,2020-08-01,2020-08-01 17:05,2020-08-01 20:26,臺中市洲際棒球場,10,,FINISHED,NORMAL,中信兄弟,n51lm,富邦悍將,Bh3cW,3,2,10,6,0,0,"1,0,1,0,0,0,0,0,0,1","0,0,1,1,0,0,0,0,0,0",HOME,1
njXYw,CPBL-2020-KS,2020,一軍,例行賽,2020-08-01,2020-08-01 17:08,2020-08-01 20:22,樂天桃園棒球場,9,,FINISHED,NORMAL,樂天桃猿,BCqA8,統一7-ELEVEn獅,ORcS5,5,3,10,10,0,0,"0,1,0,1,0,0,2,1,0","1,0,0,2,0,0,0,0,0",HOME,1
wRPrt,CPBL-2020-KS,2020,一軍,例行賽,2020-07-31,2020-07-31 18:36,2020-07-31 22:08,臺中市洲際棒球場,9,,FINISHED,NORMAL,中信兄弟,n51lm,富邦悍將,Bh3cW,4,3,9,9,0,0,"0,2,0,1,0,0,0,0,1","0,0,0,1,0,1,1,0,0",HOME,1
7zoFc,CPBL-2020-KS,2020,一軍,例行賽,2020-07-31,2020-07-31 18:35,2020-07-31 21:59,樂天桃園棒球場,9,,FINISHED,NORMAL,樂天桃猿,BCqA8,統一7-ELEVEn獅,ORcS5,3,2,7,9,0,0,"0,0,0,0,0,0,0,1,2","0,0,0,0,0,0,2,0,0",HOME,1
m0z22,CPBL-2020-KS,2020,一軍,例行賽,2020-07-30,2020-07-30 18:35,2020-07-30 21:59,臺南市立棒球場,9,,FINISHED,NORMAL,統一7-ELEVEn獅,ORcS5,富邦悍將,Bh3cW,3,5,6,10,0,0,"3,0,0,0,0,0,0,0,0","2,0,0,2,0,0,0,1,0",AWAY,0
O0WNj,CPBL-2020-KS,2020,一軍,例行賽,2020-07-29,2020-07-29 18:35,2020-07-29 22:19,樂天桃園棒球場,9,,FINISHED,NORMAL,樂天桃猿,BCqA8,中信兄弟,n51lm,8,7,10,10,0,0,"2,3,0,0,0,0,0,1,2","2,2,0,0,0,3,0,0,0",HOME,1
Dv99S,CPBL-2020-KS,2020,一軍,例行賽,2020-07-28,2020-07-28 18:35,2020-07-28 21:42,樂天桃園棒球場,9,,FINISHED,NORMAL,樂天桃猿,BCqA8,中信兄弟,n51lm,1,4,7,10,0,0,"0,0,0,0,0,1,0,0,0","0,0,0,0,0,3,0,1,0",AWAY,0
I1N9X,CPBL-2020-KS,2020,一軍,例行賽,2020-07-26,2020-07-26 17:05,2020-07-26 20:59,臺南市立棒球場,9,,FINISHED,NORMAL,統一7-ELEVEn獅,ORcS5,中信兄弟,n51lm,7,6,12,10,0,0,"0,0,1,0,0,3,0,1,2","2,1,0,0,0,1,0,0,2",HOME,1
dEfCZ,CPBL-2020-KS,2020,一軍,例行賽,2020-07-26,2020-07-26 17:31,2020-07-26 21:01,新北市立新莊棒球場,9,,FINISHED,NORMAL,富邦悍將,Bh3cW,樂天桃猿,BCqA8,5,10,13,15,0,0,"2,0,3,0,0,0,0,0,0","2,5,0,0,0,0,3,0,0",AWAY,0
PNaV6,CPBL-2020-KS,2020,一軍,例行賽,2020-07-25,2020-07-25 17:05,2020-07-25 20:38,臺南市立棒球場,9,,FINISHED,NORMAL,統一7-ELEVEn獅,ORcS5,中信兄弟,n51lm,0,6,4,7,0,0,"0,0,0,0,0,0,0,0,0","0,0,1,1,3,0,0,1,0",AWAY,0
9tye3,CPBL-2020-KS,2020,一軍,例行賽,2020-07-25,2020-07-25 17:07,2020-07-25 20:01,新北市立新莊棒球場,9,,FINISHED,NORMAL,富邦悍將,Bh3cW,樂天桃猿,BCqA8,8,5,12,12,0,0,"0,0,0,0,7,1,0,0,0","1,0,1,1,0,0,0,0,2",HOME,1
roWkG,CPBL-2020-KS,2020,一軍,例行賽,2020-07-24,2020-07-24 18:35,2020-07-24 22:30,臺南市立棒球場,9,,FINISHED,NORMAL,統一7-ELEVEn獅,ORcS5,中信兄弟,n51lm,8,4,12,11,0,0,"0,0,2,0,1,0,3,2,0","0,0,0,0,0,1,0,1,2",HOME,1
ZOrKp,CPBL-2020-KS,2020,一軍,例行賽,2020-07-24,2020-07-24 18:35,2020-07-24 23:42,新北市立新莊棒球場,12,,FINISHED,NORMAL,富邦悍將,Bh3cW,樂天桃猿,BCqA8,8,7,19,16,0,0,"0,6,0,0,1,0,0,0,0,0,0,1","0,0,2,2,1,0,1,0,1,0,0,0",HOME,1
lG0qH,CPBL-2020-KS,2020,一軍,例行賽,2020-07-19,2020-07-19 17:07,2020-07-19 20:50,樂天桃園棒球場,9,,FINISHED,NORMAL,樂天桃猿,BCqA8,富邦悍將,Bh3cW,14,3,19,8,0,0,"2,2,5,1,0,2,0,2,0","0,0,0,0,0,3,0,0,0",HOME,1
Ihskv,CPBL-2020-KS,2020,一軍,例行賽,2020-07-18,2020-07-18 17:05,2020-07-18 20:16,新北市立新莊棒球場,9,,FINISHED,NORMAL,富邦悍將,Bh3cW,樂天桃猿,BCqA8,12,6,17,16,0,0,"1,6,2,1,0,0,1,1,0","0,0,0,4,0,1,0,1,0",HOME,1
8wCD0,CPBL-2020-KS,2020,一軍,例行賽,2020-07-16,2020-07-16 18:35,2020-07-16 22:25,新北市立新莊棒球場,10,,FINISHED,NORMAL,富邦悍將,Bh3cW,中信兄弟,n51lm,3,4,10,13,0,0,"2,0,0,0,1,0,0,0,0,0","0,0,0,0,0,0,2,1,0,1",AWAY,0
q6K39,CPBL-2020-KS,2020,一軍,例行賽,2020-07-15,2020-07-15 18:35,2020-07-15 22:01,樂天桃園棒球場,9,,FINISHED,NORMAL,樂天桃猿,BCqA8,富邦悍將,Bh3cW,14,3,17,9,0,0,"3,1,1,1,0,8,0,0,0","0,0,1,1,0,0,0,1,0",HOME,1
1qfYR,CPBL-2020-KS,2020,一軍,例行賽,2020-07-14,2020-07-14 18:35,2020-07-14 21:42,新北市立新莊棒球場,9,,FINISHED,NORMAL,富邦悍將,Bh3cW,樂天桃猿,BCqA8,1,5,4,11,0,0,"0,0,0,0,0,0,0,1,0","0,0,1,0,0,0,0,4,0",AWAY,0
TIfIp,CPBL-2020-KS,2020,一軍,例行賽,2020-07-14,2020-07-14 18:35,2020-07-14 21:22,臺南市立棒球場,9,,FINISHED,NORMAL,統一7-ELEVEn獅,ORcS5,中信兄弟,n51lm,1,6,5,9,0,0,"0,0,0,0,1,0,0,0,0","0,1,3,0,0,2,0,0,0",AWAY,0
PNya4,CPBL-2020-KS,2020,一軍,例行賽,2020-07-12,2020-07-12 17:05,2020-07-12 20:47,樂天桃園棒球場,9,,FINISHED,NORMAL,樂天桃猿,BCqA8,中信兄弟,n51lm,4,3,7,8,0,0,"0,2,0,1,1,0,0,0,0","0,3,0,0,0,0,0,0,0",HOME,1
UGX7f,CPBL-2020-KS,2020,一軍,例行賽,2020-07-11,2020-07-11 17:08,2020-07-11 20:09,樂天桃園棒球場,9,,FINISHED,NORMAL,樂天桃猿,BCqA8,統一7-ELEVEn獅,ORcS5,9,2,13,6,0,0,"2,0,0,4,0,0,2,1,0","0,0,0,0,0,0,0,1,1",HOME,1
Q0Nu5,CPBL-2020-KS,2020,一軍,例行賽,2020-07-11,2020-07-11 17:05,2020-07-11 20:28,臺中市洲際棒球場,9,,FINISHED,NORMAL,中信兄弟,n51lm,富邦悍將,Bh3cW,17,0,19,4,0,0,"1,0,0,5,2,2,4,3,0","0,0,0,0,0,0,0,0,0",HOME,1
OmuCg,CPBL-2020-KS,2020,一軍,例行賽,2020-07-10,2020-07-10 18:35,2020-07-10 22:14,樂天桃園棒球場,9,,FINISHED,NORMAL,樂天桃猿,BCqA8,統一7-ELEVEn獅,ORcS5,3,7,12,12,0,0,"0,1,0,1,1,0,0,0,0","2,0,0,0,1,2,2,0,0",AWAY,0
2jEiy,CPBL-2020-KS,2020,一軍,例行賽,2020-07-10,2020-07-10 18:35,2020-07-10 21:37,臺中市洲際棒球場,9,,FINISHED,NORMAL,中信兄弟,n51lm,富邦悍將,Bh3cW,3,4,7,8,0,0,"0,0,0,0,0,0,0,0,3","1,0,0,0,0,0,2,0,1",AWAY,0
UnP62,CPBL-2020-KS,2020,一軍,例行賽,2020-07-08,2020-07-08 18:36,2020-07-08 21:30,臺南市立棒球場,9,,FINISHED,NORMAL,統一7-ELEVEn獅,ORcS5,富邦悍將,Bh3cW,7,1,9,5,0,0,"1,0,2,0,4,0,0,0,0","0,1,0,0,0,0,0,0,0",HOME,1
woiXC,CPBL-2020-KS,2020,一軍,例行賽,2020-07-08,2020-07-08 18:35,2020-07-08 21:11,臺中市洲際棒球場,9,,FINISHED,NORMAL,中信兄弟,n51lm,樂天桃猿,BCqA8,5,6,14,10,0,0,"1,0,2,0,0,0,2,0,0","4,0,0,1,0,0,0,1,0",AWAY,0
0PJLe,CPBL-2020-KS,2020,一軍,例行賽,2020-07-07,2020-07-07 18:35,2020-07-07 23:01,樂天桃園棒球場,9,,FINISHED,NORMAL,樂天桃猿,BCqA8,中信兄弟,n51lm,7,9,10,12,0,0,"0,0,5,0,0,0,0,2,0","0,0,0,2,1,6,0,0,0",AWAY,0
I2xwc,CPBL-2020-KS,2020,一軍,例行賽,2020-07-07,2020-07-07 18:36,2020-07-07 22:21,臺南市立棒球場,9,,FINISHED,NORMAL,統一7-ELEVEn獅,ORcS5,富邦悍將,Bh3cW,5,3,12,10,0,0,"0,3,0,1,0,1,0,0,0","1,0,2,0,0,0,0,0,0",HOME,1
MpXMj,CPBL-2020-KS,2020,一軍,例行賽,2020-07-05,2020-07-05 17:06,2020-07-05 20:33,臺南市立棒球場,9,,FINISHED,NORMAL,統一7-ELEVEn獅,ORcS5,中信兄弟,n51lm,2,11,4,14,0,0,"0,0,2,0,0,0,0,0,0","1,6,0,0,2,2,0,0,0",AWAY,0
2x15P,CPBL-2020-KS,2020,一軍,例行賽,2020-07-05,2020-07-05 17:06,2020-07-05 20:26,新北市立新莊棒球場,9,,FINISHED,NORMAL,富邦悍將,Bh3cW,樂天桃猿,BCqA8,9,4,13,9,0,0,"0,1,0,2,3,0,0,3,0","1,0,0,0,3,0,0,0,0",HOME,1
UG2z2,CPBL-2020-KS,2020,一軍,例行賽,2020-07-04,2020-07-04 17:07,2020-07-04 20:59,臺南市立棒球場,9,,FINISHED,NORMAL,統一7-ELEVEn獅,ORcS5,中信兄弟,n51lm,2,7,8,10,0,0,"0,1,1,0,0,0,0,0,0","1,0,4,0,0,0,2,0,0",AWAY,0
sfC9H,CPBL-2020-KS,2020,一軍,例行賽,2020-07-04,2020-07-04 17:05,2020-07-04 20:42,新北市立新莊棒球場,9,,FINISHED,NORMAL,富邦悍將,Bh3cW,樂天桃猿,BCqA8,7,6,13,10,0,0,"0,2,1,0,0,1,1,1,1","1,1,0,1,3,0,0,0,0",HOME,1
xoXuv,CPBL-2020-KS,2020,一軍,例行賽,2020-07-03,2020-07-03 18:37,2020-07-03 22:32,臺南市立棒球場,9,,FINISHED,NORMAL,統一7-ELEVEn獅,ORcS5,中信兄弟,n51lm,3,9,10,16,0,0,"0,0,2,0,0,0,1,0,0","0,2,2,3,0,2,0,0,0",AWAY,0
CMLIR,CPBL-2020-KS,2020,一軍,例行賽,2020-07-03,2020-07-03 18:35,2020-07-03 22:25,新北市立新莊棒球場,9,,FINISHED,NORMAL,富邦悍將,Bh3cW,樂天桃猿,BCqA8,8,15,12,21,0,0,"0,4,1,1,2,0,0,0,0","1,0,2,0,0,3,2,5,2",AWAY,0
OI0pE,CPBL-2020-KS,2020,一軍,例行賽,2020-07-02,2020-07-02 18:35,2020-07-02 22:09,臺南市立棒球場,9,,FINISHED,NORMAL,統一7-ELEVEn獅,ORcS5,富邦悍將,Bh3cW,3,4,11,12,0,0,"0,0,1,0,0,0,2,0,0","1,0,0,1,1,1,0,0,0",AWAY,0
4SG2J,CPBL-2020-KS,2020,一軍,例行賽,2020-07-01,2020-07-01 18:36,2020-07-01 21:57,臺南市立棒球場,9,,FINISHED,NORMAL,統一7-ELEVEn獅,ORcS5,富邦悍將,Bh3cW,7,2,9,11,0,0,"0,1,0,2,4,0,0,0,0","0,0,1,0,0,1,0,0,0",HOME,1
Vx3sh,CPBL-2020-KS,2020,一軍,例行賽,2020-07-01,2020-07-01 18:35,2020-07-01 22:25,樂天桃園棒球場,9,,FINISHED,NORMAL,樂天桃猿,BCqA8,中信兄弟,n51lm,0,20,4,24,0,0,"0,0,0,0,0,0,0,0,0","0,0,4,1,0,5,10,0,0",AWAY,0
EvCBY,CPBL-2020-KS,2020,一軍,例行賽,2020-06-30,2020-06-30 18:35,2020-06-30 21:44,樂天桃園棒球場,9,,FINISHED,NORMAL,樂天桃猿,BCqA8,中信兄弟,n51lm,7,2,6,6,0,0,"0,0,1,0,2,3,0,1,0","1,0,0,0,1,0,0,0,0",HOME,1
iT3AK,CPBL-2020-KS,2020,一軍,例行賽,2020-06-28,2020-06-28 17:05,2020-06-28 20:10,臺中市洲際棒球場,9,,FINISHED,NORMAL,中信兄弟,n51lm,富邦悍將,Bh3cW,4,3,9,9,0,0,"1,0,1,0,2,0,0,0,0","1,0,0,2,0,0,0,0,0",HOME,1
LBkVx,CPBL-2020-KS,2020,一軍,例行賽,2020-06-28,2020-06-28 17:05,2020-06-28 20:45,樂天桃園棒球場,9,,FINISHED,NORMAL,樂天桃猿,BCqA8,統一7-ELEVEn獅,ORcS5,2,10,7,13,0,0,"0,0,0,2,0,0,0,0,0","0,1,2,4,2,1,0,0,0",AWAY,0
33hWO,CPBL-2020-KS,2020,一軍,例行賽,2020-06-27,2020-06-27 17:06,2020-06-27 20:09,臺中市洲際棒球場,9,,FINISHED,NORMAL,中信兄弟,n51lm,富邦悍將,Bh3cW,6,3,12,6,0,0,"0,0,2,0,2,1,0,1,0","0,0,1,0,1,0,0,1,0",HOME,1
5fp4g,CPBL-2020-KS,2020,一軍,例行賽,2020-06-27,2020-06-27 17:06,2020-06-27 20:48,樂天桃園棒球場,9,,FINISHED,NORMAL,樂天桃猿,BCqA8,統一7-ELEVEn獅,ORcS5,5,21,10,26,0,0,"0,0,0,1,2,2,0,0,0","6,0,4,0,0,1,2,5,3",AWAY,0
eDaEh,CPBL-2020-KS,2020,一軍,例行賽,2020-06-26,2020-06-26 17:05,2020-06-26 21:11,臺中市洲際棒球場,9,,FINISHED,NORMAL,中信兄弟,n51lm,富邦悍將,Bh3cW,3,1,10,11,0,0,"2,1,0,0,0,0,0,0,0","1,0,0,0,0,0,0,0,0",HOME,1
bU83s,CPBL-2020-KS,2020,一軍,例行賽,2020-06-26,2020-06-26 17:05,2020-06-26 20:30,樂天桃園棒球場,9,,FINISHED,NORMAL,樂天桃猿,BCqA8,統一7-ELEVEn獅,ORcS5,8,6,12,11,0,0,"1,0,3,0,1,1,0,2,0","2,0,0,3,0,0,1,0,0",HOME,1
cT7ri,CPBL-2020-KS,2020,一軍,例行賽,2020-06-25,2020-06-25 17:05,2020-06-25 21:07,臺中市洲際棒球場,9,,FINISHED,NORMAL,中信兄弟,n51lm,統一7-ELEVEn獅,ORcS5,13,6,17,12,0,0,"5,0,1,3,3,0,0,1,0","1,1,1,0,0,0,0,3,0",HOME,1
5GEnC,CPBL-2020-KS,2020,一軍,例行賽,2020-06-24,2020-06-24 18:35,2020-06-24 22:28,樂天桃園棒球場,9,,FINISHED,NORMAL,樂天桃猿,BCqA8,富邦悍將,Bh3cW,10,3,11,11,0,0,"0,0,0,0,3,0,1,6,0","0,0,0,0,0,1,1,1,0",HOME,1
jvkTS,CPBL-2020-KS,2020,一軍,例行賽,2020-06-23,2020-06-23 18:35,2020-06-23 21:54,樂天桃園棒球場,9,,FINISHED,NORMAL,樂天桃猿,BCqA8,富邦悍將,Bh3cW,4,11,12,13,0,0,"0,0,0,1,0,1,0,2,0","1,0,0,4,2,0,4,0,0",AWAY,0
KKXMf,CPBL-2020-KS,2020,一軍,例行賽,2020-06-21,2020-06-21 17:05,2020-06-21 20:38,新北市立新莊棒球場,9,,FINISHED,NORMAL,富邦悍將,Bh3cW,統一7-ELEVEn獅,ORcS5,6,13,6,19,0,0,"2,0,0,3,0,0,0,0,1","0,0,0,3,1,4,4,1,0",AWAY,0
fKoBp,CPBL-2020-KS,2020,一軍,例行賽,2020-06-21,2020-06-21 17:05,2020-06-21 20:14,臺中市洲際棒球場,9,,FINISHED,NORMAL,中信兄弟,n51lm,樂天桃猿,BCqA8,1,8,6,10,0,0,"0,0,0,0,1,0,0,0,0","0,0,1,3,0,4,0,0,0",AWAY,0
AblpD,CPBL-2020-KS,2020,一軍,例行賽,2020-06-20,2020-06-20 18:35,2020-06-20 21:44,新北市立新莊棒球場,9,,FINISHED,NORMAL,富邦悍將,Bh3cW,統一7-ELEVEn獅,ORcS5,4,13,9,17,0,0,"0,0,0,0,0,0,0,4,0","2,1,1,0,3,4,0,1,1",AWAY,0
gqZlx,CPBL-2020-KS,2020,一軍,例行賽,2020-06-20,2020-06-20 18:37,2020-06-20 21:50,臺中市洲際棒球場,9,,FINISHED,NORMAL,中信兄弟,n51lm,樂天桃猿,BCqA8,1,11,3,14,0,0,"0,1,0,0,0,0,0,0,0","3,0,1,0,5,2,0,0,0",AWAY,0
r1BOn,CPBL-2020-KS,2020,一軍,例行賽,2020-06-19,2020-06-19 18:35,2020-06-19 22:01,新北市立新莊棒球場,9,,FINISHED,NORMAL,富邦悍將,Bh3cW,統一7-ELEVEn獅,ORcS5,6,5,15,12,0,0,"1,1,2,0,1,0,0,0,1","1,0,0,1,0,2,0,0,1",HOME,1
f2Y5x,CPBL-2020-KS,2020,一軍,例行賽,2020-06-19,2020-06-19 18:35,2020-06-19 21:48,臺中市洲際棒球場,9,,FINISHED,NORMAL,中信兄弟,n51lm,樂天桃猿,BCqA8,7,4,9,8,0,0,"0,0,0,0,2,0,0,0,5","2,0,0,0,0,0,1,0,1",HOME,1
mFneu,CPBL-2020-KS,2020,一軍,例行賽,2020-06-18,2020-06-18 18:36,2020-06-18 22:00,臺南市立棒球場,9,,FINISHED,NORMAL,統一7-ELEVEn獅,ORcS5,樂天桃猿,BCqA8,10,5,13,11,0,0,"3,0,2,4,0,0,0,1,0","0,0,0,0,3,1,1,0,0",HOME,1
TARjP,CPBL-2020-KS,2020,一軍,例行賽,2020-06-17,2020-06-17 18:36,2020-06-17 22:08,臺南市立棒球場,9,,FINISHED,NORMAL,統一7-ELEVEn獅,ORcS5,樂天桃猿,BCqA8,3,5,5,12,0,0,"0,0,1,2,0,0,0,0,0","0,3,2,0,0,0,0,0,0",AWAY,0
srTvl,CPBL-2020-KS,2020,一軍,例行賽,2020-06-17,2020-06-17 18:35,2020-06-17 21:54,新北市立新莊棒球場,9,,FINISHED,NORMAL,富邦悍將,Bh3cW,中信兄弟,n51lm,1,15,5,18,0,0,"0,0,0,0,0,0,0,0,1","1,0,5,4,0,0,5,0,0",AWAY,0
wKP0i,CPBL-2020-KS,2020,一軍,例行賽,2020-06-16,2020-06-16 18:36,2020-06-16 21:51,新北市立新莊棒球場,9,,FINISHED,NORMAL,富邦悍將,Bh3cW,中信兄弟,n51lm,2,11,9,10,0,0,"0,0,0,0,0,2,0,0,0","2,0,0,1,2,0,1,2,3",AWAY,0
Je7sR,CPBL-2020-KS,2020,一軍,例行賽,2020-06-14,2020-06-14 17:05,2020-06-14 20:33,臺南市立棒球場,9,,FINISHED,NORMAL,統一7-ELEVEn獅,ORcS5,富邦悍將,Bh3cW,2,6,7,14,0,0,"0,0,0,2,0,0,0,0,0","0,5,1,0,0,0,0,0,0",AWAY,0
E4qBM,CPBL-2020-KS,2020,一軍,例行賽,2020-06-14,2020-06-14 17:05,2020-06-14 20:19,樂天桃園棒球場,9,,FINISHED,NORMAL,樂天桃猿,BCqA8,中信兄弟,n51lm,4,1,7,7,0,0,"3,0,0,0,1,0,0,0,0","0,0,0,1,0,0,0,0,0",HOME,1
5WCWH,CPBL-2020-KS,2020,一軍,例行賽,2020-06-13,2020-06-13 17:05,2020-06-13 20:09,臺南市立棒球場,9,,FINISHED,NORMAL,統一7-ELEVEn獅,ORcS5,富邦悍將,Bh3cW,3,2,6,5,0,0,"0,0,0,0,0,0,1,2,0","0,0,0,0,2,0,0,0,0",HOME,1
U1FfY,CPBL-2020-KS,2020,一軍,例行賽,2020-06-13,2020-06-13 17:06,2020-06-13 20:51,樂天桃園棒球場,9,,FINISHED,NORMAL,樂天桃猿,BCqA8,中信兄弟,n51lm,5,8,15,13,0,0,"1,0,0,0,2,2,0,0,0","4,0,0,1,0,1,0,0,2",AWAY,0
VZ36e,CPBL-2020-KS,2020,一軍,例行賽,2020-06-12,2020-06-12 18:35,2020-06-12 21:39,臺南市立棒球場,9,,FINISHED,NORMAL,統一7-ELEVEn獅,ORcS5,富邦悍將,Bh3cW,10,4,15,8,0,0,"0,4,3,2,0,1,0,0,0","1,3,0,0,0,0,0,0,0",HOME,1
IBkqg,CPBL-2020-KS,2020,一軍,例行賽,2020-06-12,2020-06-12 18:35,2020-06-12 21:43,樂天桃園棒球場,9,,FINISHED,NORMAL,樂天桃猿,BCqA8,中信兄弟,n51lm,4,0,9,8,0,0,"0,0,0,4,0,0,0,0,0","0,0,0,0,0,0,0,0,0",HOME,1
5uxif,CPBL-2020-KS,2020,一軍,例行賽,2020-06-11,2020-06-11 18:36,2020-06-11 22:10,臺中市洲際棒球場,9,,FINISHED,NORMAL,中信兄弟,n51lm,富邦悍將,Bh3cW,4,3,12,7,0,0,"0,0,0,2,0,0,1,1,0","2,0,1,0,0,0,0,0,0",HOME,1
lqy8V,CPBL-2020-KS,2020,一軍,例行賽,2020-06-10,2020-06-10 18:36,2020-06-10 22:07,臺中市洲際棒球場,9,,FINISHED,NORMAL,中信兄弟,n51lm,富邦悍將,Bh3cW,6,5,10,5,0,0,"2,1,1,0,0,2,0,0,0","3,0,0,0,1,1,0,0,0",HOME,1
k8D2P,CPBL-2020-KS,2020,一軍,例行賽,2020-06-10,2020-06-10 18:35,2020-06-10 22:19,樂天桃園棒球場,9,,FINISHED,NORMAL,樂天桃猿,BCqA8,統一7-ELEVEn獅,ORcS5,2,11,10,14,0,0,"0,1,0,0,0,1,0,0,0","0,0,0,1,5,2,0,0,3",AWAY,0
76O12,CPBL-2020-KS,2020,一軍,例行賽,2020-06-09,2020-06-09 18:35,2020-06-09 23:12,樂天桃園棒球場,9,,FINISHED,NORMAL,樂天桃猿,BCqA8,統一7-ELEVEn獅,ORcS5,6,7,13,12,0,0,"0,0,0,0,2,1,0,2,1","0,0,0,1,3,0,1,1,1",AWAY,0
hk9mN,CPBL-2020-KS,2020,一軍,例行賽,2020-06-07,2020-06-07 17:05,2020-06-07 22:35,臺中市洲際棒球場,9,,FINISHED,NORMAL,中信兄弟,n51lm,統一7-ELEVEn獅,ORcS5,9,8,17,14,0,0,"0,0,5,0,0,0,0,4,0","1,0,5,0,0,0,0,1,1",HOME,1
8c48l,CPBL-2020-KS,2020,一軍,例行賽,2020-06-06,2020-06-06 17:05,2020-06-06 20:21,樂天桃園棒球場,9,,FINISHED,NORMAL,樂天桃猿,BCqA8,富邦悍將,Bh3cW,6,9,12,13,0,0,"0,2,3,1,0,0,0,0,0","2,1,1,0,0,1,2,2,0",AWAY,0
6BsfA,CPBL-2020-KS,2020,一軍,例行賽,2020-06-06,2020-06-06 17:05,2020-06-06 20:43,臺中市洲際棒球場,9,,FINISHED,NORMAL,中信兄弟,n51lm,統一7-ELEVEn獅,ORcS5,14,3,14,8,0,0,"0,2,2,0,2,8,0,0,0","0,0,0,0,0,3,0,0,0",HOME,1
D9AFm,CPBL-2020-KS,2020,一軍,例行賽,2020-06-05,2020-06-05 18:35,2020-06-05 22:06,樂天桃園棒球場,9,,FINISHED,NORMAL,樂天桃猿,BCqA8,富邦悍將,Bh3cW,6,5,12,11,0,0,"1,0,1,0,0,1,0,3,0","0,0,0,0,0,0,2,1,2",HOME,1
2fhQq,CPBL-2020-KS,2020,一軍,例行賽,2020-06-05,2020-06-05 18:35,2020-06-05 22:16,臺中市洲際棒球場,9,,FINISHED,NORMAL,中信兄弟,n51lm,統一7-ELEVEn獅,ORcS5,8,7,13,10,0,0,"3,0,2,0,0,0,0,3,0","1,0,1,0,3,0,1,0,1",HOME,1
Zw0i7,CPBL-2020-KS,2020,一軍,例行賽,2020-06-04,2020-06-04 18:35,2020-06-04 21:39,新北市立新莊棒球場,9,,FINISHED,NORMAL,富邦悍將,Bh3cW,統一7-ELEVEn獅,ORcS5,5,4,10,8,0,0,"1,0,2,0,1,1,0,0,0","1,1,1,0,0,1,0,0,0",HOME,1
qj0Dr,CPBL-2020-KS,2020,一軍,例行賽,2020-06-03,2020-06-03 18:35,2020-06-03 22:15,新北市立新莊棒球場,9,,FINISHED,NORMAL,富邦悍將,Bh3cW,統一7-ELEVEn獅,ORcS5,3,12,8,17,0,0,"1,1,0,0,0,0,0,1,0","0,0,0,6,2,2,1,1,0",AWAY,0
n6Mpz,CPBL-2020-KS,2020,一軍,例行賽,2020-06-03,2020-06-03 18:35,2020-06-03 22:06,臺中市洲際棒球場,9,,FINISHED,NORMAL,中信兄弟,n51lm,樂天桃猿,BCqA8,8,4,14,8,0,0,"1,1,0,1,0,0,3,2,0","1,2,1,0,0,0,0,0,0",HOME,1
AMJdT,CPBL-2020-KS,2020,一軍,例行賽,2020-06-02,2020-06-02 18:35,2020-06-02 22:47,臺中市洲際棒球場,9,,FINISHED,NORMAL,中信兄弟,n51lm,樂天桃猿,BCqA8,10,5,14,13,0,0,"1,2,0,0,2,3,2,0,0","0,0,1,0,0,0,0,1,3",HOME,1
0wotI,CPBL-2020-KS,2020,一軍,例行賽,2020-05-31,2020-05-31 17:05,2020-05-31 19:59,新北市立新莊棒球場,9,,FINISHED,NORMAL,富邦悍將,Bh3cW,中信兄弟,n51lm,4,2,10,7,0,0,"0,0,0,1,0,0,3,0,0","0,0,0,0,0,1,0,0,1",HOME,1
G70Kt,CPBL-2020-KS,2020,一軍,例行賽,2020-05-31,2020-05-31 17:05,2020-05-31 21:06,臺南市立棒球場,9,,FINISHED,NORMAL,統一7-ELEVEn獅,ORcS5,樂天桃猿,BCqA8,8,9,13,21,0,0,"0,0,5,0,2,0,1,0,0","4,0,2,1,0,2,0,0,0",AWAY,0
xcmHi,CPBL-2020-KS,2020,一軍,例行賽,2020-05-30,2020-05-30 17:05,2020-05-30 20:20,新北市立新莊棒球場,9,,FINISHED,NORMAL,富邦悍將,Bh3cW,中信兄弟,n51lm,3,4,8,13,0,0,"0,0,0,2,0,1,0,0,0","0,2,0,2,0,0,0,0,0",AWAY,0
gBTpq,CPBL-2020-KS,2020,一軍,例行賽,2020-05-30,2020-05-30 17:05,2020-05-30 20:27,臺南市立棒球場,9,,FINISHED,NORMAL,統一7-ELEVEn獅,ORcS5,樂天桃猿,BCqA8,7,5,11,14,0,0,"0,0,0,0,3,0,0,4,0","1,0,0,0,1,1,2,0,0",HOME,1
k7LyC,CPBL-2020-KS,2020,一軍,例行賽,2020-05-29,2020-05-29 18:36,2020-05-29 21:23,臺南市立棒球場,9,,FINISHED,NORMAL,統一7-ELEVEn獅,ORcS5,樂天桃猿,BCqA8,1,3,5,4,0,0,"0,0,0,0,0,0,0,1,0","0,0,0,1,0,0,0,1,1",AWAY,0
icu8h,CPBL-2020-KS,2020,一軍,例行賽,2020-05-27,2020-05-27 18:55,2020-05-27 22:19,新北市立新莊棒球場,9,,FINISHED,NORMAL,富邦悍將,Bh3cW,樂天桃猿,BCqA8,5,2,7,7,0,0,"0,1,0,0,0,0,2,2,0","0,0,0,0,1,0,0,1,0",HOME,1
Jyey5,CPBL-2020-KS,2020,一軍,例行賽,2020-05-27,2020-05-27 18:36,2020-05-27 23:47,臺南市立棒球場,11,,FINISHED,NORMAL,統一7-ELEVEn獅,ORcS5,中信兄弟,n51lm,10,11,11,14,0,0,"0,0,0,6,1,0,0,0,0,0,3","3,1,0,0,0,0,2,1,0,0,4",AWAY,0
06BHJ,CPBL-2020-KS,2020,一軍,例行賽,2020-05-24,2020-05-24 17:05,2020-05-24 21:24,樂天桃園棒球場,9,,FINISHED,NORMAL,樂天桃猿,BCqA8,統一7-ELEVEn獅,ORcS5,5,7,13,13,0,0,"0,1,0,2,0,2,0,0,0","0,0,0,0,3,3,0,1,0",AWAY,0
V6NOw,CPBL-2020-KS,2020,一軍,例行賽,2020-05-24,2020-05-24 17:05,2020-05-24 20:16,臺中市洲際棒球場,9,,FINISHED,NORMAL,中信兄弟,n51lm,富邦悍將,Bh3cW,3,7,9,9,0,0,"1,0,0,0,0,0,0,2,0","0,0,4,0,1,2,0,0,0",AWAY,0
NNPIv,CPBL-2020-KS,2020,一軍,例行賽,2020-05-17,2020-05-17 17:06,2020-05-17 20:51,新北市立新莊棒球場,9,,FINISHED,NORMAL,富邦悍將,Bh3cW,樂天桃猿,BCqA8,9,7,15,13,0,0,"1,1,0,0,1,0,6,0,0","0,0,0,2,0,0,0,1,4",HOME,1
pVaVx,CPBL-2020-KS,2020,一軍,例行賽,2020-05-17,2020-05-17 17:05,2020-05-17 21:12,臺南市立棒球場,9,,FINISHED,NORMAL,統一7-ELEVEn獅,ORcS5,中信兄弟,n51lm,9,19,15,19,0,0,"0,0,0,0,4,1,2,2,0","0,2,3,3,3,4,1,0,3",AWAY,0
hEia8,CPBL-2020-KS,2020,一軍,例行賽,2020-05-16,2020-05-16 17:05,2020-05-16 20:37,臺南市立棒球場,9,,FINISHED,NORMAL,統一7-ELEVEn獅,ORcS5,中信兄弟,n51lm,2,9,5,16,0,0,"0,0,1,0,0,0,0,1,0","0,0,3,2,0,0,1,3,0",AWAY,0
v2Znl,CPBL-2020-KS,2020,一軍,例行賽,2020-05-15,2020-05-15 18:35,2020-05-15 22:14,新北市立新莊棒球場,10,,FINISHED,NORMAL,富邦悍將,Bh3cW,樂天桃猿,BCqA8,6,7,9,15,0,0,"0,1,0,2,0,3,0,0,0,0","0,0,0,2,0,3,1,0,0,1",AWAY,0
wiyqp,CPBL-2020-KS,2020,一軍,例行賽,2020-05-15,2020-05-15 18:35,2020-05-15 21:37,臺南市立棒球場,9,,FINISHED,NORMAL,統一7-ELEVEn獅,ORcS5,中信兄弟,n51lm,2,1,8,8,0,0,"2,0,0,0,0,0,0,0,0","0,0,0,0,1,0,0,0,0",HOME,1
vR25k,CPBL-2020-KS,2020,一軍,例行賽,2020-05-14,2020-05-14 18:35,2020-05-14 22:10,新北市立新莊棒球場,9,,FINISHED,NORMAL,富邦悍將,Bh3cW,中信兄弟,n51lm,5,11,10,18,0,0,"0,0,0,0,1,0,1,1,2","2,1,1,2,1,3,0,0,1",AWAY,0
gnS2D,CPBL-2020-KS,2020,一軍,例行賽,2020-05-13,2020-05-13 18:35,2020-05-13 22:17,新北市立新莊棒球場,9,,FINISHED,NORMAL,富邦悍將,Bh3cW,中信兄弟,n51lm,9,3,15,8,0,0,"1,0,0,1,0,2,1,4,0","2,0,0,1,0,0,0,0,0",HOME,1
vezqg,CPBL-2020-KS,2020,一軍,例行賽,2020-05-13,2020-05-13 18:36,2020-05-13 22:50,臺南市立棒球場,9,,FINISHED,NORMAL,統一7-ELEVEn獅,ORcS5,樂天桃猿,BCqA8,15,11,15,16,0,0,"0,0,5,5,5,0,0,0,0","0,0,1,0,5,4,0,0,1",HOME,1
zi9KV,CPBL-2020-KS,2020,一軍,例行賽,2020-05-12,2020-05-12 18:35,2020-05-12 22:49,臺南市立棒球場,9,,FINISHED,NORMAL,統一7-ELEVEn獅,ORcS5,樂天桃猿,BCqA8,10,17,18,18,0,0,"2,0,0,0,2,1,4,0,1","4,1,4,0,1,3,0,1,3",AWAY,0
qAprh,CPBL-2020-KS,2020,一軍,例行賽,2020-05-10,2020-05-10 17:05,2020-05-10 20:00,新北市立新莊棒球場,9,,FINISHED,NORMAL,富邦悍將,Bh3cW,統一7-ELEVEn獅,ORcS5,2,10,7,17,0,0,"2,0,0,0,0,0,0,0,0","0,3,0,0,6,0,0,0,1",AWAY,0
CV76A,CPBL-2020-KS,2020,一軍,例行賽,2020-05-10,2020-05-10 17:05,2020-05-10 21:11,臺中市洲際棒球場,9,,FINISHED,NORMAL,中信兄弟,n51lm,樂天桃猿,BCqA8,4,5,9,5,0,0,"0,1,0,0,0,0,3,0,0","0,0,2,0,0,1,2,0,0",AWAY,0
M3fzq,CPBL-2020-KS,2020,一軍,例行賽,2020-05-09,2020-05-09 17:05,2020-05-09 20:03,新北市立新莊棒球場,9,,FINISHED,NORMAL,富邦悍將,Bh3cW,統一7-ELEVEn獅,ORcS5,7,4,11,8,0,0,"0,0,1,4,2,0,0,0,0","0,0,0,0,1,0,0,1,2",HOME,1
TvWty,CPBL-2020-KS,2020,一軍,例行賽,2020-05-09,2020-05-09 17:05,2020-05-09 21:11,臺中市洲際棒球場,9,,FINISHED,NORMAL,中信兄弟,n51lm,樂天桃猿,BCqA8,3,6,9,8,0,0,"1,0,0,0,0,2,0,0,0","0,2,3,0,0,0,0,1,0",AWAY,0
3p0ll,CPBL-2020-KS,2020,一軍,例行賽,2020-05-08,2020-05-08 18:35,2020-05-08 21:47,新北市立新莊棒球場,9,,FINISHED,NORMAL,富邦悍將,Bh3cW,統一7-ELEVEn獅,ORcS5,7,6,9,8,0,0,"0,0,0,0,1,4,2,0,0","0,0,2,0,0,0,0,4,0",HOME,1
EWStd,CPBL-2020-KS,2020,一軍,例行賽,2020-05-08,2020-05-08 18:36,2020-05-08 22:05,臺中市洲際棒球場,9,,FINISHED,NORMAL,中信兄弟,n51lm,樂天桃猿,BCqA8,6,4,8,10,0,0,"0,0,0,0,0,2,0,4,0","0,0,1,0,0,0,0,0,3",HOME,1
rEvlw,CPBL-2020-KS,2020,一軍,例行賽,2020-05-07,2020-05-07 18:35,2020-05-07 22:30,樂天桃園棒球場,9,,FINISHED,NORMAL,樂天桃猿,BCqA8,富邦悍將,Bh3cW,15,6,22,13,0,0,"0,0,5,1,0,0,2,7,0","0,0,0,0,1,5,0,0,0",HOME,1
dKfDx,CPBL-2020-KS,2020,一軍,例行賽,2020-05-06,2020-05-06 18:35,2020-05-06 22:35,臺中市洲際棒球場,9,,FINISHED,NORMAL,中信兄弟,n51lm,統一7-ELEVEn獅,ORcS5,18,8,22,14,0,0,"0,6,2,6,2,0,2,0,0","0,2,2,0,0,0,2,2,0",HOME,1
0iLnV,CPBL-2020-KS,2020,一軍,例行賽,2020-05-05,2020-05-05 18:35,2020-05-05 22:30,臺中市洲際棒球場,9,,FINISHED,NORMAL,中信兄弟,n51lm,統一7-ELEVEn獅,ORcS5,8,5,11,12,0,0,"0,2,4,0,2,0,0,0,0","1,0,0,0,0,2,1,1,0",HOME,1
1GIKa,CPBL-2020-KS,2020,一軍,例行賽,2020-05-03,2020-05-03 17:05,2020-05-03 20:56,臺南市立棒球場,9,,FINISHED,NORMAL,統一7-ELEVEn獅,ORcS5,富邦悍將,Bh3cW,7,12,6,15,0,0,"0,0,5,0,1,0,1,0,0","0,0,1,4,2,2,3,0,0",AWAY,0
aABnJ,CPBL-2020-KS,2020,一軍,例行賽,2020-05-03,2020-05-03 17:05,2020-05-03 20:27,樂天桃園棒球場,9,,FINISHED,NORMAL,樂天桃猿,BCqA8,中信兄弟,n51lm,9,3,15,6,0,0,"2,0,0,3,3,1,0,0,0","0,2,0,0,1,0,0,0,0",HOME,1
m6N6k,CPBL-2020-KS,2020,一軍,例行賽,2020-05-02,2020-05-02 17:05,2020-05-02 20:17,臺南市立棒球場,9,,FINISHED,NORMAL,統一7-ELEVEn獅,ORcS5,富邦悍將,Bh3cW,2,11,5,15,0,0,"0,0,0,0,0,0,0,1,1","0,0,1,0,3,0,3,2,2",AWAY,0
7xvi1,CPBL-2020-KS,2020,一軍,例行賽,2020-05-02,2020-05-02 17:05,2020-05-02 21:50,樂天桃園棒球場,9,,FINISHED,NORMAL,樂天桃猿,BCqA8,中信兄弟,n51lm,16,11,21,16,0,0,"0,1,7,1,0,6,1,0,0","2,1,2,0,0,0,1,0,5",HOME,1
B53TE,CPBL-2020-KS,2020,一軍,例行賽,2020-05-01,2020-05-01 18:35,2020-05-01 22:00,臺南市立棒球場,9,,FINISHED,NORMAL,統一7-ELEVEn獅,ORcS5,富邦悍將,Bh3cW,15,6,17,16,0,0,"1,4,5,2,0,3,0,0,0","0,0,0,0,0,4,1,1,0",HOME,1
p7aTa,CPBL-2020-KS,2020,一軍,例行賽,2020-05-01,2020-05-01 18:35,2020-05-01 23:35,樂天桃園棒球場,12,,FINISHED,NORMAL,樂天桃猿,BCqA8,中信兄弟,n51lm,8,10,13,16,0,0,"1,0,1,1,0,0,0,0,5,0,0,0","0,0,1,0,1,0,4,0,2,0,0,2",AWAY,0
5pub7,CPBL-2020-KS,2020,一軍,例行賽,2020-04-30,2020-04-30 18:35,2020-04-30 22:31,臺南市立棒球場,9,,FINISHED,NORMAL,統一7-ELEVEn獅,ORcS5,中信兄弟,n51lm,12,6,11,11,0,0,"5,1,1,0,5,0,0,0,0","0,0,0,2,3,0,1,0,0",HOME,1
6KOQl,CPBL-2020-KS,2020,一軍,例行賽,2020-04-29,2020-04-29 18:35,2020-04-29 22:27,臺南市立棒球場,9,,FINISHED,NORMAL,統一7-ELEVEn獅,ORcS5,中信兄弟,n51lm,8,9,10,14,0,0,"0,0,0,1,0,3,0,1,3","1,0,0,2,0,0,3,3,0",AWAY,0
9smy3,CPBL-2020-KS,2020,一軍,例行賽,2020-04-29,2020-04-29 18:35,2020-04-29 21:39,新北市立新莊棒球場,9,,FINISHED,NORMAL,富邦悍將,Bh3cW,樂天桃猿,BCqA8,3,5,8,10,0,0,"0,0,0,0,0,0,2,1,0","2,0,0,0,0,2,1,0,0",AWAY,0
diJpv,CPBL-2020-KS,2020,一軍,例行賽,2020-04-28,2020-04-28 18:35,2020-04-28 21:50,新北市立新莊棒球場,9,,FINISHED,NORMAL,富邦悍將,Bh3cW,樂天桃猿,BCqA8,0,3,2,12,0,0,"0,0,0,0,0,0,0,0,0","0,0,0,0,0,2,1,0,0",AWAY,0
opU3v,CPBL-2020-KS,2020,一軍,例行賽,2020-04-26,2020-04-26 17:05,2020-04-26 20:57,臺南市立棒球場,9,,FINISHED,NORMAL,統一7-ELEVEn獅,ORcS5,樂天桃猿,BCqA8,12,5,17,12,0,0,"1,2,3,4,0,1,1,0,0","0,0,0,0,1,3,0,1,0",HOME,1
apLVs,CPBL-2020-KS,2020,一軍,例行賽,2020-04-26,2020-04-26 17:05,2020-04-26 20:12,新北市立新莊棒球場,9,,FINISHED,NORMAL,富邦悍將,Bh3cW,中信兄弟,n51lm,5,4,7,12,0,0,"3,0,0,1,0,0,1,0,0","0,0,1,0,0,0,2,1,0",HOME,1
DsQaJ,CPBL-2020-KS,2020,一軍,例行賽,2020-04-25,2020-04-25 17:05,2020-04-25 20:43,臺南市立棒球場,9,,FINISHED,NORMAL,統一7-ELEVEn獅,ORcS5,樂天桃猿,BCqA8,8,7,12,14,0,0,"0,2,0,0,0,1,3,0,2","4,1,0,2,0,0,0,0,0",HOME,1
3WZdP,CPBL-2020-KS,2020,一軍,例行賽,2020-04-25,2020-04-25 17:05,2020-04-25 20:46,新北市立新莊棒球場,9,,FINISHED,NORMAL,富邦悍將,Bh3cW,中信兄弟,n51lm,5,6,6,12,0,0,"0,0,0,0,1,4,0,0,0","0,0,3,0,0,1,1,1,0",AWAY,0
2xIWV,CPBL-2020-KS,2020,一軍,例行賽,2020-04-24,2020-04-24 18:35,2020-04-24 22:21,臺南市立棒球場,9,,FINISHED,NORMAL,統一7-ELEVEn獅,ORcS5,樂天桃猿,BCqA8,4,14,8,17,0,0,"0,0,0,0,0,0,0,0,4","2,1,5,1,0,0,0,2,3",AWAY,0
VHh25,CPBL-2020-KS,2020,一軍,例行賽,2020-04-24,2020-04-24 18:35,2020-04-24 22:02,新北市立新莊棒球場,9,,FINISHED,NORMAL,富邦悍將,Bh3cW,中信兄弟,n51lm,0,11,6,21,0,0,"0,0,0,0,0,0,0,0,0","7,1,0,1,1,1,0,0,0",AWAY,0
awb22,CPBL-2020-KS,2020,一軍,例行賽,2020-04-22,2020-04-22 18:35,2020-04-22 22:45,臺中市洲際棒球場,10,,FINISHED,NORMAL,中信兄弟,n51lm,樂天桃猿,BCqA8,2,3,10,13,0,0,"0,0,0,0,0,0,0,2,0,0","0,1,0,1,0,0,0,0,0,1",AWAY,0
dW7xJ,CPBL-2020-KS,2020,一軍,例行賽,2020-04-22,2020-04-22 18:35,2020-04-22 22:24,新北市立新莊棒球場,9,,FINISHED,NORMAL,富邦悍將,Bh3cW,統一7-ELEVEn獅,ORcS5,5,9,10,10,0,0,"0,1,0,3,0,0,1,0,0","2,0,3,0,4,0,0,0,0",AWAY,0
s7xrD,CPBL-2020-KS,2020,一軍,例行賽,2020-04-21,2020-04-21 18:35,2020-04-21 21:49,新北市立新莊棒球場,9,,FINISHED,NORMAL,富邦悍將,Bh3cW,統一7-ELEVEn獅,ORcS5,13,2,15,6,0,0,"6,2,2,0,0,0,0,3,0","0,0,1,0,0,1,0,0,0",HOME,1
KU7Rv,CPBL-2020-KS,2020,一軍,例行賽,2020-04-19,2020-04-19 17:05,2020-04-19 20:10,樂天桃園棒球場,9,,FINISHED,NORMAL,樂天桃猿,BCqA8,富邦悍將,Bh3cW,3,1,7,6,0,0,"1,0,0,0,1,0,1,0,0","0,1,0,0,0,0,0,0,0",HOME,1
HqNho,CPBL-2020-KS,2020,一軍,例行賽,2020-04-19,2020-04-19 17:05,2020-04-19 20:37,臺中市洲際棒球場,9,,FINISHED,NORMAL,中信兄弟,n51lm,統一7-ELEVEn獅,ORcS5,4,7,9,12,0,0,"0,0,0,0,2,0,0,2,0","1,2,0,0,0,1,0,3,0",AWAY,0
nRgKV,CPBL-2020-KS,2020,一軍,例行賽,2020-04-18,2020-04-18 17:05,2020-04-18 21:26,樂天桃園棒球場,9,,FINISHED,NORMAL,樂天桃猿,BCqA8,富邦悍將,Bh3cW,12,9,16,12,0,0,"0,0,0,2,2,4,4,0,0","1,0,0,1,0,0,0,3,4",HOME,1
ekWYc,CPBL-2020-KS,2020,一軍,例行賽,2020-04-18,2020-04-18 17:06,2020-04-18 19:55,臺中市洲際棒球場,9,,FINISHED,NORMAL,中信兄弟,n51lm,統一7-ELEVEn獅,ORcS5,6,2,9,3,0,0,"0,0,4,0,0,0,0,2,0","0,0,1,0,0,0,1,0,0",HOME,1
WkOep,CPBL-2020-KS,2020,一軍,例行賽,2020-04-17,2020-04-17 18:35,2020-04-17 22:55,樂天桃園棒球場,9,,FINISHED,NORMAL,樂天桃猿,BCqA8,富邦悍將,Bh3cW,11,10,14,13,0,0,"0,0,2,3,1,0,3,2,0","0,2,0,0,7,0,0,1,0",HOME,1
bbVUT,CPBL-2020-KS,2020,一軍,例行賽,2020-04-17,2020-04-17 18:36,2020-04-17 21:41,臺中市洲際棒球場,9,,FINISHED,NORMAL,中信兄弟,n51lm,統一7-ELEVEn獅,ORcS5,6,1,8,7,0,0,"0,0,0,2,1,0,3,0,0","0,0,0,0,1,0,0,0,0",HOME,1
xjlKP,CPBL-2020-KS,2020,一軍,例行賽,2020-04-16,2020-04-16 18:35,2020-04-16 22:11,樂天桃園棒球場,9,,FINISHED,NORMAL,樂天桃猿,BCqA8,統一7-ELEVEn獅,ORcS5,15,3,14,6,0,0,"1,0,0,3,2,2,7,0,0","1,0,1,0,0,0,0,0,1",HOME,1
oSaGR,CPBL-2020-KS,2020,一軍,例行賽,2020-04-15,2020-04-15 18:35,2020-04-15 23:39,樂天桃園棒球場,12,,FINISHED,NORMAL,樂天桃猿,BCqA8,統一7-ELEVEn獅,ORcS5,9,8,16,15,0,0,"0,2,2,0,0,2,1,0,0,1,0,1","0,0,1,0,1,1,2,2,0,1,0,0",HOME,1
jWeyI,CPBL-2020-KS,2020,一軍,例行賽,2020-04-15,2020-04-15 18:35,2020-04-15 23:28,臺中市洲際棒球場,11,,FINISHED,NORMAL,中信兄弟,n51lm,富邦悍將,Bh3cW,6,7,17,15,0,0,"0,0,3,0,0,1,1,0,0,0,1","1,0,0,0,0,3,0,0,1,0,2",AWAY,0
3NLNC,CPBL-2020-KS,2020,一軍,例行賽,2020-04-14,2020-04-14 18:35,2020-04-14 21:42,臺中市洲際棒球場,9,,FINISHED,NORMAL,中信兄弟,n51lm,富邦悍將,Bh3cW,1,3,5,7,0,0,"0,0,0,0,1,0,0,0,0","0,1,1,0,0,0,0,1,0",AWAY,0
bCeWc,CPBL-2020-KS,2020,一軍,例行賽,2020-04-12,2020-04-12 17:06,2020-04-12 21:38,臺中市洲際棒球場,11,,FINISHED,NORMAL,中信兄弟,n51lm,統一7-ELEVEn獅,ORcS5,1,4,6,9,0,0,"0,0,0,1,0,0,0,0,0,0,0","0,1,0,0,0,0,0,0,0,0,3",AWAY,0
zMzSP,CPBL-2019-Sf,2019,一軍,例行賽,2019-10-05,2019-10-05 18:35,2019-10-05 22:09,樂天桃園棒球場,9,,FINISHED,NORMAL,Lamigo,vmujw,中信兄弟,rTz1A,5,14,12,12,0,0,"1,0,0,0,1,1,2,0,0","0,0,0,0,2,9,0,3,0",AWAY,0
WVsRj,CPBL-2019-Sf,2019,一軍,例行賽,2019-10-04,2019-10-04 18:35,2019-10-04 21:48,樂天桃園棒球場,9,,FINISHED,NORMAL,Lamigo,vmujw,中信兄弟,rTz1A,15,4,14,9,0,0,"2,0,2,6,1,3,1,0,0","0,0,1,0,0,0,0,3,0",HOME,1
d4Jp0,CPBL-2019-Sf,2019,一軍,例行賽,2019-10-03,2019-10-03 18:35,2019-10-03 22:06,新北市立新莊棒球場,9,,FINISHED,NORMAL,富邦悍將,8hU45,統一7-ELEVEn獅,aB3r1,18,4,19,6,0,0,"12,0,0,0,3,0,2,1,0","0,0,0,0,0,0,4,0,0",HOME,1
WMrcN,CPBL-2019-Sf,2019,一軍,例行賽,2019-10-02,2019-10-02 18:35,2019-10-02 22:20,樂天桃園棒球場,9,,FINISHED,NORMAL,Lamigo,vmujw,中信兄弟,rTz1A,3,5,5,9,0,0,"0,0,0,3,0,0,0,0,0","0,0,1,0,3,0,0,1,0",AWAY,0
JdQrS,CPBL-2019-Sf,2019,一軍,例行賽,2019-10-01,2019-10-01 18:35,2019-10-01 21:56,臺中市洲際棒球場,9,,FINISHED,NORMAL,中信兄弟,rTz1A,富邦悍將,8hU45,8,3,11,10,0,0,"1,0,3,4,0,0,0,0,0","2,1,0,0,0,0,0,0,0",HOME,1
L1BQ1,CPBL-2019-Sf,2019,一軍,例行賽,2019-09-29,2019-09-29 17:05,2019-09-29 20:38,臺中市洲際棒球場,9,,FINISHED,NORMAL,中信兄弟,rTz1A,富邦悍將,8hU45,1,2,5,9,0,0,"1,0,0,0,0,0,0,0,0","0,0,0,0,1,0,0,0,1",AWAY,0
qQZOe,CPBL-2019-Sf,2019,一軍,例行賽,2019-09-29,2019-09-29 17:06,2019-09-29 21:16,臺南市立棒球場,9,,FINISHED,NORMAL,統一7-ELEVEn獅,aB3r1,Lamigo,vmujw,5,17,10,19,0,0,"1,1,1,0,0,0,0,2,0","3,1,9,1,0,1,0,2,0",AWAY,0
4Wwa0,CPBL-2019-Sf,2019,一軍,例行賽,2019-09-28,2019-09-28 17:06,2019-09-28 20:13,臺中市洲際棒球場,9,,FINISHED,NORMAL,中信兄弟,rTz1A,富邦悍將,8hU45,5,2,8,6,0,0,"2,0,0,1,0,0,2,0,0","0,2,0,0,0,0,0,0,0",HOME,1
LXdGY,CPBL-2019-Sf,2019,一軍,例行賽,2019-09-28,2019-09-28 17:05,2019-09-28 21:03,臺南市立棒球場,9,,FINISHED,NORMAL,統一7-ELEVEn獅,aB3r1,Lamigo,vmujw,3,19,6,16,0,0,"0,2,0,0,0,0,0,0,1","2,0,6,2,0,2,6,0,1",AWAY,0
zlHbS,CPBL-2019-Sf,2019,一軍,例行賽,2019-09-27,2019-09-27 18:35,2019-09-27 21:53,臺中市洲際棒球場,9,,FINISHED,NORMAL,中信兄弟,rTz1A,富邦悍將,8hU45,2,1,5,8,0,0,"0,0,0,0,0,1,0,0,1","0,0,0,0,0,1,0,0,0",HOME,1
5VGlr,CPBL-2019-Sf,2019,一軍,例行賽,2019-09-27,2019-09-27 18:36,2019-09-27 21:57,臺南市立棒球場,9,,FINISHED,NORMAL,統一7-ELEVEn獅,aB3r1,Lamigo,vmujw,1,6,4,10,0,0,"0,0,0,0,0,1,0,0,0","2,1,0,0,0,0,0,2,1",AWAY,0
PmfAY,CPBL-2019-Sf,2019,一軍,例行賽,2019-09-26,2019-09-26 18:35,2019-09-26 22:39,臺中市洲際棒球場,9,,FINISHED,NORMAL,中信兄弟,rTz1A,統一7-ELEVEn獅,aB3r1,8,12,9,16,0,0,"3,0,1,1,0,3,0,0,0","0,0,4,2,3,0,2,0,1",AWAY,0
4xSys,CPBL-2019-Sf,2019,一軍,例行賽,2019-09-25,2019-09-25 18:35,2019-09-25 21:30,臺中市洲際棒球場,9,,FINISHED,NORMAL,中信兄弟,rTz1A,統一7-ELEVEn獅,aB3r1,7,1,13,5,0,0,"0,1,0,0,0,1,5,0,0","1,0,0,0,0,0,0,0,0",HOME,1
O3y06,CPBL-2019-Sf,2019,一軍,例行賽,2019-09-25,2019-09-25 18:35,2019-09-25 22:39,樂天桃園棒球場,9,,FINISHED,NORMAL,Lamigo,vmujw,富邦悍將,8hU45,2,6,11,12,0,0,"0,0,1,0,1,0,0,0,0","3,0,1,0,0,0,0,1,1",AWAY,0
Weti4,CPBL-2019-Sf,2019,一軍,例行賽,2019-09-24,2019-09-24 18:35,2019-09-24 22:40,樂天桃園棒球場,9,,FINISHED,NORMAL,Lamigo,vmujw,富邦悍將,8hU45,7,13,11,20,0,0,"0,0,0,0,1,4,2,0,0","1,2,1,1,0,0,7,0,1",AWAY,0
ejfkQ,CPBL-2019-Sf,2019,一軍,例行賽,2019-09-22,2019-09-22 17:08,2019-09-22 20:31,樂天桃園棒球場,9,,FINISHED,NORMAL,Lamigo,vmujw,中信兄弟,rTz1A,6,4,10,10,0,0,"0,0,1,0,0,0,3,2,0","0,0,0,0,0,4,0,0,0",HOME,1
0Nt48,CPBL-2019-Sf,2019,一軍,例行賽,2019-09-22,2019-09-22 17:36,2019-09-22 20:55,新北市立新莊棒球場,9,,FINISHED,NORMAL,富邦悍將,8hU45,統一7-ELEVEn獅,aB3r1,3,5,7,4,0,0,"0,0,0,0,0,0,0,3,0","0,0,0,0,0,0,2,1,2",AWAY,0
B1oup,CPBL-2019-Sf,2019,一軍,例行賽,2019-09-22,2019-09-22 13:05,2019-09-22 16:34,新北市立新莊棒球場,9,,FINISHED,NORMAL,富邦悍將,8hU45,統一7-ELEVEn獅,aB3r1,15,2,16,10,0,0,"2,1,0,0,0,4,4,4,0","0,1,0,0,0,0,1,0,0",HOME,1
itxN0,CPBL-2019-Sf,2019,一軍,例行賽,2019-09-19,2019-09-19 18:35,2019-09-19 23:23,樂天桃園棒球場,9,,FINISHED,NORMAL,Lamigo,vmujw,統一7-ELEVEn獅,aB3r1,18,6,23,11,0,0,"2,0,0,0,2,2,11,1,0","0,0,0,1,4,0,0,0,1",HOME,1
1vySI,CPBL-2019-Sf,2019,一軍,例行賽,2019-09-18,2019-09-18 18:35,2019-09-18 22:54,樂天桃園棒球場,12,,FINISHED,NORMAL,Lamigo,vmujw,統一7-ELEVEn獅,aB3r1,3,3,7,11,0,0,"0,0,0,0,0,0,0,0,3,0,0,0","0,0,3,0,0,0,0,0,0,0,0,0",TIE,
NytLy,CPBL-2019-Sf,2019,一軍,例行賽,2019-09-18,2019-09-18 18:37,2019-09-18 21:18,新北市立新莊棒球場,9,,FINISHED,NORMAL,富邦悍將,8hU45,中信兄弟,rTz1A,1,3,7,4,0,0,"0,0,0,0,0,0,1,0,0","0,2,0,0,0,0,0,0,1",AWAY,0
Xn7Je,CPBL-2019-Sf,2019,一軍,例行賽,2019-09-17,2019-09-17 18:35,2019-09-17 22:10,新北市立新莊棒球場,9,,FINISHED,NORMAL,富邦悍將,8hU45,中信兄弟,rTz1A,3,4,8,9,0,0,"0,0,0,0,0,0,1,2,0","0,2,0,0,0,1,1,0,0",AWAY,0
W5hw0,CPBL-2019-Sf,2019,一軍,例行賽,2019-09-15,2019-09-15 17:16,2019-09-15 21:18,新北市立新莊棒球場,10,,FINISHED,NORMAL,富邦悍將,8hU45,Lamigo,vmujw,7,6,9,9,0,0,"0,0,1,0,1,0,2,2,0,1","0,2,0,0,0,2,1,0,1,0",HOME,1
7A9f3,CPBL-2019-Sf,2019,一軍,例行賽,2019-09-15,2019-09-15 17:08,2019-09-15 20:48,臺南市立棒球場,10,,FINISHED,NORMAL,統一7-ELEVEn獅,aB3r1,中信兄弟,rTz1A,2,3,11,7,0,0,"0,1,0,0,0,0,1,0,0,0","0,0,0,1,0,1,0,0,0,1",AWAY,0
Rx0Wb,CPBL-2019-Sf,2019,一軍,例行賽,2019-09-14,2019-09-14 17:05,2019-09-14 19:47,新北市立新莊棒球場,9,,FINISHED,NORMAL,富邦悍將,8hU45,Lamigo,vmujw,3,1,10,9,0,0,"0,0,1,0,0,0,0,2,0","0,0,1,0,0,0,0,0,0",HOME,1
RGfsn,CPBL-2019-Sf,2019,一軍,例行賽,2019-09-14,2019-09-14 17:06,2019-09-14 23:59,臺南市立棒球場,9,,FINISHED,NORMAL,統一7-ELEVEn獅,aB3r1,中信兄弟,rTz1A,11,10,11,13,0,0,"0,0,2,0,1,1,0,1,6","2,0,0,2,0,0,0,6,0",HOME,1
zx0eM,CPBL-2019-Sf,2019,一軍,例行賽,2019-09-13,2019-09-13 17:05,2019-09-13 20:12,新北市立新莊棒球場,9,,FINISHED,NORMAL,富邦悍將,8hU45,Lamigo,vmujw,13,0,19,6,0,0,"4,0,3,2,0,1,0,3,0","0,0,0,0,0,0,0,0,0",HOME,1
71GUW,CPBL-2019-Sf,2019,一軍,例行賽,2019-09-13,2019-09-13 17:06,2019-09-13 20:31,臺南市立棒球場,9,,FINISHED,NORMAL,統一7-ELEVEn獅,aB3r1,中信兄弟,rTz1A,2,16,9,15,0,0,"0,0,0,0,1,0,0,1,0","3,0,0,5,0,0,6,2,0",AWAY,0
UsRdw,CPBL-2019-Sf,2019,一軍,例行賽,2019-09-12,2019-09-12 18:35,2019-09-12 22:16,臺中市洲際棒球場,9,,FINISHED,NORMAL,中信兄弟,rTz1A,Lamigo,vmujw,9,3,10,9,0,0,"3,1,3,0,0,0,2,0,0","0,0,0,0,0,0,1,2,0",HOME,1
Y2VZx,CPBL-2019-Sf,2019,一軍,例行賽,2019-09-11,2019-09-11 18:35,2019-09-11 22:24,臺中市洲際棒球場,9,,FINISHED,NORMAL,中信兄弟,rTz1A,Lamigo,vmujw,9,2,14,7,0,0,"0,0,0,0,0,2,4,3,0","1,0,1,0,0,0,0,0,0",HOME,1
XrC7a,CPBL-2019-Sf,2019,一軍,例行賽,2019-09-11,2019-09-11 18:35,2019-09-11 22:21,臺南市立棒球場,9,,FINISHED,NORMAL,統一7-ELEVEn獅,aB3r1,富邦悍將,8hU45,9,7,12,15,0,0,"0,0,4,1,4,0,0,0,0","0,3,1,0,1,1,0,0,1",HOME,1
QbohY,CPBL-2019-Sf,2019,一軍,例行賽,2019-09-10,2019-09-10 19:45,2019-09-10 22:42,臺南市立棒球場,9,,FINISHED,NORMAL,統一7-ELEVEn獅,aB3r1,富邦悍將,8hU45,8,2,17,4,0,0,"0,5,0,1,0,0,0,2,0","0,0,0,0,0,0,2,0,0",HOME,1
Ma3OW,CPBL-2019-Sf,2019,一軍,例行賽,2019-09-08,2019-09-08 17:05,2019-09-08 20:49,樂天桃園棒球場,9,,FINISHED,NORMAL,Lamigo,vmujw,富邦悍將,8hU45,3,16,6,21,0,0,"0,0,0,1,0,0,0,0,2","3,0,7,0,3,0,1,2,0",AWAY,0
oiEL9,CPBL-2019-Sf,2019,一軍,例行賽,2019-09-08,2019-09-08 17:06,2019-09-08 21:32,臺中市洲際棒球場,9,,FINISHED,NORMAL,中信兄弟,rTz1A,統一7-ELEVEn獅,aB3r1,8,11,16,16,0,0,"0,0,0,1,2,0,0,1,4","0,0,0,4,7,0,0,0,0",AWAY,0
Okvbl,CPBL-2019-Sf,2019,一軍,例行賽,2019-09-07,2019-09-07 17:05,2019-09-07 20:38,樂天桃園棒球場,9,,FINISHED,NORMAL,Lamigo,vmujw,富邦悍將,8hU45,3,6,10,14,0,0,"0,2,0,0,0,0,0,0,1","0,3,0,0,1,0,2,0,0",AWAY,0
bDVYf,CPBL-2019-Sf,2019,一軍,例行賽,2019-09-07,2019-09-07 17:05,2019-09-07 20:14,臺中市洲際棒球場,9,,FINISHED,NORMAL,中信兄弟,rTz1A,統一7-ELEVEn獅,aB3r1,11,3,15,8,0,0,"0,1,1,1,1,0,7,0,0","0,3,0,0,0,0,0,0,0",HOME,1
7nppt,CPBL-2019-Sf,2019,一軍,例行賽,2019-09-06,2019-09-06 18:35,2019-09-06 22:04,樂天桃園棒球場,9,,FINISHED,NORMAL,Lamigo,vmujw,富邦悍將,8hU45,7,3,9,11,0,0,"1,2,0,0,0,0,0,4,0","0,0,0,0,0,0,2,0,1",HOME,1
CY4c8,CPBL-2019-Sf,2019,一軍,例行賽,2019-09-06,2019-09-06 18:35,2019-09-06 22:17,臺中市洲際棒球場,9,,FINISHED,NORMAL,中信兄弟,rTz1A,統一7-ELEVEn獅,aB3r1,1,2,12,13,0,0,"0,0,0,0,0,1,0,0,0","0,0,1,1,0,0,0,0,0",AWAY,0
fulI7,CPBL-2019-Sf,2019,一軍,例行賽,2019-09-04,2019-09-04 18:36,2019-09-04 22:45,樂天桃園棒球場,9,,FINISHED,NORMAL,Lamigo,vmujw,中信兄弟,rTz1A,14,15,19,14,0,0,"4,0,7,0,1,0,1,1,0","0,0,0,8,0,4,0,3,0",AWAY,0
2QPo7,CPBL-2019-Sf,2019,一軍,例行賽,2019-09-04,2019-09-04 18:35,2019-09-04 21:11,新北市立新莊棒球場,9,,FINISHED,NORMAL,富邦悍將,8hU45,統一7-ELEVEn獅,aB3r1,1,0,5,2,0,0,"0,0,0,0,1,0,0,0,0","0,0,0,0,0,0,0,0,0",HOME,1
DPCfB,CPBL-2019-Sf,2019,一軍,例行賽,2019-09-03,2019-09-03 18:35,2019-09-03 21:29,新北市立新莊棒球場,9,,FINISHED,NORMAL,富邦悍將,8hU45,統一7-ELEVEn獅,aB3r1,6,5,17,10,0,0,"2,0,0,0,2,1,0,0,1","0,0,3,0,1,0,0,0,1",HOME,1
6JSgq,CPBL-2019-Sf,2019,一軍,例行賽,2019-09-01,2019-09-01 17:05,2019-09-01 21:12,樂天桃園棒球場,9,,FINISHED,NORMAL,Lamigo,vmujw,統一7-ELEVEn獅,aB3r1,11,3,16,9,0,0,"3,0,2,4,2,0,0,0,0","1,0,0,1,1,0,0,0,0",HOME,1
cmH9t,CPBL-2019-Sf,2019,一軍,例行賽,2019-09-01,2019-09-01 17:05,2019-09-01 20:20,新北市立新莊棒球場,9,,FINISHED,NORMAL,富邦悍將,8hU45,中信兄弟,rTz1A,5,3,8,8,0,0,"0,0,0,0,0,0,0,5,0","0,0,0,1,0,0,0,2,0",HOME,1
R41VH,CPBL-2019-Sf,2019,一軍,例行賽,2019-08-31,2019-08-31 17:05,2019-08-31 21:08,樂天桃園棒球場,9,,FINISHED,NORMAL,Lamigo,vmujw,統一7-ELEVEn獅,aB3r1,7,8,14,13,0,0,"3,0,0,0,0,0,0,2,2","0,0,1,0,0,2,5,0,0",AWAY,0
RuQFF,CPBL-2019-Sf,2019,一軍,例行賽,2019-08-31,2019-08-31 17:05,2019-08-31 20:54,新北市立新莊棒球場,9,,FINISHED,NORMAL,富邦悍將,8hU45,中信兄弟,rTz1A,5,4,8,10,0,0,"0,2,0,0,3,0,0,0,0","2,0,1,0,0,0,0,1,0",HOME,1
lvjvH,CPBL-2019-Sf,2019,一軍,例行賽,2019-08-30,2019-08-30 18:35,2019-08-30 23:09,樂天桃園棒球場,9,,FINISHED,NORMAL,Lamigo,vmujw,統一7-ELEVEn獅,aB3r1,6,10,11,13,0,0,"0,0,0,1,4,0,1,0,0","4,0,0,4,0,2,0,0,0",AWAY,0
w6vo5,CPBL-2019-Sf,2019,一軍,例行賽,2019-08-30,2019-08-30 18:35,2019-08-30 21:30,新北市立新莊棒球場,9,,FINISHED,NORMAL,富邦悍將,8hU45,中信兄弟,rTz1A,2,4,6,8,0,0,"1,1,0,0,0,0,0,0,0","0,1,0,2,0,0,0,0,1",AWAY,0
NHwAC,CPBL-2019-Sf,2019,一軍,例行賽,2019-08-29,2019-08-29 18:35,2019-08-29 23:38,澄清湖棒球場,9,,FINISHED,NORMAL,統一7-ELEVEn獅,aB3r1,中信兄弟,rTz1A,4,2,9,6,0,0,"1,0,0,0,0,0,1,2,0","0,0,0,0,0,0,2,0,0",HOME,1
e0jJ0,CPBL-2019-Sf,2019,一軍,例行賽,2019-08-28,2019-08-28 18:38,2019-08-28 22:13,澄清湖棒球場,9,,FINISHED,NORMAL,統一7-ELEVEn獅,aB3r1,中信兄弟,rTz1A,0,7,6,11,0,0,"0,0,0,0,0,0,0,0,0","0,0,0,0,0,2,0,4,1",AWAY,0
zfNeI,CPBL-2019-Sf,2019,一軍,例行賽,2019-08-28,2019-08-28 18:35,2019-08-28 22:13,新北市立新莊棒球場,9,,FINISHED,NORMAL,富邦悍將,8hU45,Lamigo,vmujw,6,12,12,15,0,0,"0,0,0,3,1,2,0,0,0","3,0,6,0,2,0,0,1,0",AWAY,0
o9Zrq,CPBL-2019-Sf,2019,一軍,例行賽,2019-08-27,2019-08-27 18:35,2019-08-27 21:33,新北市立新莊棒球場,9,,FINISHED,NORMAL,富邦悍將,8hU45,Lamigo,vmujw,2,0,7,8,0,0,"0,1,0,1,0,0,0,0,0","0,0,0,0,0,0,0,0,0",HOME,1
2PqzM,CPBL-2019-Sf,2019,一軍,例行賽,2019-08-25,2019-08-25 17:05,2019-08-25 21:02,臺中市洲際棒球場,9,,FINISHED,NORMAL,中信兄弟,rTz1A,Lamigo,vmujw,1,2,6,10,0,0,"0,0,0,0,0,0,1,0,0","0,0,1,0,0,0,1,0,0",AWAY,0
jshL0,CPBL-2019-Sf,2019,一軍,例行賽,2019-08-25,2019-08-25 17:07,2019-08-25 20:10,臺北市立天母棒球場,9,,FINISHED,NORMAL,統一7-ELEVEn獅,aB3r1,富邦悍將,8hU45,4,2,11,12,0,0,"1,3,0,0,0,0,0,0,0","0,0,0,0,0,0,2,0,0",HOME,1
tU4gD,CPBL-2019-Sf,2019,一軍,例行賽,2019-08-24,2019-08-24 17:05,2019-08-24 20:22,臺中市洲際棒球場,9,,FINISHED,NORMAL,中信兄弟,rTz1A,Lamigo,vmujw,9,1,11,10,0,0,"5,0,1,0,1,0,2,0,0","0,1,0,0,0,0,0,0,0",HOME,1
7bHZ0,CPBL-2019-Sf,2019,一軍,例行賽,2019-08-24,2019-08-24 17:07,2019-08-24 20:37,臺北市立天母棒球場,9,,FINISHED,NORMAL,統一7-ELEVEn獅,aB3r1,富邦悍將,8hU45,10,8,11,14,0,0,"4,0,0,1,4,1,0,0,0","0,0,0,1,3,0,1,3,0",HOME,1
QYwhV,CPBL-2019-Sf,2019,一軍,例行賽,2019-08-23,2019-08-23 18:35,2019-08-23 23:03,臺中市洲際棒球場,9,,FINISHED,NORMAL,中信兄弟,rTz1A,Lamigo,vmujw,11,3,11,12,0,0,"0,3,0,0,0,3,3,2,0","0,0,2,0,0,1,0,0,0",HOME,1
NqqA6,CPBL-2019-Sf,2019,一軍,例行賽,2019-08-23,2019-08-23 18:07,2019-08-23 21:21,臺北市立天母棒球場,9,,FINISHED,NORMAL,統一7-ELEVEn獅,aB3r1,富邦悍將,8hU45,2,11,5,16,0,0,"0,0,1,0,0,0,0,1,0","0,2,0,0,0,5,4,0,0",AWAY,0
QyRYr,CPBL-2019-Sf,2019,一軍,例行賽,2019-08-22,2019-08-22 18:35,2019-08-22 21:59,臺中市洲際棒球場,9,,FINISHED,NORMAL,中信兄弟,rTz1A,富邦悍將,8hU45,6,4,7,10,0,0,"0,1,1,0,0,2,2,0,0","0,1,0,0,0,0,0,3,0",HOME,1
YCUMh,CPBL-2019-Sf,2019,一軍,例行賽,2019-08-22,2019-08-22 18:36,2019-08-22 23:07,臺南市立棒球場,11,,FINISHED,NORMAL,統一7-ELEVEn獅,aB3r1,Lamigo,vmujw,8,7,12,11,0,0,"0,5,1,0,0,1,0,0,0,0,1","0,0,3,3,0,0,0,1,0,0,0",HOME,1
85Ia5,CPBL-2019-Sf,2019,一軍,例行賽,2019-08-21,2019-08-21 18:35,2019-08-21 22:07,臺南市立棒球場,9,,FINISHED,NORMAL,統一7-ELEVEn獅,aB3r1,Lamigo,vmujw,4,2,10,5,0,0,"0,1,0,1,0,0,0,2,0","0,1,0,0,1,0,0,0,0",HOME,1
xG4lt,CPBL-2019-Sf,2019,一軍,例行賽,2019-08-20,2019-08-20 18:36,2019-08-20 22:17,臺南市立棒球場,9,,FINISHED,NORMAL,統一7-ELEVEn獅,aB3r1,Lamigo,vmujw,2,7,6,14,0,0,"0,0,0,0,0,0,1,0,1","0,0,0,1,4,1,0,1,0",AWAY,0
xHHS7,CPBL-2019-Sf,2019,一軍,例行賽,2019-08-18,2019-08-18 17:18,2019-08-18 21:35,新北市立新莊棒球場,9,,FINISHED,NORMAL,富邦悍將,8hU45,統一7-ELEVEn獅,aB3r1,6,2,11,4,0,0,"1,1,0,0,1,0,2,1,0","0,2,0,0,0,0,0,0,0",HOME,1
cPHnv,CPBL-2019-Sf,2019,一軍,例行賽,2019-08-18,2019-08-18 17:05,2019-08-18 20:48,樂天桃園棒球場,9,,FINISHED,NORMAL,Lamigo,vmujw,中信兄弟,rTz1A,4,9,8,9,0,0,"1,0,0,0,0,0,0,3,0","0,3,0,1,0,0,5,0,0",AWAY,0
UlXVg,CPBL-2019-Sf,2019,一軍,例行賽,2019-08-17,2019-08-17 17:05,2019-08-17 19:54,新北市立新莊棒球場,9,,FINISHED,NORMAL,富邦悍將,8hU45,統一7-ELEVEn獅,aB3r1,3,1,12,6,0,0,"0,2,0,0,0,0,0,1,0","0,1,0,0,0,0,0,0,0",HOME,1
8GYWL,CPBL-2019-Sf,2019,一軍,例行賽,2019-08-17,2019-08-17 17:07,2019-08-17 20:48,樂天桃園棒球場,9,,FINISHED,NORMAL,Lamigo,vmujw,中信兄弟,rTz1A,7,8,7,13,0,0,"2,0,0,0,0,0,5,0,0","0,1,0,1,0,1,2,3,0",AWAY,0
aFfZH,CPBL-2019-Sf,2019,一軍,例行賽,2019-08-16,2019-08-16 18:35,2019-08-16 21:34,新北市立新莊棒球場,9,,FINISHED,NORMAL,富邦悍將,8hU45,統一7-ELEVEn獅,aB3r1,3,4,8,8,0,0,"1,0,2,0,0,0,0,0,0","0,0,1,1,0,0,0,2,0",AWAY,0
qk0uF,CPBL-2019-Sf,2019,一軍,例行賽,2019-08-16,2019-08-16 18:37,2019-08-16 22:34,樂天桃園棒球場,9,,FINISHED,NORMAL,Lamigo,vmujw,中信兄弟,rTz1A,5,1,11,14,0,0,"3,0,0,0,0,0,2,0,0","0,0,0,0,0,0,0,1,0",HOME,1
Aq9rc,CPBL-2019-Sf,2019,一軍,例行賽,2019-08-15,2019-08-15 18:35,2019-08-15 21:56,樂天桃園棒球場,9,,FINISHED,NORMAL,Lamigo,vmujw,富邦悍將,8hU45,7,5,7,14,0,0,"0,0,0,1,4,0,0,2,0","1,0,0,1,0,2,1,0,0",HOME,1
HspFL,CPBL-2019-Sf,2019,一軍,例行賽,2019-08-14,2019-08-14 18:37,2019-08-14 22:18,樂天桃園棒球場,9,,FINISHED,NORMAL,Lamigo,vmujw,富邦悍將,8hU45,11,7,16,10,0,0,"1,0,1,3,1,3,0,2,0","2,0,0,1,0,2,1,0,1",HOME,1
RqJA4,CPBL-2019-Sf,2019,一軍,例行賽,2019-08-14,2019-08-14 18:36,2019-08-14 22:12,花蓮縣立德興棒球場,9,,FINISHED,NORMAL,中信兄弟,rTz1A,統一7-ELEVEn獅,aB3r1,7,4,13,12,0,0,"3,0,0,2,0,0,2,0,0","1,0,0,0,0,1,1,0,1",HOME,1
dQoVV,CPBL-2019-Sf,2019,一軍,例行賽,2019-08-13,2019-08-13 18:35,2019-08-13 21:37,花蓮縣立德興棒球場,9,,FINISHED,NORMAL,中信兄弟,rTz1A,統一7-ELEVEn獅,aB3r1,5,2,7,11,0,0,"0,0,0,2,1,0,1,1,0","0,0,1,1,0,0,0,0,0",HOME,1
Q7sY2,CPBL-2019-Sf,2019,一軍,例行賽,2019-08-11,2019-08-11 17:05,2019-08-11 21:13,花蓮縣立德興棒球場,9,,FINISHED,NORMAL,統一7-ELEVEn獅,aB3r1,Lamigo,vmujw,19,8,22,15,0,0,"5,2,0,2,6,2,1,1,0","0,1,0,0,0,0,2,3,2",HOME,1
T5qC5,CPBL-2019-Sf,2019,一軍,例行賽,2019-08-11,2019-08-11 17:05,2019-08-11 20:19,臺北市立天母棒球場,9,,FINISHED,NORMAL,中信兄弟,rTz1A,富邦悍將,8hU45,1,8,10,15,0,0,"0,0,0,0,0,0,0,1,0","2,2,2,0,0,0,1,1,0",AWAY,0
tJyIf,CPBL-2019-Sf,2019,一軍,例行賽,2019-08-11,2019-08-11 13:05,2019-08-11 15:34,臺北市立天母棒球場,9,,FINISHED,NORMAL,中信兄弟,rTz1A,富邦悍將,8hU45,5,0,8,3,0,0,"0,0,0,1,0,1,2,1,0","0,0,0,0,0,0,0,0,0",HOME,1
TaAGU,CPBL-2019-Sf,2019,一軍,例行賽,2019-08-10,2019-08-10 17:06,2019-08-10 20:35,花蓮縣立德興棒球場,9,,FINISHED,NORMAL,統一7-ELEVEn獅,aB3r1,Lamigo,vmujw,0,10,6,15,0,0,"0,0,0,0,0,0,0,0,0","1,0,0,2,0,1,0,1,5",AWAY,0
YuqgK,CPBL-2019-Sf,2019,一軍,例行賽,2019-08-10,2019-08-10 17:05,2019-08-10 20:13,臺北市立天母棒球場,9,,FINISHED,NORMAL,中信兄弟,rTz1A,富邦悍將,8hU45,8,1,11,5,0,0,"0,0,0,3,1,0,0,4,0","0,0,0,0,0,0,0,0,1",HOME,1
7gutz,CPBL-2019-Sf,2019,一軍,例行賽,2019-08-09,2019-08-09 18:35,2019-08-09 22:52,花蓮縣立德興棒球場,9,,FINISHED,NORMAL,統一7-ELEVEn獅,aB3r1,Lamigo,vmujw,5,10,11,12,0,0,"3,0,0,1,0,0,1,0,0","0,0,0,0,5,4,0,1,0",AWAY,0
omB37,CPBL-2019-Sf,2019,一軍,例行賽,2019-08-08,2019-08-08 18:39,2019-08-08 23:25,花蓮縣立德興棒球場,9,,FINISHED,NORMAL,統一7-ELEVEn獅,aB3r1,富邦悍將,8hU45,7,6,10,10,0,0,"0,0,0,0,5,0,0,2,0","0,0,0,3,0,0,2,1,0",HOME,1
S9LYT,CPBL-2019-Sf,2019,一軍,例行賽,2019-08-07,2019-08-07 18:37,2019-08-07 23:44,花蓮縣立德興棒球場,9,,FINISHED,NORMAL,統一7-ELEVEn獅,aB3r1,富邦悍將,8hU45,5,10,10,10,0,0,"1,4,0,0,0,0,0,0,0","1,0,0,0,5,1,0,2,1",AWAY,0
gF1fx,CPBL-2019-Sf,2019,一軍,例行賽,2019-08-07,2019-08-07 18:35,2019-08-07 22:01,臺中市洲際棒球場,9,,FINISHED,NORMAL,中信兄弟,rTz1A,Lamigo,vmujw,2,3,6,7,0,0,"0,0,1,1,0,0,0,0","3,0,0,0,0,0,0,0,0",AWAY,0
4CN4N,CPBL-2019-Sf,2019,一軍,例行賽,2019-08-06,2019-08-06 18:35,2019-08-06 22:13,臺中市洲際棒球場,9,,FINISHED,NORMAL,中信兄弟,rTz1A,Lamigo,vmujw,12,6,15,8,0,0,"0,0,1,0,0,1,4,6,0","1,0,0,0,0,5,0,0,0",HOME,1
vZgXW,CPBL-2019-Sf,2019,一軍,例行賽,2019-08-04,2019-08-04 18:17,2019-08-04 21:49,臺南市立棒球場,9,,FINISHED,NORMAL,統一7-ELEVEn獅,aB3r1,中信兄弟,rTz1A,10,4,15,9,0,0,"4,0,1,0,0,5,0,0,0","2,0,0,0,1,0,0,1,0",HOME,1
OV4Wo,CPBL-2019-Sf,2019,一軍,例行賽,2019-08-04,2019-08-04 17:06,2019-08-04 20:10,新北市立新莊棒球場,9,,FINISHED,NORMAL,富邦悍將,8hU45,Lamigo,vmujw,4,3,7,9,0,0,"0,0,0,1,1,0,0,2,0","0,0,0,0,1,1,1,0,0",HOME,1
Zrmiq,CPBL-2019-Sf,2019,一軍,例行賽,2019-08-04,2019-08-04 13:06,2019-08-04 17:12,臺南市立棒球場,9,,FINISHED,NORMAL,統一7-ELEVEn獅,aB3r1,中信兄弟,rTz1A,4,9,16,13,0,0,"1,0,1,1,0,0,0,1,0","2,0,0,0,3,0,3,0,1",AWAY,0
yTGqf,CPBL-2019-Sf,2019,一軍,例行賽,2019-08-03,2019-08-03 17:05,2019-08-03 20:37,臺南市立棒球場,9,,FINISHED,NORMAL,統一7-ELEVEn獅,aB3r1,中信兄弟,rTz1A,1,6,8,12,0,0,"0,1,0,0,0,0,0,0,0","3,0,2,0,0,0,0,0,1",AWAY,0
XWCVV,CPBL-2019-Sf,2019,一軍,例行賽,2019-08-03,2019-08-03 17:05,2019-08-03 20:24,新北市立新莊棒球場,9,,FINISHED,NORMAL,富邦悍將,8hU45,Lamigo,vmujw,2,5,6,9,0,0,"0,0,0,2,0,0,0,0,0","0,0,0,0,2,1,2,0,0",AWAY,0
Mtm6L,CPBL-2019-Sf,2019,一軍,例行賽,2019-08-02,2019-08-02 18:35,2019-08-02 22:14,新北市立新莊棒球場,9,,FINISHED,NORMAL,富邦悍將,8hU45,Lamigo,vmujw,5,14,11,17,0,0,"2,0,2,0,0,0,1,0,0","0,2,1,0,1,2,4,0,4",AWAY,0
feUvI,CPBL-2019-Sf,2019,一軍,例行賽,2019-08-01,2019-08-01 18:35,2019-08-01 21:17,新北市立新莊棒球場,9,,FINISHED,NORMAL,富邦悍將,8hU45,中信兄弟,rTz1A,5,0,10,3,0,0,"0,0,0,0,3,0,0,2,0","0,0,0,0,0,0,0,0,0",HOME,1
J1X8I,CPBL-2019-Sf,2019,一軍,例行賽,2019-07-31,2019-07-31 18:35,2019-07-31 21:22,新北市立新莊棒球場,9,,FINISHED,NORMAL,富邦悍將,8hU45,中信兄弟,rTz1A,7,2,9,4,0,0,"3,0,0,2,0,0,1,1,0","1,0,0,0,0,0,1,0,0",HOME,1
2RLUY,CPBL-2019-Sf,2019,一軍,例行賽,2019-07-31,2019-07-31 18:35,2019-07-31 22:20,樂天桃園棒球場,9,,FINISHED,NORMAL,Lamigo,vmujw,統一7-ELEVEn獅,aB3r1,7,3,9,10,0,0,"0,0,0,0,5,0,2,0,0","0,0,0,3,0,0,0,0,0",HOME,1
WFQRl,CPBL-2019-Sf,2019,一軍,例行賽,2019-07-30,2019-07-30 18:35,2019-07-30 21:39,樂天桃園棒球場,9,,FINISHED,NORMAL,Lamigo,vmujw,統一7-ELEVEn獅,aB3r1,3,2,6,6,0,0,"0,1,0,2,0,0,0,0,0","0,2,0,0,0,0,0,0,0",HOME,1
8tOE4,CPBL-2019-Sf,2019,一軍,例行賽,2019-07-25,2019-07-25 18:36,2019-07-25 21:45,新北市立新莊棒球場,9,,FINISHED,NORMAL,富邦悍將,8hU45,統一7-ELEVEn獅,aB3r1,1,8,5,8,0,0,"1,0,0,0,0,0,0,0,0","1,0,0,2,4,0,1,0,0",AWAY,0
E2lyG,CPBL-2019-Sf,2019,一軍,例行賽,2019-07-24,2019-07-24 18:35,2019-07-24 21:04,新北市立新莊棒球場,9,,FINISHED,NORMAL,富邦悍將,8hU45,統一7-ELEVEn獅,aB3r1,1,0,3,5,0,0,"0,0,1,0,0,0,0,0,0","0,0,0,0,0,0,0,0,0",HOME,1
UAITr,CPBL-2019-Sf,2019,一軍,例行賽,2019-07-24,2019-07-24 18:35,2019-07-24 22:25,樂天桃園棒球場,9,,FINISHED,NORMAL,Lamigo,vmujw,中信兄弟,rTz1A,12,5,17,8,0,0,"3,2,0,3,4,0,0,0,0","0,0,0,1,1,0,3,0,0",HOME,1
mIjyA,CPBL-2019-Sf,2019,一軍,例行賽,2019-07-23,2019-07-23 18:35,2019-07-23 22:39,樂天桃園棒球場,9,,FINISHED,NORMAL,Lamigo,vmujw,中信兄弟,rTz1A,5,20,10,21,0,0,"0,0,2,1,0,0,2,0,0","0,8,2,4,0,3,0,1,2",AWAY,0
JlKJF,CPBL-2019-Sf,2019,一軍,例行賽,2019-07-21,2019-07-21 17:06,2019-07-21 21:10,樂天桃園棒球場,9,,FINISHED,NORMAL,Lamigo,vmujw,富邦悍將,8hU45,11,3,15,10,0,0,"4,4,0,0,0,0,1,2,0","0,0,0,0,2,0,0,1,0",HOME,1
dfcf0,CPBL-2019-Sf,2019,一軍,例行賽,2019-07-21,2019-07-21 17:05,2019-07-21 20:30,臺中市洲際棒球場,9,,FINISHED,NORMAL,中信兄弟,rTz1A,統一7-ELEVEn獅,aB3r1,16,0,15,5,0,0,"0,4,1,0,8,0,0,3,0","0,0,0,0,0,0,0,0,0",HOME,1
W5nnn,CPBL-2019-Sf,2019,一軍,例行賽,2019-07-20,2019-07-20 17:05,2019-07-20 20:24,樂天桃園棒球場,9,,FINISHED,NORMAL,Lamigo,vmujw,富邦悍將,8hU45,8,3,15,9,0,0,"0,0,1,2,2,0,0,3,0","0,0,0,0,0,0,2,0,1",HOME,1
VIvwZ,CPBL-2019-Sf,2019,一軍,例行賽,2019-07-20,2019-07-20 17:05,2019-07-20 20:28,臺中市洲際棒球場,9,,FINISHED,NORMAL,中信兄弟,rTz1A,統一7-ELEVEn獅,aB3r1,10,6,13,10,0,0,"0,2,4,3,0,1,0,0,0","0,0,2,2,0,0,0,1,1",HOME,1
HO6j9,CPBL-2019-Sf,2019,一軍,例行賽,2019-07-19,2019-07-19 18:36,2019-07-19 22:08,樂天桃園棒球場,9,,FINISHED,NORMAL,Lamigo,vmujw,富邦悍將,8hU45,11,3,12,10,0,0,"0,2,0,3,0,0,0,6,0","0,0,1,2,0,0,0,0,0",HOME,1
hIOBs,CPBL-2019-Sf,2019,一軍,例行賽,2019-07-19,2019-07-19 18:35,2019-07-19 21:52,臺中市洲際棒球場,9,,FINISHED,NORMAL,中信兄弟,rTz1A,統一7-ELEVEn獅,aB3r1,4,0,11,3,0,0,"0,0,1,3,0,0,0,0,0","0,0,0,0,0,0,0,0,0",HOME,1
tAT7T,CPBL-2019-Sf,2019,一軍,例行賽,2019-07-17,2019-07-17 18:35,2019-07-17 22:15,臺南市立棒球場,9,,FINISHED,NORMAL,統一7-ELEVEn獅,aB3r1,Lamigo,vmujw,9,4,12,11,0,0,"0,0,0,2,0,3,4,0,0","0,0,0,0,2,0,0,1,1",HOME,1
FA8NT,CPBL-2019-Sf,2019,一軍,例行賽,2019-07-17,2019-07-17 18:35,2019-07-17 23:20,澄清湖棒球場,10,,FINISHED,NORMAL,中信兄弟,rTz1A,富邦悍將,8hU45,7,8,10,19,0,0,"0,0,3,1,0,0,0,0,3,0","1,0,1,0,0,3,0,1,1,1",AWAY,0
Z7833,CPBL-2019-Sf,2019,一軍,例行賽,2019-07-16,2019-07-16 18:35,2019-07-16 21:40,澄清湖棒球場,9,,FINISHED,NORMAL,中信兄弟,rTz1A,富邦悍將,8hU45,6,1,11,8,0,0,"0,0,1,0,0,0,0,5,0","0,0,0,0,0,0,0,0,1",HOME,1
HLr3l,CPBL-2019-Sf,2019,一軍,例行賽,2019-07-14,2019-07-14 17:05,2019-07-14 20:53,臺中市洲際棒球場,9,,FINISHED,NORMAL,中信兄弟,rTz1A,Lamigo,vmujw,4,6,11,14,0,0,"2,0,0,0,0,0,2,0,0","0,0,0,0,0,5,0,1,0",AWAY,0
eY3aD,CPBL-2019-Sf,2019,一軍,例行賽,2019-07-14,2019-07-14 17:05,2019-07-14 19:56,臺南市立棒球場,9,,FINISHED,NORMAL,統一7-ELEVEn獅,aB3r1,富邦悍將,8hU45,1,2,6,10,0,0,"1,0,0,0,0,0,0,0,0","0,0,0,1,0,0,0,0,1",AWAY,0
d1972,CPBL-2019-Sf,2019,一軍,例行賽,2019-07-13,2019-07-13 17:05,2019-07-13 21:30,臺中市洲際棒球場,9,,FINISHED,NORMAL,中信兄弟,rTz1A,Lamigo,vmujw,10,6,10,16,0,0,"1,0,1,2,4,0,2,0,0","0,1,0,0,1,0,0,0,4",HOME,1
Cclyq,CPBL-2019-Sf,2019,一軍,例行賽,2019-07-13,2019-07-13 17:05,2019-07-13 21:03,臺南市立棒球場,9,,FINISHED,NORMAL,統一7-ELEVEn獅,aB3r1,富邦悍將,8hU45,1,5,2,8,0,0,"0,0,1,0,0,0,0,0,0","0,1,0,0,1,0,0,3,0",AWAY,0
Cu0F7,CPBL-2019-Sf,2019,一軍,例行賽,2019-07-12,2019-07-12 18:36,2019-07-12 22:44,臺中市洲際棒球場,9,,FINISHED,NORMAL,中信兄弟,rTz1A,Lamigo,vmujw,9,7,12,16,0,0,"4,0,0,0,0,1,0,4,0","1,1,0,0,1,0,4,0,0",HOME,1
8UEyo,CPBL-2019-Sf,2019,一軍,例行賽,2019-07-12,2019-07-12 18:36,2019-07-12 22:29,臺南市立棒球場,9,,FINISHED,NORMAL,統一7-ELEVEn獅,aB3r1,富邦悍將,8hU45,6,4,11,11,0,0,"1,0,0,0,0,0,5,0,0","0,1,1,1,0,1,0,0,0",HOME,1
dbmsa,CPBL-2019-Sf,2019,一軍,例行賽,2019-07-11,2019-07-11 18:35,2019-07-11 22:15,新北市立新莊棒球場,9,,FINISHED,NORMAL,富邦悍將,8hU45,Lamigo,vmujw,8,3,8,8,0,0,"0,0,0,0,3,0,4,1,0","0,0,2,0,0,0,0,1,0",HOME,1
rOeLj,CPBL-2019-Sf,2019,一軍,例行賽,2019-07-11,2019-07-11 18:36,2019-07-11 22:26,澄清湖棒球場,10,,FINISHED,NORMAL,統一7-ELEVEn獅,aB3r1,中信兄弟,rTz1A,6,7,13,13,0,0,"1,0,0,0,3,0,0,2,0,0","0,0,2,0,1,3,0,0,0,1",AWAY,0
0Ib4T,CPBL-2019-Sf,2019,一軍,例行賽,2019-07-10,2019-07-10 18:35,2019-07-10 22:40,新北市立新莊棒球場,9,,FINISHED,NORMAL,富邦悍將,8hU45,Lamigo,vmujw,8,7,14,14,0,0,"1,0,0,5,0,1,0,0,1","3,0,1,1,0,0,0,2,0",HOME,1
7dEyu,CPBL-2019-Sf,2019,一軍,例行賽,2019-07-09,2019-07-09 19:53,2019-07-09 23:35,澄清湖棒球場,9,,FINISHED,NORMAL,統一7-ELEVEn獅,aB3r1,中信兄弟,rTz1A,9,1,13,5,0,0,"0,3,3,0,0,0,3,0,0","0,0,0,0,1,0,0,0,0",HOME,1
PgtQ7,CPBL-2019-Sf,2019,一軍,例行賽,2019-07-07,2019-07-07 17:05,2019-07-07 20:28,樂天桃園棒球場,9,,FINISHED,NORMAL,Lamigo,vmujw,統一7-ELEVEn獅,aB3r1,2,4,5,7,0,0,"0,0,0,0,0,0,2,0,0","0,2,0,0,0,0,0,0,2",AWAY,0
SxQpN,CPBL-2019-Sf,2019,一軍,例行賽,2019-07-07,2019-07-07 17:05,2019-07-07 21:02,新北市立新莊棒球場,9,,FINISHED,NORMAL,富邦悍將,8hU45,中信兄弟,rTz1A,8,6,14,8,0,0,"0,0,1,1,1,5,0,0,0","1,0,0,0,0,3,2,0,0",HOME,1
uo9mU,CPBL-2019-Sf,2019,一軍,例行賽,2019-07-06,2019-07-06 17:05,2019-07-06 20:52,樂天桃園棒球場,9,,FINISHED,NORMAL,Lamigo,vmujw,統一7-ELEVEn獅,aB3r1,12,2,12,7,0,0,"1,0,0,7,2,2,0,0,0","2,0,0,0,0,0,0,0,0",HOME,1
PTu9h,CPBL-2019-Sf,2019,一軍,例行賽,2019-07-06,2019-07-06 17:05,2019-07-06 19:55,新北市立新莊棒球場,9,,FINISHED,NORMAL,富邦悍將,8hU45,中信兄弟,rTz1A,2,1,3,5,0,0,"0,0,0,0,0,0,2,0,0","0,1,0,0,0,0,0,0,0",HOME,1
08d4k,CPBL-2019-Sf,2019,一軍,例行賽,2019-07-05,2019-07-05 18:36,2019-07-05 22:15,樂天桃園棒球場,9,,FINISHED,NORMAL,Lamigo,vmujw,統一7-ELEVEn獅,aB3r1,7,4,8,12,0,0,"2,1,1,2,0,1,0,0,0","0,0,0,0,1,0,1,0,2",HOME,1
LHHom,CPBL-2019-Sf,2019,一軍,例行賽,2019-07-05,2019-07-05 18:35,2019-07-05 21:42,新北市立新莊棒球場,9,,FINISHED,NORMAL,富邦悍將,8hU45,中信兄弟,rTz1A,5,4,7,8,0,0,"0,0,0,0,0,5,0,0,0","0,1,0,0,0,3,0,0,0",HOME,1
xDEiH,CPBL-2019-Sf,2019,一軍,例行賽,2019-06-30,2019-06-30 17:05,2019-06-30 21:54,臺中市洲際棒球場,9,,FINISHED,NORMAL,中信兄弟,rTz1A,富邦悍將,8hU45,5,9,12,13,0,0,"0,2,0,0,0,0,3,0,0","1,2,0,0,0,1,5,0,0",AWAY,0
8pXvx,CPBL-2019-Sf,2019,一軍,例行賽,2019-06-29,2019-06-29 17:05,2019-06-29 20:42,新北市立新莊棒球場,9,,FINISHED,NORMAL,富邦悍將,8hU45,Lamigo,vmujw,4,11,9,15,0,0,"0,0,3,0,0,0,0,1,0","0,0,3,3,0,0,3,2,0",AWAY,0
xCRpn,CPBL-2019-Sf,2019,一軍,例行賽,2019-06-28,2019-06-28 18:35,2019-06-28 21:58,新北市立新莊棒球場,9,,FINISHED,NORMAL,富邦悍將,8hU45,Lamigo,vmujw,5,2,12,9,0,0,"2,0,1,0,0,2,0,0,0","0,0,1,0,0,0,0,1,0",HOME,1
PK5ri,CPBL-2019-Sf,2019,一軍,例行賽,2019-06-27,2019-06-27 18:35,2019-06-27 21:59,新北市立新莊棒球場,9,,FINISHED,NORMAL,富邦悍將,8hU45,Lamigo,vmujw,10,7,8,11,0,0,"0,5,4,0,0,1,0,0,0","0,0,0,2,2,0,3,0,0",HOME,1
2hii5,CPBL-2019-Sf,2019,一軍,例行賽,2019-06-26,2019-06-26 18:36,2019-06-26 22:26,臺南市立棒球場,9,,FINISHED,NORMAL,統一7-ELEVEn獅,aB3r1,Lamigo,vmujw,4,7,7,10,0,0,"0,0,0,0,2,1,0,1,0","0,1,0,1,0,0,0,3,2",AWAY,0
cQXX1,CPBL-2019-Sf,2019,一軍,例行賽,2019-06-25,2019-06-25 18:35,2019-06-25 22:23,臺南市立棒球場,9,,FINISHED,NORMAL,統一7-ELEVEn獅,aB3r1,Lamigo,vmujw,4,5,7,7,0,0,"1,2,1,0,0,0,0,0,0","0,0,0,1,0,0,1,3,0",AWAY,0
kB1X7,CPBL-2019-Sf,2019,一軍,例行賽,2019-06-25,2019-06-25 18:35,2019-06-25 23:32,臺中市洲際棒球場,12,,FINISHED,NORMAL,中信兄弟,rTz1A,富邦悍將,8hU45,4,4,12,14,0,0,"3,1,0,0,0,0,0,0,0,0,0,0","0,2,0,0,0,1,0,1,0,0,0,0",TIE,
qrFxh,CPBL-2019-Sf,2019,一軍,例行賽,2019-06-22,2019-06-22 17:06,2019-06-22 20:44,臺南市立棒球場,9,,FINISHED,NORMAL,統一7-ELEVEn獅,aB3r1,中信兄弟,rTz1A,3,6,6,10,0,0,"0,0,2,0,1,0,0,0,0","1,0,3,0,0,0,0,0,2",AWAY,0
dOrJ9,CPBL-2019-Sf,2019,一軍,例行賽,2019-06-22,2019-06-22 17:05,2019-06-22 21:49,樂天桃園棒球場,9,,FINISHED,NORMAL,Lamigo,vmujw,富邦悍將,8hU45,12,7,15,10,0,0,"0,1,0,0,3,2,6,0,0","1,0,0,0,0,0,1,0,5",HOME,1
nQ4KX,CPBL-2019-Sf,2019,一軍,例行賽,2019-06-21,2019-06-21 18:35,2019-06-21 21:50,樂天桃園棒球場,9,,FINISHED,NORMAL,Lamigo,vmujw,富邦悍將,8hU45,6,1,12,4,0,0,"0,0,0,3,1,0,2,0,0","0,0,0,0,0,0,0,0,1",HOME,1
dSdJy,CPBL-2019-Sf,2019,一軍,例行賽,2019-06-20,2019-06-20 18:35,2019-06-20 22:38,樂天桃園棒球場,9,,FINISHED,NORMAL,Lamigo,vmujw,中信兄弟,rTz1A,10,5,14,13,0,0,"2,0,2,0,6,0,0,0,0","0,0,0,2,0,3,0,0,0",HOME,1
wlqlF,CPBL-2019-Sf,2019,一軍,例行賽,2019-06-19,2019-06-19 18:35,2019-06-19 22:16,新北市立新莊棒球場,9,,FINISHED,NORMAL,富邦悍將,8hU45,中信兄弟,rTz1A,8,7,12,12,0,0,"4,0,0,0,0,0,0,0,4","0,0,3,0,2,0,0,2,0",HOME,1
SeqZv,CPBL-2019-Sf,2019,一軍,例行賽,2019-06-18,2019-06-18 18:35,2019-06-18 21:57,樂天桃園棒球場,9,,FINISHED,NORMAL,Lamigo,vmujw,統一7-ELEVEn獅,aB3r1,6,5,13,9,0,0,"2,0,0,1,0,0,1,0,2","0,0,3,0,0,0,0,0,2",HOME,1
naHsr,CPBL-2019-Sf,2019,一軍,例行賽,2019-06-16,2019-06-16 17:05,2019-06-16 20:57,樂天桃園棒球場,9,,FINISHED,NORMAL,Lamigo,vmujw,統一7-ELEVEn獅,aB3r1,12,4,18,8,0,0,"6,0,2,0,0,2,1,1,0","0,0,2,1,0,1,0,0,0",HOME,1
uM4yQ,CPBL-2019-Sf,2019,一軍,例行賽,2019-06-16,2019-06-16 17:06,2019-06-16 19:51,新北市立新莊棒球場,9,,FINISHED,NORMAL,富邦悍將,8hU45,中信兄弟,rTz1A,5,0,10,8,0,0,"0,0,0,4,0,0,0,1,0","0,0,0,0,0,0,0,0,0",HOME,1
5eq72,CPBL-2019-Sf,2019,一軍,例行賽,2019-06-15,2019-06-15 17:07,2019-06-15 21:16,樂天桃園棒球場,9,,FINISHED,NORMAL,Lamigo,vmujw,統一7-ELEVEn獅,aB3r1,8,5,16,8,0,0,"0,3,0,0,2,1,0,2,0","1,0,0,0,0,0,3,1,0",HOME,1
lcFIz,CPBL-2019-Sf,2019,一軍,例行賽,2019-06-15,2019-06-15 17:05,2019-06-15 20:38,新北市立新莊棒球場,9,,FINISHED,NORMAL,富邦悍將,8hU45,中信兄弟,rTz1A,4,3,9,12,0,0,"0,0,0,0,0,3,0,0,1","0,0,0,0,0,1,2,0,0",HOME,1
OOjMk,CPBL-2019-Sf,2019,一軍,例行賽,2019-06-14,2019-06-14 18:36,2019-06-14 22:51,樂天桃園棒球場,9,,FINISHED,NORMAL,Lamigo,vmujw,統一7-ELEVEn獅,aB3r1,17,8,19,14,0,0,"2,2,1,0,2,6,4,0,0","1,0,1,4,0,0,1,0,1",HOME,1
Iv5Ap,CPBL-2019-Sf,2019,一軍,例行賽,2019-06-14,2019-06-14 18:35,2019-06-14 21:59,新北市立新莊棒球場,9,,FINISHED,NORMAL,富邦悍將,8hU45,中信兄弟,rTz1A,5,8,8,12,0,0,"0,2,0,0,0,0,1,0,2","0,0,0,1,1,0,4,0,2",AWAY,0
ncIFj,CPBL-2019-Sf,2019,一軍,例行賽,2019-06-12,2019-06-12 18:36,2019-06-12 23:49,臺南市立棒球場,9,,FINISHED,NORMAL,統一7-ELEVEn獅,aB3r1,中信兄弟,rTz1A,14,9,18,14,0,0,"4,2,0,3,0,0,0,5,0","0,0,0,5,2,1,1,0,0",HOME,1
BaIlP,CPBL-2019-Sf,2019,一軍,例行賽,2019-06-09,2019-06-09 17:05,2019-06-09 20:51,臺中市洲際棒球場,9,,FINISHED,NORMAL,中信兄弟,rTz1A,Lamigo,vmujw,7,6,12,12,0,0,"0,0,2,0,0,0,2,0,3","2,0,0,0,1,0,3,0,0",HOME,1
OaFtn,CPBL-2019-Sf,2019,一軍,例行賽,2019-06-09,2019-06-09 17:06,2019-06-09 21:14,臺南市立棒球場,9,,FINISHED,NORMAL,統一7-ELEVEn獅,aB3r1,富邦悍將,8hU45,4,8,7,14,0,0,"1,0,0,0,0,3,0,0,0","1,0,1,0,1,4,0,1,0",AWAY,0
cNw7h,CPBL-2019-Sf,2019,一軍,例行賽,2019-06-08,2019-06-08 17:06,2019-06-08 21:25,臺中市洲際棒球場,10,,FINISHED,NORMAL,中信兄弟,rTz1A,Lamigo,vmujw,8,6,12,14,0,0,"0,0,0,4,1,0,0,0,1,2","3,0,1,0,0,2,0,0,0,0",HOME,1
TV5zj,CPBL-2019-Sf,2019,一軍,例行賽,2019-06-08,2019-06-08 17:05,2019-06-08 20:04,臺南市立棒球場,9,,FINISHED,NORMAL,統一7-ELEVEn獅,aB3r1,富邦悍將,8hU45,9,2,8,5,0,0,"0,0,3,0,4,2,0,0,0","0,0,0,0,1,1,0,0,0",HOME,1
P3l3Z,CPBL-2019-Sf,2019,一軍,例行賽,2019-06-07,2019-06-07 17:05,2019-06-07 20:56,臺中市洲際棒球場,9,,FINISHED,NORMAL,中信兄弟,rTz1A,Lamigo,vmujw,2,7,10,13,0,0,"0,1,0,0,0,0,1,0,0","1,1,0,0,0,2,2,1,0",AWAY,0
Jmf6z,CPBL-2019-Sf,2019,一軍,例行賽,2019-06-07,2019-06-07 17:05,2019-06-07 20:14,臺南市立棒球場,9,,FINISHED,NORMAL,統一7-ELEVEn獅,aB3r1,富邦悍將,8hU45,1,7,5,14,0,0,"0,0,1,0,0,0,0,0,0","0,2,2,1,1,0,1,0,0",AWAY,0
pSSsg,CPBL-2019-Sf,2019,一軍,例行賽,2019-06-06,2019-06-06 18:36,2019-06-06 21:49,臺中市洲際棒球場,9,,FINISHED,NORMAL,中信兄弟,rTz1A,富邦悍將,8hU45,4,7,9,12,0,0,"1,0,0,0,0,0,2,1,0","0,0,0,2,2,2,0,1,0",AWAY,0
fw4Ky,CPBL-2019-Sf,2019,一軍,例行賽,2019-06-05,2019-06-05 18:35,2019-06-05 21:58,臺中市洲際棒球場,9,,FINISHED,NORMAL,中信兄弟,rTz1A,富邦悍將,8hU45,5,3,10,8,0,0,"0,0,2,1,0,1,1,0,0","1,1,0,0,0,1,0,0,0",HOME,1
jp9sl,CPBL-2019-Sf,2019,一軍,例行賽,2019-06-05,2019-06-05 18:36,2019-06-05 22:01,臺南市立棒球場,9,,FINISHED,NORMAL,統一7-ELEVEn獅,aB3r1,Lamigo,vmujw,0,8,4,13,0,0,"0,0,0,0,0,0,0,0,0","4,0,0,0,0,1,1,2,0",AWAY,0
aGtNp,CPBL-2019-Sf,2019,一軍,例行賽,2019-06-02,2019-06-02 17:05,2019-06-02 19:55,樂天桃園棒球場,9,,FINISHED,NORMAL,Lamigo,vmujw,富邦悍將,8hU45,0,5,2,9,0,0,"0,0,0,0,0,0,0,0,0","0,1,0,0,0,2,1,1,0",AWAY,0
9gmhO,CPBL-2019-Sf,2019,一軍,例行賽,2019-06-02,2019-06-02 17:05,2019-06-02 20:17,臺中市洲際棒球場,9,,FINISHED,NORMAL,中信兄弟,rTz1A,統一7-ELEVEn獅,aB3r1,3,4,7,12,0,0,"0,1,0,0,1,0,1,0,0","1,0,0,0,0,1,1,0,1",AWAY,0
Ru9en,CPBL-2019-Sf,2019,一軍,例行賽,2019-06-01,2019-06-01 17:06,2019-06-01 21:41,樂天桃園棒球場,9,,FINISHED,NORMAL,Lamigo,vmujw,富邦悍將,8hU45,16,10,23,14,0,0,"1,0,3,0,0,10,0,2,0","0,1,1,0,1,0,4,0,3",HOME,1
uSngF,CPBL-2019-Sf,2019,一軍,例行賽,2019-06-01,2019-06-01 17:05,2019-06-01 20:58,臺中市洲際棒球場,9,,FINISHED,NORMAL,中信兄弟,rTz1A,統一7-ELEVEn獅,aB3r1,19,7,17,12,0,0,"1,0,0,4,6,0,8,0,0","2,1,0,0,4,0,0,0,0",HOME,1
mhBTk,CPBL-2019-Sf,2019,一軍,例行賽,2019-05-31,2019-05-31 18:35,2019-05-31 22:04,樂天桃園棒球場,9,,FINISHED,NORMAL,Lamigo,vmujw,富邦悍將,8hU45,2,5,7,15,0,0,"0,0,1,0,1,0,0,0,0","0,2,0,3,0,0,0,0,0",AWAY,0
aHCum,CPBL-2019-Sf,2019,一軍,例行賽,2019-05-31,2019-05-31 18:36,2019-05-31 22:47,臺中市洲際棒球場,9,,FINISHED,NORMAL,中信兄弟,rTz1A,統一7-ELEVEn獅,aB3r1,2,6,6,9,0,0,"1,0,1,0,0,0,0,0,0","0,2,0,0,1,1,1,0,1",AWAY,0
KWjJ4,CPBL-2019-Sf,2019,一軍,例行賽,2019-05-30,2019-05-30 18:36,2019-05-30 22:07,新北市立新莊棒球場,9,,FINISHED,NORMAL,富邦悍將,8hU45,統一7-ELEVEn獅,aB3r1,8,5,11,7,0,0,"0,0,0,1,5,0,2,0,0","2,0,2,1,0,0,0,0,0",HOME,1
f49aj,CPBL-2019-Sf,2019,一軍,例行賽,2019-05-29,2019-05-29 18:35,2019-05-29 21:49,新北市立新莊棒球場,9,,FINISHED,NORMAL,富邦悍將,8hU45,統一7-ELEVEn獅,aB3r1,4,10,10,14,0,0,"0,0,1,0,0,0,0,1,2","0,0,0,4,0,4,2,0,0",AWAY,0
mhQBw,CPBL-2019-Sf,2019,一軍,例行賽,2019-05-29,2019-05-29 18:35,2019-05-29 21:41,樂天桃園棒球場,9,,FINISHED,NORMAL,Lamigo,vmujw,中信兄弟,rTz1A,3,2,7,9,0,0,"2,0,0,0,0,0,0,0,1","0,0,0,0,0,2,0,0,0",HOME,1
qJz9N,CPBL-2019-Sf,2019,一軍,例行賽,2019-05-26,2019-05-26 17:05,2019-05-26 20:39,新北市立新莊棒球場,9,,FINISHED,NORMAL,富邦悍將,8hU45,Lamigo,vmujw,5,6,8,10,0,0,"0,0,1,3,0,0,1,0,0","0,1,3,0,2,0,0,0,0",AWAY,0
OXvCC,CPBL-2019-Sf,2019,一軍,例行賽,2019-05-26,2019-05-26 17:05,2019-05-26 20:08,臺南市立棒球場,9,,FINISHED,NORMAL,統一7-ELEVEn獅,aB3r1,中信兄弟,rTz1A,6,2,6,6,0,0,"0,0,3,1,0,2,0,0,0","0,0,0,2,0,0,0,0,0",HOME,1
XOOfI,CPBL-2019-Sf,2019,一軍,例行賽,2019-05-25,2019-05-25 17:05,2019-05-25 20:04,新北市立新莊棒球場,9,,FINISHED,NORMAL,富邦悍將,8hU45,Lamigo,vmujw,7,1,16,5,0,0,"2,4,0,1,0,0,0,0,0","0,0,0,0,0,1,0,0,0",HOME,1
b5pk4,CPBL-2019-Sf,2019,一軍,例行賽,2019-05-25,2019-05-25 17:05,2019-05-25 21:18,臺南市立棒球場,9,,FINISHED,NORMAL,統一7-ELEVEn獅,aB3r1,中信兄弟,rTz1A,10,6,6,8,0,0,"0,4,0,0,0,4,2,0,0","3,0,0,0,0,1,0,0,2",HOME,1
dSLrg,CPBL-2019-Sf,2019,一軍,例行賽,2019-05-24,2019-05-24 18:36,2019-05-24 22:32,新北市立新莊棒球場,9,,FINISHED,NORMAL,富邦悍將,8hU45,Lamigo,vmujw,9,4,15,9,0,0,"2,4,0,1,0,1,0,1,0","2,0,2,0,0,0,0,0,0",HOME,1
sFa2e,CPBL-2019-Sf,2019,一軍,例行賽,2019-05-24,2019-05-24 18:35,2019-05-24 21:44,臺南市立棒球場,9,,FINISHED,NORMAL,統一7-ELEVEn獅,aB3r1,中信兄弟,rTz1A,2,5,6,8,0,0,"0,0,0,2,0,0,0,0,0","0,0,1,0,0,1,0,3,0",AWAY,0
rqv4V,CPBL-2019-Sf,2019,一軍,例行賽,2019-05-23,2019-05-23 18:35,2019-05-23 22:00,澄清湖棒球場,9,,FINISHED,NORMAL,中信兄弟,rTz1A,Lamigo,vmujw,0,7,5,10,0,0,"0,0,0,0,0,0,0,0,0","6,1,0,0,0,0,0,0,0",AWAY,0
3ILxB,CPBL-2019-Sf,2019,一軍,例行賽,2019-05-22,2019-05-22 20:04,2019-05-22 23:34,澄清湖棒球場,9,,FINISHED,NORMAL,中信兄弟,rTz1A,Lamigo,vmujw,2,3,9,7,0,0,"0,0,0,0,0,0,0,0,2","0,0,0,2,0,0,0,0,1",AWAY,0
k8RZ8,CPBL-2019-Sf,2019,一軍,例行賽,2019-05-22,2019-05-22 18:35,2019-05-22 21:24,臺南市立棒球場,9,,FINISHED,NORMAL,統一7-ELEVEn獅,aB3r1,富邦悍將,8hU45,0,1,2,8,0,0,"0,0,0,0,0,0,0,0,0","0,0,1,0,0,0,0,0,0",AWAY,0
RXosr,CPBL-2019-Sf,2019,一軍,例行賽,2019-05-21,2019-05-21 18:35,2019-05-21 21:40,臺南市立棒球場,9,,FINISHED,NORMAL,統一7-ELEVEn獅,aB3r1,富邦悍將,8hU45,1,11,8,14,0,0,"1,0,0,0,0,0,0,0,0","0,3,0,0,5,0,1,0,2",AWAY,0
TrhQq,CPBL-2019-Sf,2019,一軍,例行賽,2019-05-19,2019-05-19 17:05,2019-05-19 20:54,臺北市立天母棒球場,9,,FINISHED,NORMAL,統一7-ELEVEn獅,aB3r1,Lamigo,vmujw,10,9,18,14,0,0,"0,2,1,0,2,1,0,3,1","2,0,3,0,0,0,0,0,4",HOME,1
Z3aha,CPBL-2019-Sf,2019,一軍,例行賽,2019-05-18,2019-05-18 17:07,2019-05-18 20:46,臺北市立天母棒球場,9,,FINISHED,NORMAL,統一7-ELEVEn獅,aB3r1,Lamigo,vmujw,8,1,9,8,0,0,"0,0,0,4,1,1,1,1,0","0,0,0,1,0,0,0,0,0",HOME,1
eNlSl,CPBL-2019-Sf,2019,一軍,例行賽,2019-05-18,2019-05-18 17:05,2019-05-18 19:53,臺中市洲際棒球場,7,,FINISHED,NORMAL,中信兄弟,rTz1A,富邦悍將,8hU45,4,7,10,10,0,0,"1,1,1,1,0,0,0","0,2,0,4,0,1,0",AWAY,0
B8ggp,CPBL-2019-Sf,2019,一軍,例行賽,2019-05-17,2019-05-17 18:35,2019-05-17 21:46,臺中市洲際棒球場,9,,FINISHED,NORMAL,中信兄弟,rTz1A,富邦悍將,8hU45,8,2,11,8,0,0,"0,2,0,2,0,2,1,1,0","0,0,0,0,1,0,1,0,0",HOME,1
6D1ru,CPBL-2019-Sf,2019,一軍,例行賽,2019-05-16,2019-05-16 18:35,2019-05-16 21:59,樂天桃園棒球場,9,,FINISHED,NORMAL,Lamigo,vmujw,富邦悍將,8hU45,10,4,15,11,0,0,"0,0,0,0,1,4,4,1,0","1,3,0,0,0,0,0,0,0",HOME,1
jQTBy,CPBL-2019-Sf,2019,一軍,例行賽,2019-05-15,2019-05-15 18:35,2019-05-15 23:14,樂天桃園棒球場,12,,FINISHED,NORMAL,Lamigo,vmujw,富邦悍將,8hU45,5,5,12,12,0,0,"0,1,0,0,0,1,1,0,0,0,0,2","0,2,0,0,1,0,0,0,0,0,0,2",TIE,
XOJOQ,CPBL-2019-Sf,2019,一軍,例行賽,2019-05-15,2019-05-15 18:35,2019-05-15 21:57,臺中市洲際棒球場,9,,FINISHED,NORMAL,中信兄弟,rTz1A,統一7-ELEVEn獅,aB3r1,1,3,8,11,0,0,"1,0,0,0,0,0,0,0,0","0,0,0,1,0,1,1,0,0",AWAY,0
EtdRo,CPBL-2019-Sf,2019,一軍,例行賽,2019-05-14,2019-05-14 18:36,2019-05-14 22:04,臺中市洲際棒球場,10,,FINISHED,NORMAL,中信兄弟,rTz1A,統一7-ELEVEn獅,aB3r1,2,3,7,6,0,0,"0,0,0,0,0,0,0,2,0,0","0,0,0,0,1,0,0,0,1,1",AWAY,0
nsVtS,CPBL-2019-Sf,2019,一軍,例行賽,2019-05-12,2019-05-12 14:05,2019-05-12 17:14,樂天桃園棒球場,9,,FINISHED,NORMAL,Lamigo,vmujw,中信兄弟,rTz1A,9,4,13,11,0,0,"1,4,3,0,1,0,0,0,0","0,0,0,0,0,1,0,0,3",HOME,1
jlwf2,CPBL-2019-Sf,2019,一軍,例行賽,2019-05-12,2019-05-12 14:05,2019-05-12 16:58,新北市立新莊棒球場,9,,FINISHED,NORMAL,富邦悍將,8hU45,統一7-ELEVEn獅,aB3r1,5,0,9,7,0,0,"2,1,0,0,0,2,0,0,0","0,0,0,0,0,0,0,0,0",HOME,1
Rnl63,CPBL-2019-Sf,2019,一軍,例行賽,2019-05-11,2019-05-11 17:07,2019-05-11 20:59,樂天桃園棒球場,9,,FINISHED,NORMAL,Lamigo,vmujw,中信兄弟,rTz1A,7,5,11,11,0,0,"4,0,1,0,2,0,0,0,0","0,1,1,0,2,1,0,0,0",HOME,1
17gDA,CPBL-2019-Sf,2019,一軍,例行賽,2019-05-11,2019-05-11 17:05,2019-05-11 20:17,新北市立新莊棒球場,9,,FINISHED,NORMAL,富邦悍將,8hU45,統一7-ELEVEn獅,aB3r1,0,2,7,8,0,0,"0,0,0,0,0,0,0,0,0","0,1,0,0,0,0,0,0,1",AWAY,0
KGebl,CPBL-2019-Sf,2019,一軍,例行賽,2019-05-10,2019-05-10 18:35,2019-05-10 22:35,樂天桃園棒球場,9,,FINISHED,NORMAL,Lamigo,vmujw,中信兄弟,rTz1A,8,3,12,11,0,0,"2,2,0,0,0,0,0,4,0","0,0,0,0,0,0,2,0,1",HOME,1
vmRXx,CPBL-2019-Sf,2019,一軍,例行賽,2019-05-10,2019-05-10 18:36,2019-05-10 22:31,新北市立新莊棒球場,9,,FINISHED,NORMAL,富邦悍將,8hU45,統一7-ELEVEn獅,aB3r1,3,4,13,7,0,0,"0,0,0,1,0,0,1,1,0","0,0,0,0,2,0,1,1,0",AWAY,0
ujxEh,CPBL-2019-Sf,2019,一軍,例行賽,2019-05-08,2019-05-08 18:35,2019-05-08 21:45,新北市立新莊棒球場,9,,FINISHED,NORMAL,富邦悍將,8hU45,中信兄弟,rTz1A,6,1,11,7,0,0,"0,0,1,0,0,5,0,0,0","0,0,0,0,1,0,0,0,0",HOME,1
VJjws,CPBL-2019-Sf,2019,一軍,例行賽,2019-05-07,2019-05-07 18:35,2019-05-07 21:08,新北市立新莊棒球場,9,,FINISHED,NORMAL,富邦悍將,8hU45,中信兄弟,rTz1A,4,0,10,2,0,0,"0,0,1,1,1,0,0,1,0","0,0,0,0,0,0,0,0,0",HOME,1
GAaxr,CPBL-2019-Sf,2019,一軍,例行賽,2019-05-05,2019-05-05 14:05,2019-05-05 18:01,澄清湖棒球場,9,,FINISHED,NORMAL,統一7-ELEVEn獅,aB3r1,富邦悍將,8hU45,4,2,10,7,0,0,"1,0,0,0,1,0,2,0,0","2,0,0,0,0,0,0,0,0",HOME,1
KXL2V,CPBL-2019-Sf,2019,一軍,例行賽,2019-05-05,2019-05-05 14:06,2019-05-05 17:46,臺中市洲際棒球場,9,,FINISHED,NORMAL,中信兄弟,rTz1A,Lamigo,vmujw,7,6,10,12,0,0,"1,1,1,1,1,0,0,0,2","1,0,0,2,0,0,0,3,0",HOME,1
yWdYC,CPBL-2019-Sf,2019,一軍,例行賽,2019-05-04,2019-05-04 17:06,2019-05-04 20:23,澄清湖棒球場,9,,FINISHED,NORMAL,統一7-ELEVEn獅,aB3r1,富邦悍將,8hU45,1,2,4,9,0,0,"0,0,0,0,0,1,0,0,0","0,0,2,0,0,0,0,0,0",AWAY,0
fP06F,CPBL-2019-Sf,2019,一軍,例行賽,2019-05-04,2019-05-04 17:06,2019-05-04 20:30,臺中市洲際棒球場,9,,FINISHED,NORMAL,中信兄弟,rTz1A,Lamigo,vmujw,8,3,15,10,0,0,"2,2,1,0,0,0,0,3,0","0,0,1,0,0,0,0,2,0",HOME,1
ivIab,CPBL-2019-Sf,2019,一軍,例行賽,2019-05-03,2019-05-03 18:35,2019-05-03 21:10,澄清湖棒球場,9,,FINISHED,NORMAL,統一7-ELEVEn獅,aB3r1,富邦悍將,8hU45,1,0,1,4,0,0,"0,0,0,0,0,0,1,0,0","0,0,0,0,0,0,0,0,0",HOME,1
elmQx,CPBL-2019-Sf,2019,一軍,例行賽,2019-05-03,2019-05-03 18:36,2019-05-03 23:08,臺中市洲際棒球場,10,,FINISHED,NORMAL,中信兄弟,rTz1A,Lamigo,vmujw,10,9,13,15,0,0,"0,0,1,3,0,0,0,2,3,1","0,0,0,2,1,1,0,0,5,0",HOME,1
anWaV,CPBL-2019-Sf,2019,一軍,例行賽,2019-05-02,2019-05-02 18:37,2019-05-02 22:18,澄清湖棒球場,9,,FINISHED,NORMAL,統一7-ELEVEn獅,aB3r1,中信兄弟,rTz1A,2,7,6,12,0,0,"0,1,0,1,0,0,0,0,0","1,4,0,0,1,1,0,0,0",AWAY,0
2aSZ3,CPBL-2019-Sf,2019,一軍,例行賽,2019-05-01,2019-05-01 18:36,2019-05-01 21:57,澄清湖棒球場,9,,FINISHED,NORMAL,統一7-ELEVEn獅,aB3r1,中信兄弟,rTz1A,1,6,4,9,0,0,"0,0,0,0,0,1,0,0,0","0,0,3,0,0,0,0,3,0",AWAY,0
4wjTO,CPBL-2019-Sf,2019,一軍,例行賽,2019-04-30,2019-04-30 18:35,2019-04-30 21:12,新北市立新莊棒球場,9,,FINISHED,NORMAL,富邦悍將,8hU45,Lamigo,vmujw,5,4,9,8,0,0,"0,0,0,0,4,0,0,0,1","0,1,0,2,0,0,0,1,0",HOME,1
uw3qj,CPBL-2019-Sf,2019,一軍,例行賽,2019-04-28,2019-04-28 14:05,2019-04-28 17:47,樂天桃園棒球場,9,,FINISHED,NORMAL,Lamigo,vmujw,統一7-ELEVEn獅,aB3r1,11,3,18,9,0,0,"0,1,0,0,5,1,4,0,0","0,0,0,0,1,0,1,1,0",HOME,1
MGze8,CPBL-2019-Sf,2019,一軍,例行賽,2019-04-28,2019-04-28 14:05,2019-04-28 17:58,新北市立新莊棒球場,9,,FINISHED,NORMAL,富邦悍將,8hU45,中信兄弟,rTz1A,4,14,7,19,0,0,"0,3,0,0,1,0,0,0,0","2,1,1,2,3,3,1,0,1",AWAY,0
Vd9Kq,CPBL-2019-Sf,2019,一軍,例行賽,2019-04-27,2019-04-27 17:05,2019-04-27 21:40,樂天桃園棒球場,12,,FINISHED,NORMAL,Lamigo,vmujw,統一7-ELEVEn獅,aB3r1,6,3,10,11,0,0,"0,0,0,0,0,1,0,0,1,0,0,4","0,0,0,0,1,0,0,0,1,0,0,1",HOME,1
k1az1,CPBL-2019-Sf,2019,一軍,例行賽,2019-04-27,2019-04-27 17:05,2019-04-27 19:57,新北市立新莊棒球場,9,,FINISHED,NORMAL,富邦悍將,8hU45,中信兄弟,rTz1A,13,2,16,7,0,0,"4,0,1,4,2,0,0,2,0","0,0,0,0,0,0,0,2,0",HOME,1
5qAOC,CPBL-2019-Sf,2019,一軍,例行賽,2019-04-26,2019-04-26 18:36,2019-04-26 22:19,樂天桃園棒球場,9,,FINISHED,NORMAL,Lamigo,vmujw,統一7-ELEVEn獅,aB3r1,9,3,13,13,0,0,"0,3,2,0,3,0,0,1,0","0,0,0,0,1,0,2,0,0",HOME,1
prBfg,CPBL-2019-Sf,2019,一軍,例行賽,2019-04-26,2019-04-26 18:35,2019-04-26 21:27,新北市立新莊棒球場,9,,FINISHED,NORMAL,富邦悍將,8hU45,中信兄弟,rTz1A,4,2,10,5,0,0,"1,0,0,0,1,0,1,1,0","0,0,0,1,0,0,0,0,1",HOME,1
WxCvo,CPBL-2019-Sf,2019,一軍,例行賽,2019-04-25,2019-04-25 18:35,2019-04-25 21:37,樂天桃園棒球場,9,,FINISHED,NORMAL,Lamigo,vmujw,中信兄弟,rTz1A,10,0,14,6,0,0,"1,0,0,0,7,0,1,1,0","0,0,0,0,0,0,0,0,0",HOME,1
9DQQN,CPBL-2019-Sf,2019,一軍,例行賽,2019-04-24,2019-04-24 18:35,2019-04-24 21:50,新北市立新莊棒球場,9,,FINISHED,NORMAL,富邦悍將,8hU45,統一7-ELEVEn獅,aB3r1,5,1,9,7,0,0,"2,0,2,0,0,1,0,0,0","0,0,0,1,0,0,0,0,0",HOME,1
zmX3s,CPBL-2019-Sf,2019,一軍,例行賽,2019-04-23,2019-04-23 18:35,2019-04-23 21:53,新北市立新莊棒球場,9,,FINISHED,NORMAL,富邦悍將,8hU45,統一7-ELEVEn獅,aB3r1,0,2,5,8,0,0,"0,0,0,0,0,0,0,0,0","0,0,0,1,0,1,0,0,0",AWAY,0
q6AQM,CPBL-2019-Sf,2019,一軍,例行賽,2019-04-21,2019-04-21 14:37,2019-04-21 18:36,臺北市立天母棒球場,11,,FINISHED,NORMAL,中信兄弟,rTz1A,統一7-ELEVEn獅,aB3r1,3,0,8,8,0,0,"0,0,0,0,0,0,0,0,0,0,3","0,0,0,0,0,0,0,0,0,0,0",HOME,1
0ZCGS,CPBL-2019-Sf,2019,一軍,例行賽,2019-04-20,2019-04-20 18:34,2019-04-20 20:53,臺北市立天母棒球場,5,,FINISHED,NORMAL,中信兄弟,rTz1A,統一7-ELEVEn獅,aB3r1,3,3,5,5,0,0,"0,0,2,1,0","0,0,0,3,0",TIE,
109Tj,CPBL-2019-Sf,2019,一軍,例行賽,2019-04-20,2019-04-20 17:07,2019-04-20 20:21,樂天桃園棒球場,6,,FINISHED,NORMAL,Lamigo,vmujw,富邦悍將,8hU45,12,5,13,8,0,0,"0,0,0,2,10,0","5,0,0,0,0,0",HOME,1
31aRX,CPBL-2019-Sf,2019,一軍,例行賽,2019-04-20,2019-04-20 13:05,2019-04-20 16:59,臺北市立天母棒球場,9,,FINISHED,NORMAL,中信兄弟,rTz1A,統一7-ELEVEn獅,aB3r1,9,8,12,11,0,0,"1,1,2,0,0,1,0,4,0","0,4,4,0,0,0,0,0,0",HOME,1
V0Hnj,CPBL-2019-Sf,2019,一軍,例行賽,2019-04-18,2019-04-18 18:37,2019-04-18 23:04,臺南市立棒球場,9,,FINISHED,NORMAL,統一7-ELEVEn獅,aB3r1,Lamigo,vmujw,8,9,13,10,0,0,"0,4,2,0,0,2,0,0,0","0,0,5,1,0,0,1,1,1",AWAY,0
GEV4A,CPBL-2019-Sf,2019,一軍,例行賽,2019-04-17,2019-04-17 18:35,2019-04-17 22:27,臺南市立棒球場,9,,FINISHED,NORMAL,統一7-ELEVEn獅,aB3r1,Lamigo,vmujw,8,6,7,11,0,0,"0,1,0,2,0,3,1,1,0","2,2,1,0,0,1,0,0,0",HOME,1
fL5gW,CPBL-2019-Sf,2019,一軍,例行賽,2019-04-17,2019-04-17 18:36,2019-04-17 22:03,臺中市洲際棒球場,9,,FINISHED,NORMAL,中信兄弟,rTz1A,富邦悍將,8hU45,1,14,3,25,0,0,"0,0,0,0,0,0,0,0,1","4,0,1,1,1,1,1,4,1",AWAY,0
nS8Dk,CPBL-2019-Sf,2019,一軍,例行賽,2019-04-14,2019-04-14 14:05,2019-04-14 17:24,新北市立新莊棒球場,9,,FINISHED,NORMAL,富邦悍將,8hU45,Lamigo,vmujw,8,4,8,6,0,0,"0,0,0,2,3,1,2,0,0","0,0,0,2,0,2,0,0,0",HOME,1
KcnWX,CPBL-2019-Sf,2019,一軍,例行賽,2019-04-14,2019-04-14 14:05,2019-04-14 17:14,臺南市立棒球場,9,,FINISHED,NORMAL,統一7-ELEVEn獅,aB3r1,中信兄弟,rTz1A,5,3,10,6,0,0,"2,0,0,0,0,2,0,1,0","0,2,0,0,0,0,0,1,0",HOME,1
i7zzI,CPBL-2019-Sf,2019,一軍,例行賽,2019-04-13,2019-04-13 17:05,2019-04-13 21:01,新北市立新莊棒球場,9,,FINISHED,NORMAL,富邦悍將,8hU45,Lamigo,vmujw,1,4,6,12,0,0,"0,0,0,1,0,0,0,0,0","0,2,0,0,0,0,1,1,0",AWAY,0
Yn82o,CPBL-2019-Sf,2019,一軍,例行賽,2019-04-13,2019-04-13 17:06,2019-04-13 20:23,臺南市立棒球場,9,,FINISHED,NORMAL,統一7-ELEVEn獅,aB3r1,中信兄弟,rTz1A,9,6,14,11,0,0,"0,0,4,0,5,0,0,0,0","0,0,0,0,3,0,1,2,0",HOME,1
kx64D,CPBL-2019-Sf,2019,一軍,例行賽,2019-04-12,2019-04-12 18:35,2019-04-12 21:43,新北市立新莊棒球場,9,,FINISHED,NORMAL,富邦悍將,8hU45,Lamigo,vmujw,1,3,3,14,0,0,"0,0,0,1,0,0,0,0,0","2,0,0,0,0,0,1,0,0",AWAY,0
ozepT,CPBL-2019-Sf,2019,一軍,例行賽,2019-04-12,2019-04-12 18:37,2019-04-12 22:46,臺南市立棒球場,9,,FINISHED,NORMAL,統一7-ELEVEn獅,aB3r1,中信兄弟,rTz1A,8,11,10,10,0,0,"0,3,0,0,1,0,4,0,0","1,0,0,0,0,2,0,6,2",AWAY,0
X3Vur,CPBL-2019-Sf,2019,一軍,例行賽,2019-04-10,2019-04-10 18:35,2019-04-10 22:08,新北市立新莊棒球場,10,,FINISHED,NORMAL,富邦悍將,8hU45,中信兄弟,rTz1A,3,4,5,11,0,0,"0,0,0,0,0,0,1,0,0,2","1,0,0,0,0,0,0,0,0,3",AWAY,0
bJQFp,CPBL-2019-Sf,2019,一軍,例行賽,2019-04-10,2019-04-10 18:36,2019-04-10 22:50,樂天桃園棒球場,9,,FINISHED,NORMAL,Lamigo,vmujw,統一7-ELEVEn獅,aB3r1,18,4,24,8,0,0,"2,4,1,0,0,2,9,0,0","0,0,0,1,1,0,0,1,1",HOME,1
oVvU4,CPBL-2019-Sf,2019,一軍,例行賽,2019-04-09,2019-04-09 18:35,2019-04-09 22:20,樂天桃園棒球場,9,,FINISHED,NORMAL,Lamigo,vmujw,統一7-ELEVEn獅,aB3r1,8,7,12,8,0,0,"4,0,1,0,1,0,1,0,1","2,1,0,0,0,0,0,0,4",HOME,1
KMWmt,CPBL-2019-Sf,2019,一軍,例行賽,2019-04-07,2019-04-07 14:05,2019-04-07 16:48,新北市立新莊棒球場,9,,FINISHED,NORMAL,富邦悍將,8hU45,統一7-ELEVEn獅,aB3r1,4,5,9,11,0,0,"0,0,0,0,0,4,0,0,0","0,1,1,0,2,0,0,1,0",AWAY,0
o85YR,CPBL-2019-Sf,2019,一軍,例行賽,2019-04-07,2019-04-07 14:05,2019-04-07 17:53,樂天桃園棒球場,9,,FINISHED,NORMAL,Lamigo,vmujw,中信兄弟,rTz1A,1,2,9,4,0,0,"0,0,0,0,0,1,0,0,0","0,0,0,0,1,1,0,0,0",AWAY,0
RDHjY,CPBL-2019-Sf,2019,一軍,例行賽,2019-04-06,2019-04-06 17:05,2019-04-06 20:37,新北市立新莊棒球場,9,,FINISHED,NORMAL,富邦悍將,8hU45,統一7-ELEVEn獅,aB3r1,2,10,6,12,0,0,"0,0,1,0,0,0,0,1,0","0,2,2,1,0,2,0,3,0",AWAY,0
hRnQx,CPBL-2019-Sf,2019,一軍,例行賽,2019-04-06,2019-04-06 17:05,2019-04-06 20:24,樂天桃園棒球場,9,,FINISHED,NORMAL,Lamigo,vmujw,中信兄弟,rTz1A,1,6,8,10,0,0,"0,0,0,0,0,0,1,0,0","0,2,0,0,0,0,4,0,0",AWAY,0
i5Dno,CPBL-2019-Sf,2019,一軍,例行賽,2019-04-05,2019-04-05 17:05,2019-04-05 20:12,新北市立新莊棒球場,9,,FINISHED,NORMAL,富邦悍將,8hU45,統一7-ELEVEn獅,aB3r1,9,3,16,8,0,0,"1,0,6,0,0,2,0,0,0","0,0,1,0,0,0,0,2,0",HOME,1
DAL2m,CPBL-2019-Sf,2019,一軍,例行賽,2019-04-05,2019-04-05 17:05,2019-04-05 20:48,樂天桃園棒球場,9,,FINISHED,NORMAL,Lamigo,vmujw,中信兄弟,rTz1A,1,3,9,9,0,0,"0,0,0,0,0,0,1,0,0","1,0,0,0,0,0,0,2,0",AWAY,0
7SLrV,CPBL-2019-Sf,2019,一軍,例行賽,2019-04-04,2019-04-04 17:05,2019-04-04 20:09,澄清湖棒球場,9,,FINISHED,NORMAL,中信兄弟,rTz1A,統一7-ELEVEn獅,aB3r1,2,0,4,3,0,0,"0,1,0,0,1,0,0,0,0","0,0,0,0,0,0,0,0,0",HOME,1
HO69b,CPBL-2019-Sf,2019,一軍,例行賽,2019-04-04,2019-04-04 17:05,2019-04-04 20:45,樂天桃園棒球場,9,,FINISHED,NORMAL,Lamigo,vmujw,富邦悍將,8hU45,9,2,16,10,0,0,"1,0,0,0,3,0,3,2,0","0,0,0,0,1,0,1,0,0",HOME,1
a0Roh,CPBL-2019-Sf,2019,一軍,例行賽,2019-04-03,2019-04-03 18:35,2019-04-03 22:05,澄清湖棒球場,9,,FINISHED,NORMAL,中信兄弟,rTz1A,統一7-ELEVEn獅,aB3r1,10,3,15,9,0,0,"0,1,0,2,0,1,3,3,0","0,0,0,0,0,0,0,2,1",HOME,1
PMGmZ,CPBL-2019-Sf,2019,一軍,例行賽,2019-04-02,2019-04-02 18:35,2019-04-02 22:16,樂天桃園棒球場,9,,FINISHED,NORMAL,Lamigo,vmujw,富邦悍將,8hU45,6,9,12,14,0,0,"0,1,0,1,0,2,0,2,0","0,0,3,4,2,0,0,0,0",AWAY,0
bRcpx,CPBL-2019-Sf,2019,一軍,例行賽,2019-03-31,2019-03-31 14:07,2019-03-31 17:47,臺南市立棒球場,9,,FINISHED,NORMAL,統一7-ELEVEn獅,aB3r1,Lamigo,vmujw,3,8,6,14,0,0,"0,0,0,0,0,2,0,0,1","0,0,0,2,0,2,0,0,4",AWAY,0
iHwhx,CPBL-2019-Sf,2019,一軍,例行賽,2019-03-31,2019-03-31 14:05,2019-03-31 17:38,臺中市洲際棒球場,9,,FINISHED,NORMAL,中信兄弟,rTz1A,富邦悍將,8hU45,3,6,7,7,0,0,"0,1,2,0,0,0,0,0,0","2,0,0,0,0,4,0,0,0",AWAY,0
ccaQN,CPBL-2019-Sf,2019,一軍,例行賽,2019-03-30,2019-03-30 17:05,2019-03-30 21:20,臺南市立棒球場,9,,FINISHED,NORMAL,統一7-ELEVEn獅,aB3r1,Lamigo,vmujw,9,6,13,10,0,0,"1,0,0,0,4,2,0,2,0","0,0,1,2,0,0,0,0,3",HOME,1
jqxuv,CPBL-2019-Sf,2019,一軍,例行賽,2019-03-30,2019-03-30 17:05,2019-03-30 19:46,臺中市洲際棒球場,9,,FINISHED,NORMAL,中信兄弟,rTz1A,富邦悍將,8hU45,3,7,4,12,0,0,"0,0,0,0,0,1,1,0,1","3,2,2,0,0,0,0,0,0",AWAY,0
MAsYU,CPBL-2019-Sf,2019,一軍,例行賽,2019-03-29,2019-03-29 18:35,2019-03-29 22:01,臺南市立棒球場,9,,FINISHED,NORMAL,統一7-ELEVEn獅,aB3r1,Lamigo,vmujw,5,4,8,10,0,0,"0,0,1,1,0,0,3,0,0","0,1,2,0,0,1,0,0,0",HOME,1
sUytZ,CPBL-2019-Sf,2019,一軍,例行賽,2019-03-29,2019-03-29 18:35,2019-03-29 22:09,臺中市洲際棒球場,9,,FINISHED,NORMAL,中信兄弟,rTz1A,富邦悍將,8hU45,6,5,8,12,0,0,"0,5,0,0,1,0,0,0,0","0,0,0,0,0,2,1,0,2",HOME,1
e3Ej1,CPBL-2019-Sf,2019,一軍,例行賽,2019-03-28,2019-03-28 18:36,2019-03-28 21:41,臺南市立棒球場,9,,FINISHED,NORMAL,統一7-ELEVEn獅,aB3r1,富邦悍將,8hU45,4,2,7,4,0,0,"0,0,1,1,2,0,0,0,0","2,0,0,0,0,0,0,0,0",HOME,1
feqM3,CPBL-2019-Sf,2019,一軍,例行賽,2019-03-27,2019-03-27 18:35,2019-03-27 22:17,臺中市洲際棒球場,9,,FINISHED,NORMAL,中信兄弟,rTz1A,Lamigo,vmujw,7,6,10,12,0,0,"0,0,0,2,0,1,0,0,4","2,0,0,1,1,1,1,0,0",HOME,1
aGfbl,CPBL-2019-Sf,2019,一軍,例行賽,2019-03-26,2019-03-26 18:35,2019-03-26 23:32,臺中市洲際棒球場,12,,FINISHED,NORMAL,中信兄弟,rTz1A,Lamigo,vmujw,3,4,9,13,0,0,"0,0,0,1,0,1,0,1,0,0,0,0","0,0,0,0,0,0,1,1,1,0,0,1",AWAY,0
c9uau,CPBL-2019-Sf,2019,一軍,例行賽,2019-03-24,2019-03-24 17:10,2019-03-24 20:02,臺南市立棒球場,9,,FINISHED,NORMAL,統一7-ELEVEn獅,aB3r1,富邦悍將,8hU45,1,0,5,4,0,0,"0,0,0,0,1,0,0,0,0","0,0,0,0,0,0,0,0,0",HOME,1
xS8AW,CPBL-2019-Sf,2019,一軍,例行賽,2019-03-24,2019-03-24 17:36,2019-03-24 20:59,樂天桃園棒球場,9,,FINISHED,NORMAL,Lamigo,vmujw,中信兄弟,rTz1A,2,6,6,9,0,0,"0,0,0,0,0,1,0,1,0","0,0,1,0,2,0,0,1,2",AWAY,0
Xdh0S,CPBL-2019-Sf,2019,一軍,例行賽,2019-03-23,2019-03-23 17:05,2019-03-23 20:42,樂天桃園棒球場,9,,FINISHED,NORMAL,Lamigo,vmujw,統一7-ELEVEn獅,aB3r1,6,2,13,6,0,0,"0,0,0,0,0,1,5,0,0","0,0,1,0,1,0,0,0,0",HOME,1
CMVb4,CPBL-2018-Fq,2018,一軍,例行賽,2018-10-14,2018-10-14 17:05,2018-10-14 20:12,樂天桃園棒球場,9,,FINISHED,NORMAL,Lamigo,Eje2S,統一7-ELEVEn獅,xny2X,5,6,14,11,0,0,"2,0,0,2,0,0,1,0,0","0,0,2,1,1,2,0,0,0",AWAY,0
veGkQ,CPBL-2018-Fq,2018,一軍,例行賽,2018-10-13,2018-10-13 17:05,2018-10-13 19:43,樂天桃園棒球場,9,,FINISHED,NORMAL,Lamigo,Eje2S,統一7-ELEVEn獅,xny2X,13,1,20,8,0,0,"4,0,1,4,0,0,3,1,0","0,0,0,0,0,0,0,1,0",HOME,1
WFCmP,CPBL-2018-Fq,2018,一軍,例行賽,2018-10-13,2018-10-13 17:05,2018-10-13 19:52,新北市立新莊棒球場,9,,FINISHED,NORMAL,富邦悍將,Gnbsa,中信兄弟,pa1PZ,6,5,11,12,0,0,"0,0,1,1,0,3,0,1,0","1,2,1,0,0,1,0,0,0",HOME,1
dHmRh,CPBL-2018-Fq,2018,一軍,例行賽,2018-10-12,2018-10-12 18:35,2018-10-12 22:20,澄清湖棒球場,9,,FINISHED,NORMAL,統一7-ELEVEn獅,xny2X,Lamigo,Eje2S,10,16,15,23,0,0,"1,0,2,5,0,0,0,0,2","0,2,7,2,1,2,1,1,0",AWAY,0
I9LnW,CPBL-2018-Fq,2018,一軍,例行賽,2018-10-11,2018-10-11 18:35,2018-10-11 21:51,臺中市洲際棒球場,9,,FINISHED,NORMAL,中信兄弟,pa1PZ,Lamigo,Eje2S,5,1,11,9,0,0,"2,0,1,1,1,0,0,0,0","1,0,0,0,0,0,0,0,0",HOME,1
Bo9Ov,CPBL-2018-Fq,2018,一軍,例行賽,2018-10-09,2018-10-09 18:35,2018-10-09 21:49,臺中市洲際棒球場,9,,FINISHED,NORMAL,中信兄弟,pa1PZ,Lamigo,Eje2S,5,4,8,9,0,0,"0,2,2,0,1,0,0,0,0","1,1,2,0,0,0,0,0,0",HOME,1
Auh4F,CPBL-2018-Fq,2018,一軍,例行賽,2018-10-07,2018-10-07 17:05,2018-10-07 20:04,樂天桃園棒球場,9,,FINISHED,NORMAL,Lamigo,Eje2S,富邦悍將,Gnbsa,7,5,8,7,0,0,"0,0,0,0,0,0,4,3,0","0,0,0,3,0,1,0,1,0",HOME,1
p8zul,CPBL-2018-Fq,2018,一軍,例行賽,2018-10-07,2018-10-07 17:05,2018-10-07 19:21,臺南市立棒球場,9,,FINISHED,NORMAL,統一7-ELEVEn獅,xny2X,中信兄弟,pa1PZ,1,0,5,0,0,0,"0,0,0,0,0,0,0,0,1","0,0,0,0,0,0,0,0,0",HOME,1
65arb,CPBL-2018-Fq,2018,一軍,例行賽,2018-10-06,2018-10-06 17:05,2018-10-06 20:39,臺中市洲際棒球場,9,,FINISHED,NORMAL,中信兄弟,pa1PZ,統一7-ELEVEn獅,xny2X,6,10,16,16,0,0,"1,0,0,0,0,3,0,2,0","1,0,0,2,1,5,1,0,0",AWAY,0
Y2ICk,CPBL-2018-Fq,2018,一軍,例行賽,2018-10-06,2018-10-06 17:05,2018-10-06 20:32,新北市立新莊棒球場,9,,FINISHED,NORMAL,富邦悍將,Gnbsa,Lamigo,Eje2S,11,5,13,14,0,0,"0,3,3,0,5,0,0,0,0","0,0,0,1,2,0,2,0,0",HOME,1
jGecD,CPBL-2018-Fq,2018,一軍,例行賽,2018-10-05,2018-10-05 18:35,2018-10-05 21:10,樂天桃園棒球場,9,,FINISHED,NORMAL,Lamigo,Eje2S,富邦悍將,Gnbsa,8,5,17,7,0,0,"0,1,0,1,3,0,2,1,0","0,0,0,0,0,2,0,0,3",HOME,1
hC8FP,CPBL-2018-Fq,2018,一軍,例行賽,2018-10-04,2018-10-04 19:11,2018-10-04 21:57,新北市立新莊棒球場,9,,FINISHED,NORMAL,富邦悍將,Gnbsa,中信兄弟,pa1PZ,5,2,7,6,0,0,"2,0,0,2,0,1,0,0,0","0,0,0,0,0,0,0,2,0",HOME,1
T20WW,CPBL-2018-Fq,2018,一軍,例行賽,2018-10-04,2018-10-04 18:35,2018-10-04 22:17,澄清湖棒球場,9,,FINISHED,NORMAL,統一7-ELEVEn獅,xny2X,Lamigo,Eje2S,13,4,15,10,0,0,"0,5,1,3,0,0,2,2,0","0,0,0,0,1,0,3,0,0",HOME,1
dUbIq,CPBL-2018-Fq,2018,一軍,例行賽,2018-10-03,2018-10-03 18:35,2018-10-03 22:13,澄清湖棒球場,9,,FINISHED,NORMAL,統一7-ELEVEn獅,xny2X,Lamigo,Eje2S,6,7,14,13,0,0,"4,0,0,0,0,2,0,0,0","0,0,0,3,3,0,1,0,0",AWAY,0
LNjjg,CPBL-2018-Fq,2018,一軍,例行賽,2018-10-02,2018-10-02 18:35,2018-10-02 21:33,臺南市立棒球場,9,,FINISHED,NORMAL,統一7-ELEVEn獅,xny2X,中信兄弟,pa1PZ,10,1,12,2,0,0,"2,1,0,3,1,3,0,0,0","0,0,1,0,0,0,0,0,0",HOME,1
oIxvV,CPBL-2018-Fq,2018,一軍,例行賽,2018-10-02,2018-10-02 18:35,2018-10-02 21:48,樂天桃園棒球場,9,,FINISHED,NORMAL,Lamigo,Eje2S,富邦悍將,Gnbsa,5,4,8,8,0,0,"0,0,0,2,0,0,2,0,1","0,2,0,0,0,1,0,0,1",HOME,1
mqVp9,CPBL-2018-Fq,2018,一軍,例行賽,2018-09-30,2018-09-30 17:05,2018-09-30 20:22,新北市立新莊棒球場,9,,FINISHED,NORMAL,富邦悍將,Gnbsa,統一7-ELEVEn獅,xny2X,4,5,9,11,0,0,"0,0,3,0,1,0,0,0,0","0,0,2,1,0,2,0,0,0",AWAY,0
dUuzC,CPBL-2018-Fq,2018,一軍,例行賽,2018-09-30,2018-09-30 17:06,2018-09-30 20:58,臺中市洲際棒球場,9,,FINISHED,NORMAL,中信兄弟,pa1PZ,Lamigo,Eje2S,11,6,14,12,0,0,"1,0,5,0,0,2,3,0,0","0,0,0,0,0,0,6,0,0",HOME,1
qeRg4,CPBL-2018-Fq,2018,一軍,例行賽,2018-09-30,2018-09-30 13:05,2018-09-30 16:05,新北市立新莊棒球場,9,,FINISHED,NORMAL,富邦悍將,Gnbsa,統一7-ELEVEn獅,xny2X,3,1,10,8,0,0,"1,0,0,1,0,1,0,0,0","0,0,0,0,1,0,0,0,0",HOME,1
mdYeB,CPBL-2018-Fq,2018,一軍,例行賽,2018-09-29,2018-09-29 17:05,2018-09-29 20:07,新北市立新莊棒球場,9,,FINISHED,NORMAL,富邦悍將,Gnbsa,統一7-ELEVEn獅,xny2X,6,3,11,5,0,0,"2,0,0,0,3,0,1,0,0","0,0,1,0,0,0,0,1,1",HOME,1
EwA8w,CPBL-2018-Fq,2018,一軍,例行賽,2018-09-29,2018-09-29 17:07,2018-09-29 20:33,臺中市洲際棒球場,9,,FINISHED,NORMAL,中信兄弟,pa1PZ,Lamigo,Eje2S,2,4,8,7,0,0,"2,0,0,0,0,0,0,0,0","0,0,2,0,0,1,0,1,0",AWAY,0
YeAOE,CPBL-2018-Fq,2018,一軍,例行賽,2018-09-28,2018-09-28 18:36,2018-09-28 21:16,臺中市洲際棒球場,9,,FINISHED,NORMAL,中信兄弟,pa1PZ,Lamigo,Eje2S,1,0,6,0,0,0,"1,0,0,0,0,0,0,0,0","0,0,0,0,0,0,0,0,0",HOME,1
Ub8HY,CPBL-2018-Fq,2018,一軍,例行賽,2018-09-27,2018-09-27 18:50,2018-09-27 22:25,新北市立新莊棒球場,9,,FINISHED,NORMAL,富邦悍將,Gnbsa,中信兄弟,pa1PZ,5,7,12,13,0,0,"3,0,0,0,0,0,0,2,0","1,0,1,2,2,0,1,0,0",AWAY,0
b9f9J,CPBL-2018-Fq,2018,一軍,例行賽,2018-09-27,2018-09-27 18:35,2018-09-27 22:00,樂天桃園棒球場,9,,FINISHED,NORMAL,Lamigo,Eje2S,統一7-ELEVEn獅,xny2X,7,1,12,6,0,0,"0,0,0,0,0,1,6,0,0","0,1,0,0,0,0,0,0,0",HOME,1
57rk9,CPBL-2018-Fq,2018,一軍,例行賽,2018-09-26,2018-09-26 18:50,2018-09-26 22:01,新北市立新莊棒球場,9,,FINISHED,NORMAL,富邦悍將,Gnbsa,中信兄弟,pa1PZ,5,4,6,10,0,0,"0,0,0,1,4,0,0,0,0","0,1,0,0,0,0,0,0,3",HOME,1
mLMkW,CPBL-2018-Fq,2018,一軍,例行賽,2018-09-25,2018-09-25 18:35,2018-09-25 21:47,樂天桃園棒球場,9,,FINISHED,NORMAL,Lamigo,Eje2S,統一7-ELEVEn獅,xny2X,4,3,10,9,0,0,"1,0,3,0,0,0,0,0,0","1,0,1,0,1,0,0,0,0",HOME,1
PnADO,CPBL-2018-Fq,2018,一軍,例行賽,2018-09-23,2018-09-23 17:06,2018-09-23 20:34,樂天桃園棒球場,9,,FINISHED,NORMAL,Lamigo,Eje2S,富邦悍將,Gnbsa,4,2,9,6,0,0,"2,0,1,0,0,0,0,1,0","1,0,0,0,1,0,0,0,0",HOME,1
9zA2m,CPBL-2018-Fq,2018,一軍,例行賽,2018-09-23,2018-09-23 17:05,2018-09-23 20:27,臺南市立棒球場,9,,FINISHED,NORMAL,統一7-ELEVEn獅,xny2X,中信兄弟,pa1PZ,10,2,19,1,0,0,"1,0,1,1,0,4,0,3,0","2,0,0,0,0,0,0,0,0",HOME,1
yCcgr,CPBL-2018-Fq,2018,一軍,例行賽,2018-09-22,2018-09-22 17:06,2018-09-22 21:05,樂天桃園棒球場,9,,FINISHED,NORMAL,Lamigo,Eje2S,富邦悍將,Gnbsa,5,3,12,14,0,0,"1,1,1,0,0,0,0,2,0","0,0,1,1,0,0,0,1,0",HOME,1
CjaE8,CPBL-2018-Fq,2018,一軍,例行賽,2018-09-22,2018-09-22 17:06,2018-09-22 20:17,臺南市立棒球場,9,,FINISHED,NORMAL,統一7-ELEVEn獅,xny2X,中信兄弟,pa1PZ,5,4,8,10,0,0,"1,0,0,0,1,0,0,3,0","1,0,0,0,3,0,0,0,0",HOME,1
NzhHI,CPBL-2018-Fq,2018,一軍,例行賽,2018-09-21,2018-09-21 18:35,2018-09-21 22:10,樂天桃園棒球場,9,,FINISHED,NORMAL,Lamigo,Eje2S,富邦悍將,Gnbsa,6,4,11,12,0,0,"0,0,4,1,0,1,0,0,0","1,0,1,0,1,0,0,0,1",HOME,1
kHTnt,CPBL-2018-Fq,2018,一軍,例行賽,2018-09-21,2018-09-21 18:35,2018-09-21 22:01,臺南市立棒球場,9,,FINISHED,NORMAL,統一7-ELEVEn獅,xny2X,中信兄弟,pa1PZ,4,5,11,13,0,0,"1,0,0,0,0,0,0,1,2","0,0,0,1,0,0,0,2,2",AWAY,0
T0RnK,CPBL-2018-Fq,2018,一軍,例行賽,2018-09-20,2018-09-20 18:35,2018-09-20 21:44,樂天桃園棒球場,9,,FINISHED,NORMAL,Lamigo,Eje2S,中信兄弟,pa1PZ,6,0,12,5,0,0,"2,0,0,2,0,2,0,0,0","0,0,0,0,0,0,0,0,0",HOME,1
YvSjZ,CPBL-2018-Fq,2018,一軍,例行賽,2018-09-20,2018-09-20 18:35,2018-09-20 22:39,臺南市立棒球場,9,,FINISHED,NORMAL,統一7-ELEVEn獅,xny2X,富邦悍將,Gnbsa,8,6,14,11,0,0,"0,3,0,5,0,0,0,0,0","2,1,0,0,0,1,0,2,0",HOME,1
RU5DN,CPBL-2018-Fq,2018,一軍,例行賽,2018-09-19,2018-09-19 18:35,2018-09-19 21:40,樂天桃園棒球場,9,,FINISHED,NORMAL,Lamigo,Eje2S,中信兄弟,pa1PZ,5,1,14,8,0,0,"0,0,0,2,0,3,0,0,0","0,0,1,0,0,0,0,0,0",HOME,1
sSU53,CPBL-2018-Fq,2018,一軍,例行賽,2018-09-18,2018-09-18 18:35,2018-09-18 22:05,臺南市立棒球場,9,,FINISHED,NORMAL,統一7-ELEVEn獅,xny2X,富邦悍將,Gnbsa,9,7,15,11,0,0,"1,0,3,0,3,1,0,1,0","1,0,0,0,0,2,0,1,3",HOME,1
Tx4uR,CPBL-2018-Fq,2018,一軍,例行賽,2018-09-16,2018-09-16 17:05,2018-09-16 21:06,澄清湖棒球場,9,,FINISHED,NORMAL,統一7-ELEVEn獅,xny2X,Lamigo,Eje2S,3,11,8,21,0,0,"0,0,0,0,0,0,0,3,0","2,1,0,0,3,4,1,0,0",AWAY,0
K1Mte,CPBL-2018-Fq,2018,一軍,例行賽,2018-09-16,2018-09-16 17:06,2018-09-16 20:29,臺北市立天母棒球場,9,,FINISHED,NORMAL,中信兄弟,pa1PZ,富邦悍將,Gnbsa,3,8,10,13,0,0,"1,1,0,1,0,0,0,0,0","0,0,0,1,0,1,3,1,2",AWAY,0
E0EFe,CPBL-2018-Fq,2018,一軍,例行賽,2018-09-15,2018-09-15 17:41,2018-09-15 20:25,澄清湖棒球場,9,,FINISHED,NORMAL,統一7-ELEVEn獅,xny2X,Lamigo,Eje2S,0,1,3,7,0,0,"0,0,0,0,0,0,0,0,0","0,0,0,0,0,0,0,1,0",AWAY,0
C12x4,CPBL-2018-Fq,2018,一軍,例行賽,2018-09-15,2018-09-15 17:08,2018-09-15 20:56,臺北市立天母棒球場,9,,FINISHED,NORMAL,中信兄弟,pa1PZ,富邦悍將,Gnbsa,1,16,7,21,0,0,"0,0,0,0,1,0,0,0,0","0,1,0,3,1,1,6,0,4",AWAY,0
qEQcR,CPBL-2018-Fq,2018,一軍,例行賽,2018-09-14,2018-09-14 18:35,2018-09-14 22:28,澄清湖棒球場,9,,FINISHED,NORMAL,統一7-ELEVEn獅,xny2X,Lamigo,Eje2S,6,11,13,16,0,0,"0,0,4,0,0,0,0,0,2","0,0,2,0,5,1,1,2,0",AWAY,0
VeO5e,CPBL-2018-Fq,2018,一軍,例行賽,2018-09-14,2018-09-14 18:05,2018-09-14 21:03,臺北市立天母棒球場,9,,FINISHED,NORMAL,中信兄弟,pa1PZ,富邦悍將,Gnbsa,2,5,4,9,0,0,"0,0,0,1,0,0,0,0,1","0,0,0,1,0,0,0,3,1",AWAY,0
Cpoov,CPBL-2018-Fq,2018,一軍,例行賽,2018-09-13,2018-09-13 18:36,2018-09-13 21:48,新北市立新莊棒球場,9,,FINISHED,NORMAL,富邦悍將,Gnbsa,Lamigo,Eje2S,7,4,5,10,0,0,"2,0,0,0,0,0,5,0,0","1,0,0,0,0,2,0,0,1",HOME,1
Qb276,CPBL-2018-Fq,2018,一軍,例行賽,2018-09-13,2018-09-13 18:35,2018-09-13 21:23,臺中市洲際棒球場,9,,FINISHED,NORMAL,中信兄弟,pa1PZ,統一7-ELEVEn獅,xny2X,4,0,13,4,0,0,"1,0,0,0,0,1,1,1,0","0,0,0,0,0,0,0,0,0",HOME,1
9KzLI,CPBL-2018-Fq,2018,一軍,例行賽,2018-09-12,2018-09-12 18:35,2018-09-12 22:06,臺中市洲際棒球場,9,,FINISHED,NORMAL,中信兄弟,pa1PZ,統一7-ELEVEn獅,xny2X,6,5,12,7,0,0,"0,3,1,2,0,0,0,0,0","0,0,0,2,0,3,0,0,0",HOME,1
439oF,CPBL-2018-Fq,2018,一軍,例行賽,2018-09-11,2018-09-11 18:35,2018-09-11 21:54,新北市立新莊棒球場,9,,FINISHED,NORMAL,富邦悍將,Gnbsa,Lamigo,Eje2S,1,7,8,12,0,0,"0,0,0,0,0,0,0,1,0","0,0,0,2,0,0,0,3,2",AWAY,0
fNrDH,CPBL-2018-Fq,2018,一軍,例行賽,2018-09-09,2018-09-09 17:05,2018-09-09 20:06,新北市立新莊棒球場,9,,FINISHED,NORMAL,富邦悍將,Gnbsa,中信兄弟,pa1PZ,0,1,5,9,0,0,"0,0,0,0,0,0,0,0,0","0,1,0,0,0,0,0,0,0",AWAY,0
cnOJR,CPBL-2018-Fq,2018,一軍,例行賽,2018-09-07,2018-09-07 18:35,2018-09-08 00:08,樂天桃園棒球場,12,,FINISHED,NORMAL,Lamigo,Eje2S,統一7-ELEVEn獅,xny2X,10,14,18,25,0,0,"2,0,2,0,3,3,0,0,0,0,0,0","0,0,1,0,2,4,1,2,0,0,0,4",AWAY,0
sunk8,CPBL-2018-Fq,2018,一軍,例行賽,2018-09-07,2018-09-07 18:35,2018-09-07 22:09,新北市立新莊棒球場,9,,FINISHED,NORMAL,富邦悍將,Gnbsa,中信兄弟,pa1PZ,3,6,10,14,0,0,"0,1,0,0,0,0,1,0,1","1,4,0,0,0,1,0,0,0",AWAY,0
wAEBD,CPBL-2018-Fq,2018,一軍,例行賽,2018-09-06,2018-09-06 19:31,2018-09-06 23:48,樂天桃園棒球場,10,,FINISHED,NORMAL,Lamigo,Eje2S,富邦悍將,Gnbsa,2,5,6,15,0,0,"1,0,0,0,0,1,0,0,0,0","0,1,0,0,0,0,1,0,0,3",AWAY,0
rmjxd,CPBL-2018-Fq,2018,一軍,例行賽,2018-09-06,2018-09-06 18:36,2018-09-06 21:06,臺南市立棒球場,9,,FINISHED,NORMAL,統一7-ELEVEn獅,xny2X,中信兄弟,pa1PZ,9,0,14,4,0,0,"0,3,2,3,0,1,0,0,0","0,0,0,0,0,0,0,0,0",HOME,1
yJEBZ,CPBL-2018-Fq,2018,一軍,例行賽,2018-09-05,2018-09-05 18:35,2018-09-05 21:34,樂天桃園棒球場,9,,FINISHED,NORMAL,Lamigo,Eje2S,富邦悍將,Gnbsa,5,1,9,7,0,0,"0,0,3,0,1,0,1,0,0","1,0,0,0,0,0,0,0,0",HOME,1
H9Pfz,CPBL-2018-Fq,2018,一軍,例行賽,2018-09-04,2018-09-04 18:36,2018-09-04 21:59,臺南市立棒球場,9,,FINISHED,NORMAL,統一7-ELEVEn獅,xny2X,中信兄弟,pa1PZ,2,6,7,7,0,0,"0,0,1,0,0,0,1,0,0","1,0,3,0,2,0,0,0,0",AWAY,0
DLhuP,CPBL-2018-Fq,2018,一軍,例行賽,2018-09-02,2018-09-02 17:05,2018-09-02 20:46,樂天桃園棒球場,9,,FINISHED,NORMAL,Lamigo,Eje2S,中信兄弟,pa1PZ,13,5,19,8,0,0,"3,0,2,1,3,1,3,0,0","0,0,0,0,0,5,0,0,0",HOME,1
XCkLH,CPBL-2018-Fq,2018,一軍,例行賽,2018-09-02,2018-09-02 17:05,2018-09-02 20:18,澄清湖棒球場,9,,FINISHED,NORMAL,統一7-ELEVEn獅,xny2X,富邦悍將,Gnbsa,2,11,9,16,0,0,"0,0,1,0,0,0,0,1,0","0,3,2,2,0,0,0,1,3",AWAY,0
7Mh1s,CPBL-2018-Fq,2018,一軍,例行賽,2018-09-01,2018-09-01 17:12,2018-09-01 20:15,樂天桃園棒球場,9,,FINISHED,NORMAL,Lamigo,Eje2S,中信兄弟,pa1PZ,10,1,17,5,0,0,"1,0,5,0,2,0,0,2,0","0,0,0,0,0,0,1,0,0",HOME,1
eTopj,CPBL-2018-Fq,2018,一軍,例行賽,2018-09-01,2018-09-01 17:05,2018-09-01 20:25,澄清湖棒球場,9,,FINISHED,NORMAL,統一7-ELEVEn獅,xny2X,富邦悍將,Gnbsa,5,4,9,11,0,0,"2,2,0,0,0,0,1,0,0","2,1,0,0,0,0,0,0,1",HOME,1
KSK8I,CPBL-2018-Fq,2018,一軍,例行賽,2018-08-31,2018-08-31 18:35,2018-08-31 21:59,樂天桃園棒球場,9,,FINISHED,NORMAL,Lamigo,Eje2S,中信兄弟,pa1PZ,4,1,11,6,0,0,"2,0,0,1,0,0,0,1,0","1,0,0,0,0,0,0,0,0",HOME,1
VvBT4,CPBL-2018-Fq,2018,一軍,例行賽,2018-08-31,2018-08-31 18:35,2018-08-31 22:25,澄清湖棒球場,9,,FINISHED,NORMAL,統一7-ELEVEn獅,xny2X,富邦悍將,Gnbsa,3,6,9,10,0,0,"0,0,1,0,2,0,0,0,0","0,0,1,0,1,3,1,0,0",AWAY,0
fJLHe,CPBL-2018-Fq,2018,一軍,例行賽,2018-08-30,2018-08-30 18:35,2018-08-30 21:36,臺中市洲際棒球場,9,,FINISHED,NORMAL,中信兄弟,pa1PZ,富邦悍將,Gnbsa,3,0,6,8,0,0,"0,0,0,0,0,0,3,0,0","0,0,0,0,0,0,0,0,0",HOME,1
xjdql,CPBL-2018-Fq,2018,一軍,例行賽,2018-08-29,2018-08-29 18:35,2018-08-29 21:42,臺中市洲際棒球場,9,,FINISHED,NORMAL,中信兄弟,pa1PZ,富邦悍將,Gnbsa,0,9,2,16,0,0,"0,0,0,0,0,0,0,0,0","0,0,0,0,1,5,3,0,0",AWAY,0
uWFRM,CPBL-2018-Fq,2018,一軍,例行賽,2018-08-26,2018-08-26 17:05,2018-08-26 20:05,新北市立新莊棒球場,9,,FINISHED,NORMAL,富邦悍將,Gnbsa,Lamigo,Eje2S,14,1,15,5,0,0,"2,0,2,2,0,0,3,5,0","0,0,0,0,1,0,0,0,0",HOME,1
1dXYO,CPBL-2018-Fq,2018,一軍,例行賽,2018-08-26,2018-08-26 17:05,2018-08-26 20:40,澄清湖棒球場,9,,FINISHED,NORMAL,中信兄弟,pa1PZ,統一7-ELEVEn獅,xny2X,7,5,12,9,0,0,"3,0,1,0,0,3,0,0,0","4,0,0,0,0,1,0,0,0",HOME,1
MuvQh,CPBL-2018-Fq,2018,一軍,例行賽,2018-08-25,2018-08-25 17:20,2018-08-25 20:59,新北市立新莊棒球場,9,,FINISHED,NORMAL,富邦悍將,Gnbsa,Lamigo,Eje2S,9,7,9,10,0,0,"0,1,1,0,5,0,2,0,0","4,0,0,0,0,0,2,1,0",HOME,1
Ts0U2,CPBL-2018-Fq,2018,一軍,例行賽,2018-08-25,2018-08-25 17:32,2018-08-25 20:50,澄清湖棒球場,9,,FINISHED,NORMAL,中信兄弟,pa1PZ,統一7-ELEVEn獅,xny2X,3,5,5,10,0,0,"1,0,0,0,0,0,1,0,1","4,0,0,0,0,0,0,1,0",AWAY,0
4yfxP,CPBL-2018-Fq,2018,一軍,例行賽,2018-08-25,2018-08-25 13:30,2018-08-25 16:27,澄清湖棒球場,9,,FINISHED,NORMAL,中信兄弟,pa1PZ,統一7-ELEVEn獅,xny2X,4,0,10,4,0,0,"1,0,2,0,1,0,0,0,0","0,0,0,0,0,0,0,0,0",HOME,1
7brDe,CPBL-2018-Fq,2018,一軍,例行賽,2018-08-24,2018-08-24 18:45,2018-08-24 21:55,新北市立新莊棒球場,9,,FINISHED,NORMAL,富邦悍將,Gnbsa,Lamigo,Eje2S,5,8,13,12,0,0,"4,0,0,0,0,0,0,1,0","0,5,0,0,0,1,2,0,0",AWAY,0
XzSsc,CPBL-2018-Fq,2018,一軍,例行賽,2018-08-23,2018-08-23 18:35,2018-08-23 22:05,新北市立新莊棒球場,9,,FINISHED,NORMAL,富邦悍將,Gnbsa,統一7-ELEVEn獅,xny2X,6,3,9,8,0,0,"4,0,0,0,0,0,0,2,0","0,0,0,1,1,0,0,0,1",HOME,1
TPXgG,CPBL-2018-Fq,2018,一軍,例行賽,2018-08-22,2018-08-22 18:35,2018-08-22 22:01,新北市立新莊棒球場,9,,FINISHED,NORMAL,富邦悍將,Gnbsa,統一7-ELEVEn獅,xny2X,13,3,18,8,0,0,"0,0,0,1,9,0,0,3,0","0,0,0,0,0,0,0,1,2",HOME,1
mUI2r,CPBL-2018-Fq,2018,一軍,例行賽,2018-08-19,2018-08-19 13:06,2018-08-19 17:30,臺北市立天母棒球場,7,,FINISHED,NORMAL,統一7-ELEVEn獅,xny2X,中信兄弟,pa1PZ,3,5,5,11,0,0,"0,0,1,0,2,0,0","0,0,1,0,0,3,1",AWAY,0
MVrFD,CPBL-2018-Fq,2018,一軍,例行賽,2018-08-18,2018-08-18 17:05,2018-08-18 20:12,樂天桃園棒球場,9,,FINISHED,NORMAL,Lamigo,Eje2S,富邦悍將,Gnbsa,4,6,10,9,0,0,"0,0,0,0,2,0,2,0,0","1,0,1,1,0,0,0,1,2",AWAY,0
a1h4p,CPBL-2018-Fq,2018,一軍,例行賽,2018-08-18,2018-08-18 17:52,2018-08-18 21:34,臺北市立天母棒球場,9,,FINISHED,NORMAL,統一7-ELEVEn獅,xny2X,中信兄弟,pa1PZ,7,5,8,9,0,0,"1,1,0,0,1,4,0,0,0","3,1,0,0,1,0,0,0,0",HOME,1
vf26Z,CPBL-2018-Fq,2018,一軍,例行賽,2018-08-16,2018-08-16 18:35,2018-08-16 22:48,樂天桃園棒球場,9,,FINISHED,NORMAL,Lamigo,Eje2S,統一7-ELEVEn獅,xny2X,10,6,18,7,0,0,"8,0,0,0,0,1,0,1,0","0,0,2,0,4,0,0,0,0",HOME,1
mAvpB,CPBL-2018-Fq,2018,一軍,例行賽,2018-08-16,2018-08-16 18:35,2018-08-16 22:28,新北市立新莊棒球場,9,,FINISHED,NORMAL,富邦悍將,Gnbsa,中信兄弟,pa1PZ,4,6,12,15,0,0,"0,1,0,1,1,0,1,0,0","1,0,0,1,0,0,2,2,0",AWAY,0
jy9gj,CPBL-2018-Fq,2018,一軍,例行賽,2018-08-15,2018-08-15 18:36,2018-08-15 22:36,樂天桃園棒球場,10,,FINISHED,NORMAL,Lamigo,Eje2S,統一7-ELEVEn獅,xny2X,7,11,13,13,0,0,"0,1,1,3,2,0,0,0,0,0","0,0,0,0,1,0,0,0,6,4",AWAY,0
qkqkg,CPBL-2018-Fq,2018,一軍,例行賽,2018-08-12,2018-08-12 17:05,2018-08-12 20:24,臺中市洲際棒球場,9,,FINISHED,NORMAL,中信兄弟,pa1PZ,Lamigo,Eje2S,4,3,10,7,0,0,"0,0,0,1,0,0,0,3,0","0,0,0,1,0,0,0,2,0",HOME,1
AZWLo,CPBL-2018-Fq,2018,一軍,例行賽,2018-08-12,2018-08-12 17:07,2018-08-12 21:17,新北市立新莊棒球場,9,,FINISHED,NORMAL,富邦悍將,Gnbsa,統一7-ELEVEn獅,xny2X,7,13,21,16,0,0,"0,0,1,0,1,2,1,2,0","1,0,2,0,9,0,1,0,0",AWAY,0
i9XLV,CPBL-2018-Fq,2018,一軍,例行賽,2018-08-11,2018-08-11 17:06,2018-08-11 20:06,臺中市洲際棒球場,9,,FINISHED,NORMAL,中信兄弟,pa1PZ,Lamigo,Eje2S,1,3,9,6,0,0,"0,0,0,0,1,0,0,0,0","0,1,0,0,2,0,0,0,0",AWAY,0
dEOyZ,CPBL-2018-Fq,2018,一軍,例行賽,2018-08-11,2018-08-11 17:05,2018-08-11 21:13,新北市立新莊棒球場,9,,FINISHED,NORMAL,富邦悍將,Gnbsa,統一7-ELEVEn獅,xny2X,5,14,11,21,0,0,"2,0,0,0,1,0,1,0,1","3,4,1,1,0,3,2,0,0",AWAY,0
IeLVV,CPBL-2018-Fq,2018,一軍,例行賽,2018-08-10,2018-08-10 18:36,2018-08-10 23:02,臺中市洲際棒球場,10,,FINISHED,NORMAL,中信兄弟,pa1PZ,Lamigo,Eje2S,6,14,11,21,0,0,"0,0,4,0,0,1,0,0,0,1","0,1,0,1,0,2,0,0,1,9",AWAY,0
03jtX,CPBL-2018-Fq,2018,一軍,例行賽,2018-08-10,2018-08-10 18:36,2018-08-10 22:16,新北市立新莊棒球場,9,,FINISHED,NORMAL,富邦悍將,Gnbsa,統一7-ELEVEn獅,xny2X,6,10,10,13,0,0,"0,1,0,0,0,2,0,2,1","2,0,1,4,2,0,0,0,1",AWAY,0
5Xzzn,CPBL-2018-Fq,2018,一軍,例行賽,2018-08-09,2018-08-09 18:35,2018-08-09 23:18,臺中市洲際棒球場,9,,FINISHED,NORMAL,中信兄弟,pa1PZ,統一7-ELEVEn獅,xny2X,14,16,17,18,0,0,"5,0,1,0,6,1,0,1,0","1,2,3,0,0,5,2,2,1",AWAY,0
z4iHW,CPBL-2018-Fq,2018,一軍,例行賽,2018-08-09,2018-08-09 18:35,2018-08-09 21:55,新北市立新莊棒球場,9,,FINISHED,NORMAL,富邦悍將,Gnbsa,Lamigo,Eje2S,1,5,9,9,0,0,"0,1,0,0,0,0,0,0,0","0,2,2,1,0,0,0,0,0",AWAY,0
UWxpN,CPBL-2018-Fq,2018,一軍,例行賽,2018-08-08,2018-08-08 18:35,2018-08-08 22:18,新北市立新莊棒球場,11,,FINISHED,NORMAL,富邦悍將,Gnbsa,Lamigo,Eje2S,1,0,8,8,0,0,"0,0,0,0,0,0,0,0,0,0,1","0,0,0,0,0,0,0,0,0,0,0",HOME,1
HkW84,CPBL-2018-Fq,2018,一軍,例行賽,2018-08-07,2018-08-07 18:35,2018-08-07 21:31,臺中市洲際棒球場,9,,FINISHED,NORMAL,中信兄弟,pa1PZ,統一7-ELEVEn獅,xny2X,7,5,11,14,0,0,"0,2,0,3,1,1,0,0,0","3,0,0,0,1,1,0,0,0",HOME,1
hhXe9,CPBL-2018-Fq,2018,一軍,例行賽,2018-08-05,2018-08-05 17:05,2018-08-05 20:28,臺南市立棒球場,9,,FINISHED,NORMAL,統一7-ELEVEn獅,xny2X,Lamigo,Eje2S,3,1,6,7,0,0,"0,0,0,3,0,0,0,0,0","0,0,0,1,0,0,0,0,0",HOME,1
TOO8N,CPBL-2018-Fq,2018,一軍,例行賽,2018-08-05,2018-08-05 17:46,2018-08-05 21:11,臺中市洲際棒球場,9,,FINISHED,NORMAL,中信兄弟,pa1PZ,富邦悍將,Gnbsa,2,5,10,12,0,0,"0,1,0,0,0,1,0,0,0","0,1,1,2,0,1,0,0,0",AWAY,0
41BPR,CPBL-2018-Fq,2018,一軍,例行賽,2018-08-04,2018-08-04 17:05,2018-08-04 20:50,臺南市立棒球場,9,,FINISHED,NORMAL,統一7-ELEVEn獅,xny2X,Lamigo,Eje2S,3,2,10,8,0,0,"0,0,0,0,1,0,0,1,1","0,0,0,1,0,0,1,0,0",HOME,1
ajm5L,CPBL-2018-Fq,2018,一軍,例行賽,2018-08-04,2018-08-04 17:07,2018-08-04 22:04,臺中市洲際棒球場,9,,FINISHED,NORMAL,中信兄弟,pa1PZ,富邦悍將,Gnbsa,10,2,16,12,0,0,"3,0,1,0,0,3,0,3,0","0,0,1,0,0,0,0,1,0",HOME,1
LnQG0,CPBL-2018-Fq,2018,一軍,例行賽,2018-08-03,2018-08-03 18:35,2018-08-03 22:09,臺南市立棒球場,9,,FINISHED,NORMAL,統一7-ELEVEn獅,xny2X,Lamigo,Eje2S,4,2,14,6,0,0,"1,0,0,0,1,0,0,2,0","2,0,0,0,0,0,0,0,0",HOME,1
44hhL,CPBL-2018-Fq,2018,一軍,例行賽,2018-08-03,2018-08-03 18:35,2018-08-03 22:47,臺中市洲際棒球場,9,,FINISHED,NORMAL,中信兄弟,pa1PZ,富邦悍將,Gnbsa,6,9,7,19,0,0,"0,1,3,1,0,0,1,0,0","3,0,1,1,2,2,0,0,0",AWAY,0
p0uyM,CPBL-2018-Fq,2018,一軍,例行賽,2018-08-02,2018-08-02 18:35,2018-08-02 22:09,臺南市立棒球場,9,,FINISHED,NORMAL,統一7-ELEVEn獅,xny2X,富邦悍將,Gnbsa,4,8,7,9,0,0,"0,0,0,2,0,2,0,0,0","1,0,3,1,0,2,0,0,1",AWAY,0
MTCDs,CPBL-2018-Fq,2018,一軍,例行賽,2018-08-02,2018-08-02 18:35,2018-08-02 22:31,樂天桃園棒球場,9,,FINISHED,NORMAL,Lamigo,Eje2S,中信兄弟,pa1PZ,6,15,10,19,0,0,"0,1,0,1,0,3,0,0,1","4,1,2,2,0,0,4,1,1",AWAY,0
0ZERC,CPBL-2018-Fq,2018,一軍,例行賽,2018-08-01,2018-08-01 18:36,2018-08-01 21:51,臺南市立棒球場,9,,FINISHED,NORMAL,統一7-ELEVEn獅,xny2X,富邦悍將,Gnbsa,6,3,10,9,0,0,"1,1,0,0,1,0,0,3,0","2,0,0,0,1,0,0,0,0",HOME,1
AfvJk,CPBL-2018-Fq,2018,一軍,例行賽,2018-07-31,2018-07-31 18:35,2018-07-31 22:30,樂天桃園棒球場,9,,FINISHED,NORMAL,Lamigo,Eje2S,中信兄弟,pa1PZ,4,7,13,12,0,0,"0,0,4,0,0,0,0,0,0","0,3,0,1,0,1,0,0,2",AWAY,0
CdbNC,CPBL-2018-Fq,2018,一軍,例行賽,2018-07-29,2018-07-29 17:05,2018-07-29 20:52,樂天桃園棒球場,9,,FINISHED,NORMAL,Lamigo,Eje2S,統一7-ELEVEn獅,xny2X,9,5,19,8,0,0,"1,0,1,0,1,0,4,2,0","0,0,2,0,3,0,0,0,0",HOME,1
mcbrP,CPBL-2018-Fq,2018,一軍,例行賽,2018-07-29,2018-07-29 17:05,2018-07-29 20:17,新北市立新莊棒球場,9,,FINISHED,NORMAL,富邦悍將,Gnbsa,中信兄弟,pa1PZ,1,3,8,6,0,0,"0,0,0,0,0,0,1,0,0","0,0,2,0,0,0,0,0,1",AWAY,0
XUCdd,CPBL-2018-Fq,2018,一軍,例行賽,2018-07-28,2018-07-28 17:06,2018-07-28 21:06,樂天桃園棒球場,9,,FINISHED,NORMAL,Lamigo,Eje2S,統一7-ELEVEn獅,xny2X,1,3,5,8,0,0,"0,0,0,0,0,0,0,1,0","0,0,2,0,0,0,1,0,0",AWAY,0
qcT4y,CPBL-2018-Fq,2018,一軍,例行賽,2018-07-28,2018-07-28 17:05,2018-07-28 20:49,新北市立新莊棒球場,9,,FINISHED,NORMAL,富邦悍將,Gnbsa,中信兄弟,pa1PZ,3,6,5,12,0,0,"2,0,0,0,0,0,1,0,0","0,0,0,3,1,0,0,0,2",AWAY,0
ZyOQf,CPBL-2018-Fq,2018,一軍,例行賽,2018-07-27,2018-07-27 18:35,2018-07-27 22:05,樂天桃園棒球場,9,,FINISHED,NORMAL,Lamigo,Eje2S,統一7-ELEVEn獅,xny2X,6,3,13,7,0,0,"0,3,0,1,0,0,2,0,0","1,0,0,0,0,1,1,0,0",HOME,1
2yNVr,CPBL-2018-Fq,2018,一軍,例行賽,2018-07-27,2018-07-27 18:36,2018-07-27 21:18,新北市立新莊棒球場,9,,FINISHED,NORMAL,富邦悍將,Gnbsa,中信兄弟,pa1PZ,1,0,8,3,0,0,"0,0,0,0,0,1,0,0,0","0,0,0,0,0,0,0,0,0",HOME,1
D31Cr,CPBL-2018-Fq,2018,一軍,例行賽,2018-07-26,2018-07-26 18:35,2018-07-26 22:16,臺中市洲際棒球場,9,,FINISHED,NORMAL,中信兄弟,pa1PZ,Lamigo,Eje2S,8,15,10,20,0,0,"0,0,0,0,0,4,0,0,4","0,2,5,2,5,0,1,0,0",AWAY,0
I1kKK,CPBL-2018-Fq,2018,一軍,例行賽,2018-07-26,2018-07-26 18:35,2018-07-26 21:55,新北市立新莊棒球場,9,,FINISHED,NORMAL,富邦悍將,Gnbsa,統一7-ELEVEn獅,xny2X,6,11,13,11,0,0,"0,0,1,0,0,0,2,0,3","4,0,0,0,6,0,0,0,1",AWAY,0
xHLMH,CPBL-2018-Fq,2018,一軍,例行賽,2018-07-25,2018-07-25 18:35,2018-07-25 21:55,臺中市洲際棒球場,9,,FINISHED,NORMAL,中信兄弟,pa1PZ,Lamigo,Eje2S,5,3,9,9,0,0,"0,0,0,0,0,0,1,4,0","0,1,0,0,0,0,0,0,2",HOME,1
0NLvp,CPBL-2018-Fq,2018,一軍,例行賽,2018-07-24,2018-07-24 18:35,2018-07-24 21:45,新北市立新莊棒球場,9,,FINISHED,NORMAL,富邦悍將,Gnbsa,統一7-ELEVEn獅,xny2X,1,6,8,11,0,0,"0,1,0,0,0,0,0,0,0","0,0,0,0,3,1,1,0,1",AWAY,0
w9wlp,CPBL-2018-Fq,2018,一軍,例行賽,2018-07-22,2018-07-22 17:05,2018-07-22 20:20,新北市立新莊棒球場,9,,FINISHED,NORMAL,富邦悍將,Gnbsa,Lamigo,Eje2S,0,10,2,16,0,0,"0,0,0,0,0,0,0,0,0","0,1,0,0,1,2,1,2,3",AWAY,0
bmFvF,CPBL-2018-Fq,2018,一軍,例行賽,2018-07-21,2018-07-21 17:05,2018-07-21 19:59,臺中市洲際棒球場,9,,FINISHED,NORMAL,中信兄弟,pa1PZ,統一7-ELEVEn獅,xny2X,4,2,7,9,0,0,"3,1,0,0,0,0,0,0,0","0,0,0,1,0,0,0,1,0",HOME,1
SFEi4,CPBL-2018-Fq,2018,一軍,例行賽,2018-07-20,2018-07-20 18:35,2018-07-20 22:11,新北市立新莊棒球場,9,,FINISHED,NORMAL,富邦悍將,Gnbsa,Lamigo,Eje2S,6,7,14,12,0,0,"0,0,1,1,0,2,2,0,0","3,0,0,0,2,0,0,1,1",AWAY,0
uIS5X,CPBL-2018-Fq,2018,一軍,例行賽,2018-07-20,2018-07-20 18:36,2018-07-20 22:07,臺中市洲際棒球場,9,,FINISHED,NORMAL,中信兄弟,pa1PZ,統一7-ELEVEn獅,xny2X,3,5,10,9,0,0,"0,1,1,1,0,0,0,0,0","0,2,0,2,1,0,0,0,0",AWAY,0
2BqT1,CPBL-2018-Fq,2018,一軍,例行賽,2018-07-19,2018-07-19 18:36,2018-07-19 21:53,臺中市洲際棒球場,9,,FINISHED,NORMAL,中信兄弟,pa1PZ,富邦悍將,Gnbsa,6,4,7,7,0,0,"0,0,0,2,0,0,4,0,0","0,0,0,0,0,0,1,0,3",HOME,1
1IdQS,CPBL-2018-Fq,2018,一軍,例行賽,2018-07-18,2018-07-18 18:35,2018-07-18 22:16,澄清湖棒球場,9,,FINISHED,NORMAL,統一7-ELEVEn獅,xny2X,Lamigo,Eje2S,5,4,13,8,0,0,"0,1,2,1,0,0,0,0,1","0,0,0,2,0,2,0,0,0",HOME,1
DnE6o,CPBL-2018-Fq,2018,一軍,例行賽,2018-07-17,2018-07-17 18:35,2018-07-17 22:05,臺中市洲際棒球場,9,,FINISHED,NORMAL,中信兄弟,pa1PZ,富邦悍將,Gnbsa,8,6,15,9,0,0,"0,1,1,0,2,0,0,1,3","0,0,0,0,0,3,3,0,0",HOME,1
9Pawx,CPBL-2018-Fq,2018,一軍,例行賽,2018-07-15,2018-07-15 17:05,2018-07-15 21:13,新北市立新莊棒球場,9,,FINISHED,NORMAL,統一7-ELEVEn獅,xny2X,富邦悍將,Gnbsa,5,7,14,14,0,0,"1,0,0,0,2,1,0,0,1","0,1,2,1,0,2,0,1,0",AWAY,0
pbRYZ,CPBL-2018-Fq,2018,一軍,例行賽,2018-07-15,2018-07-15 17:06,2018-07-15 20:57,樂天桃園棒球場,9,,FINISHED,NORMAL,Lamigo,Eje2S,中信兄弟,pa1PZ,6,5,9,15,0,0,"2,0,0,0,2,0,0,2,0","2,0,0,1,1,0,0,0,1",HOME,1
cX68T,CPBL-2018-Fq,2018,一軍,例行賽,2018-07-14,2018-07-14 17:05,2018-07-14 20:34,新北市立新莊棒球場,9,,FINISHED,NORMAL,統一7-ELEVEn獅,xny2X,富邦悍將,Gnbsa,4,8,10,12,0,0,"0,0,4,0,0,0,0,0,0","0,0,1,0,0,4,2,1,0",AWAY,0
STDrQ,CPBL-2018-Fq,2018,一軍,例行賽,2018-07-14,2018-07-14 17:07,2018-07-14 20:14,樂天桃園棒球場,9,,FINISHED,NORMAL,Lamigo,Eje2S,中信兄弟,pa1PZ,2,10,7,13,0,0,"0,0,1,0,0,0,0,0,1","3,0,3,0,0,1,2,0,1",AWAY,0
gA2F4,CPBL-2018-Fq,2018,一軍,例行賽,2018-07-13,2018-07-13 18:35,2018-07-13 21:04,新北市立新莊棒球場,9,,FINISHED,NORMAL,統一7-ELEVEn獅,xny2X,富邦悍將,Gnbsa,0,3,5,8,0,0,"0,0,0,0,0,0,0,0,0","0,1,1,0,0,0,0,1,0",AWAY,0
DKWRa,CPBL-2018-Fq,2018,一軍,例行賽,2018-07-13,2018-07-13 18:35,2018-07-13 22:00,樂天桃園棒球場,9,,FINISHED,NORMAL,Lamigo,Eje2S,中信兄弟,pa1PZ,8,5,11,10,0,0,"1,0,5,2,0,0,0,0,0","0,0,3,0,0,0,0,2,0",HOME,1
71Zq0,CPBL-2018-Fq,2018,一軍,例行賽,2018-07-12,2018-07-12 18:35,2018-07-12 22:55,新北市立新莊棒球場,12,,FINISHED,NORMAL,統一7-ELEVEn獅,xny2X,中信兄弟,pa1PZ,0,0,6,6,0,0,"0,0,0,0,0,0,0,0,0,0,0,0","0,0,0,0,0,0,0,0,0,0,0,0",TIE,
EogTA,CPBL-2018-Fq,2018,一軍,例行賽,2018-07-12,2018-07-12 18:35,2018-07-12 22:37,樂天桃園棒球場,10,,FINISHED,NORMAL,Lamigo,Eje2S,富邦悍將,Gnbsa,5,3,9,12,0,0,"0,1,0,0,2,0,0,0,0,2","1,0,0,0,2,0,0,0,0,0",HOME,1
LbgaG,CPBL-2018-Fq,2018,一軍,例行賽,2018-06-24,2018-06-24 17:05,2018-06-24 19:56,澄清湖棒球場,9,,FINISHED,NORMAL,統一7-ELEVEn獅,xny2X,富邦悍將,Gnbsa,10,2,11,6,0,0,"0,1,1,0,2,6,0,0,0","0,2,0,0,0,0,0,0,0",HOME,1
EIt7c,CPBL-2018-Fq,2018,一軍,例行賽,2018-06-23,2018-06-23 17:05,2018-06-23 21:45,澄清湖棒球場,10,,FINISHED,NORMAL,統一7-ELEVEn獅,xny2X,富邦悍將,Gnbsa,12,9,13,14,0,0,"1,0,0,0,0,2,0,5,0,4","0,0,1,0,1,0,2,1,3,1",HOME,1
gPCxS,CPBL-2018-Fq,2018,一軍,例行賽,2018-06-21,2018-06-21 18:35,2018-06-21 21:24,澄清湖棒球場,9,,FINISHED,NORMAL,統一7-ELEVEn獅,xny2X,Lamigo,Eje2S,4,0,13,2,0,0,"1,0,0,1,1,0,0,1,0","0,0,0,0,0,0,0,0,0",HOME,1
Shk78,CPBL-2018-Fq,2018,一軍,例行賽,2018-06-19,2018-06-19 18:35,2018-06-19 22:08,樂天桃園棒球場,9,,FINISHED,NORMAL,Lamigo,Eje2S,中信兄弟,pa1PZ,9,5,15,11,0,0,"0,0,3,0,3,0,3,0,0","0,0,2,0,0,0,1,2,0",HOME,1
aqXAS,CPBL-2018-Fq,2018,一軍,例行賽,2018-06-19,2018-06-19 18:35,2018-06-19 21:33,新北市立新莊棒球場,9,,FINISHED,NORMAL,富邦悍將,Gnbsa,統一7-ELEVEn獅,xny2X,10,3,11,6,0,0,"0,1,5,0,4,0,0,0,0","1,0,0,0,0,0,0,2,0",HOME,1
QnHpp,CPBL-2018-Fq,2018,一軍,例行賽,2018-06-17,2018-06-17 20:02,2018-06-17 23:05,樂天桃園棒球場,9,,FINISHED,NORMAL,Lamigo,Eje2S,中信兄弟,pa1PZ,3,1,7,3,0,0,"0,0,0,0,0,0,0,3,0","0,0,0,0,0,0,0,0,1",HOME,1
LrYSn,CPBL-2018-Fq,2018,一軍,例行賽,2018-06-16,2018-06-16 17:05,2018-06-16 21:34,樂天桃園棒球場,11,,FINISHED,NORMAL,Lamigo,Eje2S,中信兄弟,pa1PZ,7,6,13,10,0,0,"0,1,1,0,2,0,2,0,0,0,1","0,4,1,1,0,0,0,0,0,0,0",HOME,1
AJYfc,CPBL-2018-Fq,2018,一軍,例行賽,2018-06-15,2018-06-15 18:36,2018-06-15 21:53,澄清湖棒球場,9,,FINISHED,NORMAL,統一7-ELEVEn獅,xny2X,富邦悍將,Gnbsa,1,12,5,17,0,0,"0,0,0,0,0,1,0,0,0","2,3,3,0,2,0,0,0,2",AWAY,0
4SYaO,CPBL-2018-Fq,2018,一軍,例行賽,2018-06-14,2018-06-14 18:35,2018-06-14 21:37,臺中市洲際棒球場,9,,FINISHED,NORMAL,中信兄弟,pa1PZ,富邦悍將,Gnbsa,3,1,6,8,0,0,"0,0,0,1,0,0,2,0,0","0,0,0,1,0,0,0,0,0",HOME,1
QlQGq,CPBL-2018-Fq,2018,一軍,例行賽,2018-06-13,2018-06-13 18:35,2018-06-13 22:06,澄清湖棒球場,9,,FINISHED,NORMAL,統一7-ELEVEn獅,xny2X,Lamigo,Eje2S,5,6,7,8,0,0,"0,0,3,2,0,0,0,0,0","1,2,0,0,0,3,0,0,0",AWAY,0
NJOLZ,CPBL-2018-Fq,2018,一軍,例行賽,2018-06-12,2018-06-12 18:35,2018-06-12 22:03,臺中市洲際棒球場,9,,FINISHED,NORMAL,中信兄弟,pa1PZ,富邦悍將,Gnbsa,9,4,11,8,0,0,"0,3,0,2,0,3,1,0,0","0,0,0,1,1,1,0,0,1",HOME,1
at0Ql,CPBL-2018-Fq,2018,一軍,例行賽,2018-06-10,2018-06-10 17:05,2018-06-10 21:28,新北市立新莊棒球場,9,,FINISHED,NORMAL,富邦悍將,Gnbsa,Lamigo,Eje2S,1,12,6,18,0,0,"0,0,0,1,0,0,0,0,0","4,0,1,0,3,2,0,2,0",AWAY,0
bUy3X,CPBL-2018-Fq,2018,一軍,例行賽,2018-06-10,2018-06-10 17:07,2018-06-10 20:50,臺中市洲際棒球場,9,,FINISHED,NORMAL,中信兄弟,pa1PZ,統一7-ELEVEn獅,xny2X,6,8,13,10,0,0,"0,0,0,0,1,1,4,0,0","2,1,4,0,1,0,0,0,0",AWAY,0
Zfayv,CPBL-2018-Fq,2018,一軍,例行賽,2018-06-09,2018-06-09 17:05,2018-06-09 20:47,新北市立新莊棒球場,10,,FINISHED,NORMAL,富邦悍將,Gnbsa,Lamigo,Eje2S,5,4,11,8,0,0,"0,2,1,0,0,0,0,0,1,1","1,2,0,0,0,0,1,0,0,0",HOME,1
yqg9o,CPBL-2018-Fq,2018,一軍,例行賽,2018-06-09,2018-06-09 17:06,2018-06-09 20:18,臺中市洲際棒球場,9,,FINISHED,NORMAL,中信兄弟,pa1PZ,統一7-ELEVEn獅,xny2X,11,0,17,0,0,0,"4,0,0,2,1,1,3,0,0","0,0,0,0,0,0,0,0,0",HOME,1
s1le0,CPBL-2018-Fq,2018,一軍,例行賽,2018-06-08,2018-06-08 18:35,2018-06-08 21:49,新北市立新莊棒球場,9,,FINISHED,NORMAL,富邦悍將,Gnbsa,Lamigo,Eje2S,5,1,9,7,0,0,"0,2,0,0,0,0,3,0,0","1,0,0,0,0,0,0,0,0",HOME,1
PYWzC,CPBL-2018-Fq,2018,一軍,例行賽,2018-06-08,2018-06-08 18:35,2018-06-08 22:28,臺中市洲際棒球場,10,,FINISHED,NORMAL,中信兄弟,pa1PZ,統一7-ELEVEn獅,xny2X,7,10,9,14,0,0,"0,0,0,0,0,0,3,0,4,0","3,0,2,0,2,0,0,0,0,3",AWAY,0
sscgs,CPBL-2018-Fq,2018,一軍,例行賽,2018-06-07,2018-06-07 18:35,2018-06-07 21:48,新北市立新莊棒球場,9,,FINISHED,NORMAL,富邦悍將,Gnbsa,統一7-ELEVEn獅,xny2X,4,2,9,6,0,0,"0,0,0,0,1,1,0,2,0","0,0,0,0,1,1,0,0,0",HOME,1
Q2I6z,CPBL-2018-Fq,2018,一軍,例行賽,2018-06-07,2018-06-07 18:35,2018-06-07 22:02,臺中市洲際棒球場,9,,FINISHED,NORMAL,中信兄弟,pa1PZ,Lamigo,Eje2S,6,9,11,16,0,0,"3,0,0,0,0,1,0,1,1","0,4,1,1,0,0,1,1,1",AWAY,0
eqXbA,CPBL-2018-Fq,2018,一軍,例行賽,2018-06-05,2018-06-05 18:35,2018-06-05 22:14,臺中市洲際棒球場,9,,FINISHED,NORMAL,中信兄弟,pa1PZ,Lamigo,Eje2S,9,4,13,9,0,0,"1,0,0,0,1,7,0,0,0","1,1,0,1,0,0,1,0,0",HOME,1
Oe7TH,CPBL-2018-Fq,2018,一軍,例行賽,2018-06-03,2018-06-03 17:05,2018-06-03 20:04,新北市立新莊棒球場,9,,FINISHED,NORMAL,富邦悍將,Gnbsa,中信兄弟,pa1PZ,1,3,7,14,0,0,"0,0,0,0,0,0,1,0,0","2,0,0,0,0,0,1,0,0",AWAY,0
ujeNG,CPBL-2018-Fq,2018,一軍,例行賽,2018-06-03,2018-06-03 17:05,2018-06-03 20:51,樂天桃園棒球場,9,,FINISHED,NORMAL,Lamigo,Eje2S,統一7-ELEVEn獅,xny2X,8,2,18,11,0,0,"0,0,1,2,0,2,2,1,0","0,0,1,0,0,0,0,1,0",HOME,1
qdPi4,CPBL-2018-Fq,2018,一軍,例行賽,2018-06-02,2018-06-02 17:05,2018-06-02 20:12,新北市立新莊棒球場,9,,FINISHED,NORMAL,富邦悍將,Gnbsa,中信兄弟,pa1PZ,4,2,8,6,0,0,"0,1,0,0,0,2,1,0,0","0,0,0,0,0,1,0,1,0",HOME,1
tsBzZ,CPBL-2018-Fq,2018,一軍,例行賽,2018-06-02,2018-06-02 17:06,2018-06-02 21:33,樂天桃園棒球場,9,,FINISHED,NORMAL,Lamigo,Eje2S,統一7-ELEVEn獅,xny2X,10,9,16,13,0,0,"5,0,1,0,1,0,2,1,0","4,0,4,0,1,0,0,0,0",HOME,1
x81bD,CPBL-2018-Fq,2018,一軍,例行賽,2018-06-01,2018-06-01 18:35,2018-06-01 22:10,新北市立新莊棒球場,9,,FINISHED,NORMAL,富邦悍將,Gnbsa,中信兄弟,pa1PZ,8,3,11,10,0,0,"2,0,2,1,1,0,2,0,0","1,1,0,0,0,0,1,0,0",HOME,1
nM9jM,CPBL-2018-Fq,2018,一軍,例行賽,2018-06-01,2018-06-01 18:36,2018-06-01 22:52,樂天桃園棒球場,9,,FINISHED,NORMAL,Lamigo,Eje2S,統一7-ELEVEn獅,xny2X,2,5,11,10,0,0,"0,0,2,0,0,0,0,0,0","1,1,1,0,1,0,0,1,0",AWAY,0
ey0aZ,CPBL-2018-Fq,2018,一軍,例行賽,2018-05-31,2018-05-31 18:35,2018-05-31 22:10,臺南市立棒球場,9,,FINISHED,NORMAL,統一7-ELEVEn獅,xny2X,中信兄弟,pa1PZ,9,3,9,8,0,0,"2,0,0,0,0,2,5,0,0","0,0,1,0,0,0,0,2,0",HOME,1
PbwX5,CPBL-2018-Fq,2018,一軍,例行賽,2018-05-31,2018-05-31 18:35,2018-05-31 22:19,樂天桃園棒球場,9,,FINISHED,NORMAL,Lamigo,Eje2S,富邦悍將,Gnbsa,5,6,13,13,0,0,"1,0,0,0,4,0,0,0,0","0,0,0,0,3,0,3,0,0",AWAY,0
UOlod,CPBL-2018-Fq,2018,一軍,例行賽,2018-05-30,2018-05-30 18:35,2018-05-30 22:13,臺南市立棒球場,9,,FINISHED,NORMAL,統一7-ELEVEn獅,xny2X,中信兄弟,pa1PZ,6,8,13,10,0,0,"3,0,0,0,1,0,0,0,2","0,0,0,2,0,1,5,0,0",AWAY,0
RePuM,CPBL-2018-Fq,2018,一軍,例行賽,2018-05-29,2018-05-29 18:37,2018-05-29 21:47,樂天桃園棒球場,9,,FINISHED,NORMAL,Lamigo,Eje2S,富邦悍將,Gnbsa,6,4,10,7,0,0,"1,1,0,3,1,0,0,0,0","0,1,1,1,0,0,0,1,0",HOME,1
wH9W8,CPBL-2018-Fq,2018,一軍,例行賽,2018-05-27,2018-05-27 17:05,2018-05-27 20:44,臺南市立棒球場,9,,FINISHED,NORMAL,統一7-ELEVEn獅,xny2X,Lamigo,Eje2S,4,9,10,12,0,0,"0,0,0,4,0,0,0,0,0","0,0,0,0,3,1,4,1,0",AWAY,0
Ez0sq,CPBL-2018-Fq,2018,一軍,例行賽,2018-05-27,2018-05-27 17:06,2018-05-27 20:28,臺中市洲際棒球場,9,,FINISHED,NORMAL,中信兄弟,pa1PZ,富邦悍將,Gnbsa,4,7,8,15,0,0,"0,0,2,0,0,0,0,0,2","1,0,3,0,0,1,0,2,0",AWAY,0
deXJ6,CPBL-2018-Fq,2018,一軍,例行賽,2018-05-26,2018-05-26 17:05,2018-05-26 20:45,臺南市立棒球場,9,,FINISHED,NORMAL,統一7-ELEVEn獅,xny2X,Lamigo,Eje2S,8,5,11,10,0,0,"0,1,6,0,0,0,0,1,0","0,0,0,0,0,0,0,4,1",HOME,1
GvtLq,CPBL-2018-Fq,2018,一軍,例行賽,2018-05-26,2018-05-26 17:05,2018-05-26 20:35,臺中市洲際棒球場,9,,FINISHED,NORMAL,中信兄弟,pa1PZ,富邦悍將,Gnbsa,2,12,6,17,0,0,"0,0,1,1,0,0,0,0,0","0,6,0,0,5,0,1,0,0",AWAY,0
WNwpI,CPBL-2018-Fq,2018,一軍,例行賽,2018-05-25,2018-05-25 18:35,2018-05-25 21:42,臺南市立棒球場,9,,FINISHED,NORMAL,統一7-ELEVEn獅,xny2X,Lamigo,Eje2S,6,0,9,7,0,0,"1,1,0,0,0,1,0,3,0","0,0,0,0,0,0,0,0,0",HOME,1
1joXR,CPBL-2018-Fq,2018,一軍,例行賽,2018-05-25,2018-05-25 18:35,2018-05-25 22:05,臺中市洲際棒球場,9,,FINISHED,NORMAL,中信兄弟,pa1PZ,富邦悍將,Gnbsa,7,8,16,12,0,0,"0,0,5,0,1,0,0,0,1","0,2,2,1,1,0,0,0,2",AWAY,0
ux3qJ,CPBL-2018-Fq,2018,一軍,例行賽,2018-05-24,2018-05-24 18:35,2018-05-24 22:39,新北市立新莊棒球場,9,,FINISHED,NORMAL,富邦悍將,Gnbsa,Lamigo,Eje2S,8,11,15,12,0,0,"0,2,2,2,0,0,2,0,0","2,2,1,1,0,0,3,2,0",AWAY,0
NFkOh,CPBL-2018-Fq,2018,一軍,例行賽,2018-05-24,2018-05-24 18:36,2018-05-24 21:58,臺中市洲際棒球場,9,,FINISHED,NORMAL,中信兄弟,pa1PZ,統一7-ELEVEn獅,xny2X,5,4,10,8,0,0,"0,0,0,1,0,1,0,0,3","1,0,0,0,2,0,0,0,1",HOME,1
SUblH,CPBL-2018-Fq,2018,一軍,例行賽,2018-05-23,2018-05-23 18:35,2018-05-23 21:43,新北市立新莊棒球場,9,,FINISHED,NORMAL,富邦悍將,Gnbsa,Lamigo,Eje2S,2,3,9,6,0,0,"0,0,0,1,0,0,1,0,0","1,0,0,0,0,0,0,2,0",AWAY,0
z6977,CPBL-2018-Fq,2018,一軍,例行賽,2018-05-22,2018-05-22 18:37,2018-05-22 21:42,臺中市洲際棒球場,9,,FINISHED,NORMAL,中信兄弟,pa1PZ,統一7-ELEVEn獅,xny2X,1,4,6,10,0,0,"0,1,0,0,0,0,0,0,0","2,1,0,0,1,0,0,0,0",AWAY,0
PA1Vj,CPBL-2018-Fq,2018,一軍,例行賽,2018-05-20,2018-05-20 17:05,2018-05-20 20:49,臺北市立天母棒球場,10,,FINISHED,NORMAL,中信兄弟,pa1PZ,Lamigo,Eje2S,5,4,13,12,0,0,"0,2,1,0,0,0,1,0,0,1","0,2,0,0,0,0,2,0,0,0",HOME,1
M3UQQ,CPBL-2018-Fq,2018,一軍,例行賽,2018-05-20,2018-05-20 17:05,2018-05-20 20:36,新北市立新莊棒球場,9,,FINISHED,NORMAL,富邦悍將,Gnbsa,統一7-ELEVEn獅,xny2X,4,6,10,16,0,0,"1,2,0,0,0,0,0,1,0","0,0,1,2,2,1,0,0,0",AWAY,0
F2qo1,CPBL-2018-Fq,2018,一軍,例行賽,2018-05-19,2018-05-19 17:06,2018-05-19 20:41,臺北市立天母棒球場,9,,FINISHED,NORMAL,中信兄弟,pa1PZ,Lamigo,Eje2S,13,2,15,8,0,0,"3,5,0,0,3,2,0,0,0","0,0,0,0,0,2,0,0,0",HOME,1
j1o1l,CPBL-2018-Fq,2018,一軍,例行賽,2018-05-19,2018-05-19 17:05,2018-05-19 20:56,新北市立新莊棒球場,9,,FINISHED,NORMAL,富邦悍將,Gnbsa,統一7-ELEVEn獅,xny2X,5,9,13,10,0,0,"2,0,0,0,2,0,0,1,0","0,5,0,0,0,0,2,2,0",AWAY,0
ttSHB,CPBL-2018-Fq,2018,一軍,例行賽,2018-05-18,2018-05-18 18:06,2018-05-18 22:10,臺北市立天母棒球場,9,,FINISHED,NORMAL,中信兄弟,pa1PZ,Lamigo,Eje2S,10,12,17,11,0,0,"0,1,2,0,0,4,3,0,0","0,4,0,0,0,4,1,0,3",AWAY,0
XCvKi,CPBL-2018-Fq,2018,一軍,例行賽,2018-05-18,2018-05-18 18:35,2018-05-18 22:30,新北市立新莊棒球場,9,,FINISHED,NORMAL,富邦悍將,Gnbsa,統一7-ELEVEn獅,xny2X,5,16,9,23,0,0,"0,0,0,1,0,0,0,4,0","1,0,2,5,3,0,0,0,5",AWAY,0
oIy2e,CPBL-2018-Fq,2018,一軍,例行賽,2018-05-17,2018-05-17 18:36,2018-05-17 22:10,樂天桃園棒球場,9,,FINISHED,NORMAL,Lamigo,Eje2S,統一7-ELEVEn獅,xny2X,6,5,11,7,0,0,"0,4,0,0,0,0,2,0,0","0,0,0,1,4,0,0,0,0",HOME,1
BkbOo,CPBL-2018-Fq,2018,一軍,例行賽,2018-05-17,2018-05-17 18:35,2018-05-17 21:58,新北市立新莊棒球場,9,,FINISHED,NORMAL,富邦悍將,Gnbsa,中信兄弟,pa1PZ,7,10,5,16,0,0,"0,0,0,0,0,2,0,0,5","0,0,0,6,0,0,2,2,0",AWAY,0
wHvVo,CPBL-2018-Fq,2018,一軍,例行賽,2018-05-16,2018-05-16 18:35,2018-05-16 22:18,樂天桃園棒球場,9,,FINISHED,NORMAL,Lamigo,Eje2S,統一7-ELEVEn獅,xny2X,16,2,19,9,0,0,"1,0,1,10,0,1,1,2,0","0,0,0,0,0,1,1,0,0",HOME,1
VTmuu,CPBL-2018-Fq,2018,一軍,例行賽,2018-05-15,2018-05-15 18:35,2018-05-15 21:29,新北市立新莊棒球場,9,,FINISHED,NORMAL,富邦悍將,Gnbsa,中信兄弟,pa1PZ,9,8,12,12,0,0,"0,0,0,0,0,2,4,3,0","0,4,0,0,0,3,0,1,0",HOME,1
kpm4Q,CPBL-2018-Fq,2018,一軍,例行賽,2018-05-13,2018-05-13 17:06,2018-05-13 20:08,樂天桃園棒球場,9,,FINISHED,NORMAL,Lamigo,Eje2S,富邦悍將,Gnbsa,15,2,14,4,0,0,"1,1,1,0,5,2,5,0,0","2,0,0,0,0,0,0,0,0",HOME,1
iO1nE,CPBL-2018-Fq,2018,一軍,例行賽,2018-05-13,2018-05-13 17:05,2018-05-13 20:43,臺南市立棒球場,9,,FINISHED,NORMAL,統一7-ELEVEn獅,xny2X,中信兄弟,pa1PZ,7,3,11,9,0,0,"2,2,0,0,0,0,3,0,0","1,0,1,0,0,1,0,0,0",HOME,1
eryVz,CPBL-2018-Fq,2018,一軍,例行賽,2018-05-12,2018-05-12 17:05,2018-05-12 20:15,樂天桃園棒球場,9,,FINISHED,NORMAL,Lamigo,Eje2S,富邦悍將,Gnbsa,4,3,9,7,0,0,"0,0,4,0,0,0,0,0,0","1,0,0,0,1,1,0,0,0",HOME,1
WiBXb,CPBL-2018-Fq,2018,一軍,例行賽,2018-05-12,2018-05-12 17:05,2018-05-12 20:39,臺南市立棒球場,9,,FINISHED,NORMAL,統一7-ELEVEn獅,xny2X,中信兄弟,pa1PZ,9,3,13,7,0,0,"2,0,0,1,0,3,2,1,0","0,0,0,0,1,1,0,1,0",HOME,1
QhcyJ,CPBL-2018-Fq,2018,一軍,例行賽,2018-05-11,2018-05-11 18:35,2018-05-11 22:42,樂天桃園棒球場,9,,FINISHED,NORMAL,Lamigo,Eje2S,富邦悍將,Gnbsa,6,10,15,14,0,0,"0,1,0,0,1,0,0,0,4","0,1,0,0,2,0,0,4,3",AWAY,0
byBIi,CPBL-2018-Fq,2018,一軍,例行賽,2018-05-11,2018-05-11 18:35,2018-05-11 22:06,臺南市立棒球場,9,,FINISHED,NORMAL,統一7-ELEVEn獅,xny2X,中信兄弟,pa1PZ,9,3,14,10,0,0,"1,1,2,0,0,1,1,3,0","0,0,1,0,0,2,0,0,0",HOME,1
bDkaT,CPBL-2018-Fq,2018,一軍,例行賽,2018-05-10,2018-05-10 18:35,2018-05-10 21:52,臺南市立棒球場,9,,FINISHED,NORMAL,統一7-ELEVEn獅,xny2X,富邦悍將,Gnbsa,10,1,16,7,0,0,"2,4,0,0,0,0,0,4,0","0,0,0,1,0,0,0,0,0",HOME,1
kxjRL,CPBL-2018-Fq,2018,一軍,例行賽,2018-05-09,2018-05-09 18:35,2018-05-09 21:44,樂天桃園棒球場,9,,FINISHED,NORMAL,Lamigo,Eje2S,中信兄弟,pa1PZ,1,2,6,10,0,0,"0,0,0,0,0,1,0,0,0","0,1,1,0,0,0,0,0,0",AWAY,0
MudPP,CPBL-2018-Fq,2018,一軍,例行賽,2018-05-06,2018-05-06 17:06,2018-05-06 20:32,臺中市洲際棒球場,9,,FINISHED,NORMAL,中信兄弟,pa1PZ,統一7-ELEVEn獅,xny2X,4,9,11,9,0,0,"0,0,0,0,1,0,0,2,1","1,1,2,0,0,0,2,3,0",AWAY,0
JCSR7,CPBL-2018-Fq,2018,一軍,例行賽,2018-05-06,2018-05-06 17:05,2018-05-06 20:22,新北市立新莊棒球場,9,,FINISHED,NORMAL,富邦悍將,Gnbsa,Lamigo,Eje2S,2,5,8,8,0,0,"1,0,0,0,0,0,1,0,0","0,0,0,0,0,2,3,0,0",AWAY,0
fSOQj,CPBL-2018-Fq,2018,一軍,例行賽,2018-05-05,2018-05-05 17:05,2018-05-05 20:51,臺中市洲際棒球場,9,,FINISHED,NORMAL,中信兄弟,pa1PZ,統一7-ELEVEn獅,xny2X,10,4,10,13,0,0,"0,0,5,0,3,2,0,0,0","1,0,0,0,0,0,0,2,1",HOME,1
TvB2m,CPBL-2018-Fq,2018,一軍,例行賽,2018-05-05,2018-05-05 17:05,2018-05-05 20:33,新北市立新莊棒球場,9,,FINISHED,NORMAL,富邦悍將,Gnbsa,Lamigo,Eje2S,7,4,11,10,0,0,"3,0,0,0,0,0,0,1,3","1,0,2,0,0,0,0,0,1",HOME,1
kK07a,CPBL-2018-Fq,2018,一軍,例行賽,2018-05-04,2018-05-04 18:36,2018-05-04 21:27,臺中市洲際棒球場,9,,FINISHED,NORMAL,中信兄弟,pa1PZ,統一7-ELEVEn獅,xny2X,5,4,8,8,0,0,"0,0,1,1,0,0,2,0,1","0,2,0,0,1,0,0,0,1",HOME,1
LHmWW,CPBL-2018-Fq,2018,一軍,例行賽,2018-05-04,2018-05-04 18:35,2018-05-04 21:59,新北市立新莊棒球場,9,,FINISHED,NORMAL,富邦悍將,Gnbsa,Lamigo,Eje2S,10,5,18,10,0,0,"1,2,1,0,0,4,0,2,0","2,0,0,0,2,0,0,0,1",HOME,1
8ywi6,CPBL-2018-Fq,2018,一軍,例行賽,2018-05-03,2018-05-03 18:35,2018-05-03 21:55,臺中市洲際棒球場,9,,FINISHED,NORMAL,中信兄弟,pa1PZ,富邦悍將,Gnbsa,2,4,8,9,0,0,"1,0,0,1,0,0,0,0,0","0,0,0,2,0,1,0,1,0",AWAY,0
tXahC,CPBL-2018-Fq,2018,一軍,例行賽,2018-05-03,2018-05-03 18:35,2018-05-03 21:33,臺南市立棒球場,9,,FINISHED,NORMAL,統一7-ELEVEn獅,xny2X,Lamigo,Eje2S,2,0,7,7,0,0,"0,0,0,0,0,2,0,0,0","0,0,0,0,0,0,0,0,0",HOME,1
bdg8R,CPBL-2018-Fq,2018,一軍,例行賽,2018-05-02,2018-05-02 18:36,2018-05-02 21:04,臺中市洲際棒球場,9,,FINISHED,NORMAL,中信兄弟,pa1PZ,富邦悍將,Gnbsa,2,1,5,7,0,0,"0,0,0,0,0,2,0,0,0","0,0,0,0,0,1,0,0,0",HOME,1
6nRUO,CPBL-2018-Fq,2018,一軍,例行賽,2018-05-01,2018-05-01 18:35,2018-05-01 22:23,臺南市立棒球場,9,,FINISHED,NORMAL,統一7-ELEVEn獅,xny2X,Lamigo,Eje2S,6,5,9,9,0,0,"1,0,0,0,0,2,0,3,0","0,1,1,0,0,0,3,0,0",HOME,1
YHbxk,CPBL-2018-Fq,2018,一軍,例行賽,2018-04-29,2018-04-29 17:06,2018-04-29 20:51,樂天桃園棒球場,9,,FINISHED,NORMAL,Lamigo,Eje2S,中信兄弟,pa1PZ,5,4,8,10,0,0,"0,0,0,0,0,0,2,0,3","0,0,0,2,0,0,1,1,0",HOME,1
xA2fm,CPBL-2018-Fq,2018,一軍,例行賽,2018-04-29,2018-04-29 17:05,2018-04-29 20:04,花蓮縣立德興棒球場,9,,FINISHED,NORMAL,統一7-ELEVEn獅,xny2X,富邦悍將,Gnbsa,8,3,9,8,0,0,"1,5,0,0,1,1,0,0,0","1,0,0,0,0,1,0,1,0",HOME,1
tLXI4,CPBL-2018-Fq,2018,一軍,例行賽,2018-04-28,2018-04-28 17:05,2018-04-28 20:44,樂天桃園棒球場,9,,FINISHED,NORMAL,Lamigo,Eje2S,中信兄弟,pa1PZ,11,4,12,6,0,0,"3,0,3,0,1,3,1,0,0","1,0,0,1,0,1,0,0,1",HOME,1
3QvxF,CPBL-2018-Fq,2018,一軍,例行賽,2018-04-28,2018-04-28 17:07,2018-04-28 20:05,花蓮縣立德興棒球場,9,,FINISHED,NORMAL,統一7-ELEVEn獅,xny2X,富邦悍將,Gnbsa,5,1,9,6,0,0,"1,0,0,0,0,3,0,1,0","0,0,0,0,1,0,0,0,0",HOME,1
009Ut,CPBL-2018-Fq,2018,一軍,例行賽,2018-04-27,2018-04-27 18:35,2018-04-27 21:50,樂天桃園棒球場,9,,FINISHED,NORMAL,Lamigo,Eje2S,中信兄弟,pa1PZ,9,5,15,7,0,0,"1,2,0,0,0,0,4,2,0","0,0,0,0,0,0,0,2,3",HOME,1
PgV5P,CPBL-2018-Fq,2018,一軍,例行賽,2018-04-27,2018-04-27 18:35,2018-04-27 21:51,花蓮縣立德興棒球場,9,,FINISHED,NORMAL,統一7-ELEVEn獅,xny2X,富邦悍將,Gnbsa,7,6,7,9,0,0,"0,0,0,0,3,0,0,4,0","0,0,0,0,0,0,0,6,0",HOME,1
4AyNm,CPBL-2018-Fq,2018,一軍,例行賽,2018-04-26,2018-04-26 18:35,2018-04-26 22:20,樂天桃園棒球場,9,,FINISHED,NORMAL,Lamigo,Eje2S,富邦悍將,Gnbsa,5,14,15,19,0,0,"1,0,0,1,0,0,0,3,0","3,4,0,3,1,2,0,1,0",AWAY,0
HHGis,CPBL-2018-Fq,2018,一軍,例行賽,2018-04-26,2018-04-26 18:36,2018-04-26 22:10,花蓮縣立德興棒球場,9,,FINISHED,NORMAL,統一7-ELEVEn獅,xny2X,中信兄弟,pa1PZ,6,9,9,8,0,0,"0,0,0,0,0,1,5,0,0","0,0,0,0,0,0,1,8,0",AWAY,0
4jErW,CPBL-2018-Fq,2018,一軍,例行賽,2018-04-25,2018-04-25 18:35,2018-04-25 21:57,樂天桃園棒球場,9,,FINISHED,NORMAL,Lamigo,Eje2S,富邦悍將,Gnbsa,8,7,13,11,0,0,"0,1,0,2,3,0,1,0,1","2,2,0,2,0,0,1,0,0",HOME,1
AP3w4,CPBL-2018-Fq,2018,一軍,例行賽,2018-04-24,2018-04-24 18:35,2018-04-24 22:38,花蓮縣立德興棒球場,9,,FINISHED,NORMAL,統一7-ELEVEn獅,xny2X,中信兄弟,pa1PZ,12,2,11,11,0,0,"0,0,0,0,1,2,5,4,0","0,0,0,2,0,0,0,0,0",HOME,1
NFITt,CPBL-2018-Fq,2018,一軍,例行賽,2018-04-22,2018-04-22 17:05,2018-04-22 20:50,樂天桃園棒球場,9,,FINISHED,NORMAL,Lamigo,Eje2S,統一7-ELEVEn獅,xny2X,4,5,11,7,0,0,"0,1,0,0,0,0,0,0,3","0,1,0,0,0,0,1,3,0",AWAY,0
SegTT,CPBL-2018-Fq,2018,一軍,例行賽,2018-04-22,2018-04-22 17:05,2018-04-22 20:07,新北市立新莊棒球場,9,,FINISHED,NORMAL,富邦悍將,Gnbsa,中信兄弟,pa1PZ,1,0,3,7,0,0,"0,0,0,0,0,0,1,0,0","0,0,0,0,0,0,0,0,0",HOME,1
bQpfN,CPBL-2018-Fq,2018,一軍,例行賽,2018-04-21,2018-04-21 17:06,2018-04-21 21:46,樂天桃園棒球場,10,,FINISHED,NORMAL,Lamigo,Eje2S,統一7-ELEVEn獅,xny2X,15,14,20,13,0,0,"0,1,1,0,5,2,2,2,0,2","0,2,0,0,1,3,0,0,7,1",HOME,1
107WJ,CPBL-2018-Fq,2018,一軍,例行賽,2018-04-21,2018-04-21 17:05,2018-04-21 20:49,新北市立新莊棒球場,9,,FINISHED,NORMAL,富邦悍將,Gnbsa,中信兄弟,pa1PZ,4,15,10,19,0,0,"0,0,0,3,0,1,0,0,0","0,0,3,6,1,0,1,0,4",AWAY,0
OUFGD,CPBL-2018-Fq,2018,一軍,例行賽,2018-04-20,2018-04-20 18:35,2018-04-20 23:07,樂天桃園棒球場,11,,FINISHED,NORMAL,Lamigo,Eje2S,統一7-ELEVEn獅,xny2X,5,4,14,10,0,0,"2,0,0,0,0,0,0,0,2,0,1","0,0,0,0,1,0,0,2,1,0,0",HOME,1
iMbhG,CPBL-2018-Fq,2018,一軍,例行賽,2018-04-20,2018-04-20 18:35,2018-04-20 21:47,新北市立新莊棒球場,9,,FINISHED,NORMAL,富邦悍將,Gnbsa,中信兄弟,pa1PZ,7,2,11,6,0,0,"1,1,2,1,0,0,0,2,0","0,0,1,0,0,0,0,0,1",HOME,1
XooPJ,CPBL-2018-Fq,2018,一軍,例行賽,2018-04-19,2018-04-19 18:36,2018-04-19 22:27,臺中市洲際棒球場,9,,FINISHED,NORMAL,中信兄弟,pa1PZ,Lamigo,Eje2S,7,10,12,17,0,0,"0,0,0,1,0,4,1,1,0","0,0,3,0,0,0,3,3,1",AWAY,0
KFL68,CPBL-2018-Fq,2018,一軍,例行賽,2018-04-19,2018-04-19 18:35,2018-04-19 21:37,新北市立新莊棒球場,9,,FINISHED,NORMAL,富邦悍將,Gnbsa,統一7-ELEVEn獅,xny2X,0,5,3,8,0,0,"0,0,0,0,0,0,0,0,0","0,0,0,1,0,3,0,1,0",AWAY,0
Z2sG4,CPBL-2018-Fq,2018,一軍,例行賽,2018-04-18,2018-04-18 18:35,2018-04-18 21:51,臺中市洲際棒球場,9,,FINISHED,NORMAL,中信兄弟,pa1PZ,Lamigo,Eje2S,4,6,7,12,0,0,"1,0,0,0,0,2,0,1,0","0,0,0,0,0,0,3,1,2",AWAY,0
kMu6X,CPBL-2018-Fq,2018,一軍,例行賽,2018-04-17,2018-04-17 18:35,2018-04-17 22:07,新北市立新莊棒球場,11,,FINISHED,NORMAL,富邦悍將,Gnbsa,統一7-ELEVEn獅,xny2X,3,5,5,9,0,0,"0,0,3,0,0,0,0,0,0,0,0","2,0,0,0,0,0,0,0,1,0,2",AWAY,0
VngEN,CPBL-2018-Fq,2018,一軍,例行賽,2018-04-15,2018-04-15 17:06,2018-04-15 20:04,臺中市洲際棒球場,9,,FINISHED,NORMAL,中信兄弟,pa1PZ,富邦悍將,Gnbsa,2,12,6,9,0,0,"0,0,0,0,0,0,2,0,0","0,0,0,0,10,0,2,0,0",AWAY,0
j6jL6,CPBL-2018-Fq,2018,一軍,例行賽,2018-04-15,2018-04-15 17:05,2018-04-15 20:55,臺南市立棒球場,9,,FINISHED,NORMAL,統一7-ELEVEn獅,xny2X,Lamigo,Eje2S,4,8,14,15,0,0,"1,0,1,0,0,2,0,0,0","1,3,0,0,0,2,2,0,0",AWAY,0
AzmpU,CPBL-2018-Fq,2018,一軍,例行賽,2018-04-14,2018-04-14 17:06,2018-04-14 20:09,臺中市洲際棒球場,9,,FINISHED,NORMAL,中信兄弟,pa1PZ,富邦悍將,Gnbsa,3,11,5,15,0,0,"0,0,0,0,0,0,0,0,3","4,0,0,0,2,0,5,0,0",AWAY,0
D5Bdk,CPBL-2018-Fq,2018,一軍,例行賽,2018-04-14,2018-04-14 17:06,2018-04-14 20:20,臺南市立棒球場,9,,FINISHED,NORMAL,統一7-ELEVEn獅,xny2X,Lamigo,Eje2S,2,9,5,14,0,0,"1,1,0,0,0,0,0,0,0","0,0,2,0,0,4,0,0,3",AWAY,0
iz83y,CPBL-2018-Fq,2018,一軍,例行賽,2018-04-13,2018-04-13 18:35,2018-04-13 21:38,臺中市洲際棒球場,9,,FINISHED,NORMAL,中信兄弟,pa1PZ,富邦悍將,Gnbsa,19,2,23,9,0,0,"5,0,4,8,0,0,0,2,0","0,0,1,0,0,1,0,0,0",HOME,1
bstTf,CPBL-2018-Fq,2018,一軍,例行賽,2018-04-13,2018-04-13 18:35,2018-04-13 22:09,臺南市立棒球場,9,,FINISHED,NORMAL,統一7-ELEVEn獅,xny2X,Lamigo,Eje2S,3,6,7,8,0,0,"1,0,1,0,0,0,1,0,0","0,0,0,0,3,2,1,0,0",AWAY,0
LPfO5,CPBL-2018-Fq,2018,一軍,例行賽,2018-04-12,2018-04-12 18:36,2018-04-12 21:46,臺南市立棒球場,9,,FINISHED,NORMAL,統一7-ELEVEn獅,xny2X,富邦悍將,Gnbsa,9,7,11,5,0,0,"2,0,1,0,2,1,0,0,3","0,5,2,0,0,0,0,0,0",HOME,1
2S1Un,CPBL-2018-Fq,2018,一軍,例行賽,2018-04-11,2018-04-11 18:35,2018-04-11 21:28,臺南市立棒球場,9,,FINISHED,NORMAL,統一7-ELEVEn獅,xny2X,富邦悍將,Gnbsa,6,2,9,4,0,0,"0,2,0,1,0,0,0,3,0","0,0,0,0,0,2,0,0,0",HOME,1
qLDMi,CPBL-2018-Fq,2018,一軍,例行賽,2018-04-10,2018-04-10 18:35,2018-04-10 21:36,樂天桃園棒球場,9,,FINISHED,NORMAL,Lamigo,Eje2S,中信兄弟,pa1PZ,11,1,16,5,0,0,"3,0,0,4,1,0,1,2,0","0,0,0,0,0,0,0,0,1",HOME,1
q34rp,CPBL-2018-Fq,2018,一軍,例行賽,2018-04-08,2018-04-08 17:05,2018-04-08 20:16,臺北市立天母棒球場,9,,FINISHED,NORMAL,統一7-ELEVEn獅,xny2X,中信兄弟,pa1PZ,10,4,11,9,0,0,"4,1,1,2,0,2,0,0,0","1,0,0,0,2,1,0,0,0",HOME,1
eaz8W,CPBL-2018-Fq,2018,一軍,例行賽,2018-04-08,2018-04-08 17:05,2018-04-08 20:13,樂天桃園棒球場,9,,FINISHED,NORMAL,Lamigo,Eje2S,富邦悍將,Gnbsa,9,1,11,7,0,0,"1,0,2,1,4,1,0,0,0","0,0,0,0,0,0,0,0,1",HOME,1
AkwpK,CPBL-2018-Fq,2018,一軍,例行賽,2018-04-07,2018-04-07 17:05,2018-04-07 21:11,臺北市立天母棒球場,9,,FINISHED,NORMAL,統一7-ELEVEn獅,xny2X,中信兄弟,pa1PZ,8,7,15,11,0,0,"2,2,0,1,0,0,1,2,0","0,1,0,0,0,2,2,2,0",HOME,1
bDseq,CPBL-2018-Fq,2018,一軍,例行賽,2018-04-07,2018-04-07 17:05,2018-04-07 21:19,樂天桃園棒球場,10,,FINISHED,NORMAL,Lamigo,Eje2S,富邦悍將,Gnbsa,7,11,11,17,0,0,"0,0,0,1,4,0,1,0,1,0","0,5,0,0,0,0,0,0,2,4",AWAY,0
IWfwY,CPBL-2018-Fq,2018,一軍,例行賽,2018-04-06,2018-04-06 17:07,2018-04-06 20:54,臺北市立天母棒球場,9,,FINISHED,NORMAL,統一7-ELEVEn獅,xny2X,中信兄弟,pa1PZ,2,7,4,11,0,0,"0,0,0,0,0,2,0,0,0","3,1,0,0,1,0,1,1,0",AWAY,0
4t1te,CPBL-2018-Fq,2018,一軍,例行賽,2018-04-06,2018-04-06 17:05,2018-04-06 20:13,樂天桃園棒球場,9,,FINISHED,NORMAL,Lamigo,Eje2S,富邦悍將,Gnbsa,2,12,4,14,0,0,"0,0,0,2,0,0,0,0,0","0,0,1,10,0,0,0,0,1",AWAY,0
hJghG,CPBL-2018-Fq,2018,一軍,例行賽,2018-04-05,2018-04-05 17:05,2018-04-05 20:22,新北市立新莊棒球場,9,,FINISHED,NORMAL,富邦悍將,Gnbsa,中信兄弟,pa1PZ,7,6,10,9,0,0,"1,0,0,2,0,0,0,0,4","0,3,0,0,0,0,2,0,1",HOME,1
WMbAk,CPBL-2018-Fq,2018,一軍,例行賽,2018-04-05,2018-04-05 17:05,2018-04-05 20:13,樂天桃園棒球場,9,,FINISHED,NORMAL,Lamigo,Eje2S,統一7-ELEVEn獅,xny2X,7,6,12,11,0,0,"4,2,0,0,0,0,0,1,0","0,2,2,0,0,0,1,1,0",HOME,1
55nVJ,CPBL-2018-Fq,2018,一軍,例行賽,2018-04-04,2018-04-04 17:05,2018-04-04 19:48,新北市立新莊棒球場,9,,FINISHED,NORMAL,富邦悍將,Gnbsa,中信兄弟,pa1PZ,6,0,11,3,0,0,"0,0,2,0,0,0,2,2,0","0,0,0,0,0,0,0,0,0",HOME,1
yZcqf,CPBL-2018-Fq,2018,一軍,例行賽,2018-04-03,2018-04-03 18:35,2018-04-03 22:45,樂天桃園棒球場,10,,FINISHED,NORMAL,Lamigo,Eje2S,統一7-ELEVEn獅,xny2X,8,7,12,15,0,0,"0,0,0,0,1,0,1,0,5,1","0,0,0,0,2,0,1,1,3,0",HOME,1
E1EOd,CPBL-2018-Fq,2018,一軍,例行賽,2018-04-01,2018-04-01 17:05,2018-04-01 21:07,臺中市洲際棒球場,9,,FINISHED,NORMAL,中信兄弟,pa1PZ,Lamigo,Eje2S,2,12,7,16,0,0,"0,0,0,0,1,0,0,1,0","0,1,4,1,3,2,1,0,0",AWAY,0
HWG4M,CPBL-2018-Fq,2018,一軍,例行賽,2018-04-01,2018-04-01 17:05,2018-04-01 20:11,新北市立新莊棒球場,9,,FINISHED,NORMAL,富邦悍將,Gnbsa,統一7-ELEVEn獅,xny2X,0,3,7,8,0,0,"0,0,0,0,0,0,0,0,0","0,1,0,1,0,0,0,1,0",AWAY,0
wG6f4,CPBL-2018-Fq,2018,一軍,例行賽,2018-03-31,2018-03-31 18:35,2018-03-31 21:52,臺中市洲際棒球場,9,,FINISHED,NORMAL,中信兄弟,pa1PZ,Lamigo,Eje2S,3,6,11,13,0,0,"0,1,0,0,0,0,1,1,0","0,2,0,0,3,0,1,0,0",AWAY,0
txYQC,CPBL-2018-Fq,2018,一軍,例行賽,2018-03-31,2018-03-31 18:35,2018-03-31 21:33,新北市立新莊棒球場,9,,FINISHED,NORMAL,富邦悍將,Gnbsa,統一7-ELEVEn獅,xny2X,5,0,10,5,0,0,"0,0,0,1,0,1,0,3,0","0,0,0,0,0,0,0,0,0",HOME,1
50KB7,CPBL-2018-Fq,2018,一軍,例行賽,2018-03-30,2018-03-30 18:35,2018-03-30 21:54,臺中市洲際棒球場,9,,FINISHED,NORMAL,中信兄弟,pa1PZ,Lamigo,Eje2S,4,3,9,6,0,0,"0,0,0,3,0,0,0,0,1","0,0,0,2,0,1,0,0,0",HOME,1
JFlTv,CPBL-2018-Fq,2018,一軍,例行賽,2018-03-30,2018-03-30 18:35,2018-03-30 21:17,新北市立新莊棒球場,9,,FINISHED,NORMAL,富邦悍將,Gnbsa,統一7-ELEVEn獅,xny2X,1,3,5,8,0,0,"1,0,0,0,0,0,0,0,0","0,0,2,1,0,0,0,0,0",AWAY,0
txUyE,CPBL-2018-Fq,2018,一軍,例行賽,2018-03-29,2018-03-29 18:36,2018-03-29 21:55,臺中市洲際棒球場,9,,FINISHED,NORMAL,中信兄弟,pa1PZ,統一7-ELEVEn獅,xny2X,8,9,13,15,0,0,"0,2,0,0,2,0,0,0,4","0,5,0,0,2,1,1,0,0",AWAY,0
YBhbi,CPBL-2018-Fq,2018,一軍,例行賽,2018-03-29,2018-03-29 18:35,2018-03-29 22:09,新北市立新莊棒球場,9,,FINISHED,NORMAL,富邦悍將,Gnbsa,Lamigo,Eje2S,5,16,11,17,0,0,"0,0,1,0,0,0,4,0,0","0,5,1,2,0,0,0,8,0",AWAY,0
QaInE,CPBL-2018-Fq,2018,一軍,例行賽,2018-03-28,2018-03-28 18:35,2018-03-28 21:37,臺中市洲際棒球場,9,,FINISHED,NORMAL,中信兄弟,pa1PZ,統一7-ELEVEn獅,xny2X,6,3,9,7,0,0,"0,0,1,0,0,0,5,0,0","0,0,1,0,0,1,0,1,0",HOME,1
XnMXJ,CPBL-2018-Fq,2018,一軍,例行賽,2018-03-27,2018-03-27 18:35,2018-03-27 21:51,新北市立新莊棒球場,9,,FINISHED,NORMAL,富邦悍將,Gnbsa,Lamigo,Eje2S,12,5,16,15,0,0,"0,0,6,1,0,3,2,0,0","0,2,0,0,1,1,0,1,0",HOME,1
YLGyk,CPBL-2018-Fq,2018,一軍,例行賽,2018-03-25,2018-03-25 17:05,2018-03-25 19:41,臺南市立棒球場,9,,FINISHED,NORMAL,統一7-ELEVEn獅,xny2X,富邦悍將,Gnbsa,3,1,8,1,0,0,"0,1,0,1,0,1,0,0,0","0,0,0,0,1,0,0,0,0",HOME,1
q4P5t,CPBL-2018-Fq,2018,一軍,例行賽,2018-03-25,2018-03-25 17:05,2018-03-25 20:07,樂天桃園棒球場,9,,FINISHED,NORMAL,Lamigo,Eje2S,中信兄弟,pa1PZ,5,1,11,11,0,0,"0,0,0,0,1,3,0,1,0","0,0,1,0,0,0,0,0,0",HOME,1
mSj6d,CPBL-2018-Fq,2018,一軍,例行賽,2018-03-24,2018-03-24 17:09,2018-03-24 20:20,樂天桃園棒球場,9,,FINISHED,NORMAL,Lamigo,Eje2S,中信兄弟,pa1PZ,6,4,12,11,0,0,"0,0,3,2,0,1,0,0,0","2,2,0,0,0,0,0,0,0",HOME,1
HvxJD,CPBLmi-2026-Jn,2026,二軍,例行賽,2026-05-24,2026-05-24 14:05,2026-05-24 17:22,斗六棒球場,10,,FINISHED,NORMAL,味全龍二軍,rCOyo,統一7-ELEVEn獅二軍,VNZYp,3,3,7,10,0,0,"0,0,1,0,0,0,0,1,0,1","0,0,0,0,1,0,0,0,1,1",TIE,
sEVlx,CPBLmi-2026-Jn,2026,二軍,例行賽,2026-05-23,2026-05-23 14:05,2026-05-23 17:04,嘉義市立棒球場,9,,FINISHED,NORMAL,富邦悍將二軍,BdfPY,台鋼雄鷹二軍,PFPC8,3,7,8,14,0,0,"0,1,0,0,2,0,0,0,0","1,3,0,0,0,2,1,0,0",AWAY,0
4yDHE,CPBLmi-2026-Jn,2026,二軍,例行賽,2026-05-22,2026-05-22 14:05,2026-05-22 17:39,中國信託公益園區棒球場,9,,FINISHED,NORMAL,中信兄弟二軍,L8U8L,台鋼雄鷹二軍,PFPC8,3,11,9,12,1,0,"1,0,0,0,0,0,0,0,2","1,4,3,0,1,0,0,2,0",AWAY,0
8Houi,CPBLmi-2026-Jn,2026,二軍,例行賽,2026-05-22,2026-05-22 14:05,2026-05-22 17:08,嘉義市立棒球場,10,,FINISHED,NORMAL,富邦悍將二軍,BdfPY,樂天桃猿二軍,vuKtM,4,5,6,11,1,1,"0,0,0,0,1,0,3,0,0,0","1,1,0,0,0,0,1,1,0,1",AWAY,0
2Cd8V,CPBLmi-2026-Jn,2026,二軍,例行賽,2026-05-21,2026-05-21 14:05,2026-05-21 16:59,中國信託公益園區棒球場,9,,FINISHED,NORMAL,中信兄弟二軍,L8U8L,台鋼雄鷹二軍,PFPC8,1,5,7,10,0,2,"1,0,0,0,0,0,0,0,0","1,0,0,0,0,0,0,2,2",AWAY,0
gmKqv,CPBLmi-2026-Jn,2026,二軍,例行賽,2026-05-21,2026-05-21 14:05,2026-05-21 17:30,嘉義市立棒球場,9,,FINISHED,NORMAL,富邦悍將二軍,BdfPY,樂天桃猿二軍,vuKtM,4,10,13,11,0,1,"0,1,1,0,0,1,1,0,0","0,0,0,0,0,0,0,0,10",AWAY,0
bqWkm,CPBLmi-2026-Jn,2026,二軍,例行賽,2026-05-20,2026-05-20 14:05,2026-05-20 16:51,亞太國際棒球訓練中心-副球場,9,,FINISHED,NORMAL,統一7-ELEVEn獅二軍,VNZYp,中信兄弟二軍,L8U8L,4,16,5,18,1,1,"0,4,0,0,0,0,0,0,0","0,0,0,0,0,0,1,4,11",AWAY,0
C10mw,CPBLmi-2026-Jn,2026,二軍,例行賽,2026-05-20,2026-05-20 14:05,2026-05-20 16:47,青埔運動公園棒球場,9,,FINISHED,NORMAL,樂天桃猿二軍,vuKtM,味全龍二軍,rCOyo,4,3,9,8,2,1,"0,0,0,0,0,0,4,0,0","0,1,0,0,1,1,0,0,0",HOME,1
wM9BN,CPBLmi-2026-Jn,2026,二軍,例行賽,2026-05-19,2026-05-19 14:05,2026-05-19 16:44,亞太國際棒球訓練中心-副球場,9,,FINISHED,NORMAL,統一7-ELEVEn獅二軍,VNZYp,中信兄弟二軍,L8U8L,0,5,3,5,0,0,"0,0,0,0,0,0,0,0,0","0,2,1,1,0,0,0,0,1",AWAY,0
sAT9Q,CPBLmi-2026-Jn,2026,二軍,例行賽,2026-05-19,2026-05-19 14:05,2026-05-19 16:38,青埔運動公園棒球場,9,,FINISHED,NORMAL,樂天桃猿二軍,vuKtM,味全龍二軍,rCOyo,1,5,4,7,0,0,"0,0,0,0,0,0,0,1,0","3,0,1,0,0,0,0,0,1",AWAY,0
KWIJY,CPBLmi-2026-Jn,2026,二軍,例行賽,2026-05-17,2026-05-17 14:05,2026-05-17 16:59,嘉義市立棒球場,9,,FINISHED,NORMAL,富邦悍將二軍,BdfPY,台鋼雄鷹二軍,PFPC8,4,6,7,8,0,2,"0,1,0,2,0,0,1,0,0","0,0,1,0,0,4,1,0,0",AWAY,0
4ZIrQ,CPBLmi-2026-Jn,2026,二軍,例行賽,2026-05-16,2026-05-16 14:05,2026-05-16 17:38,樂天桃園棒球場,9,,FINISHED,NORMAL,樂天桃猿二軍,vuKtM,中信兄弟二軍,L8U8L,3,12,8,14,0,1,"0,1,2,0,0,0,0,0,0","1,1,0,0,2,4,0,1,3",AWAY,0
Boupq,CPBLmi-2026-Jn,2026,二軍,例行賽,2026-05-15,2026-05-15 14:05,2026-05-15 16:27,亞太國際棒球訓練中心-副球場,9,,FINISHED,NORMAL,統一7-ELEVEn獅二軍,VNZYp,樂天桃猿二軍,vuKtM,4,1,10,6,0,2,"2,0,0,0,1,1,0,0,0","0,0,0,0,0,1,0,0,0",HOME,1
zPMrM,CPBLmi-2026-Jn,2026,二軍,例行賽,2026-05-15,2026-05-15 14:05,2026-05-15 17:45,斗六棒球場,9,,FINISHED,NORMAL,味全龍二軍,rCOyo,台鋼雄鷹二軍,PFPC8,6,7,10,10,1,2,"0,2,1,0,2,1,0,0,0","0,0,0,3,1,2,0,0,1",AWAY,0
IJi12,CPBLmi-2026-Jn,2026,二軍,例行賽,2026-05-14,2026-05-14 14:05,2026-05-14 17:33,亞太國際棒球訓練中心-副球場,10,,FINISHED,NORMAL,統一7-ELEVEn獅二軍,VNZYp,樂天桃猿二軍,vuKtM,10,9,13,12,1,1,"0,0,0,0,0,0,0,4,3,3","4,0,0,1,0,0,0,2,0,2",HOME,1
fUd1H,CPBLmi-2026-Jn,2026,二軍,例行賽,2026-05-13,2026-05-13 14:05,2026-05-13 17:16,亞太國際棒球訓練中心-副球場,9,,FINISHED,NORMAL,統一7-ELEVEn獅二軍,VNZYp,富邦悍將二軍,BdfPY,5,9,10,13,2,0,"0,2,0,0,2,0,0,1,0","3,1,1,0,0,1,0,2,1",AWAY,0
nI8BZ,CPBLmi-2026-Jn,2026,二軍,例行賽,2026-05-13,2026-05-13 14:05,2026-05-13 16:53,斗六棒球場,9,,FINISHED,NORMAL,味全龍二軍,rCOyo,中信兄弟二軍,L8U8L,3,4,6,9,3,2,"0,0,0,0,0,0,0,3,0","0,1,0,0,0,3,0,0,0",AWAY,0
Xkbhr,CPBLmi-2026-Jn,2026,二軍,例行賽,2026-05-12,2026-05-12 14:05,2026-05-12 17:14,亞太國際棒球訓練中心-副球場,9,,FINISHED,NORMAL,統一7-ELEVEn獅二軍,VNZYp,富邦悍將二軍,BdfPY,8,5,14,11,0,0,"1,0,2,0,0,0,4,1,0","0,2,0,1,0,0,0,0,2",HOME,1
lQ5KA,CPBLmi-2026-Jn,2026,二軍,例行賽,2026-05-12,2026-05-12 14:05,2026-05-12 17:15,斗六棒球場,9,,FINISHED,NORMAL,味全龍二軍,rCOyo,中信兄弟二軍,L8U8L,1,4,6,9,1,1,"0,0,0,0,1,0,0,0,0","0,0,0,0,1,3,0,0,0",AWAY,0
B42BN,CPBLmi-2026-Jn,2026,二軍,例行賽,2026-05-10,2026-05-10 14:05,2026-05-10 16:43,青埔運動公園棒球場,9,,FINISHED,NORMAL,樂天桃猿二軍,vuKtM,統一7-ELEVEn獅二軍,VNZYp,0,2,2,8,2,0,"0,0,0,0,0,0,0,0,0","0,0,1,1,0,0,0,0,0",AWAY,0
qgqOr,CPBLmi-2026-Jn,2026,二軍,例行賽,2026-05-10,2026-05-10 14:05,2026-05-10 17:20,嘉義市立棒球場,9,,FINISHED,NORMAL,富邦悍將二軍,BdfPY,味全龍二軍,rCOyo,5,7,8,11,0,2,"0,0,2,0,0,1,1,0,1","1,0,0,0,0,0,0,5,1",AWAY,0
mhicu,CPBLmi-2026-Jn,2026,二軍,例行賽,2026-05-09,2026-05-09 14:05,2026-05-09 17:19,皇鷹學院,10,,FINISHED,NORMAL,台鋼雄鷹二軍,PFPC8,味全龍二軍,rCOyo,3,3,6,8,1,0,"0,1,0,0,0,0,0,0,1,1","0,0,0,0,0,0,0,0,2,1",TIE,
OTHpw,CPBLmi-2026-Jn,2026,二軍,例行賽,2026-05-08,2026-05-08 14:05,2026-05-08 16:46,嘉義市立棒球場,9,,FINISHED,NORMAL,富邦悍將二軍,BdfPY,樂天桃猿二軍,vuKtM,6,3,4,9,0,3,"0,0,1,0,0,5,0,0,0","0,0,0,1,0,0,2,0,0",HOME,1
la7v9,CPBLmi-2026-Jn,2026,二軍,例行賽,2026-05-08,2026-05-08 14:05,2026-05-08 17:01,中國信託公益園區棒球場,9,,FINISHED,NORMAL,中信兄弟二軍,L8U8L,統一7-ELEVEn獅二軍,VNZYp,8,2,9,8,1,1,"3,0,2,0,0,1,0,2,0","0,0,0,0,0,0,0,2,0",HOME,1
kAIeX,CPBLmi-2026-Jn,2026,二軍,例行賽,2026-05-07,2026-05-07 14:05,2026-05-07 16:54,嘉義市立棒球場,9,,FINISHED,NORMAL,富邦悍將二軍,BdfPY,樂天桃猿二軍,vuKtM,2,9,5,14,1,0,"0,1,0,0,1,0,0,0,0","0,1,0,1,2,4,0,1,0",AWAY,0
tm50h,CPBLmi-2026-Jn,2026,二軍,例行賽,2026-05-07,2026-05-07 14:05,2026-05-07 17:01,中國信託公益園區棒球場,9,,FINISHED,NORMAL,中信兄弟二軍,L8U8L,統一7-ELEVEn獅二軍,VNZYp,6,12,10,17,1,1,"0,0,0,0,2,0,1,3,0","0,8,2,0,0,2,0,0,0",AWAY,0
ge8Jr,CPBLmi-2026-Jn,2026,二軍,例行賽,2026-05-06,2026-05-06 14:05,2026-05-06 16:53,皇鷹學院,9,,FINISHED,NORMAL,台鋼雄鷹二軍,PFPC8,富邦悍將二軍,BdfPY,1,3,9,5,0,0,"0,0,0,0,0,1,0,0,0","0,1,0,0,0,0,0,2,0",AWAY,0
V2PPx,CPBLmi-2026-Jn,2026,二軍,例行賽,2026-05-06,2026-05-06 14:05,2026-05-06 17:47,中國信託公益園區棒球場,9,,FINISHED,NORMAL,中信兄弟二軍,L8U8L,味全龍二軍,rCOyo,1,10,4,13,1,0,"0,1,0,0,0,0,0,0,0","0,0,5,1,0,0,2,2,0",AWAY,0
MvaS1,CPBLmi-2026-Jn,2026,二軍,例行賽,2026-05-05,2026-05-05 14:05,2026-05-05 17:24,皇鷹學院,10,,FINISHED,NORMAL,台鋼雄鷹二軍,PFPC8,富邦悍將二軍,BdfPY,4,4,9,7,0,2,"0,1,1,0,1,0,0,0,0,1","0,0,1,1,0,0,0,1,0,1",TIE,
DDU8Z,CPBLmi-2026-Jn,2026,二軍,例行賽,2026-05-05,2026-05-05 14:05,2026-05-05 17:13,中國信託公益園區棒球場,9,,FINISHED,NORMAL,中信兄弟二軍,L8U8L,味全龍二軍,rCOyo,10,4,11,11,0,0,"1,0,1,6,0,1,0,1,0","1,0,1,0,1,0,0,1,0",HOME,1
h3en0,CPBLmi-2026-Jn,2026,二軍,例行賽,2026-05-03,2026-05-03 14:05,2026-05-03 16:40,嘉義市立棒球場,9,,FINISHED,NORMAL,富邦悍將二軍,BdfPY,中信兄弟二軍,L8U8L,7,0,12,5,0,1,"0,0,1,1,4,0,0,1,0","0,0,0,0,0,0,0,0,0",HOME,1
zgYQA,CPBLmi-2026-Jn,2026,二軍,例行賽,2026-05-03,2026-05-03 14:06,2026-05-03 17:03,皇鷹學院,9,,FINISHED,NORMAL,台鋼雄鷹二軍,PFPC8,樂天桃猿二軍,vuKtM,5,4,13,11,0,0,"0,0,0,0,2,1,1,1,0","0,0,3,0,0,1,0,0,0",HOME,1
1vlia,CPBLmi-2026-Jn,2026,二軍,例行賽,2026-05-02,2026-05-02 14:05,2026-05-02 16:26,斗六棒球場,9,,FINISHED,NORMAL,味全龍二軍,rCOyo,台鋼雄鷹二軍,PFPC8,0,1,3,8,0,0,"0,0,0,0,0,0,0,0,0","0,0,0,0,1,0,0,0,0",AWAY,0
Ai36r,CPBLmi-2026-Jn,2026,二軍,例行賽,2026-05-01,2026-05-01 14:05,2026-05-01 16:50,嘉義市立棒球場,9,,FINISHED,NORMAL,富邦悍將二軍,BdfPY,統一7-ELEVEn獅二軍,VNZYp,9,2,12,7,1,1,"0,0,0,4,1,1,3,0,0","0,0,0,0,0,1,1,0,0",HOME,1
h4lSR,CPBLmi-2026-Jn,2026,二軍,例行賽,2026-05-01,2026-05-01 14:05,2026-05-01 16:52,樂天桃園棒球場,9,,FINISHED,NORMAL,樂天桃猿二軍,vuKtM,中信兄弟二軍,L8U8L,2,8,5,9,2,0,"0,0,0,0,0,2,0,0,0","0,0,1,1,0,0,2,2,2",AWAY,0
CiGCs,CPBLmi-2026-Jn,2026,二軍,例行賽,2026-04-29,2026-04-29 14:05,2026-04-29 16:44,亞太國際棒球訓練中心-副球場,9,,FINISHED,NORMAL,統一7-ELEVEn獅二軍,VNZYp,味全龍二軍,rCOyo,4,3,7,7,0,2,"0,0,1,0,0,0,0,3,0","2,0,0,0,0,1,0,0,0",HOME,1
ypFJx,CPBLmi-2026-Jn,2026,二軍,例行賽,2026-04-29,2026-04-29 14:05,2026-04-29 16:43,樂天桃園棒球場,7,,FINISHED,NORMAL,樂天桃猿二軍,vuKtM,台鋼雄鷹二軍,PFPC8,9,3,9,9,0,0,"1,3,4,0,0,1,0","0,0,0,2,0,1,0",HOME,1
BGehm,CPBLmi-2026-Jn,2026,二軍,例行賽,2026-04-28,2026-04-28 14:05,2026-04-28 17:43,亞太國際棒球訓練中心-副球場,9,,FINISHED,NORMAL,統一7-ELEVEn獅二軍,VNZYp,味全龍二軍,rCOyo,7,11,11,14,2,2,"0,0,0,0,7,0,0,0,0","1,0,1,0,6,0,0,0,3",AWAY,0
Ol0z1,CPBLmi-2026-Jn,2026,二軍,例行賽,2026-04-28,2026-04-28 14:06,2026-04-28 17:10,青埔運動公園棒球場,9,,FINISHED,NORMAL,樂天桃猿二軍,vuKtM,台鋼雄鷹二軍,PFPC8,0,8,4,11,1,0,"0,0,0,0,0,0,0,0,0","0,0,0,2,1,2,2,0,1",AWAY,0
n1DYn,CPBLmi-2026-Jn,2026,二軍,例行賽,2026-04-26,2026-04-26 14:06,2026-04-26 17:18,嘉義市立棒球場,9,,FINISHED,NORMAL,富邦悍將二軍,BdfPY,中信兄弟二軍,L8U8L,4,6,6,13,1,0,"0,0,0,4,0,0,0,0,0","1,3,0,0,0,2,0,0,0",AWAY,0
MOtw6,CPBLmi-2026-Jn,2026,二軍,例行賽,2026-04-26,2026-04-26 14:05,2026-04-26 16:51,青埔運動公園棒球場,9,,FINISHED,NORMAL,樂天桃猿二軍,vuKtM,味全龍二軍,rCOyo,1,6,3,11,0,1,"1,0,0,0,0,0,0,0,0","1,0,0,0,0,0,0,4,1",AWAY,0
Z9t94,CPBLmi-2026-Jn,2026,二軍,例行賽,2026-04-25,2026-04-25 14:05,2026-04-25 16:36,青埔運動公園棒球場,9,,FINISHED,NORMAL,樂天桃猿二軍,vuKtM,統一7-ELEVEn獅二軍,VNZYp,3,2,7,6,0,0,"1,1,1,0,0,0,0,0,0","0,0,0,2,0,0,0,0,0",HOME,1
IPInH,CPBLmi-2026-Jn,2026,二軍,例行賽,2026-04-23,2026-04-23 14:05,2026-04-23 17:37,中國信託公益園區棒球場,9,,FINISHED,NORMAL,中信兄弟二軍,L8U8L,台鋼雄鷹二軍,PFPC8,4,9,8,15,2,0,"0,0,1,2,1,0,0,0,0","2,0,0,6,0,0,1,0,0",AWAY,0
FKyRH,CPBLmi-2026-Jn,2026,二軍,例行賽,2026-04-23,2026-04-23 14:05,2026-04-23 16:56,嘉義市立棒球場,9,,FINISHED,NORMAL,富邦悍將二軍,BdfPY,味全龍二軍,rCOyo,5,1,6,6,0,0,"3,0,0,0,1,1,0,0,0","0,0,0,0,1,0,0,0,0",HOME,1
E9oAm,CPBLmi-2026-Jn,2026,二軍,例行賽,2026-04-22,2026-04-22 14:05,2026-04-22 17:11,皇鷹學院,9,,FINISHED,NORMAL,台鋼雄鷹二軍,PFPC8,統一7-ELEVEn獅二軍,VNZYp,7,10,10,16,2,2,"1,0,1,0,0,0,0,1,4","0,0,0,0,4,5,1,0,0",AWAY,0
6OSb1,CPBLmi-2026-Jn,2026,二軍,例行賽,2026-04-22,2026-04-22 14:05,2026-04-22 16:56,斗六棒球場,9,,FINISHED,NORMAL,味全龍二軍,rCOyo,樂天桃猿二軍,vuKtM,8,4,11,10,1,0,"0,0,1,0,1,0,4,2,0","2,0,1,0,1,0,0,0,0",HOME,1
tufYa,CPBLmi-2026-Jn,2026,二軍,例行賽,2026-04-21,2026-04-21 14:05,2026-04-21 17:34,皇鷹學院,9,,FINISHED,NORMAL,台鋼雄鷹二軍,PFPC8,統一7-ELEVEn獅二軍,VNZYp,5,7,9,11,2,1,"0,1,0,0,2,0,2,0,0","0,0,1,0,0,2,1,0,3",AWAY,0
1qypg,CPBLmi-2026-Jn,2026,二軍,例行賽,2026-04-21,2026-04-21 14:05,2026-04-21 16:39,斗六棒球場,9,,FINISHED,NORMAL,味全龍二軍,rCOyo,樂天桃猿二軍,vuKtM,6,1,10,5,1,2,"0,0,0,2,1,1,2,0,0","0,0,0,0,0,0,0,1,0",HOME,1
Mv58y,CPBLmi-2026-Jn,2026,二軍,例行賽,2026-04-19,2026-04-19 14:05,2026-04-19 17:14,中國信託公益園區棒球場,9,,FINISHED,NORMAL,中信兄弟二軍,L8U8L,統一7-ELEVEn獅二軍,VNZYp,7,6,8,11,0,2,"0,0,0,2,0,4,0,1,0","0,0,3,1,1,0,0,0,1",HOME,1
ymMKZ,CPBLmi-2026-Jn,2026,二軍,例行賽,2026-04-19,2026-04-19 14:05,2026-04-19 17:33,亞太國際棒球訓練中心-副球場,10,,FINISHED,NORMAL,富邦悍將二軍,BdfPY,台鋼雄鷹二軍,PFPC8,5,6,7,12,0,2,"1,0,2,0,0,0,0,2,0,0","1,0,3,0,0,0,0,0,1,1",AWAY,0
COVS3,CPBLmi-2026-Jn,2026,二軍,例行賽,2026-04-18,2026-04-18 14:05,2026-04-18 17:55,亞太國際棒球訓練中心-副球場,9,,FINISHED,NORMAL,統一7-ELEVEn獅二軍,VNZYp,中信兄弟二軍,L8U8L,15,8,13,11,0,1,"1,0,1,0,1,6,6,0,0","0,0,0,0,2,0,2,0,4",HOME,1
Djof2,CPBLmi-2026-Jn,2026,二軍,例行賽,2026-04-18,2026-04-18 14:05,2026-04-18 16:44,斗六棒球場,9,,FINISHED,NORMAL,味全龍二軍,rCOyo,富邦悍將二軍,BdfPY,5,7,8,9,0,4,"2,0,2,1,0,0,0,0,0","0,0,0,5,0,0,0,2,0",AWAY,0
sDFlW,CPBLmi-2026-Jn,2026,二軍,例行賽,2026-04-17,2026-04-17 14:05,2026-04-17 17:27,皇鷹學院,9,,FINISHED,NORMAL,台鋼雄鷹二軍,PFPC8,味全龍二軍,rCOyo,2,9,6,14,1,0,"1,1,0,0,0,0,0,0,0","0,0,0,3,2,2,1,0,1",AWAY,0
aSLuF,CPBLmi-2026-Jn,2026,二軍,例行賽,2026-04-17,2026-04-17 14:05,2026-04-17 17:35,樂天桃園棒球場,9,,FINISHED,NORMAL,樂天桃猿二軍,vuKtM,富邦悍將二軍,BdfPY,6,9,12,10,0,3,"0,0,4,0,0,0,0,2,0","0,0,3,1,0,0,2,0,3",AWAY,0
VNhqZ,CPBLmi-2026-Jn,2026,二軍,例行賽,2026-04-16,2026-04-16 14:05,2026-04-16 17:29,皇鷹學院,9,,FINISHED,NORMAL,台鋼雄鷹二軍,PFPC8,味全龍二軍,rCOyo,13,0,18,5,1,4,"4,3,2,1,1,0,2,0,0","0,0,0,0,0,0,0,0,0",HOME,1
84wzi,CPBLmi-2026-Jn,2026,二軍,例行賽,2026-04-16,2026-04-16 14:05,2026-04-16 17:13,青埔運動公園棒球場,9,,FINISHED,NORMAL,樂天桃猿二軍,vuKtM,富邦悍將二軍,BdfPY,4,3,9,6,3,0,"0,3,0,0,0,0,0,1,0","0,0,0,1,0,0,1,0,1",HOME,1
5KHP3,CPBLmi-2026-Jn,2026,二軍,例行賽,2026-04-15,2026-04-15 14:06,2026-04-15 17:06,亞太國際棒球訓練中心-副球場,9,,FINISHED,NORMAL,統一7-ELEVEn獅二軍,VNZYp,台鋼雄鷹二軍,PFPC8,2,9,7,11,3,1,"1,0,0,0,0,0,0,1,0","1,5,0,0,2,0,1,0,0",AWAY,0
U7bHD,CPBLmi-2026-Jn,2026,二軍,例行賽,2026-04-15,2026-04-15 14:05,2026-04-15 17:46,中國信託公益園區棒球場,9,,FINISHED,NORMAL,中信兄弟二軍,L8U8L,樂天桃猿二軍,vuKtM,3,20,6,18,3,0,"0,1,0,0,0,1,0,1,0","6,1,2,1,0,1,1,0,8",AWAY,0
5o9Rv,CPBLmi-2026-Jn,2026,二軍,例行賽,2026-04-14,2026-04-14 14:05,2026-04-14 16:53,亞太國際棒球訓練中心-副球場,9,,FINISHED,NORMAL,統一7-ELEVEn獅二軍,VNZYp,台鋼雄鷹二軍,PFPC8,5,0,10,3,0,1,"2,0,1,0,2,0,0,0,0","0,0,0,0,0,0,0,0,0",HOME,1
jmKEE,CPBLmi-2026-Jn,2026,二軍,例行賽,2026-04-14,2026-04-14 14:05,2026-04-14 17:08,中國信託公益園區棒球場,9,,FINISHED,NORMAL,中信兄弟二軍,L8U8L,樂天桃猿二軍,vuKtM,6,9,13,17,0,2,"1,0,0,0,0,4,0,1,0","0,2,1,0,1,2,2,1,0",AWAY,0
KsaEH,CPBLmi-2026-Jn,2026,二軍,例行賽,2026-04-12,2026-04-12 14:05,2026-04-12 17:45,斗六棒球場,9,,FINISHED,NORMAL,味全龍二軍,rCOyo,富邦悍將二軍,BdfPY,4,14,7,17,3,1,"0,1,0,2,0,0,0,1,0","0,5,1,0,0,0,3,4,1",AWAY,0
4outb,CPBLmi-2026-Jn,2026,二軍,例行賽,2026-04-11,2026-04-11 14:05,2026-04-11 17:26,青埔運動公園棒球場,9,,FINISHED,NORMAL,樂天桃猿二軍,vuKtM,台鋼雄鷹二軍,PFPC8,4,9,9,12,2,2,"2,1,0,0,0,1,0,0,0","3,1,0,0,0,0,4,0,1",AWAY,0
1MQtK,CPBLmi-2026-Jn,2026,二軍,例行賽,2026-04-10,2026-04-10 14:05,2026-04-10 16:28,亞太國際棒球訓練中心-副球場,9,,FINISHED,NORMAL,統一7-ELEVEn獅二軍,VNZYp,樂天桃猿二軍,vuKtM,0,1,3,4,0,1,"0,0,0,0,0,0,0,0,0","0,1,0,0,0,0,0,0,0",AWAY,0
QtIDJ,CPBLmi-2026-Jn,2026,二軍,例行賽,2026-04-10,2026-04-10 14:05,2026-04-10 17:27,中國信託公益園區棒球場,9,,FINISHED,NORMAL,中信兄弟二軍,L8U8L,台鋼雄鷹二軍,PFPC8,7,9,10,11,0,1,"0,0,0,6,0,0,1,0,0","0,0,0,3,5,0,0,1,0",AWAY,0
m4UF2,CPBLmi-2026-Jn,2026,二軍,例行賽,2026-04-09,2026-04-09 14:05,2026-04-09 17:16,亞太國際棒球訓練中心-副球場,9,,FINISHED,NORMAL,統一7-ELEVEn獅二軍,VNZYp,樂天桃猿二軍,vuKtM,5,6,11,10,1,1,"0,0,0,2,0,1,0,1,1","0,0,0,2,3,0,1,0,0",AWAY,0
QsC5F,CPBLmi-2026-Jn,2026,二軍,例行賽,2026-04-09,2026-04-09 14:05,2026-04-09 16:59,中國信託公益園區棒球場,9,,FINISHED,NORMAL,中信兄弟二軍,L8U8L,台鋼雄鷹二軍,PFPC8,2,10,5,17,1,0,"0,2,0,0,0,0,0,0,0","1,2,0,0,1,0,3,3,0",AWAY,0
1cicW,CPBLmi-2026-Jn,2026,二軍,例行賽,2026-04-08,2026-04-08 14:05,2026-04-08 16:32,亞太國際棒球訓練中心-副球場,9,,FINISHED,NORMAL,統一7-ELEVEn獅二軍,VNZYp,富邦悍將二軍,BdfPY,1,2,4,4,0,0,"1,0,0,0,0,0,0,0,0","0,0,1,0,0,1,0,0,0",AWAY,0
9TJpL,CPBLmi-2026-Jn,2026,二軍,例行賽,2026-04-08,2026-04-08 14:05,2026-04-08 17:00,中國信託公益園區棒球場,9,,FINISHED,NORMAL,中信兄弟二軍,L8U8L,味全龍二軍,rCOyo,6,4,7,8,0,0,"0,1,2,0,0,3,0,0,0","0,1,0,1,0,0,2,0,0",HOME,1
Geq8P,CPBLmi-2026-Jn,2026,二軍,例行賽,2026-04-07,2026-04-07 14:05,2026-04-07 16:30,亞太國際棒球訓練中心-副球場,7,,FINISHED,NORMAL,統一7-ELEVEn獅二軍,VNZYp,富邦悍將二軍,BdfPY,5,0,11,3,1,2,"0,0,3,1,0,1,0","0,0,0,0,0,0,0,0",HOME,1
VtXjB,CPBLmi-2026-Jn,2026,二軍,例行賽,2026-04-07,2026-04-07 14:05,2026-04-07 17:23,中國信託公益園區棒球場,9,,FINISHED,NORMAL,中信兄弟二軍,L8U8L,味全龍二軍,rCOyo,7,10,9,10,1,1,"0,1,0,0,0,0,5,0,1","2,1,1,2,0,4,0,0,0",AWAY,0
xSxnV,CPBLmi-2026-Jn,2026,二軍,例行賽,2026-04-05,2026-04-05 14:05,2026-04-05 16:31,皇鷹學院,9,,FINISHED,NORMAL,台鋼雄鷹二軍,PFPC8,樂天桃猿二軍,vuKtM,10,0,15,4,2,2,"5,1,0,2,2,0,0,0,0","0,0,0,0,0,0,0,0,0",HOME,1
QQvFq,CPBLmi-2026-Jn,2026,二軍,例行賽,2026-04-03,2026-04-03 14:05,2026-04-03 17:21,斗六棒球場,9,,FINISHED,NORMAL,味全龍二軍,rCOyo,統一7-ELEVEn獅二軍,VNZYp,7,6,10,12,0,0,"0,0,0,0,2,1,0,1,3","1,0,0,1,0,0,2,0,2",HOME,1
93L3t,CPBLmi-2026-Jn,2026,二軍,例行賽,2026-04-03,2026-04-03 14:05,2026-04-03 17:15,中國信託公益園區棒球場,9,,FINISHED,NORMAL,中信兄弟二軍,L8U8L,富邦悍將二軍,BdfPY,0,7,6,9,1,1,"0,0,0,0,0,0,0,0,0","0,0,4,0,0,0,3,0,0",AWAY,0
xBKgM,CPBLmi-2026-Jn,2026,二軍,例行賽,2026-04-02,2026-04-02 14:05,2026-04-02 16:51,斗六棒球場,9,,FINISHED,NORMAL,味全龍二軍,rCOyo,統一7-ELEVEn獅二軍,VNZYp,5,4,7,9,0,3,"2,2,0,0,1,0,0,0,0","0,0,0,1,2,0,0,1,0",HOME,1
pmGtR,CPBLmi-2026-Jn,2026,二軍,例行賽,2026-04-02,2026-04-02 14:06,2026-04-02 16:46,中國信託公益園區棒球場,9,,FINISHED,NORMAL,中信兄弟二軍,L8U8L,富邦悍將二軍,BdfPY,1,2,7,11,2,2,"0,0,0,0,0,0,0,1,0","0,0,0,0,0,2,0,0,0",AWAY,0
OQ0uC,CPBLmi-2026-Jn,2026,二軍,例行賽,2026-03-31,2026-03-31 14:05,2026-03-31 16:29,青埔運動公園棒球場,9,,FINISHED,NORMAL,樂天桃猿二軍,vuKtM,味全龍二軍,rCOyo,4,3,8,5,0,2,"0,0,3,0,0,0,1,0,0","0,0,0,0,0,0,0,3,0",HOME,1
JjnCp,CPBLmi-2026-Jn,2026,二軍,例行賽,2026-03-31,2026-03-31 14:05,2026-03-31 17:06,亞太國際棒球訓練中心-副球場,10,,FINISHED,NORMAL,富邦悍將二軍,BdfPY,台鋼雄鷹二軍,PFPC8,4,4,8,8,1,1,"0,0,0,1,0,0,2,0,0,1","1,0,0,2,0,0,0,0,0,1",TIE,
yT08F,CPBLmi-2026-Jn,2026,二軍,例行賽,2026-03-27,2026-03-27 14:05,2026-03-27 17:22,斗六棒球場,9,,FINISHED,NORMAL,味全龍二軍,rCOyo,富邦悍將二軍,BdfPY,4,5,11,10,2,1,"1,0,1,0,1,0,0,1,0","0,1,0,2,0,0,1,0,1",AWAY,0
BUITU,CPBLmi-2026-Jn,2026,二軍,例行賽,2026-03-27,2026-03-27 14:05,2026-03-27 16:50,皇鷹學院,9,,FINISHED,NORMAL,台鋼雄鷹二軍,PFPC8,統一7-ELEVEn獅二軍,VNZYp,7,3,12,8,2,1,"2,1,1,0,3,0,0,0,0","1,1,0,1,0,0,0,0,0",HOME,1
02jLt,CPBLmi-2026-Jn,2026,二軍,例行賽,2026-03-26,2026-03-26 14:05,2026-03-26 16:41,斗六棒球場,9,,FINISHED,NORMAL,味全龍二軍,rCOyo,富邦悍將二軍,BdfPY,1,4,7,8,2,1,"1,0,0,0,0,0,0,0,0","0,0,0,0,3,0,1,0,0",AWAY,0
mZybQ,CPBLmi-2026-Jn,2026,二軍,例行賽,2026-03-26,2026-03-26 14:05,2026-03-26 16:31,皇鷹學院,9,,FINISHED,NORMAL,台鋼雄鷹二軍,PFPC8,統一7-ELEVEn獅二軍,VNZYp,4,1,4,8,0,0,"4,0,0,0,0,0,0,0,0","0,0,0,0,1,0,0,0,0",HOME,1
gE6l4,CPBLmi-2025-xS,2025,二軍,季後賽,2025-10-05,2025-10-05 16:05,2025-10-05 19:24,嘉義市立棒球場,9,,FINISHED,NORMAL,富邦悍將二軍,MhOqi,台鋼雄鷹二軍,51OCN,1,5,3,6,0,2,"0,0,0,0,0,1,0,0,0","0,0,0,3,2,0,0,0,0",AWAY,0
V1aLQ,CPBLmi-2025-xS,2025,二軍,季後賽,2025-10-04,2025-10-04 16:05,2025-10-04 19:03,嘉義市立棒球場,9,,FINISHED,NORMAL,台鋼雄鷹二軍,51OCN,富邦悍將二軍,MhOqi,6,5,7,10,0,0,"0,0,0,1,0,1,0,1,3","0,0,0,1,0,1,0,0,3",HOME,1
S14Jt,CPBLmi-2025-xS,2025,二軍,季後賽,2025-10-03,2025-10-03 17:05,2025-10-03 21:05,澄清湖棒球場,11,,FINISHED,NORMAL,台鋼雄鷹二軍,51OCN,富邦悍將二軍,MhOqi,1,2,5,8,0,0,"0,0,0,0,1,0,0,0,0,0,0","0,0,0,0,0,0,1,0,0,0,1",AWAY,0
Jc1cD,CPBLmi-2025-xS,2025,二軍,季後賽,2025-10-01,2025-10-01 17:05,2025-10-01 20:55,嘉義市立棒球場,9,,FINISHED,NORMAL,富邦悍將二軍,MhOqi,台鋼雄鷹二軍,51OCN,8,12,12,12,3,0,"0,0,0,5,1,0,1,1,0","0,0,4,0,3,0,3,2,0",AWAY,0
8sXcQ,CPBLmi-2025-xS,2025,二軍,季後賽,2025-09-30,2025-09-30 17:05,2025-09-30 19:59,嘉義市立棒球場,9,,FINISHED,NORMAL,富邦悍將二軍,MhOqi,台鋼雄鷹二軍,51OCN,5,2,12,3,1,2,"5,0,0,0,0,0,0,0,0","0,0,0,0,2,0,0,0,0",HOME,1
FpRqe,CPBLmi-2024-S4,2024,二軍,季後賽,2024-10-07,2024-10-07 16:05,2024-10-07 22:34,斗六棒球場,11,,FINISHED,NORMAL,味全龍二軍,K6SGF,統一7-ELEVEn獅二軍,pvxGD,6,5,11,8,0,0,"0,1,0,0,3,0,0,0,1,0,1","0,0,0,1,1,2,0,1,0,0,0",HOME,1
dzMZ9,CPBLmi-2024-S4,2024,二軍,季後賽,2024-10-06,2024-10-06 14:05,2024-10-06 17:20,斗六棒球場,9,,FINISHED,NORMAL,味全龍二軍,K6SGF,統一7-ELEVEn獅二軍,pvxGD,5,2,9,11,0,0,"0,0,1,2,1,1,0,0,0","0,0,0,0,2,0,0,0,0",HOME,1
A1NgF,CPBLmi-2024-S4,2024,二軍,季後賽,2024-10-05,2024-10-05 14:05,2024-10-05 17:25,臺南市立棒球場,9,,FINISHED,NORMAL,統一7-ELEVEn獅二軍,pvxGD,味全龍二軍,K6SGF,4,5,8,9,0,0,"0,1,0,0,2,1,0,0,0","1,0,0,2,0,2,0,0,0",AWAY,0
ie5xm,CPBLmi-2024-S4,2024,二軍,季後賽,2024-10-04,2024-10-04 16:05,2024-10-04 19:59,臺南市立棒球場,9,,FINISHED,NORMAL,統一7-ELEVEn獅二軍,pvxGD,味全龍二軍,K6SGF,3,2,8,10,0,0,"0,0,0,0,0,1,0,1,1","0,0,0,0,0,1,1,0,0",HOME,1
rX63V,CPBLmi-2024-S4,2024,二軍,季後賽,2024-10-01,2024-10-01 16:05,2024-10-01 18:43,斗六棒球場,9,,FINISHED,NORMAL,味全龍二軍,K6SGF,統一7-ELEVEn獅二軍,pvxGD,0,4,5,10,0,0,"0,0,0,0,0,0,0,0,0","1,1,0,1,0,0,0,1,0",AWAY,0
CKNkK,CPBLmi-2023-GP,2023,二軍,例行賽,2023-10-14,2023-10-14 13:00,2023-10-14 15:50,嘉義市立棒球場,9,,FINISHED,NORMAL,富邦悍將二軍,qwBXl,中信兄弟二軍,NCavq,12,11,13,15,0,0,"0,0,0,1,4,1,1,5,0","0,3,0,0,0,4,4,0,0",HOME,1
oVI8s,CPBLmi-2023-GP,2023,二軍,例行賽,2023-10-14,2023-10-14 13:00,2023-10-14 16:14,嘉義縣棒球場,9,,FINISHED,NORMAL,味全龍二軍,HQ8OK,台鋼雄鷹,jnhaW,1,0,3,4,0,0,"0,0,0,0,1,0,0,0,0","0,0,0,0,0,0,0,0,0",HOME,1
a6qXy,CPBLmi-2023-GP,2023,二軍,例行賽,2023-10-12,2023-10-12 13:00,2023-10-12 16:18,嘉義市立棒球場,9,,FINISHED,NORMAL,台鋼雄鷹,jnhaW,統一7-ELEVEn獅二軍,mcMYF,8,1,10,10,0,0,"1,0,1,1,4,1,0,0,0","0,0,0,0,0,0,0,0,1",HOME,1
lKzre,CPBLmi-2023-GP,2023,二軍,例行賽,2023-10-12,2023-10-12 13:30,2023-10-12 15:18,中國信託公益園區棒球場,9,,FINISHED,NORMAL,中信兄弟二軍,NCavq,富邦悍將二軍,qwBXl,0,7,4,10,0,0,"0,0,0,0,0,0,0,0,0","4,0,0,0,2,0,0,1,0",AWAY,0
WIYEu,CPBLmi-2023-GP,2023,二軍,例行賽,2023-10-11,2023-10-11 13:00,2023-10-11 16:52,斗六棒球場,9,,FINISHED,NORMAL,味全龍二軍,HQ8OK,台鋼雄鷹,jnhaW,4,10,8,13,0,0,"0,0,2,1,1,0,0,0,0","0,5,0,0,2,1,0,0,2",AWAY,0
vfjYg,CPBLmi-2023-GP,2023,二軍,例行賽,2023-10-11,2023-10-11 13:00,2023-10-11 16:14,臺南市立棒球場,9,,FINISHED,NORMAL,統一7-ELEVEn獅二軍,mcMYF,中信兄弟二軍,NCavq,7,1,10,7,0,0,"0,6,0,0,0,0,1,0,0","1,0,0,0,0,0,0,0,0",HOME,1
hGDd9,CPBLmi-2023-GP,2023,二軍,例行賽,2023-10-10,2023-10-10 13:00,2023-10-10 16:18,中國信託公益園區棒球場,9,,FINISHED,NORMAL,台鋼雄鷹,jnhaW,中信兄弟二軍,NCavq,11,1,12,4,0,0,"0,5,0,3,1,0,0,2,0","0,0,0,0,1,0,0,0,0",HOME,1
JtpjT,CPBLmi-2023-GP,2023,二軍,例行賽,2023-10-10,2023-10-10 13:00,2023-10-10 14:50,嘉義市立棒球場,9,,FINISHED,NORMAL,富邦悍將二軍,qwBXl,味全龍二軍,HQ8OK,3,2,7,9,0,0,"0,0,0,0,0,3,0,0,0","0,0,0,0,0,0,0,2,0",HOME,1
RSrEo,CPBLmi-2023-GP,2023,二軍,例行賽,2023-10-08,2023-10-08 13:00,2023-10-08 14:39,嘉義市立棒球場,9,,FINISHED,NORMAL,台鋼雄鷹,jnhaW,味全龍二軍,HQ8OK,4,5,6,8,0,0,"0,1,3,0,0,0,0,0,0","1,4,0,0,0,0,0,0,0",AWAY,0
Hp242,CPBLmi-2023-GP,2023,二軍,例行賽,2023-10-07,2023-10-07 13:00,2023-10-07 15:35,嘉義市立棒球場,9,,FINISHED,NORMAL,富邦悍將二軍,qwBXl,樂天桃猿二軍,hIkqx,2,1,5,2,0,0,"0,0,2,0,0,0,0,0,0","0,0,0,0,0,0,0,0,1",HOME,1
ridUA,CPBLmi-2023-GP,2023,二軍,例行賽,2023-10-07,2023-10-07 13:00,2023-10-07 16:23,中國信託公益園區棒球場,9,,FINISHED,NORMAL,中信兄弟二軍,NCavq,統一7-ELEVEn獅二軍,mcMYF,3,5,6,8,0,0,"0,0,1,0,0,2,0,0,0","1,0,0,0,0,2,0,0,2",AWAY,0
fSX7D,CPBLmi-2023-GP,2023,二軍,例行賽,2023-10-04,2023-10-04 13:00,2023-10-04 16:16,斗六棒球場,9,,FINISHED,NORMAL,統一7-ELEVEn獅二軍,mcMYF,富邦悍將二軍,qwBXl,6,3,11,9,0,0,"0,6,0,0,0,0,0,0,0","0,0,0,2,0,1,0,0,0",HOME,1
Qma4D,CPBLmi-2023-GP,2023,二軍,例行賽,2023-10-04,2023-10-04 13:00,2023-10-04 15:58,中國信託公益園區棒球場,9,,FINISHED,NORMAL,中信兄弟二軍,NCavq,味全龍二軍,HQ8OK,7,4,9,10,0,0,"0,1,0,0,0,3,3,0,0","2,0,0,1,0,0,0,1,0",HOME,1
sAayV,CPBLmi-2023-GP,2023,二軍,例行賽,2023-10-03,2023-10-03 13:00,2023-10-03 15:42,中國信託公益園區棒球場,9,,FINISHED,NORMAL,中信兄弟二軍,NCavq,樂天桃猿二軍,hIkqx,5,3,11,5,0,0,"1,0,0,0,2,0,1,1,0","0,0,0,2,0,0,1,0,0",HOME,1
QiaTG,CPBLmi-2023-GP,2023,二軍,例行賽,2023-10-03,2023-10-03 13:00,2023-10-03 15:53,嘉義市立棒球場,9,,FINISHED,NORMAL,富邦悍將二軍,qwBXl,台鋼雄鷹,jnhaW,3,0,6,6,0,0,"1,0,0,0,1,0,1,0,0","0,0,0,0,0,0,0,0,0",HOME,1
qI0SV,CPBLmi-2023-GP,2023,二軍,例行賽,2023-09-30,2023-09-30 13:00,2023-09-30 15:56,嘉義縣棒球場,9,,FINISHED,NORMAL,樂天桃猿二軍,hIkqx,富邦悍將二軍,qwBXl,5,2,10,6,0,0,"0,0,0,2,0,0,3,0,0","0,0,2,0,0,0,0,0,0",HOME,1
xy5bT,CPBLmi-2023-GP,2023,二軍,例行賽,2023-09-30,2023-09-30 13:00,2023-09-30 15:26,臺南市立棒球場,9,,FINISHED,NORMAL,統一7-ELEVEn獅二軍,mcMYF,台鋼雄鷹,jnhaW,2,6,3,12,0,0,"0,0,0,0,0,0,0,0,2","0,1,0,3,1,0,0,0,1",AWAY,0
heq3g,CPBLmi-2023-GP,2023,二軍,例行賽,2023-09-29,2023-09-29 13:00,2023-09-29 16:05,斗六棒球場,9,,FINISHED,NORMAL,味全龍二軍,HQ8OK,樂天桃猿二軍,hIkqx,2,3,6,9,0,0,"0,2,0,0,0,0,0,0,0","0,0,2,0,1,0,0,0,0",AWAY,0
tUFV3,CPBLmi-2023-GP,2023,二軍,例行賽,2023-09-29,2023-09-29 13:00,2023-09-29 15:52,嘉義市立棒球場,9,,FINISHED,NORMAL,台鋼雄鷹,jnhaW,富邦悍將二軍,qwBXl,4,6,6,10,0,0,"0,0,3,1,0,0,0,0,0","0,1,0,0,0,1,0,0,4",AWAY,0
EoKGr,CPBLmi-2023-GP,2023,二軍,例行賽,2023-09-28,2023-09-28 13:01,2023-09-28 16:23,斗六棒球場,9,,FINISHED,NORMAL,味全龍二軍,HQ8OK,中信兄弟二軍,NCavq,3,8,10,14,0,0,"0,0,0,0,2,0,0,0,1","3,0,1,4,0,0,0,0,0",AWAY,0
eUHhv,CPBLmi-2023-GP,2023,二軍,例行賽,2023-09-28,2023-09-28 13:00,2023-09-28 15:42,臺南市立棒球場,7,,FINISHED,NORMAL,台鋼雄鷹,jnhaW,統一7-ELEVEn獅二軍,mcMYF,2,4,7,6,0,0,"0,1,0,1,0,0","1,0,2,0,1,0,0",AWAY,0
E2VRz,CPBLmi-2023-GP,2023,二軍,例行賽,2023-09-27,2023-09-27 13:00,2023-09-27 16:59,嘉義縣棒球場,9,,FINISHED,NORMAL,樂天桃猿二軍,hIkqx,統一7-ELEVEn獅二軍,mcMYF,2,1,7,8,0,0,"1,0,0,0,0,0,0,0,1","0,0,0,0,0,0,0,0,1",HOME,1
1413v,CPBLmi-2023-GP,2023,二軍,例行賽,2023-09-26,2023-09-26 13:01,2023-09-26 16:18,嘉義縣棒球場,9,,FINISHED,NORMAL,樂天桃猿二軍,hIkqx,台鋼雄鷹,jnhaW,1,10,6,12,0,0,"1,0,0,0,0,0,0,0,0","2,2,0,5,1,0,0,0,0",AWAY,0
Jn23v,CPBLmi-2023-GP,2023,二軍,例行賽,2023-09-26,2023-09-26 13:00,2023-09-26 14:47,嘉義市立棒球場,6,,FINISHED,NORMAL,富邦悍將二軍,qwBXl,味全龍二軍,HQ8OK,1,2,2,3,0,0,"0,1,0,0,0","2,0,0,0,0,0",AWAY,0
i2WIB,CPBLmi-2023-GP,2023,二軍,例行賽,2023-09-24,2023-09-24 13:00,2023-09-24 16:18,嘉義市立棒球場,9,,FINISHED,NORMAL,台鋼雄鷹,jnhaW,味全龍二軍,HQ8OK,2,13,6,17,0,0,"1,0,0,0,1,0,0,0,0","0,0,4,4,1,1,2,1,0",AWAY,0
ea6gh,CPBLmi-2023-GP,2023,二軍,例行賽,2023-09-23,2023-09-23 13:01,2023-09-23 14:58,中國信託公益園區棒球場,5,,FINISHED,NORMAL,統一7-ELEVEn獅二軍,mcMYF,中信兄弟二軍,NCavq,0,8,1,8,0,0,"0,0,0,0,0","0,0,3,0,5",AWAY,0
EaufF,CPBLmi-2023-GP,2023,二軍,例行賽,2023-09-23,2023-09-23 13:00,2023-09-23 16:33,嘉義市立棒球場,9,,FINISHED,NORMAL,台鋼雄鷹,jnhaW,味全龍二軍,HQ8OK,5,4,12,11,0,0,"1,1,1,0,1,0,0,1,0","0,0,1,0,1,0,0,2,0",HOME,1
Y4Lrc,CPBLmi-2023-GP,2023,二軍,例行賽,2023-09-22,2023-09-22 13:00,2023-09-22 16:14,嘉義市立棒球場,9,,FINISHED,NORMAL,富邦悍將二軍,qwBXl,統一7-ELEVEn獅二軍,mcMYF,4,7,6,8,0,0,"2,1,0,0,1,0,0,0,0","0,5,1,1,0,0,0,0,0",AWAY,0
SJxc7,CPBLmi-2023-GP,2023,二軍,例行賽,2023-09-22,2023-09-22 13:00,2023-09-22 16:12,嘉義縣棒球場,9,,FINISHED,NORMAL,樂天桃猿二軍,hIkqx,中信兄弟二軍,NCavq,8,1,8,6,0,0,"0,0,2,0,0,2,0,4,0","0,0,0,0,0,0,0,1,0",HOME,1
0nUH4,CPBLmi-2023-GP,2023,二軍,例行賽,2023-09-21,2023-09-21 13:00,2023-09-21 16:19,嘉義市立棒球場,9,,FINISHED,NORMAL,富邦悍將二軍,qwBXl,台鋼雄鷹,jnhaW,1,8,8,13,0,0,"0,0,1,0,0,0,0,0,0","0,2,0,0,2,2,1,1,0",AWAY,0
EVuKM,CPBLmi-2023-GP,2023,二軍,例行賽,2023-09-21,2023-09-21 13:00,2023-09-21 15:59,嘉義縣棒球場,9,,FINISHED,NORMAL,樂天桃猿二軍,hIkqx,味全龍二軍,HQ8OK,3,1,7,6,0,0,"0,2,0,1,0,0,0,0,0","0,0,1,0,0,0,0,0,0",HOME,1
usXPG,CPBLmi-2023-GP,2023,二軍,例行賽,2023-09-20,2023-09-20 13:01,2023-09-20 16:38,斗六棒球場,9,,FINISHED,NORMAL,統一7-ELEVEn獅二軍,mcMYF,味全龍二軍,HQ8OK,3,8,6,12,0,0,"0,2,0,0,0,1,0,0,0","0,1,5,0,0,1,1,0,0",AWAY,0
bPnnh,CPBLmi-2023-GP,2023,二軍,例行賽,2023-09-20,2023-09-20 13:00,2023-09-20 16:28,中國信託公益園區棒球場,9,,FINISHED,NORMAL,中信兄弟二軍,NCavq,台鋼雄鷹,jnhaW,10,3,13,11,0,0,"0,0,8,0,1,0,1,0,0","1,0,1,0,0,1,0,0,0",HOME,1
l5Szc,CPBLmi-2023-GP,2023,二軍,例行賽,2023-09-19,2023-09-19 13:01,2023-09-19 16:16,嘉義縣棒球場,9,,FINISHED,NORMAL,統一7-ELEVEn獅二軍,mcMYF,樂天桃猿二軍,hIkqx,7,6,8,9,0,0,"0,0,0,0,1,3,1,2,0","0,0,1,1,0,0,4,0,0",HOME,1
LD13C,CPBLmi-2023-GP,2023,二軍,例行賽,2023-09-19,2023-09-19 13:00,2023-09-19 17:39,中國信託公益園區棒球場,9,,FINISHED,NORMAL,中信兄弟二軍,NCavq,富邦悍將二軍,qwBXl,10,10,14,10,0,0,"0,0,0,1,0,0,2,4,3","0,0,0,0,0,6,2,2,0",TIE,
WdWJa,CPBLmi-2023-GP,2023,二軍,例行賽,2023-09-17,2023-09-17 14:00,2023-09-17 18:06,嘉義縣棒球場,9,,FINISHED,NORMAL,樂天桃猿二軍,hIkqx,富邦悍將二軍,qwBXl,5,10,11,14,0,0,"3,0,1,0,1,0,0,0,0","0,4,3,0,0,0,2,1,0",AWAY,0
hgU7C,CPBLmi-2023-GP,2023,二軍,例行賽,2023-09-16,2023-09-16 14:00,2023-09-16 17:21,斗六棒球場,9,,FINISHED,NORMAL,味全龍二軍,HQ8OK,台鋼雄鷹,jnhaW,0,12,6,13,0,0,"0,0,0,0,0,0,0,0,0","0,0,4,4,0,3,0,1,0",AWAY,0
84GR5,CPBLmi-2023-GP,2023,二軍,例行賽,2023-09-16,2023-09-16 14:00,2023-09-16 17:12,臺南市立棒球場,9,,FINISHED,NORMAL,統一7-ELEVEn獅二軍,mcMYF,富邦悍將二軍,qwBXl,8,1,12,7,0,0,"0,0,7,0,0,0,1,0,0","0,0,0,1,0,0,0,0,0",HOME,1
SAa3G,CPBLmi-2023-GP,2023,二軍,例行賽,2023-09-15,2023-09-15 14:01,2023-09-15 16:12,中國信託公益園區棒球場,8,,FINISHED,NORMAL,中信兄弟二軍,NCavq,味全龍二軍,HQ8OK,2,0,6,3,0,0,"1,0,0,0,0,0,1,0","0,0,0,0,0,0,0,0",HOME,1
kXlWF,CPBLmi-2023-GP,2023,二軍,例行賽,2023-09-15,2023-09-15 14:02,2023-09-15 17:51,臺南市立棒球場,9,,FINISHED,NORMAL,統一7-ELEVEn獅二軍,mcMYF,台鋼雄鷹,jnhaW,1,6,6,12,0,0,"0,0,0,0,0,0,0,1,0","0,1,0,0,0,0,1,2,2",AWAY,0
UHzhh,CPBLmi-2023-GP,2023,二軍,例行賽,2023-09-14,2023-09-14 14:01,2023-09-14 17:10,中國信託公益園區棒球場,9,,FINISHED,NORMAL,中信兄弟二軍,NCavq,樂天桃猿二軍,hIkqx,7,6,15,12,0,0,"0,2,2,0,0,3,0,0,0","0,1,2,0,3,0,0,0,0",HOME,1
RZDFy,CPBLmi-2023-GP,2023,二軍,例行賽,2023-09-14,2023-09-14 14:00,2023-09-14 17:31,臺南市立棒球場,9,,FINISHED,NORMAL,統一7-ELEVEn獅二軍,mcMYF,富邦悍將二軍,qwBXl,3,3,7,11,0,0,"0,0,0,0,0,3,0,0,0","2,0,0,0,0,1,0,0,0",TIE,
tok43,CPBLmi-2023-GP,2023,二軍,例行賽,2023-09-13,2023-09-13 14:04,2023-09-13 16:57,嘉義市立棒球場,9,,FINISHED,NORMAL,味全龍二軍,HQ8OK,富邦悍將二軍,qwBXl,0,2,4,8,0,0,"0,0,0,0,0,0,0,0,0","0,1,0,0,0,0,1,0,0",AWAY,0
JVQeY,CPBLmi-2023-GP,2023,二軍,例行賽,2023-09-13,2023-09-13 14:00,2023-09-13 17:24,嘉義縣棒球場,9,,FINISHED,NORMAL,台鋼雄鷹,jnhaW,樂天桃猿二軍,hIkqx,9,4,10,13,0,0,"0,5,1,0,0,1,2,0,0","2,1,0,0,1,0,0,0,0",HOME,1
zlU4u,CPBLmi-2023-GP,2023,二軍,例行賽,2023-09-12,2023-09-12 14:00,2023-09-12 16:56,嘉義市立棒球場,9,,FINISHED,NORMAL,味全龍二軍,HQ8OK,統一7-ELEVEn獅二軍,mcMYF,4,3,5,9,0,0,"0,0,0,0,0,0,0,4,0","0,0,0,0,0,0,1,0,2",HOME,1
ZN7Ul,CPBLmi-2023-GP,2023,二軍,例行賽,2023-09-12,2023-09-12 14:00,2023-09-12 17:00,中國信託公益園區棒球場,7,,FINISHED,NORMAL,台鋼雄鷹,jnhaW,中信兄弟二軍,NCavq,7,3,13,5,0,0,"0,0,0,0,0,5,2","1,1,0,0,0,1,0",HOME,1
rutqE,CPBLmi-2023-GP,2023,二軍,例行賽,2023-09-10,2023-09-10 14:50,2023-09-10 17:25,臺南市立棒球場,7,,FINISHED,NORMAL,統一7-ELEVEn獅二軍,mcMYF,中信兄弟二軍,NCavq,3,7,8,8,0,0,"0,0,1,0,0,2,0","0,0,2,5,0,0,0",AWAY,0
83mYN,CPBLmi-2023-GP,2023,二軍,例行賽,2023-09-09,2023-09-09 14:00,2023-09-09 17:35,嘉義市立棒球場,9,,FINISHED,NORMAL,富邦悍將二軍,qwBXl,樂天桃猿二軍,hIkqx,3,1,5,10,0,0,"0,0,0,0,2,0,1,0,0","0,0,1,0,0,0,0,0,0",HOME,1
WrqL7,CPBLmi-2023-GP,2023,二軍,例行賽,2023-09-09,2023-09-09 14:00,2023-09-09 17:03,斗六棒球場,7,,FINISHED,NORMAL,味全龍二軍,HQ8OK,中信兄弟二軍,NCavq,9,5,13,9,0,0,"0,0,1,2,3,3","0,3,1,0,0,1,0",HOME,1
TjxC3,CPBLmi-2023-GP,2023,二軍,例行賽,2023-09-08,2023-09-08 14:00,2023-09-08 17:13,嘉義市立棒球場,9,,FINISHED,NORMAL,台鋼雄鷹,jnhaW,富邦悍將二軍,qwBXl,1,4,7,10,0,0,"1,0,0,0,0,0,0,0,0","1,0,0,0,3,0,0,0,0",AWAY,0
uiVGb,CPBLmi-2023-GP,2023,二軍,例行賽,2023-09-08,2023-09-08 14:00,2023-09-08 17:09,斗六棒球場,8,,FINISHED,NORMAL,味全龍二軍,HQ8OK,樂天桃猿二軍,hIkqx,2,5,4,13,0,0,"1,0,0,0,1,0,0,0","1,0,0,0,3,0,0,1",AWAY,0
HVlyS,CPBLmi-2023-GP,2023,二軍,例行賽,2023-09-06,2023-09-06 14:00,2023-09-06 17:06,嘉義縣棒球場,9,,FINISHED,NORMAL,樂天桃猿二軍,hIkqx,統一7-ELEVEn獅二軍,mcMYF,1,6,7,7,0,0,"0,0,1,0,0,0,0,0,0","0,3,0,3,0,0,0,0,0",AWAY,0
0d9yy,CPBLmi-2023-GP,2023,二軍,例行賽,2023-09-05,2023-09-05 14:00,2023-09-05 17:04,嘉義市立棒球場,9,,FINISHED,NORMAL,富邦悍將二軍,qwBXl,味全龍二軍,HQ8OK,5,2,6,7,0,0,"3,1,0,1,0,0,0,0,0","0,0,1,0,1,0,0,0,0",HOME,1
m5UXO,CPBLmi-2023-GP,2023,二軍,例行賽,2023-09-05,2023-09-05 14:00,2023-09-05 17:25,嘉義縣棒球場,9,,FINISHED,NORMAL,樂天桃猿二軍,hIkqx,台鋼雄鷹,jnhaW,7,8,11,12,0,0,"4,0,0,0,3,0,0,0,0","1,1,4,0,0,0,0,0,2",AWAY,0
cNeBx,CPBLmi-2023-GP,2023,二軍,例行賽,2023-09-02,2023-09-02 14:00,2023-09-02 16:46,中國信託公益園區棒球場,9,,FINISHED,NORMAL,中信兄弟二軍,NCavq,統一7-ELEVEn獅二軍,mcMYF,5,3,10,7,0,0,"0,0,1,1,1,0,0,2,0","0,3,0,0,0,0,0,0,0",HOME,1
XJ7gU,CPBLmi-2023-GP,2023,二軍,例行賽,2023-09-02,2023-09-02 14:00,2023-09-02 18:21,嘉義縣棒球場,9,,FINISHED,NORMAL,味全龍二軍,HQ8OK,富邦悍將二軍,qwBXl,7,8,12,10,0,0,"1,2,1,0,1,0,0,0,2","3,0,0,3,0,2,0,0,0",AWAY,0
U8D1f,CPBLmi-2023-GP,2023,二軍,例行賽,2023-09-01,2023-09-01 14:01,2023-09-01 17:38,嘉義縣棒球場,9,,FINISHED,NORMAL,樂天桃猿二軍,hIkqx,中信兄弟二軍,NCavq,3,6,7,6,0,0,"0,0,0,0,0,2,0,0,1","1,0,0,0,0,4,1,0,0",AWAY,0
wx5vR,CPBLmi-2023-GP,2023,二軍,例行賽,2023-09-01,2023-09-01 14:00,2023-09-01 17:38,嘉義市立棒球場,9,,FINISHED,NORMAL,富邦悍將二軍,qwBXl,統一7-ELEVEn獅二軍,mcMYF,5,7,12,9,0,0,"1,0,1,0,1,0,0,2,0","0,1,0,0,1,0,5,0,0",AWAY,0
QSG1n,CPBLmi-2023-GP,2023,二軍,例行賽,2023-08-31,2023-08-31 14:00,2023-08-31 17:57,嘉義縣棒球場,6,,FINISHED,NORMAL,樂天桃猿二軍,hIkqx,味全龍二軍,HQ8OK,6,6,9,5,0,0,"0,0,1,3,0,2","3,3,0,0,0,0",TIE,
rKeFt,CPBLmi-2023-GP,2023,二軍,例行賽,2023-08-31,2023-08-31 14:00,2023-08-31 16:33,嘉義市立棒球場,9,,FINISHED,NORMAL,富邦悍將二軍,qwBXl,台鋼雄鷹,jnhaW,3,0,9,6,0,0,"2,0,0,1,0,0,0,0,0","0,0,0,0,0,0,0,0,0",HOME,1
CcBF1,CPBLmi-2023-GP,2023,二軍,例行賽,2023-08-30,2023-08-30 14:00,2023-08-30 16:58,中國信託公益園區棒球場,9,,FINISHED,NORMAL,中信兄弟二軍,NCavq,台鋼雄鷹,jnhaW,8,1,10,2,0,0,"0,2,4,0,0,2,0,0,0","0,0,0,0,0,0,0,0,1",HOME,1
vuAj7,CPBLmi-2023-GP,2023,二軍,例行賽,2023-08-30,2023-08-30 14:01,2023-08-30 17:17,斗六棒球場,9,,FINISHED,NORMAL,統一7-ELEVEn獅二軍,mcMYF,味全龍二軍,HQ8OK,5,2,8,7,0,0,"0,0,0,0,0,0,0,5,0","0,0,0,2,0,0,0,0,0",HOME,1
PdD8U,CPBLmi-2023-GP,2023,二軍,例行賽,2023-08-29,2023-08-29 14:00,2023-08-29 16:52,臺南市立棒球場,9,,FINISHED,NORMAL,統一7-ELEVEn獅二軍,mcMYF,樂天桃猿二軍,hIkqx,1,4,5,8,0,0,"0,0,0,0,0,1,0,0,0","0,0,0,2,1,0,1,0,0",AWAY,0
Lpz3W,CPBLmi-2023-GP,2023,二軍,例行賽,2023-08-26,2023-08-26 14:00,2023-08-26 15:48,臺南市立棒球場,9,,FINISHED,NORMAL,統一7-ELEVEn獅二軍,mcMYF,中信兄弟二軍,NCavq,3,5,9,10,0,0,"0,0,0,0,0,0,1,2,0","0,0,2,2,0,0,1,0,0",AWAY,0
naycL,CPBLmi-2023-GP,2023,二軍,例行賽,2023-08-25,2023-08-25 14:00,2023-08-25 17:31,嘉義市立棒球場,9,,FINISHED,NORMAL,統一7-ELEVEn獅二軍,mcMYF,台鋼雄鷹,jnhaW,8,6,12,13,0,0,"0,1,3,0,4,0,0,0,0","0,0,0,0,2,0,0,0,4",HOME,1
Ntnuv,CPBLmi-2023-GP,2023,二軍,例行賽,2023-08-25,2023-08-25 14:00,2023-08-25 15:54,中國信託公益園區棒球場,6,,FINISHED,NORMAL,中信兄弟二軍,NCavq,味全龍二軍,HQ8OK,1,4,6,4,0,0,"0,0,0,1,0,0","0,0,0,4,0,0",AWAY,0
eCK09,CPBLmi-2023-GP,2023,二軍,例行賽,2023-08-24,2023-08-24 14:00,2023-08-24 17:31,嘉義市立棒球場,9,,FINISHED,NORMAL,統一7-ELEVEn獅二軍,mcMYF,富邦悍將二軍,qwBXl,3,5,8,8,0,0,"1,0,0,0,0,0,0,2,0","0,0,1,0,0,3,1,0,0",AWAY,0
nauIM,CPBLmi-2023-GP,2023,二軍,例行賽,2023-08-24,2023-08-24 14:00,2023-08-24 17:03,中國信託公益園區棒球場,9,,FINISHED,NORMAL,中信兄弟二軍,NCavq,樂天桃猿二軍,hIkqx,5,2,12,7,0,0,"1,0,1,0,3,0,0,0,0","0,0,0,0,1,1,0,0,0",HOME,1
ww30f,CPBLmi-2023-GP,2023,二軍,例行賽,2023-08-23,2023-08-23 14:00,2023-08-23 16:31,嘉義市立棒球場,9,,FINISHED,NORMAL,台鋼雄鷹,jnhaW,樂天桃猿二軍,hIkqx,6,3,11,12,0,0,"0,0,1,0,0,4,1,0,0","0,0,0,0,0,1,1,1,0",HOME,1
aBQ0C,CPBLmi-2023-GP,2023,二軍,例行賽,2023-08-23,2023-08-23 14:00,2023-08-23 17:03,斗六棒球場,9,,FINISHED,NORMAL,味全龍二軍,HQ8OK,富邦悍將二軍,qwBXl,3,8,5,12,0,0,"0,1,0,2,0,0,0,0","4,3,0,0,0,0,1,0,0",AWAY,0
q9Lyh,CPBLmi-2023-GP,2023,二軍,例行賽,2023-08-22,2023-08-22 14:00,2023-08-22 17:26,中國信託公益園區棒球場,9,,FINISHED,NORMAL,台鋼雄鷹,jnhaW,中信兄弟二軍,NCavq,6,3,12,7,0,0,"0,0,0,0,3,0,0,3,0","1,0,0,0,0,0,2,0,0",HOME,1
4pvO6,CPBLmi-2023-GP,2023,二軍,例行賽,2023-08-22,2023-08-22 14:01,2023-08-22 17:08,斗六棒球場,9,,FINISHED,NORMAL,味全龍二軍,HQ8OK,統一7-ELEVEn獅二軍,mcMYF,3,6,11,12,0,0,"0,1,1,0,0,0,1,0,0","0,2,3,0,0,1,0,0,0",AWAY,0
rKAOw,CPBLmi-2023-GP,2023,二軍,例行賽,2023-08-20,2023-08-20 14:01,2023-08-20 17:05,嘉義縣棒球場,9,,FINISHED,NORMAL,樂天桃猿二軍,hIkqx,中信兄弟二軍,NCavq,2,0,9,7,0,0,"0,0,0,0,0,0,2,0,0","0,0,0,0,0,0,0,0,0",HOME,1
KBHSr,CPBLmi-2023-GP,2023,二軍,例行賽,2023-08-19,2023-08-19 14:00,2023-08-19 17:12,嘉義市立棒球場,9,,FINISHED,NORMAL,台鋼雄鷹,jnhaW,富邦悍將二軍,qwBXl,0,1,6,5,0,0,"0,0,0,0,0,0,0,0,0","0,0,0,1,0,0,0,0,0",AWAY,0
otA2Q,CPBLmi-2023-GP,2023,二軍,例行賽,2023-08-19,2023-08-19 14:00,2023-08-19 16:27,中國信託公益園區棒球場,9,,FINISHED,NORMAL,中信兄弟二軍,NCavq,統一7-ELEVEn獅二軍,mcMYF,5,1,16,2,0,0,"0,0,0,1,2,2,0,0,0","1,0,0,0,0,0,0,0,0",HOME,1
LUXHq,CPBLmi-2023-GP,2023,二軍,例行賽,2023-08-18,2023-08-18 14:00,2023-08-18 17:27,斗六棒球場,9,,FINISHED,NORMAL,味全龍二軍,HQ8OK,台鋼雄鷹,jnhaW,4,8,9,13,0,0,"0,2,1,1,0,0,0,0,0","0,0,0,0,0,0,0,8,0",AWAY,0
4ek3h,CPBLmi-2023-GP,2023,二軍,例行賽,2023-08-18,2023-08-18 14:00,2023-08-18 17:19,臺南市立棒球場,9,,FINISHED,NORMAL,統一7-ELEVEn獅二軍,mcMYF,富邦悍將二軍,qwBXl,5,2,9,6,0,0,"2,0,0,0,0,2,1,0","1,0,0,0,0,0,0,1,0",HOME,1
8Mz8Y,CPBLmi-2023-GP,2023,二軍,例行賽,2023-08-17,2023-08-17 14:00,2023-08-17 17:41,斗六棒球場,9,,FINISHED,NORMAL,味全龍二軍,HQ8OK,樂天桃猿二軍,hIkqx,13,7,18,16,0,0,"2,2,0,2,2,2,3,0,0","0,0,0,1,5,1,0,0,0",HOME,1
Y6quF,CPBLmi-2023-GP,2023,二軍,例行賽,2023-08-16,2023-08-16 14:00,2023-08-16 17:57,嘉義市立棒球場,9,,FINISHED,NORMAL,富邦悍將二軍,qwBXl,樂天桃猿二軍,hIkqx,6,6,10,14,0,0,"3,0,0,0,0,1,2,0,0","2,0,2,0,0,0,1,1,0",TIE,
m7lgM,CPBLmi-2023-GP,2023,二軍,例行賽,2023-08-15,2023-08-15 14:04,2023-08-15 17:16,嘉義市立棒球場,9,,FINISHED,NORMAL,台鋼雄鷹,jnhaW,統一7-ELEVEn獅二軍,mcMYF,9,2,13,10,0,0,"5,3,0,0,0,0,0,1,0","0,0,0,1,0,0,1,0,0",HOME,1
aN1d3,CPBLmi-2023-GP,2023,二軍,例行賽,2023-08-13,2023-08-13 14:00,2023-08-13 17:17,斗六棒球場,9,,FINISHED,NORMAL,統一7-ELEVEn獅二軍,mcMYF,味全龍二軍,HQ8OK,2,9,4,14,0,0,"0,0,0,0,2,0,0,0,0","0,0,4,3,2,0,0,0,0",AWAY,0
AQDXy,CPBLmi-2023-GP,2023,二軍,例行賽,2023-08-12,2023-08-12 14:00,2023-08-12 17:10,嘉義縣棒球場,9,,FINISHED,NORMAL,中信兄弟二軍,NCavq,樂天桃猿二軍,hIkqx,1,4,6,8,0,0,"0,0,0,0,0,1,0,0,0","1,0,1,0,0,0,0,0,2",AWAY,0
HEnpN,CPBLmi-2023-GP,2023,二軍,例行賽,2023-08-12,2023-08-12 14:00,2023-08-12 15:20,嘉義市立棒球場,9,,FINISHED,NORMAL,富邦悍將二軍,qwBXl,味全龍二軍,HQ8OK,3,2,7,4,0,0,"0,1,0,0,0,0,1,1,0","0,0,0,0,2,0,0,0,0",HOME,1
icB1A,CPBLmi-2023-GP,2023,二軍,例行賽,2023-08-11,2023-08-11 14:02,2023-08-11 17:03,嘉義市立棒球場,9,,FINISHED,NORMAL,富邦悍將二軍,qwBXl,中信兄弟二軍,NCavq,3,4,8,7,0,0,"0,0,2,0,0,0,1,0,0","0,1,0,0,0,2,1,0,0",AWAY,0
JdGyE,CPBLmi-2023-GP,2023,二軍,例行賽,2023-08-11,2023-08-11 14:00,2023-08-11 17:59,嘉義縣棒球場,9,,FINISHED,NORMAL,台鋼雄鷹,jnhaW,樂天桃猿二軍,hIkqx,15,14,20,18,0,0,"0,0,4,1,2,1,6,1,0","1,0,2,0,5,3,0,1,2",HOME,1
44jOj,CPBLmi-2023-GP,2023,二軍,例行賽,2023-08-10,2023-08-10 14:00,2023-08-10 16:44,嘉義市立棒球場,9,,FINISHED,NORMAL,富邦悍將二軍,qwBXl,統一7-ELEVEn獅二軍,mcMYF,3,0,6,7,0,0,"1,0,1,0,0,1,0,0,0","0,0,0,0,0,0,0,0,0",HOME,1
fF6aK,CPBLmi-2023-GP,2023,二軍,例行賽,2023-08-10,2023-08-10 14:00,2023-08-10 17:25,斗六棒球場,9,,FINISHED,NORMAL,台鋼雄鷹,jnhaW,味全龍二軍,HQ8OK,4,3,8,8,0,0,"2,1,0,1,0,0,0,0,0","1,0,1,0,0,0,0,0,1",HOME,1
PkPqf,CPBLmi-2023-GP,2023,二軍,例行賽,2023-08-09,2023-08-09 14:10,2023-08-09 17:29,斗六棒球場,9,,FINISHED,NORMAL,中信兄弟二軍,NCavq,味全龍二軍,HQ8OK,2,3,7,11,0,0,"0,0,1,0,0,0,0,0,1","0,0,0,1,0,0,2,0,0",AWAY,0
rkm0O,CPBLmi-2023-GP,2023,二軍,例行賽,2023-08-09,2023-08-09 14:00,2023-08-09 17:39,嘉義縣棒球場,9,,FINISHED,NORMAL,樂天桃猿二軍,hIkqx,統一7-ELEVEn獅二軍,mcMYF,4,6,9,9,0,0,"0,0,0,0,1,3,0,0,0","0,0,0,0,4,0,0,1,1",AWAY,0
A2HmN,CPBLmi-2023-GP,2023,二軍,例行賽,2023-08-08,2023-08-08 14:00,2023-08-08 17:37,嘉義市立棒球場,9,,FINISHED,NORMAL,中信兄弟二軍,NCavq,台鋼雄鷹,jnhaW,3,11,8,13,0,0,"1,0,0,0,2,0,0,0,0","1,0,0,0,0,0,1,0,9",AWAY,0
e1WpH,CPBLmi-2023-GP,2023,二軍,例行賽,2023-08-08,2023-08-08 14:00,2023-08-08 17:10,嘉義縣棒球場,9,,FINISHED,NORMAL,樂天桃猿二軍,hIkqx,富邦悍將二軍,qwBXl,3,6,13,11,0,0,"0,0,0,1,0,1,0,0,1","0,0,3,0,3,0,0,0,0",AWAY,0
htuNz,CPBLmi-2023-GP,2023,二軍,例行賽,2023-08-06,2023-08-06 14:00,2023-08-06 17:26,嘉義市立棒球場,9,,FINISHED,NORMAL,台鋼雄鷹,jnhaW,富邦悍將二軍,qwBXl,7,6,16,11,0,0,"0,0,0,0,0,1,5,0,1","0,0,4,1,0,1,0,0,0",HOME,1
bVdCT,CPBLmi-2023-GP,2023,二軍,例行賽,2023-08-05,2023-08-05 14:00,2023-08-05 17:30,斗六棒球場,9,,FINISHED,NORMAL,味全龍二軍,HQ8OK,統一7-ELEVEn獅二軍,mcMYF,8,5,11,9,0,0,"7,0,0,0,0,0,1,0,0","0,1,2,0,0,0,0,0,2",HOME,1
KyRaM,CPBLmi-2023-GP,2023,二軍,例行賽,2023-08-05,2023-08-05 14:00,2023-08-05 16:29,嘉義市立棒球場,9,,FINISHED,NORMAL,中信兄弟二軍,NCavq,富邦悍將二軍,qwBXl,3,7,8,11,0,0,"0,0,0,0,0,2,1,0,0","1,0,0,4,0,0,0,1,1",AWAY,0
Gj5gW,CPBLmi-2023-GP,2023,二軍,例行賽,2023-08-04,2023-08-04 14:01,2023-08-04 17:42,嘉義縣棒球場,9,,FINISHED,NORMAL,樂天桃猿二軍,hIkqx,味全龍二軍,HQ8OK,5,10,10,13,0,0,"0,1,0,0,0,1,3,0,0","2,5,0,0,0,0,0,0,3",AWAY,0
UIrP5,CPBLmi-2023-GP,2023,二軍,例行賽,2023-08-03,2023-08-03 14:01,2023-08-03 16:50,嘉義縣棒球場,9,,FINISHED,NORMAL,樂天桃猿二軍,hIkqx,台鋼雄鷹,jnhaW,5,7,10,11,0,0,"4,0,0,0,0,0,1,0,0","1,0,2,1,0,1,1,1,0",AWAY,0
bdJN7,CPBLmi-2023-GP,2023,二軍,例行賽,2023-08-03,2023-08-03 14:00,2023-08-03 17:35,中國信託公益園區棒球場,9,,FINISHED,NORMAL,中信兄弟二軍,NCavq,富邦悍將二軍,qwBXl,6,10,11,13,0,0,"2,2,0,0,0,2,0,0,0","4,0,0,3,0,1,1,1,0",AWAY,0
ewzdj,CPBLmi-2023-GP,2023,二軍,例行賽,2023-08-02,2023-08-02 14:01,2023-08-02 16:55,斗六棒球場,9,,FINISHED,NORMAL,味全龍二軍,HQ8OK,富邦悍將二軍,qwBXl,6,1,11,6,0,0,"0,0,3,3,0,0,0,0,0","0,0,0,0,0,0,0,0,1",HOME,1
9815D,CPBLmi-2023-GP,2023,二軍,例行賽,2023-08-02,2023-08-02 14:04,2023-08-02 16:52,臺南市立棒球場,9,,FINISHED,NORMAL,統一7-ELEVEn獅二軍,mcMYF,台鋼雄鷹,jnhaW,8,1,9,4,0,0,"0,0,2,1,0,5,0,0,0","0,0,0,0,1,0,0,0,0",HOME,1
mwBjh,CPBLmi-2023-GP,2023,二軍,例行賽,2023-08-01,2023-08-01 14:01,2023-08-01 17:16,斗六棒球場,9,,FINISHED,NORMAL,味全龍二軍,HQ8OK,中信兄弟二軍,NCavq,5,5,8,11,0,0,"0,0,0,0,0,0,1,4,0","0,0,0,2,2,0,1,0,0",TIE,
Gz5FJ,CPBLmi-2023-GP,2023,二軍,例行賽,2023-08-01,2023-08-01 14:00,2023-08-01 17:06,臺南市立棒球場,9,,FINISHED,NORMAL,統一7-ELEVEn獅二軍,mcMYF,樂天桃猿二軍,hIkqx,3,1,11,7,0,0,"0,1,0,0,0,2,0,0,0","0,0,0,1,0,0,0,0,0",HOME,1
kBnmY,CPBLmi-2023-GP,2023,二軍,例行賽,2023-07-27,2023-07-27 14:01,2023-07-27 17:40,斗六棒球場,9,,FINISHED,NORMAL,味全龍二軍,HQ8OK,樂天桃猿二軍,hIkqx,11,9,16,13,0,0,"4,0,0,3,0,0,1,3","0,0,0,3,5,0,0,1,0",HOME,1
ontiy,CPBLmi-2023-GP,2023,二軍,例行賽,2023-07-26,2023-07-26 14:00,2023-07-26 17:43,嘉義市立棒球場,9,,FINISHED,NORMAL,富邦悍將二軍,qwBXl,樂天桃猿二軍,hIkqx,4,9,11,12,0,0,"0,0,1,1,0,2,0,0,0","0,0,0,0,1,4,4,0,0",AWAY,0
lhL6J,CPBLmi-2023-GP,2023,二軍,例行賽,2023-07-26,2023-07-26 14:01,2023-07-26 17:03,中國信託公益園區棒球場,9,,FINISHED,NORMAL,台鋼雄鷹,jnhaW,中信兄弟二軍,NCavq,2,1,8,4,0,0,"0,0,0,0,0,0,0,2,0","0,0,0,1,0,0,0,0,0",HOME,1
DLABU,CPBLmi-2023-GP,2023,二軍,例行賽,2023-07-25,2023-07-25 14:00,2023-07-25 17:17,嘉義市立棒球場,9,,FINISHED,NORMAL,富邦悍將二軍,qwBXl,味全龍二軍,HQ8OK,4,4,9,9,0,0,"0,0,1,2,0,0,1,0,0","0,0,0,0,0,0,1,0,3",TIE,
LlWZv,CPBLmi-2023-GP,2023,二軍,例行賽,2023-07-25,2023-07-25 14:00,2023-07-25 17:04,臺南市立棒球場,9,,FINISHED,NORMAL,台鋼雄鷹,jnhaW,統一7-ELEVEn獅二軍,mcMYF,4,5,11,11,0,0,"0,0,0,0,4,0,0,0,0","0,0,4,1,0,0,0,0,0",AWAY,0
6Uaq8,CPBLmi-2023-GP,2023,二軍,例行賽,2023-07-23,2023-07-23 14:00,2023-07-23 17:20,斗六棒球場,7,,FINISHED,NORMAL,味全龍二軍,HQ8OK,統一7-ELEVEn獅二軍,mcMYF,2,9,9,14,0,0,"1,0,0,1,0,0,0","6,0,0,2,0,1,0,0",AWAY,0
xUi5v,CPBLmi-2023-GP,2023,二軍,例行賽,2023-07-22,2023-07-22 14:00,2023-07-22 17:37,嘉義縣棒球場,9,,FINISHED,NORMAL,樂天桃猿二軍,hIkqx,中信兄弟二軍,NCavq,6,3,9,5,0,0,"1,0,1,1,1,1,0,1,0","1,0,2,0,0,0,0,0,0",HOME,1
6AQW2,CPBLmi-2023-GP,2023,二軍,例行賽,2023-07-22,2023-07-22 14:00,2023-07-22 17:24,斗六棒球場,9,,FINISHED,NORMAL,味全龍二軍,HQ8OK,富邦悍將二軍,qwBXl,6,5,15,10,0,0,"0,0,2,1,0,1,1,0,1","0,1,2,0,0,0,2,0,0",HOME,1
lhn4h,CPBLmi-2023-GP,2023,二軍,例行賽,2023-07-21,2023-07-21 14:00,2023-07-21 16:59,嘉義市立棒球場,9,,FINISHED,NORMAL,台鋼雄鷹,jnhaW,樂天桃猿二軍,hIkqx,7,3,17,8,0,0,"2,0,3,0,0,0,2,0,0","0,0,2,0,0,0,1,0,0",HOME,1
Y3wJZ,CPBLmi-2023-GP,2023,二軍,例行賽,2023-07-21,2023-07-21 14:01,2023-07-21 17:28,中國信託公益園區棒球場,9,,FINISHED,NORMAL,富邦悍將二軍,qwBXl,中信兄弟二軍,NCavq,2,8,5,15,0,0,"0,0,0,0,1,0,1,0,0","0,0,2,0,0,1,4,1,0",AWAY,0
iiXCf,CPBLmi-2023-GP,2023,二軍,例行賽,2023-07-20,2023-07-20 14:01,2023-07-20 15:45,斗六棒球場,5,,FINISHED,NORMAL,富邦悍將二軍,qwBXl,統一7-ELEVEn獅二軍,mcMYF,3,0,4,7,0,0,"0,1,2,0,0","0,0,0,0,0",HOME,1
8wkbS,CPBLmi-2023-GP,2023,二軍,例行賽,2023-07-19,2023-07-19 14:01,2023-07-19 17:10,嘉義縣棒球場,9,,FINISHED,NORMAL,樂天桃猿二軍,hIkqx,統一7-ELEVEn獅二軍,mcMYF,0,2,2,6,0,0,"0,0,0,0,0,0,0,0,0","2,0,0,0,0,0,0,0,0",AWAY,0
1oepR,CPBLmi-2023-GP,2023,二軍,例行賽,2023-07-18,2023-07-18 14:03,2023-07-18 16:46,嘉義縣棒球場,9,,FINISHED,NORMAL,樂天桃猿二軍,hIkqx,富邦悍將二軍,qwBXl,1,0,6,5,0,0,"1,0,0,0,0,0,0,0,0","0,0,0,0,0,0,0,0,0",HOME,1
Bq8Cx,CPBLmi-2023-GP,2023,二軍,例行賽,2023-07-18,2023-07-18 14:00,2023-07-18 16:53,中國信託公益園區棒球場,9,,FINISHED,NORMAL,中信兄弟二軍,NCavq,台鋼雄鷹,jnhaW,2,3,7,12,0,0,"2,0,0,0,0,0,0,0,0","0,1,0,0,0,0,1,0,1",AWAY,0
Mvpja,CPBLmi-2023-GP,2023,二軍,例行賽,2023-07-16,2023-07-16 14:00,2023-07-16 17:11,嘉義市立棒球場,9,,FINISHED,NORMAL,富邦悍將二軍,qwBXl,台鋼雄鷹,jnhaW,6,3,12,14,0,0,"0,0,3,0,0,3,0,0,0","0,0,0,0,0,0,1,2,0",HOME,1
Pm5ZF,CPBLmi-2023-GP,2023,二軍,例行賽,2023-07-15,2023-07-15 14:00,2023-07-15 17:00,斗六棒球場,9,,FINISHED,NORMAL,統一7-ELEVEn獅二軍,mcMYF,味全龍二軍,HQ8OK,5,1,7,6,0,0,"2,0,0,0,3,0,0,0,0","0,0,0,0,0,0,0,0,1",HOME,1
GoUT3,CPBLmi-2023-GP,2023,二軍,例行賽,2023-07-14,2023-07-14 14:00,2023-07-14 16:50,中國信託公益園區棒球場,9,,FINISHED,NORMAL,中信兄弟二軍,NCavq,統一7-ELEVEn獅二軍,mcMYF,5,3,7,8,0,0,"1,0,0,4,0,0,0,0,0","2,0,0,0,0,1,0,0,0",HOME,1
ejaEs,CPBLmi-2023-GP,2023,二軍,例行賽,2023-07-14,2023-07-14 14:00,2023-07-14 17:10,嘉義縣棒球場,9,,FINISHED,NORMAL,樂天桃猿二軍,hIkqx,味全龍二軍,HQ8OK,1,1,5,4,0,0,"0,0,0,0,0,0,0,0,1","0,0,0,0,0,0,0,1,0",TIE,
3mWu6,CPBLmi-2023-GP,2023,二軍,例行賽,2023-07-13,2023-07-13 14:00,2023-07-13 16:42,嘉義縣棒球場,9,,FINISHED,NORMAL,樂天桃猿二軍,hIkqx,台鋼雄鷹,jnhaW,4,2,8,7,0,0,"0,0,1,1,1,0,0,1,0","0,0,0,0,0,0,0,0,2",HOME,1
RaZ8G,CPBLmi-2023-GP,2023,二軍,例行賽,2023-07-11,2023-07-11 14:00,2023-07-11 16:52,嘉義縣棒球場,9,,FINISHED,NORMAL,統一7-ELEVEn獅二軍,mcMYF,樂天桃猿二軍,hIkqx,0,4,3,11,0,0,"0,0,0,0,0,0,0,0,0","3,0,1,0,0,0,0,0,0",AWAY,0
qnr4C,CPBLmi-2023-GP,2023,二軍,例行賽,2023-07-11,2023-07-11 14:01,2023-07-11 17:17,斗六棒球場,9,,FINISHED,NORMAL,味全龍二軍,HQ8OK,中信兄弟二軍,NCavq,1,9,2,14,0,0,"0,0,0,0,1,0,0,0,0","0,0,1,0,3,2,0,1,2",AWAY,0
foBBz,CPBLmi-2023-GP,2023,二軍,例行賽,2023-07-09,2023-07-09 14:00,2023-07-09 17:34,中國信託公益園區棒球場,9,,FINISHED,NORMAL,中信兄弟二軍,NCavq,富邦悍將二軍,qwBXl,4,9,8,15,0,0,"0,0,0,0,4,0,0,0,0","0,0,1,4,0,2,0,2,0",AWAY,0
6V914,CPBLmi-2023-GP,2023,二軍,例行賽,2023-07-08,2023-07-08 14:00,2023-07-08 16:47,嘉義市立棒球場,9,,FINISHED,NORMAL,台鋼雄鷹,jnhaW,統一7-ELEVEn獅二軍,mcMYF,3,2,8,3,0,0,"0,2,0,0,0,0,0,0,1","1,0,0,1,0,0,0,0,0",HOME,1
CW9U2,CPBLmi-2023-GP,2023,二軍,例行賽,2023-07-07,2023-07-07 14:01,2023-07-07 16:27,嘉義縣棒球場,9,,FINISHED,NORMAL,樂天桃猿二軍,hIkqx,台鋼雄鷹,jnhaW,4,1,8,7,0,0,"2,0,0,1,1,0,0,0,0","0,0,0,0,0,0,0,1,0",HOME,1
twEfT,CPBLmi-2023-GP,2023,二軍,例行賽,2023-07-07,2023-07-07 14:00,2023-07-07 17:36,斗六棒球場,9,,FINISHED,NORMAL,味全龍二軍,HQ8OK,統一7-ELEVEn獅二軍,mcMYF,3,13,9,14,0,0,"1,0,0,1,0,1,0,0,0","0,0,2,2,1,0,7,1,0",AWAY,0
gnmTZ,CPBLmi-2023-GP,2023,二軍,例行賽,2023-07-06,2023-07-06 14:01,2023-07-06 17:50,嘉義縣棒球場,9,,FINISHED,NORMAL,樂天桃猿二軍,hIkqx,中信兄弟二軍,NCavq,1,13,7,15,0,0,"0,0,0,0,0,0,1,0,0","1,1,0,0,5,0,1,2,3",AWAY,0
DFYHN,CPBLmi-2023-GP,2023,二軍,例行賽,2023-07-06,2023-07-06 14:00,2023-07-06 17:14,斗六棒球場,9,,FINISHED,NORMAL,味全龍二軍,HQ8OK,富邦悍將二軍,qwBXl,3,9,12,10,0,0,"0,0,0,0,0,0,0,2,1","2,2,1,0,0,4,0,0,0",AWAY,0
BPwvH,CPBLmi-2023-GP,2023,二軍,例行賽,2023-07-05,2023-07-05 14:00,2023-07-05 16:53,嘉義市立棒球場,9,,FINISHED,NORMAL,台鋼雄鷹,jnhaW,富邦悍將二軍,qwBXl,0,6,3,12,0,0,"0,0,0,0,0,0,0,0,0","0,0,3,2,1,0,0,0,0",AWAY,0
wCKdW,CPBLmi-2023-GP,2023,二軍,例行賽,2023-07-05,2023-07-05 14:01,2023-07-05 18:08,中國信託公益園區棒球場,9,,FINISHED,NORMAL,統一7-ELEVEn獅二軍,mcMYF,中信兄弟二軍,NCavq,5,18,10,18,0,0,"0,0,0,0,0,0,0,2,3","2,8,3,4,0,0,1,0,0",AWAY,0
ATS1k,CPBLmi-2023-GP,2023,二軍,例行賽,2023-07-04,2023-07-04 14:00,2023-07-04 16:51,嘉義市立棒球場,9,,FINISHED,NORMAL,台鋼雄鷹,jnhaW,味全龍二軍,HQ8OK,2,4,3,7,0,0,"0,0,0,0,0,2,0,0,0","0,0,0,0,1,0,0,2,1",AWAY,0
6Wiuf,CPBLmi-2023-GP,2023,二軍,例行賽,2023-07-04,2023-07-04 14:00,2023-07-04 17:09,嘉義縣棒球場,9,,FINISHED,NORMAL,統一7-ELEVEn獅二軍,mcMYF,樂天桃猿二軍,hIkqx,5,11,7,14,0,0,"2,0,2,0,0,0,0,1,0","3,0,1,1,0,0,3,3,0",AWAY,0
iALrY,CPBLmi-2023-GP,2023,二軍,例行賽,2023-07-02,2023-07-02 14:01,2023-07-02 17:24,斗六棒球場,9,,FINISHED,NORMAL,味全龍二軍,HQ8OK,樂天桃猿二軍,hIkqx,4,7,7,10,0,0,"0,2,0,1,0,0,0,1,0","1,0,2,4,0,0,0,0,0",AWAY,0
WHjtB,CPBLmi-2023-GP,2023,二軍,例行賽,2023-07-01,2023-07-01 14:00,2023-07-01 17:07,嘉義市立棒球場,9,,FINISHED,NORMAL,富邦悍將二軍,qwBXl,中信兄弟二軍,NCavq,4,0,6,2,0,0,"0,3,0,0,0,1,0,0,0","0,0,0,0,0,0,0,0,0",HOME,1
tyza9,CPBLmi-2023-GP,2023,二軍,例行賽,2023-06-30,2023-06-30 14:00,2023-06-30 17:02,澄清湖棒球場,9,,FINISHED,NORMAL,台鋼雄鷹,jnhaW,中信兄弟二軍,NCavq,6,1,12,6,0,0,"0,0,0,0,0,0,6,0,0","0,0,0,0,0,0,0,1,0",HOME,1
mHkkA,CPBLmi-2023-GP,2023,二軍,例行賽,2023-06-29,2023-06-29 14:00,2023-06-29 16:37,斗六棒球場,7,,FINISHED,NORMAL,統一7-ELEVEn獅二軍,mcMYF,味全龍二軍,HQ8OK,1,4,5,10,0,0,"0,1,0,0,0,0,0","0,1,0,0,1,0,2",AWAY,0
371ql,CPBLmi-2023-GP,2023,二軍,例行賽,2023-06-29,2023-06-29 14:00,2023-06-29 17:22,澄清湖棒球場,9,,FINISHED,NORMAL,台鋼雄鷹,jnhaW,樂天桃猿二軍,hIkqx,5,4,8,7,0,0,"2,0,3,0,0,0,0,0,0","2,0,0,1,1,0,0,0,0",HOME,1
7uS1g,CPBLmi-2023-GP,2023,二軍,例行賽,2023-06-28,2023-06-28 14:01,2023-06-28 17:20,嘉義市立棒球場,9,,FINISHED,NORMAL,富邦悍將二軍,qwBXl,樂天桃猿二軍,hIkqx,2,6,5,13,0,0,"0,0,0,0,0,0,0,0,2","2,0,1,0,2,0,0,0,1",AWAY,0
CFCWR,CPBLmi-2023-GP,2023,二軍,例行賽,2023-06-28,2023-06-28 14:01,2023-06-28 17:20,中國信託公益園區棒球場,9,,FINISHED,NORMAL,中信兄弟二軍,NCavq,味全龍二軍,HQ8OK,5,4,13,10,0,0,"2,0,1,0,1,0,1,0,0","1,1,0,0,0,0,2,0,0",HOME,1
I8Mq2,CPBLmi-2023-GP,2023,二軍,例行賽,2023-06-27,2023-06-27 14:00,2023-06-27 17:36,澄清湖棒球場,9,,FINISHED,NORMAL,富邦悍將二軍,qwBXl,台鋼雄鷹,jnhaW,5,13,7,17,0,0,"4,1,0,0,0,0,0,0,0","4,0,0,2,5,0,0,2,0",AWAY,0
LZX0o,CPBLmi-2023-GP,2023,二軍,例行賽,2023-06-27,2023-06-27 14:01,2023-06-27 17:01,中國信託公益園區棒球場,9,,FINISHED,NORMAL,中信兄弟二軍,NCavq,統一7-ELEVEn獅二軍,mcMYF,3,2,9,6,0,0,"0,1,0,0,0,0,0,0,2","1,0,0,0,0,1,0,0,0",HOME,1
NJ9rL,CPBLmi-2023-GP,2023,二軍,例行賽,2023-06-25,2023-06-25 14:00,2023-06-25 17:24,澄清湖棒球場,9,,FINISHED,NORMAL,台鋼雄鷹,jnhaW,統一7-ELEVEn獅二軍,mcMYF,8,6,14,13,0,0,"0,0,0,2,0,4,1,1,0","0,0,1,1,1,1,2,0,0",HOME,1
kTPZf,CPBLmi-2023-GP,2023,二軍,例行賽,2023-06-24,2023-06-24 14:01,2023-06-24 17:25,嘉義縣棒球場,9,,FINISHED,NORMAL,樂天桃猿二軍,hIkqx,味全龍二軍,HQ8OK,8,6,8,9,0,0,"0,0,1,2,0,0,0,5,0","0,0,0,4,1,0,0,1,0",HOME,1
qLbO2,CPBLmi-2023-GP,2023,二軍,例行賽,2023-06-23,2023-06-23 14:00,2023-06-23 17:21,嘉義縣棒球場,9,,FINISHED,NORMAL,中信兄弟二軍,NCavq,樂天桃猿二軍,hIkqx,5,3,5,12,0,0,"0,0,0,0,0,2,3,0,0","0,0,0,0,0,1,0,0,2",HOME,1
GTxUV,CPBLmi-2023-GP,2023,二軍,例行賽,2023-06-23,2023-06-23 14:01,2023-06-23 17:11,嘉義市立棒球場,9,,FINISHED,NORMAL,富邦悍將二軍,qwBXl,味全龍二軍,HQ8OK,4,5,10,10,0,0,"3,0,0,0,0,0,0,0,1","0,2,0,0,0,0,0,2,1",AWAY,0
4na5v,CPBLmi-2023-GP,2023,二軍,例行賽,2023-06-22,2023-06-22 14:00,2023-06-22 17:40,澄清湖棒球場,9,,FINISHED,NORMAL,中信兄弟二軍,NCavq,台鋼雄鷹,jnhaW,8,5,9,11,0,0,"2,0,0,1,1,0,4,0,0","0,0,1,1,0,0,0,0,3",HOME,1
v4XST,CPBLmi-2023-GP,2023,二軍,例行賽,2023-06-22,2023-06-22 14:00,2023-06-22 17:17,嘉義市立棒球場,9,,FINISHED,NORMAL,富邦悍將二軍,qwBXl,統一7-ELEVEn獅二軍,mcMYF,0,7,4,13,0,0,"0,0,0,0,0,0,0,0,0","0,0,1,2,0,1,3,0,0",AWAY,0
0MIqw,CPBLmi-2023-GP,2023,二軍,例行賽,2023-06-21,2023-06-21 14:00,2023-06-21 17:14,嘉義縣棒球場,9,,FINISHED,NORMAL,樂天桃猿二軍,hIkqx,統一7-ELEVEn獅二軍,mcMYF,0,8,3,8,0,0,"0,0,0,0,0,0,0,0,0","0,0,0,1,4,1,1,1,0",AWAY,0
vof3b,CPBLmi-2023-GP,2023,二軍,例行賽,2023-06-21,2023-06-21 14:00,2023-06-21 17:42,斗六棒球場,9,,FINISHED,NORMAL,味全龍二軍,HQ8OK,台鋼雄鷹,jnhaW,6,4,16,8,0,0,"0,2,1,0,0,0,3,0,0","2,0,0,0,0,1,1,0,0",HOME,1
hdusO,CPBLmi-2023-GP,2023,二軍,例行賽,2023-06-20,2023-06-20 14:00,2023-06-20 17:06,嘉義縣棒球場,9,,FINISHED,NORMAL,樂天桃猿二軍,hIkqx,富邦悍將二軍,qwBXl,1,5,1,7,0,0,"1,0,0,0,0,0,0,0,0","0,0,1,0,0,0,1,0,3",AWAY,0
XEJUG,CPBLmi-2023-GP,2023,二軍,例行賽,2023-06-20,2023-06-20 14:01,2023-06-20 17:13,斗六棒球場,9,,FINISHED,NORMAL,味全龍二軍,HQ8OK,中信兄弟二軍,NCavq,3,4,8,8,0,0,"0,0,0,0,0,1,2,0,0","0,0,1,0,2,0,0,0,1",AWAY,0
DAq2S,CPBLmi-2023-GP,2023,二軍,例行賽,2023-06-04,2023-06-04 14:00,2023-06-04 17:09,嘉義市立棒球場,9,,FINISHED,NORMAL,富邦悍將二軍,qwBXl,中信兄弟二軍,NCavq,1,3,6,4,0,0,"0,0,0,0,0,1,0,0,0","0,0,0,1,0,0,2,0,0",AWAY,0
LVEBh,CPBLmi-2023-GP,2023,二軍,例行賽,2023-06-03,2023-06-03 14:00,2023-06-03 16:59,嘉義市立棒球場,9,,FINISHED,NORMAL,統一7-ELEVEn獅二軍,mcMYF,台鋼雄鷹,jnhaW,9,1,6,4,0,0,"0,0,4,0,0,5,0,0,0","0,0,0,0,0,1,0,0,0",HOME,1
aqUyT,CPBLmi-2023-GP,2023,二軍,例行賽,2023-06-02,2023-06-02 14:00,2023-06-02 17:14,斗六棒球場,9,,FINISHED,NORMAL,味全龍二軍,HQ8OK,統一7-ELEVEn獅二軍,mcMYF,4,4,13,9,0,0,"0,1,0,0,3,0,0,0,0","0,0,0,1,0,0,0,3,0",TIE,
GWDKm,CPBLmi-2023-GP,2023,二軍,例行賽,2023-06-02,2023-06-02 14:00,2023-06-02 16:40,嘉義縣棒球場,9,,FINISHED,NORMAL,樂天桃猿二軍,hIkqx,台鋼雄鷹,jnhaW,2,2,3,4,0,0,"0,0,0,1,0,0,0,0,1","0,0,0,0,0,0,0,0,2",TIE,
DyRg7,CPBLmi-2023-GP,2023,二軍,例行賽,2023-06-01,2023-06-01 14:00,2023-06-01 17:06,斗六棒球場,9,,FINISHED,NORMAL,味全龍二軍,HQ8OK,富邦悍將二軍,qwBXl,5,2,10,7,0,0,"0,0,1,1,3,0,0,0,0","0,0,0,1,0,0,0,0,1",HOME,1
omF98,CPBLmi-2023-GP,2023,二軍,例行賽,2023-06-01,2023-06-01 14:00,2023-06-01 17:25,嘉義縣棒球場,9,,FINISHED,NORMAL,樂天桃猿二軍,hIkqx,中信兄弟二軍,NCavq,6,4,10,8,0,0,"1,2,0,2,1,0,0,0,0","2,0,0,0,0,0,0,1,1",HOME,1
J9suR,CPBLmi-2023-GP,2023,二軍,例行賽,2023-05-31,2023-05-31 14:01,2023-05-31 17:22,嘉義市立棒球場,9,,FINISHED,NORMAL,台鋼雄鷹,jnhaW,富邦悍將二軍,qwBXl,4,9,10,13,0,0,"1,0,0,1,1,0,1,0,0","0,1,1,5,1,0,1,0,0",AWAY,0
GNVf5,CPBLmi-2023-GP,2023,二軍,例行賽,2023-05-30,2023-05-30 14:00,2023-05-30 17:33,嘉義縣棒球場,9,,FINISHED,NORMAL,統一7-ELEVEn獅二軍,mcMYF,樂天桃猿二軍,hIkqx,3,6,6,10,0,0,"0,0,1,0,0,1,1,0,0","1,0,1,0,0,2,1,1,0",AWAY,0
oQgMP,CPBLmi-2023-GP,2023,二軍,例行賽,2023-05-30,2023-05-30 14:00,2023-05-30 16:53,嘉義市立棒球場,9,,FINISHED,NORMAL,台鋼雄鷹,jnhaW,味全龍二軍,HQ8OK,3,4,5,5,0,0,"0,0,0,0,0,1,1,0,1","0,0,1,0,0,0,0,3,0",AWAY,0
yqtWu,CPBLmi-2023-GP,2023,二軍,例行賽,2023-05-28,2023-05-28 14:00,2023-05-28 16:52,嘉義縣棒球場,9,,FINISHED,NORMAL,樂天桃猿二軍,hIkqx,味全龍二軍,HQ8OK,1,4,4,8,0,0,"0,0,0,0,0,1,0,0,0","0,1,0,1,1,0,0,1,0",AWAY,0
7oa7k,CPBLmi-2023-GP,2023,二軍,例行賽,2023-05-27,2023-05-27 14:01,2023-05-27 18:04,中國信託公益園區棒球場,9,,FINISHED,NORMAL,中信兄弟二軍,NCavq,富邦悍將二軍,qwBXl,3,12,11,16,0,0,"0,0,0,1,0,2,0,0,0","0,0,0,0,7,0,0,2,3",AWAY,0
ndQpV,CPBLmi-2023-GP,2023,二軍,例行賽,2023-05-26,2023-05-26 14:00,2023-05-26 17:29,嘉義市立棒球場,9,,FINISHED,NORMAL,台鋼雄鷹,jnhaW,中信兄弟二軍,NCavq,3,10,7,12,0,0,"0,1,0,2,0,0,0,0,0","0,1,0,0,7,2,0,0,0",AWAY,0
hMeOH,CPBLmi-2023-GP,2023,二軍,例行賽,2023-05-26,2023-05-26 14:01,2023-05-26 18:00,臺南市立棒球場,9,,FINISHED,NORMAL,統一7-ELEVEn獅二軍,mcMYF,富邦悍將二軍,qwBXl,4,7,7,12,0,0,"0,0,1,0,0,2,0,1,0","2,0,2,0,0,0,2,0,1",AWAY,0
I1FRd,CPBLmi-2023-GP,2023,二軍,例行賽,2023-05-25,2023-05-25 14:00,2023-05-25 17:43,嘉義市立棒球場,9,,FINISHED,NORMAL,台鋼雄鷹,jnhaW,樂天桃猿二軍,hIkqx,8,6,14,11,0,0,"0,0,1,0,2,2,2,1,0","0,0,1,0,0,1,1,0,3",HOME,1
G8CMn,CPBLmi-2023-GP,2023,二軍,例行賽,2023-05-25,2023-05-25 14:01,2023-05-25 16:55,臺南市立棒球場,9,,FINISHED,NORMAL,統一7-ELEVEn獅二軍,mcMYF,味全龍二軍,HQ8OK,10,4,16,10,0,0,"3,0,2,3,0,0,2,0,0","0,2,0,0,1,1,0,0,0",HOME,1
MtI7t,CPBLmi-2023-GP,2023,二軍,例行賽,2023-05-24,2023-05-24 14:01,2023-05-24 17:27,中國信託公益園區棒球場,9,,FINISHED,NORMAL,中信兄弟二軍,NCavq,味全龍二軍,HQ8OK,6,8,12,13,0,0,"3,0,3,0,0,0,0,0","0,0,1,3,0,0,0,3,1",AWAY,0
VQxnl,CPBLmi-2023-GP,2023,二軍,例行賽,2023-05-24,2023-05-24 14:00,2023-05-24 17:12,嘉義市立棒球場,9,,FINISHED,NORMAL,富邦悍將二軍,qwBXl,樂天桃猿二軍,hIkqx,7,5,10,8,0,0,"2,0,1,0,3,1,0,0,0","2,0,0,0,2,0,0,0,1",HOME,1
2xCbK,CPBLmi-2023-GP,2023,二軍,例行賽,2023-05-23,2023-05-23 14:01,2023-05-23 17:40,嘉義市立棒球場,8,,FINISHED,NORMAL,富邦悍將二軍,qwBXl,台鋼雄鷹,jnhaW,4,7,7,13,0,0,"1,0,2,0,1,0,0,0","0,2,1,0,3,0,0,1,0",AWAY,0
8QnZO,CPBLmi-2023-GP,2023,二軍,例行賽,2023-05-21,2023-05-21 14:00,2023-05-21 17:31,臺南市立棒球場,9,,FINISHED,NORMAL,統一7-ELEVEn獅二軍,mcMYF,台鋼雄鷹,jnhaW,6,3,9,11,0,0,"1,0,0,0,1,3,0,1,0","0,0,0,2,0,0,1,0,0",HOME,1
riOq6,CPBLmi-2023-GP,2023,二軍,例行賽,2023-05-20,2023-05-20 14:01,2023-05-20 16:56,斗六棒球場,9,,FINISHED,NORMAL,味全龍二軍,HQ8OK,樂天桃猿二軍,hIkqx,7,6,11,8,0,0,"0,0,0,3,0,2,0,0,2","0,0,2,1,0,0,3,0,0",HOME,1
xfIlv,CPBLmi-2023-GP,2023,二軍,例行賽,2023-05-19,2023-05-19 14:01,2023-05-19 16:29,中國信託公益園區棒球場,9,,FINISHED,NORMAL,中信兄弟二軍,NCavq,樂天桃猿二軍,hIkqx,4,0,9,4,0,0,"0,1,0,1,0,0,0,2,0","0,0,0,0,0,0,0,0,0",HOME,1
UmajQ,CPBLmi-2023-GP,2023,二軍,例行賽,2023-05-18,2023-05-18 14:00,2023-05-18 17:32,嘉義市立棒球場,9,,FINISHED,NORMAL,富邦悍將二軍,qwBXl,統一7-ELEVEn獅二軍,mcMYF,4,7,10,14,0,0,"0,0,0,0,1,0,0,2,1","4,0,0,1,0,0,0,0,2",AWAY,0
2fpwO,CPBLmi-2023-GP,2023,二軍,例行賽,2023-05-18,2023-05-18 14:00,2023-05-18 17:02,中國信託公益園區棒球場,9,,FINISHED,NORMAL,中信兄弟二軍,NCavq,台鋼雄鷹,jnhaW,6,4,7,6,0,0,"0,0,0,0,3,2,0,1,0","0,0,0,0,0,2,0,2,0",HOME,1
7e4yx,CPBLmi-2023-GP,2023,二軍,例行賽,2023-05-17,2023-05-17 14:01,2023-05-17 17:37,斗六棒球場,9,,FINISHED,NORMAL,味全龍二軍,HQ8OK,台鋼雄鷹,jnhaW,7,5,13,13,0,0,"0,0,0,5,0,2,0,0,0","0,0,3,0,0,0,0,0,2",HOME,1
KQQse,CPBLmi-2023-GP,2023,二軍,例行賽,2023-05-17,2023-05-17 14:00,2023-05-17 16:20,嘉義縣棒球場,9,,FINISHED,NORMAL,樂天桃猿二軍,hIkqx,統一7-ELEVEn獅二軍,mcMYF,2,1,6,4,0,0,"1,0,0,0,0,1,0,0,0","0,0,0,1,0,0,0,0,0",HOME,1
DxpEJ,CPBLmi-2023-GP,2023,二軍,例行賽,2023-05-16,2023-05-16 14:00,2023-05-16 16:48,斗六棒球場,9,,FINISHED,NORMAL,味全龍二軍,HQ8OK,中信兄弟二軍,NCavq,6,0,7,4,0,0,"4,0,1,0,1,0,0,0,0","0,0,0,0,0,0,0,0,0",HOME,1
5CEaQ,CPBLmi-2023-GP,2023,二軍,例行賽,2023-05-16,2023-05-16 14:00,2023-05-16 17:16,嘉義縣棒球場,9,,FINISHED,NORMAL,樂天桃猿二軍,hIkqx,富邦悍將二軍,qwBXl,8,7,11,11,0,0,"3,0,5,0,0,0,0,0,0","0,0,0,2,0,0,0,4,1",HOME,1
Zr0eN,CPBLmi-2023-GP,2023,二軍,例行賽,2023-05-14,2023-05-14 14:00,2023-05-14 17:09,嘉義市立棒球場,9,,FINISHED,NORMAL,台鋼雄鷹,jnhaW,中信兄弟二軍,NCavq,4,3,7,8,0,0,"0,0,0,3,0,0,0,1,0","0,0,0,0,0,3,0,0,0",HOME,1
alIbB,CPBLmi-2023-GP,2023,二軍,例行賽,2023-05-13,2023-05-13 14:00,2023-05-13 16:42,嘉義縣棒球場,9,,FINISHED,NORMAL,統一7-ELEVEn獅二軍,mcMYF,樂天桃猿二軍,hIkqx,2,4,3,9,0,0,"0,0,0,0,1,0,0,1,0","0,1,2,0,1,0,0,0,0",AWAY,0
dJZ4a,CPBLmi-2023-GP,2023,二軍,例行賽,2023-05-13,2023-05-13 14:00,2023-05-13 17:03,嘉義市立棒球場,9,,FINISHED,NORMAL,富邦悍將二軍,qwBXl,台鋼雄鷹,jnhaW,11,1,12,6,0,0,"6,0,0,1,0,4,0,0,0","0,0,0,0,0,0,1,0,0",HOME,1
4Zriu,CPBLmi-2023-GP,2023,二軍,例行賽,2023-05-12,2023-05-12 14:00,2023-05-12 16:56,嘉義市立棒球場,9,,FINISHED,NORMAL,富邦悍將二軍,qwBXl,統一7-ELEVEn獅二軍,mcMYF,1,3,6,11,0,0,"0,1,0,0,0,0,0,0,0","0,1,0,0,1,0,1,0,0",AWAY,0
BCTV5,CPBLmi-2023-GP,2023,二軍,例行賽,2023-05-12,2023-05-12 14:01,2023-05-12 17:06,斗六棒球場,9,,FINISHED,NORMAL,味全龍二軍,HQ8OK,樂天桃猿二軍,hIkqx,1,6,4,12,0,0,"0,0,0,1,0,0,0,0,0","2,0,0,0,0,0,0,1,3",AWAY,0
JhE1k,CPBLmi-2023-GP,2023,二軍,例行賽,2023-05-11,2023-05-11 14:00,2023-05-11 16:51,嘉義市立棒球場,9,,FINISHED,NORMAL,富邦悍將二軍,qwBXl,台鋼雄鷹,jnhaW,9,2,10,7,0,0,"0,2,4,1,0,2,0,0,0","0,0,0,0,2,0,0,0,0",HOME,1
Kg1Zt,CPBLmi-2023-GP,2023,二軍,例行賽,2023-05-11,2023-05-11 14:01,2023-05-11 16:38,斗六棒球場,9,,FINISHED,NORMAL,味全龍二軍,HQ8OK,中信兄弟二軍,NCavq,3,0,4,4,0,0,"0,0,1,0,0,0,0,2,0","0,0,0,0,0,0,0,0,0",HOME,1
WYObe,CPBLmi-2023-GP,2023,二軍,例行賽,2023-05-10,2023-05-10 14:02,2023-05-10 16:52,臺南市立棒球場,9,,FINISHED,NORMAL,統一7-ELEVEn獅二軍,mcMYF,中信兄弟二軍,NCavq,2,8,5,13,0,0,"0,0,2,0,0,0,0,0,0","0,0,0,2,1,2,2,0,1",AWAY,0
rFkBR,CPBLmi-2023-GP,2023,二軍,例行賽,2023-05-10,2023-05-10 14:00,2023-05-10 17:35,嘉義縣棒球場,9,,FINISHED,NORMAL,樂天桃猿二軍,hIkqx,台鋼雄鷹,jnhaW,8,10,12,9,0,0,"2,2,1,0,3,0,0,0,0","0,0,0,0,4,0,0,6,0",AWAY,0
k1oLZ,CPBLmi-2023-GP,2023,二軍,例行賽,2023-05-09,2023-05-09 14:00,2023-05-09 17:54,臺南市立棒球場,9,,FINISHED,NORMAL,統一7-ELEVEn獅二軍,mcMYF,味全龍二軍,HQ8OK,8,11,4,12,0,0,"0,0,0,0,0,0,0,3,5","0,0,2,0,1,5,0,1,2",AWAY,0
CxpBO,CPBLmi-2023-GP,2023,二軍,例行賽,2023-05-09,2023-05-09 14:00,2023-05-09 16:35,嘉義縣棒球場,9,,FINISHED,NORMAL,樂天桃猿二軍,hIkqx,富邦悍將二軍,qwBXl,3,1,8,5,0,0,"3,0,0,0,0,0,0,0,0","0,0,0,0,0,1,0,0,0",HOME,1
Trw7K,CPBLmi-2023-GP,2023,二軍,例行賽,2023-05-06,2023-05-06 14:00,2023-05-06 16:25,中國信託公益園區棒球場,9,,FINISHED,NORMAL,中信兄弟二軍,NCavq,台鋼雄鷹,jnhaW,5,0,8,6,0,0,"2,0,0,2,0,0,1,0,0","0,0,0,0,0,0,0,0,0",HOME,1
EEYfR,CPBLmi-2023-GP,2023,二軍,例行賽,2023-05-05,2023-05-05 14:00,2023-05-05 16:36,嘉義縣棒球場,9,,FINISHED,NORMAL,樂天桃猿二軍,hIkqx,中信兄弟二軍,NCavq,7,2,8,6,0,0,"0,0,4,0,0,0,3,0,0","1,0,0,0,0,1,0,0,0",HOME,1
GB8Cn,CPBLmi-2023-GP,2023,二軍,例行賽,2023-05-05,2023-05-05 14:00,2023-05-05 17:24,臺南市立棒球場,9,,FINISHED,NORMAL,統一7-ELEVEn獅二軍,mcMYF,台鋼雄鷹,jnhaW,11,7,13,9,0,0,"1,3,0,0,3,4,0,0,0","0,3,1,0,0,0,0,0,3",HOME,1
hRecV,CPBLmi-2023-GP,2023,二軍,例行賽,2023-05-04,2023-05-04 14:01,2023-05-04 17:33,嘉義縣棒球場,9,,FINISHED,NORMAL,樂天桃猿二軍,hIkqx,味全龍二軍,HQ8OK,4,11,9,17,0,0,"1,0,1,0,1,0,0,1,0","0,3,4,2,0,1,1,0,0",AWAY,0
CfZBu,CPBLmi-2023-GP,2023,二軍,例行賽,2023-05-04,2023-05-04 14:01,2023-05-04 17:27,臺南市立棒球場,9,,FINISHED,NORMAL,統一7-ELEVEn獅二軍,mcMYF,富邦悍將二軍,qwBXl,2,2,4,4,0,0,"0,0,0,0,0,2,0,0,0","0,0,0,1,0,0,0,1,0",TIE,
ajpOJ,CPBLmi-2023-GP,2023,二軍,例行賽,2023-05-03,2023-05-03 14:01,2023-05-03 16:50,中國信託公益園區棒球場,9,,FINISHED,NORMAL,中信兄弟二軍,NCavq,富邦悍將二軍,qwBXl,4,5,8,9,0,0,"0,0,0,0,2,1,0,1,0","2,1,0,0,0,1,0,0,1",AWAY,0
BMfRd,CPBLmi-2023-GP,2023,二軍,例行賽,2023-05-03,2023-05-03 14:00,2023-05-03 16:54,斗六棒球場,9,,FINISHED,NORMAL,台鋼雄鷹,jnhaW,味全龍二軍,HQ8OK,0,2,2,8,0,0,"0,0,0,0,0,0,0,0,0","0,0,0,0,1,0,0,1,0",AWAY,0
shJeu,CPBLmi-2023-GP,2023,二軍,例行賽,2023-05-02,2023-05-02 14:01,2023-05-02 16:51,中國信託公益園區棒球場,9,,FINISHED,NORMAL,中信兄弟二軍,NCavq,統一7-ELEVEn獅二軍,mcMYF,0,8,5,13,0,0,"0,0,0,0,0,0,0,0,0","3,0,5,0,0,0,0,0,0",AWAY,0
zI7Wm,CPBLmi-2023-GP,2023,二軍,例行賽,2023-05-02,2023-05-02 14:00,2023-05-02 17:14,嘉義縣棒球場,9,,FINISHED,NORMAL,台鋼雄鷹,jnhaW,樂天桃猿二軍,hIkqx,5,4,9,8,0,0,"0,1,0,1,3,0,0,0,0","1,0,0,0,2,1,0,0,0",HOME,1
LROOx,CPBLmi-2023-GP,2023,二軍,例行賽,2023-04-30,2023-04-30 14:01,2023-04-30 17:40,臺南市立棒球場,9,,FINISHED,NORMAL,統一7-ELEVEn獅二軍,mcMYF,樂天桃猿二軍,hIkqx,5,14,7,12,0,0,"3,0,0,0,0,1,0,1,0","0,1,0,3,4,3,0,0,3",AWAY,0
Ih0R1,CPBLmi-2023-GP,2023,二軍,例行賽,2023-04-29,2023-04-29 14:00,2023-04-29 16:21,嘉義市立棒球場,9,,FINISHED,NORMAL,富邦悍將二軍,qwBXl,味全龍二軍,HQ8OK,3,0,3,5,0,0,"3,0,0,0,0,0,0,0,0","0,0,0,0,0,0,0,0,0",HOME,1
HNZDm,CPBLmi-2023-GP,2023,二軍,例行賽,2023-04-28,2023-04-28 14:00,2023-04-28 16:16,嘉義市立棒球場,9,,FINISHED,NORMAL,台鋼雄鷹,jnhaW,富邦悍將二軍,qwBXl,0,2,3,6,0,0,"0,0,0,0,0,0,0,0,0","1,0,0,0,0,1,0,0,0",AWAY,0
DsSRY,CPBLmi-2023-GP,2023,二軍,例行賽,2023-04-28,2023-04-28 14:01,2023-04-28 18:04,中國信託公益園區棒球場,9,,FINISHED,NORMAL,中信兄弟二軍,NCavq,味全龍二軍,HQ8OK,7,8,10,14,0,0,"0,0,0,6,0,0,0,0,1","1,0,0,2,4,0,0,0,1",AWAY,0
srNMg,CPBLmi-2023-GP,2023,二軍,例行賽,2023-04-27,2023-04-27 14:01,2023-04-27 17:17,臺南市立棒球場,9,,FINISHED,NORMAL,台鋼雄鷹,jnhaW,統一7-ELEVEn獅二軍,mcMYF,3,3,6,11,0,0,"0,0,0,0,3,0,0,0,0","1,0,0,0,0,0,0,0,2",TIE,
GT4ye,CPBLmi-2023-GP,2023,二軍,例行賽,2023-04-27,2023-04-27 14:01,2023-04-27 17:33,中國信託公益園區棒球場,9,,FINISHED,NORMAL,中信兄弟二軍,NCavq,樂天桃猿二軍,hIkqx,6,7,12,9,0,0,"0,0,1,0,5,0,0,0,0","2,0,0,0,0,2,0,2,1",AWAY,0
1MBOE,CPBLmi-2023-GP,2023,二軍,例行賽,2023-04-26,2023-04-26 14:00,2023-04-26 17:20,嘉義市立棒球場,9,,FINISHED,NORMAL,富邦悍將二軍,qwBXl,樂天桃猿二軍,hIkqx,4,3,8,11,0,0,"0,0,0,1,0,0,1,0,2","0,0,0,2,0,0,1,0,0",HOME,1
WPvhR,CPBLmi-2023-GP,2023,二軍,例行賽,2023-04-26,2023-04-26 14:00,2023-04-26 16:31,臺南市立棒球場,9,,FINISHED,NORMAL,味全龍二軍,HQ8OK,統一7-ELEVEn獅二軍,mcMYF,0,4,5,6,0,0,"0,0,0,0,0,0,0,0,0","0,2,1,0,0,1,0,0,0",AWAY,0
5Kn5b,CPBLmi-2023-GP,2023,二軍,例行賽,2023-04-25,2023-04-25 14:00,2023-04-25 17:16,嘉義市立棒球場,9,,FINISHED,NORMAL,富邦悍將二軍,qwBXl,中信兄弟二軍,NCavq,3,2,6,10,0,0,"1,0,0,0,0,0,0,2,0","2,0,0,0,0,0,0,0,0",HOME,1
m2rZD,CPBLmi-2023-GP,2023,二軍,例行賽,2023-04-25,2023-04-25 14:00,2023-04-25 16:47,臺南市立棒球場,9,,FINISHED,NORMAL,味全龍二軍,HQ8OK,台鋼雄鷹,jnhaW,4,3,11,9,0,0,"2,0,2,0,0,0,0,0,0","0,0,0,1,0,0,0,0,2",HOME,1
EJHlA,CPBLmi-2023-GP,2023,二軍,例行賽,2023-04-23,2023-04-23 14:00,2023-04-23 16:56,中國信託公益園區棒球場,8,,FINISHED,NORMAL,中信兄弟二軍,NCavq,台鋼雄鷹,jnhaW,2,2,9,9,0,0,"2,0,0,0,0,0,0,0","0,1,1,0,0,0,0,0",TIE,
N0NJN,CPBLmi-2023-GP,2023,二軍,例行賽,2023-04-22,2023-04-22 14:00,2023-04-22 16:58,嘉義縣棒球場,9,,FINISHED,NORMAL,樂天桃猿二軍,hIkqx,統一7-ELEVEn獅二軍,mcMYF,2,3,5,8,0,0,"0,0,0,0,0,0,0,0,2","1,0,0,0,1,0,0,1,0",AWAY,0
YTeh0,CPBLmi-2023-GP,2023,二軍,例行賽,2023-04-21,2023-04-21 14:01,2023-04-21 16:56,斗六棒球場,9,,FINISHED,NORMAL,味全龍二軍,HQ8OK,樂天桃猿二軍,hIkqx,3,3,6,6,0,0,"0,0,1,0,0,0,0,2,0","0,0,0,0,2,0,1,0,0",TIE,
qFxiT,CPBLmi-2023-GP,2023,二軍,例行賽,2023-04-21,2023-04-21 14:00,2023-04-21 17:14,嘉義市立棒球場,9,,FINISHED,NORMAL,富邦悍將二軍,qwBXl,統一7-ELEVEn獅二軍,mcMYF,5,4,9,5,0,0,"1,0,0,0,0,2,1,0,1","0,0,0,0,2,0,0,0,2",HOME,1
ofvlF,CPBLmi-2023-GP,2023,二軍,例行賽,2023-04-19,2023-04-19 14:00,2023-04-19 16:00,嘉義縣棒球場,6,,FINISHED,NORMAL,樂天桃猿二軍,hIkqx,台鋼雄鷹,jnhaW,3,3,6,3,0,0,"0,3,0,0,0,0","0,1,2,0,0,0,0",TIE,
D0AnW,CPBLmi-2023-GP,2023,二軍,例行賽,2023-04-19,2023-04-19 14:00,2023-04-19 16:48,臺南市立棒球場,7,,FINISHED,NORMAL,統一7-ELEVEn獅二軍,mcMYF,中信兄弟二軍,NCavq,0,10,4,12,0,0,"0,0,0,0,0,0","0,0,1,8,1,0,0",AWAY,0
tBHP5,CPBLmi-2023-GP,2023,二軍,例行賽,2023-04-18,2023-04-18 14:01,2023-04-18 16:57,嘉義縣棒球場,9,,FINISHED,NORMAL,樂天桃猿二軍,hIkqx,富邦悍將二軍,qwBXl,6,2,14,10,0,0,"3,0,1,0,0,2,0,0,0","1,0,0,0,1,0,0,0,0",HOME,1
M3bJl,CPBLmi-2023-GP,2023,二軍,例行賽,2023-04-18,2023-04-18 14:00,2023-04-18 17:03,臺南市立棒球場,9,,FINISHED,NORMAL,統一7-ELEVEn獅二軍,mcMYF,味全龍二軍,HQ8OK,0,5,2,7,0,0,"0,0,0,0,0,0,0,0,0","0,0,0,0,0,0,0,5,0",AWAY,0
BdUXD,CPBLmi-2023-GP,2023,二軍,例行賽,2023-04-16,2023-04-16 14:01,2023-04-16 17:43,嘉義市立棒球場,9,,FINISHED,NORMAL,富邦悍將二軍,qwBXl,味全龍二軍,HQ8OK,5,7,11,10,0,0,"2,0,0,0,2,0,0,1,0","1,2,3,1,0,0,0,0,0",AWAY,0
5th33,CPBLmi-2023-GP,2023,二軍,例行賽,2023-04-15,2023-04-15 14:00,2023-04-15 17:21,中國信託公益園區棒球場,9,,FINISHED,NORMAL,台鋼雄鷹,jnhaW,中信兄弟二軍,NCavq,12,3,16,6,0,0,"0,3,1,0,1,0,1,6,0","0,0,3,0,0,0,0,0,0",HOME,1
CmeFr,CPBLmi-2023-GP,2023,二軍,例行賽,2023-04-14,2023-04-14 14:01,2023-04-14 16:27,臺南市立棒球場,9,,FINISHED,NORMAL,統一7-ELEVEn獅二軍,mcMYF,台鋼雄鷹,jnhaW,0,2,2,4,0,0,"0,0,0,0,0,0,0,0,0","0,0,0,0,2,0,0,0,0",AWAY,0
W2ZgN,CPBLmi-2023-GP,2023,二軍,例行賽,2023-04-14,2023-04-14 14:00,2023-04-14 18:03,嘉義縣棒球場,9,,FINISHED,NORMAL,樂天桃猿二軍,hIkqx,中信兄弟二軍,NCavq,11,10,15,13,0,0,"0,1,0,0,3,5,0,2,0","3,0,0,0,5,0,2,0,0",HOME,1
yFkXK,CPBLmi-2023-GP,2023,二軍,例行賽,2023-04-13,2023-04-13 14:01,2023-04-13 18:11,臺南市立棒球場,9,,FINISHED,NORMAL,統一7-ELEVEn獅二軍,mcMYF,富邦悍將二軍,qwBXl,5,5,11,7,0,0,"0,0,0,0,2,1,1,1,0","0,0,0,0,0,1,4,0,0",TIE,
dOFrL,CPBLmi-2023-GP,2023,二軍,例行賽,2023-04-13,2023-04-13 14:00,2023-04-13 17:43,嘉義縣棒球場,9,,FINISHED,NORMAL,樂天桃猿二軍,hIkqx,味全龍二軍,HQ8OK,0,14,3,19,0,0,"0,0,0,0,0,0,0,0,0","4,0,1,0,1,0,0,3,5",AWAY,0
p3koc,CPBLmi-2023-GP,2023,二軍,例行賽,2023-04-12,2023-04-12 14:00,2023-04-12 17:13,嘉義市立棒球場,9,,FINISHED,NORMAL,台鋼雄鷹,jnhaW,味全龍二軍,HQ8OK,6,8,9,12,0,0,"0,2,0,0,0,0,0,0,4","0,0,0,0,1,1,2,2,2",AWAY,0
xgA95,CPBLmi-2023-GP,2023,二軍,例行賽,2023-04-12,2023-04-12 14:01,2023-04-12 17:10,中國信託公益園區棒球場,9,,FINISHED,NORMAL,中信兄弟二軍,NCavq,富邦悍將二軍,qwBXl,1,9,10,9,0,0,"0,0,0,0,0,1,0,0,0","1,8,0,0,0,0,0,0,0",AWAY,0
hZ7T8,CPBLmi-2023-GP,2023,二軍,例行賽,2023-04-11,2023-04-11 14:00,2023-04-11 17:04,嘉義市立棒球場,9,,FINISHED,NORMAL,台鋼雄鷹,jnhaW,樂天桃猿二軍,hIkqx,11,3,13,10,0,0,"3,0,6,0,2,0,0,0,0","2,0,0,0,1,0,0,0,0",HOME,1
d2nX1,CPBLmi-2023-GP,2023,二軍,例行賽,2023-04-11,2023-04-11 14:01,2023-04-11 17:00,中國信託公益園區棒球場,9,,FINISHED,NORMAL,中信兄弟二軍,NCavq,統一7-ELEVEn獅二軍,mcMYF,3,4,9,9,0,0,"2,0,0,0,1,0,0,0,0","1,0,0,0,0,0,0,1,2",AWAY,0
KkONc,CPBLmi-2023-GP,2023,二軍,例行賽,2023-04-09,2023-04-09 14:01,2023-04-09 16:47,嘉義縣棒球場,9,,FINISHED,NORMAL,樂天桃猿二軍,hIkqx,統一7-ELEVEn獅二軍,mcMYF,1,1,5,4,0,0,"0,0,0,0,0,0,0,0,1","0,0,0,1,0,0,0,0,0",TIE,
PvxZr,CPBLmi-2023-GP,2023,二軍,例行賽,2023-04-08,2023-04-08 14:01,2023-04-08 17:21,斗六棒球場,9,,FINISHED,NORMAL,味全龍二軍,HQ8OK,富邦悍將二軍,qwBXl,2,4,7,10,0,0,"0,0,0,1,0,0,0,1,0","4,0,0,0,0,0,0,0,0",AWAY,0
G6Nsz,CPBLmi-2023-GP,2023,二軍,例行賽,2023-04-07,2023-04-07 14:01,2023-04-07 17:03,中國信託公益園區棒球場,9,,FINISHED,NORMAL,中信兄弟二軍,NCavq,味全龍二軍,HQ8OK,1,3,6,7,0,0,"0,0,0,0,1,0,0,0,0","0,1,0,0,0,0,0,1,1",AWAY,0
TvcqP,CPBLmi-2023-GP,2023,二軍,例行賽,2023-04-07,2023-04-07 14:00,2023-04-07 16:55,澄清湖棒球場,9,,FINISHED,NORMAL,台鋼雄鷹,jnhaW,富邦悍將二軍,qwBXl,4,2,5,7,0,0,"1,0,0,0,0,1,2,0,0","0,0,0,0,0,0,0,0,2",HOME,1
PbGEY,CPBLmi-2023-GP,2023,二軍,例行賽,2023-04-06,2023-04-06 14:01,2023-04-06 17:28,中國信託公益園區棒球場,9,,FINISHED,NORMAL,中信兄弟二軍,NCavq,樂天桃猿二軍,hIkqx,3,6,8,12,0,0,"0,0,0,1,1,0,1,0,0","0,0,0,1,4,0,0,0,1",AWAY,0
OpV1n,CPBLmi-2023-GP,2023,二軍,例行賽,2023-04-06,2023-04-06 14:01,2023-04-06 17:24,臺南市立棒球場,9,,FINISHED,NORMAL,台鋼雄鷹,jnhaW,統一7-ELEVEn獅二軍,mcMYF,6,3,8,9,0,0,"0,0,0,0,2,0,4,0,0","0,0,0,1,0,0,0,1,1",HOME,1
eJDA9,CPBLmi-2023-GP,2023,二軍,例行賽,2023-04-05,2023-04-05 14:01,2023-04-05 17:08,斗六棒球場,9,,FINISHED,NORMAL,味全龍二軍,HQ8OK,統一7-ELEVEn獅二軍,mcMYF,1,4,6,8,0,0,"0,0,0,0,1,0,0,0,0","0,0,0,0,0,0,3,0,1",AWAY,0
uhoGH,CPBLmi-2023-GP,2023,二軍,例行賽,2023-04-05,2023-04-05 14:00,2023-04-05 17:23,嘉義市立棒球場,9,,FINISHED,NORMAL,富邦悍將二軍,qwBXl,樂天桃猿二軍,hIkqx,4,6,7,16,0,0,"0,1,0,2,0,1,0,0,0","0,2,0,1,0,0,1,1,1",AWAY,0
BhYzl,CPBLmi-2023-GP,2023,二軍,例行賽,2023-04-04,2023-04-04 14:02,2023-04-04 16:54,斗六棒球場,9,,FINISHED,NORMAL,味全龍二軍,HQ8OK,台鋼雄鷹,jnhaW,2,4,4,13,0,0,"0,0,2,0,0,0,0,0,0","2,0,0,0,0,1,1,0,0",AWAY,0
wqpno,CPBLmi-2023-GP,2023,二軍,例行賽,2023-04-04,2023-04-04 14:00,2023-04-04 17:35,嘉義市立棒球場,9,,FINISHED,NORMAL,富邦悍將二軍,qwBXl,中信兄弟二軍,NCavq,3,6,7,12,0,0,"0,0,0,0,2,0,1,0,0","0,0,0,0,5,0,1,0,0",AWAY,0
udKDl,CPBLmi-2022-C2,2022,二軍,例行賽,2022-10-15,2022-10-15 13:00,2022-10-15 15:15,中國信託公益園區棒球場,9,,FINISHED,NORMAL,味全龍二軍,zpYrU,中信兄弟二軍,WpwCs,13,12,20,14,0,0,"0,3,3,2,1,1,0,2,1","0,3,6,1,0,1,0,0,1",HOME,1
x4vxx,CPBLmi-2022-C2,2022,二軍,例行賽,2022-10-14,2022-10-14 13:00,2022-10-14 15:32,嘉義縣棒球場,9,,FINISHED,NORMAL,樂天桃猿二軍,0gdgG,統一7-ELEVEn獅二軍,RqKUf,0,3,4,10,0,0,"0,0,0,0,0,0,0,0,0","0,0,0,0,1,2,0,0,0",AWAY,0
6byzQ,CPBLmi-2022-C2,2022,二軍,例行賽,2022-10-13,2022-10-13 13:00,2022-10-13 15:31,嘉義市立棒球場,9,,FINISHED,NORMAL,富邦悍將二軍,64pmi,統一7-ELEVEn獅二軍,RqKUf,1,4,6,9,0,0,"0,0,0,0,0,1,0,0,0","0,2,0,1,0,0,0,0,1",AWAY,0
6zVFG,CPBLmi-2022-C2,2022,二軍,例行賽,2022-10-12,2022-10-12 13:00,2022-10-12 16:11,嘉義市立棒球場,9,,FINISHED,NORMAL,富邦悍將二軍,64pmi,統一7-ELEVEn獅二軍,RqKUf,7,6,8,12,0,0,"0,0,0,2,3,1,1,0,0","0,0,2,1,2,0,0,0,1",HOME,1
JahGB,CPBLmi-2022-C2,2022,二軍,例行賽,2022-10-11,2022-10-11 13:00,2022-10-11 16:19,嘉義市立棒球場,9,,FINISHED,NORMAL,富邦悍將二軍,64pmi,中信兄弟二軍,WpwCs,0,5,3,12,0,0,"0,0,0,0,0,0,0,0,0","0,1,0,1,0,1,0,2,0",AWAY,0
IGbVh,CPBLmi-2022-C2,2022,二軍,例行賽,2022-10-10,2022-10-10 13:00,2022-10-10 14:37,中國信託公益園區棒球場,9,,FINISHED,NORMAL,中信兄弟二軍,WpwCs,富邦悍將二軍,64pmi,0,3,7,8,0,0,"0,0,0,0,0,0,0,0,0","2,0,1,0,0,0,0,0,0",AWAY,0
Ppi4D,CPBLmi-2022-C2,2022,二軍,例行賽,2022-10-09,2022-10-09 13:01,2022-10-09 16:15,斗六棒球場,9,,FINISHED,NORMAL,味全龍二軍,zpYrU,統一7-ELEVEn獅二軍,RqKUf,7,3,9,8,0,0,"0,0,0,2,0,3,0,2,0","0,0,3,0,0,0,0,0,0",HOME,1
h40To,CPBLmi-2022-C2,2022,二軍,例行賽,2022-10-08,2022-10-08 13:01,2022-10-08 15:55,中國信託公益園區棒球場,9,,FINISHED,NORMAL,中信兄弟二軍,WpwCs,富邦悍將二軍,64pmi,1,1,5,4,0,0,"0,1,0,0,0,0,0,0,0","0,0,0,1,0,0,0,0,0,0",TIE,
eThVP,CPBLmi-2022-C2,2022,二軍,例行賽,2022-10-07,2022-10-07 13:01,2022-10-07 15:54,臺南市立棒球場,9,,FINISHED,NORMAL,統一7-ELEVEn獅二軍,RqKUf,樂天桃猿二軍,0gdgG,7,5,12,9,0,0,"0,0,0,3,0,0,0,4,0","1,0,0,2,0,1,1,0,0",HOME,1
jUccL,CPBLmi-2022-C2,2022,二軍,例行賽,2022-10-06,2022-10-06 13:00,2022-10-06 16:29,斗六棒球場,9,,FINISHED,NORMAL,味全龍二軍,zpYrU,富邦悍將二軍,64pmi,8,7,11,8,0,0,"2,4,0,0,0,1,0,0,1","0,5,0,2,0,0,0,0,0",HOME,1
MvSZd,CPBLmi-2022-C2,2022,二軍,例行賽,2022-10-06,2022-10-06 13:00,2022-10-06 16:06,臺南市立棒球場,9,,FINISHED,NORMAL,統一7-ELEVEn獅二軍,RqKUf,中信兄弟二軍,WpwCs,4,2,6,4,0,0,"1,1,1,0,0,1,0,0,0","1,0,0,0,0,0,0,1,0",HOME,1
fFSe8,CPBLmi-2022-C2,2022,二軍,例行賽,2022-10-05,2022-10-05 13:01,2022-10-05 16:25,嘉義縣棒球場,9,,FINISHED,NORMAL,樂天桃猿二軍,0gdgG,中信兄弟二軍,WpwCs,1,6,4,7,0,0,"1,0,0,0,0,0,0,0,0","4,0,0,0,0,0,0,2,0",AWAY,0
VFf7X,CPBLmi-2022-C2,2022,二軍,例行賽,2022-10-05,2022-10-05 13:00,2022-10-05 15:36,嘉義市立棒球場,9,,FINISHED,NORMAL,富邦悍將二軍,64pmi,味全龍二軍,zpYrU,3,0,11,6,0,0,"0,0,0,0,2,0,0,1,0","0,0,0,0,0,0,0,0,0",HOME,1
PPmlI,CPBLmi-2022-C2,2022,二軍,例行賽,2022-10-04,2022-10-04 13:00,2022-10-04 15:51,臺南市立棒球場,9,,FINISHED,NORMAL,統一7-ELEVEn獅二軍,RqKUf,富邦悍將二軍,64pmi,1,4,4,8,0,0,"0,0,0,0,0,1,0,0,0","0,0,0,0,0,2,0,1,1",AWAY,0
CTR38,CPBLmi-2022-C2,2022,二軍,例行賽,2022-10-04,2022-10-04 13:01,2022-10-04 15:58,斗六棒球場,9,,FINISHED,NORMAL,味全龍二軍,zpYrU,樂天桃猿二軍,0gdgG,5,2,13,6,0,0,"0,1,2,1,0,0,0,1,0","0,0,0,0,0,0,0,1,1",HOME,1
rW2lP,CPBLmi-2022-C2,2022,二軍,例行賽,2022-10-01,2022-10-01 13:01,2022-10-01 17:05,嘉義市立棒球場,9,,FINISHED,NORMAL,富邦悍將二軍,64pmi,統一7-ELEVEn獅二軍,RqKUf,6,12,12,14,0,0,"1,0,0,1,2,0,1,0,1","0,0,1,0,1,2,1,7,0",AWAY,0
l8YNp,CPBLmi-2022-C2,2022,二軍,例行賽,2022-09-29,2022-09-29 13:01,2022-09-29 16:33,中國信託公益園區棒球場,9,,FINISHED,NORMAL,中信兄弟二軍,WpwCs,統一7-ELEVEn獅二軍,RqKUf,7,9,9,10,0,0,"1,0,0,0,0,2,0,0,4","3,2,0,0,0,0,4,0,0",AWAY,0
sDV1Z,CPBLmi-2022-C2,2022,二軍,例行賽,2022-09-28,2022-09-28 13:00,2022-09-28 16:18,斗六棒球場,9,,FINISHED,NORMAL,味全龍二軍,zpYrU,富邦悍將二軍,64pmi,7,5,13,8,0,0,"3,0,0,0,0,0,1,3,0","2,0,0,0,0,0,3,0,0",HOME,1
Qcmjo,CPBLmi-2022-C2,2022,二軍,例行賽,2022-09-28,2022-09-28 13:01,2022-09-28 16:55,臺南市立棒球場,9,,FINISHED,NORMAL,中信兄弟二軍,WpwCs,統一7-ELEVEn獅二軍,RqKUf,13,10,12,14,0,0,"0,0,0,3,0,4,1,5,0","1,0,3,1,1,4,0,0,0",HOME,1
7mFrY,CPBLmi-2022-C2,2022,二軍,例行賽,2022-09-27,2022-09-27 13:00,2022-09-27 16:50,嘉義縣棒球場,9,,FINISHED,NORMAL,樂天桃猿二軍,0gdgG,統一7-ELEVEn獅二軍,RqKUf,4,13,12,16,0,0,"1,1,0,1,0,0,0,0,1","1,0,1,0,0,7,2,2,0",AWAY,0
ac6BH,CPBLmi-2022-C2,2022,二軍,例行賽,2022-09-27,2022-09-27 13:01,2022-09-27 16:24,中國信託公益園區棒球場,9,,FINISHED,NORMAL,中信兄弟二軍,WpwCs,味全龍二軍,zpYrU,7,6,9,11,0,0,"0,2,1,0,1,1,1,1,0","0,0,0,4,1,0,0,1,0",HOME,1
6LFnR,CPBLmi-2022-C2,2022,二軍,例行賽,2022-09-25,2022-09-25 14:00,2022-09-25 17:08,嘉義市立棒球場,9,,FINISHED,NORMAL,富邦悍將二軍,64pmi,味全龍二軍,zpYrU,7,5,12,10,0,0,"2,0,0,0,0,0,3,2","0,1,1,0,0,3,0,0,0",HOME,1
iZgMN,CPBLmi-2022-C2,2022,二軍,例行賽,2022-09-24,2022-09-24 14:00,2022-09-24 17:37,嘉義縣棒球場,9,,FINISHED,NORMAL,統一7-ELEVEn獅二軍,RqKUf,樂天桃猿二軍,0gdgG,6,6,12,10,0,0,"1,1,0,4,0,0,0,0,0","0,2,0,0,0,2,2,0,0",TIE,
J5H94,CPBLmi-2022-C2,2022,二軍,例行賽,2022-09-23,2022-09-23 14:01,2022-09-23 16:52,斗六棒球場,9,,FINISHED,NORMAL,味全龍二軍,zpYrU,中信兄弟二軍,WpwCs,2,1,9,1,0,0,"0,1,0,0,0,0,0,1,0","1,0,0,0,0,0,0,0,0",HOME,1
lC8gF,CPBLmi-2022-C2,2022,二軍,例行賽,2022-09-22,2022-09-22 14:00,2022-09-22 16:54,嘉義市立棒球場,9,,FINISHED,NORMAL,富邦悍將二軍,64pmi,樂天桃猿二軍,0gdgG,6,1,10,7,0,0,"4,1,0,1,0,0,0,0,0","0,0,0,0,0,0,1,0,0",HOME,1
cOE5c,CPBLmi-2022-C2,2022,二軍,例行賽,2022-09-22,2022-09-22 14:00,2022-09-22 16:50,斗六棒球場,9,,FINISHED,NORMAL,味全龍二軍,zpYrU,統一7-ELEVEn獅二軍,RqKUf,3,1,12,5,0,0,"2,0,0,0,0,0,0,1,0","1,0,0,0,0,0,0,0,0",HOME,1
SdaIn,CPBLmi-2022-C2,2022,二軍,例行賽,2022-09-21,2022-09-21 14:01,2022-09-21 17:33,中國信託公益園區棒球場,9,,FINISHED,NORMAL,中信兄弟二軍,WpwCs,統一7-ELEVEn獅二軍,RqKUf,3,7,9,12,0,0,"2,0,1,0,0,0,0,0,0","1,0,0,0,2,0,1,3,0",AWAY,0
hdkfw,CPBLmi-2022-C2,2022,二軍,例行賽,2022-09-21,2022-09-21 14:00,2022-09-21 17:23,嘉義市立棒球場,9,,FINISHED,NORMAL,富邦悍將二軍,64pmi,樂天桃猿二軍,0gdgG,3,6,12,11,0,0,"0,0,0,0,0,1,1,0,1","0,0,0,2,2,0,0,2,0",AWAY,0
CmfM1,CPBLmi-2022-C2,2022,二軍,例行賽,2022-09-20,2022-09-20 14:01,2022-09-20 17:14,斗六棒球場,9,,FINISHED,NORMAL,味全龍二軍,zpYrU,樂天桃猿二軍,0gdgG,2,12,5,16,0,0,"0,0,0,0,2,0,0,0,0","0,1,0,1,0,7,0,3,0",AWAY,0
lzZo4,CPBLmi-2022-C2,2022,二軍,例行賽,2022-09-18,2022-09-18 14:00,2022-09-18 16:55,澄清湖棒球場,9,,FINISHED,NORMAL,統一7-ELEVEn獅二軍,RqKUf,中信兄弟二軍,WpwCs,2,0,5,5,0,0,"0,0,1,1,0,0,0,0,0","0,0,0,0,0,0,0,0,0",HOME,1
Fw0L1,CPBLmi-2022-C2,2022,二軍,例行賽,2022-09-17,2022-09-17 14:00,2022-09-17 16:49,嘉義縣棒球場,9,,FINISHED,NORMAL,樂天桃猿二軍,0gdgG,味全龍二軍,zpYrU,0,0,3,1,0,0,"0,0,0,0,0,0,0,0,0","0,0,0,0,0,0,0,0,0",TIE,
4QQR2,CPBLmi-2022-C2,2022,二軍,例行賽,2022-09-16,2022-09-16 14:00,2022-09-16 17:53,中國信託公益園區棒球場,9,,FINISHED,NORMAL,中信兄弟二軍,WpwCs,富邦悍將二軍,64pmi,2,19,5,16,0,0,"0,0,0,0,0,1,0,0,1","1,0,2,1,7,5,3,0,0",AWAY,0
0c8FE,CPBLmi-2022-C2,2022,二軍,例行賽,2022-09-15,2022-09-15 14:01,2022-09-15 17:19,斗六棒球場,9,,FINISHED,NORMAL,統一7-ELEVEn獅二軍,RqKUf,味全龍二軍,zpYrU,3,4,7,9,0,0,"0,0,0,1,0,0,0,2,0","1,0,0,0,1,0,0,0,2",AWAY,0
8xfDt,CPBLmi-2022-C2,2022,二軍,例行賽,2022-09-15,2022-09-15 14:01,2022-09-15 16:39,中國信託公益園區棒球場,9,,FINISHED,NORMAL,中信兄弟二軍,WpwCs,樂天桃猿二軍,0gdgG,2,4,7,8,0,0,"0,0,1,0,0,0,0,1,0","0,1,0,0,1,0,0,2,0",AWAY,0
oJE0j,CPBLmi-2022-C2,2022,二軍,例行賽,2022-09-14,2022-09-14 14:00,2022-09-14 17:04,嘉義市立棒球場,9,,FINISHED,NORMAL,富邦悍將二軍,64pmi,樂天桃猿二軍,0gdgG,4,1,12,7,0,0,"0,0,3,0,0,0,1,0,0","0,0,0,0,1,0,0,0,0",HOME,1
rAp0h,CPBLmi-2022-C2,2022,二軍,例行賽,2022-09-14,2022-09-14 14:00,2022-09-14 15:26,斗六棒球場,9,,FINISHED,NORMAL,味全龍二軍,zpYrU,統一7-ELEVEn獅二軍,RqKUf,2,6,7,7,0,0,"1,0,0,1,0,0,0,0,0","0,1,1,1,3,0,0,0,0",AWAY,0
RXtjD,CPBLmi-2022-C2,2022,二軍,例行賽,2022-09-13,2022-09-13 14:00,2022-09-13 17:17,中國信託公益園區棒球場,9,,FINISHED,NORMAL,中信兄弟二軍,WpwCs,味全龍二軍,zpYrU,5,4,9,7,0,0,"0,0,1,0,0,0,2,0,2","0,1,0,0,0,0,3,0,0",HOME,1
xa38w,CPBLmi-2022-C2,2022,二軍,例行賽,2022-09-13,2022-09-13 14:00,2022-09-13 16:48,嘉義市立棒球場,9,,FINISHED,NORMAL,統一7-ELEVEn獅二軍,RqKUf,富邦悍將二軍,64pmi,3,7,7,11,0,0,"2,0,0,0,0,0,0,0,1","0,0,6,0,1,0,0,0,0",AWAY,0
1y3Sh,CPBLmi-2022-C2,2022,二軍,例行賽,2022-09-11,2022-09-11 14:00,2022-09-11 17:41,嘉義縣棒球場,9,,FINISHED,NORMAL,樂天桃猿二軍,0gdgG,富邦悍將二軍,64pmi,2,2,9,8,0,0,"0,0,0,0,1,0,1,0,0","0,0,0,0,0,0,0,0,2",TIE,
LAR0d,CPBLmi-2022-C2,2022,二軍,例行賽,2022-09-10,2022-09-10 14:01,2022-09-10 17:09,斗六棒球場,9,,FINISHED,NORMAL,味全龍二軍,zpYrU,中信兄弟二軍,WpwCs,0,9,2,16,0,0,"0,0,0,0,0,0,0,0,0","0,0,1,2,0,0,0,6,0",AWAY,0
b82r2,CPBLmi-2022-C2,2022,二軍,例行賽,2022-09-09,2022-09-09 14:01,2022-09-09 17:31,嘉義市立棒球場,9,,FINISHED,NORMAL,富邦悍將二軍,64pmi,統一7-ELEVEn獅二軍,RqKUf,7,0,13,2,0,0,"0,0,0,3,1,0,3,0,0","0,0,0,0,0,0,0,0,0",HOME,1
Fzqw6,CPBLmi-2022-C2,2022,二軍,例行賽,2022-09-08,2022-09-08 14:02,2022-09-08 17:04,嘉義縣棒球場,9,,FINISHED,NORMAL,樂天桃猿二軍,0gdgG,中信兄弟二軍,WpwCs,3,1,9,2,0,0,"0,2,0,0,0,1,0,0,0","1,0,0,0,0,0,0,0,0",HOME,1
xMQwb,CPBLmi-2022-C2,2022,二軍,例行賽,2022-09-07,2022-09-07 14:01,2022-09-07 16:05,斗六棒球場,7,,FINISHED,NORMAL,統一7-ELEVEn獅二軍,RqKUf,味全龍二軍,zpYrU,1,4,4,5,0,0,"0,0,1,0,0,0","0,1,0,0,2,0,1",AWAY,0
3iwWR,CPBLmi-2022-C2,2022,二軍,例行賽,2022-09-02,2022-09-02 14:01,2022-09-02 17:17,中國信託公益園區棒球場,9,,FINISHED,NORMAL,中信兄弟二軍,WpwCs,樂天桃猿二軍,0gdgG,3,5,8,7,0,0,"0,0,0,0,0,0,3,0,0","0,0,0,1,0,3,1,0,0",AWAY,0
FO6QG,CPBLmi-2022-C2,2022,二軍,例行賽,2022-09-01,2022-09-01 14:00,2022-09-01 16:51,斗六棒球場,9,,FINISHED,NORMAL,味全龍二軍,zpYrU,樂天桃猿二軍,0gdgG,5,0,10,3,0,0,"0,0,0,0,2,1,0,2,0","0,0,0,0,0,0,0,0,0",HOME,1
X8ItJ,CPBLmi-2022-C2,2022,二軍,例行賽,2022-08-31,2022-08-31 14:00,2022-08-31 16:51,斗六棒球場,9,,FINISHED,NORMAL,味全龍二軍,zpYrU,樂天桃猿二軍,0gdgG,2,9,13,12,0,0,"0,0,0,0,0,0,0,1,1","0,4,0,1,0,4,0,0,0",AWAY,0
EL9g3,CPBLmi-2022-C2,2022,二軍,例行賽,2022-08-30,2022-08-30 14:00,2022-08-30 16:56,澄清湖棒球場,9,,FINISHED,NORMAL,統一7-ELEVEn獅二軍,RqKUf,中信兄弟二軍,WpwCs,7,3,14,7,0,0,"0,1,0,6,0,0,0,0,0","0,1,0,0,0,0,2,0,0",HOME,1
LWdBV,CPBLmi-2022-C2,2022,二軍,例行賽,2022-08-30,2022-08-30 14:00,2022-08-30 16:43,嘉義縣棒球場,9,,FINISHED,NORMAL,樂天桃猿二軍,0gdgG,味全龍二軍,zpYrU,5,3,7,8,0,0,"3,0,1,0,0,0,0,1,0","0,0,0,0,0,0,0,0,3",HOME,1
o9iYE,CPBLmi-2022-C2,2022,二軍,例行賽,2022-08-27,2022-08-27 14:02,2022-08-27 17:17,嘉義縣棒球場,9,,FINISHED,NORMAL,樂天桃猿二軍,0gdgG,味全龍二軍,zpYrU,1,6,9,11,0,0,"0,0,1,0,0,0,0,0,0","0,0,1,1,0,0,0,1,3",AWAY,0
HESI8,CPBLmi-2022-C2,2022,二軍,例行賽,2022-08-26,2022-08-26 14:00,2022-08-26 17:00,臺南市立棒球場,9,,FINISHED,NORMAL,統一7-ELEVEn獅二軍,RqKUf,中信兄弟二軍,WpwCs,2,6,6,13,0,0,"1,0,0,0,0,0,0,0,1","0,3,0,0,1,1,0,0,1",AWAY,0
EEVOC,CPBLmi-2022-C2,2022,二軍,例行賽,2022-08-25,2022-08-25 14:00,2022-08-25 17:08,嘉義市立棒球場,9,,FINISHED,NORMAL,富邦悍將二軍,64pmi,中信兄弟二軍,WpwCs,2,2,6,11,0,0,"0,0,1,0,0,1,0,0,0","0,0,1,0,0,0,1,0,0",TIE,
7Zn1n,CPBLmi-2022-C2,2022,二軍,例行賽,2022-08-24,2022-08-24 14:10,2022-08-24 17:38,嘉義市立棒球場,9,,FINISHED,NORMAL,富邦悍將二軍,64pmi,中信兄弟二軍,WpwCs,2,2,6,8,0,0,"0,2,0,0,0,0,0,0,0","2,0,0,0,0,0,0,0,0",TIE,
PD3u1,CPBLmi-2022-C2,2022,二軍,例行賽,2022-08-23,2022-08-23 14:01,2022-08-23 16:54,中國信託公益園區棒球場,9,,FINISHED,NORMAL,中信兄弟二軍,WpwCs,富邦悍將二軍,64pmi,0,6,2,10,0,0,"0,0,0,0,0,0,0,0,0","0,0,2,4,0,0,0,0,0",AWAY,0
bQiv7,CPBLmi-2022-C2,2022,二軍,例行賽,2022-08-21,2022-08-21 14:01,2022-08-21 17:32,嘉義縣棒球場,9,,FINISHED,NORMAL,樂天桃猿二軍,0gdgG,味全龍二軍,zpYrU,2,9,9,12,0,0,"0,0,0,0,0,1,1,0,0","0,1,1,1,5,0,0,1,0",AWAY,0
DdcMH,CPBLmi-2022-C2,2022,二軍,例行賽,2022-08-20,2022-08-20 14:01,2022-08-20 17:03,中國信託公益園區棒球場,9,,FINISHED,NORMAL,中信兄弟二軍,WpwCs,富邦悍將二軍,64pmi,4,6,8,11,0,0,"0,0,0,0,3,0,0,0,1","1,0,1,2,0,0,1,1,0",AWAY,0
qxqJb,CPBLmi-2022-C2,2022,二軍,例行賽,2022-08-16,2022-08-16 14:00,2022-08-16 17:29,嘉義市立棒球場,9,,FINISHED,NORMAL,富邦悍將二軍,64pmi,味全龍二軍,zpYrU,2,7,6,11,0,0,"2,0,0,0,0,0,0,0,0","1,0,0,1,0,2,2,0,1",AWAY,0
TrFRQ,CPBLmi-2022-C2,2022,二軍,例行賽,2022-08-16,2022-08-16 14:05,2022-08-16 17:05,臺南市立棒球場,8,,FINISHED,NORMAL,統一7-ELEVEn獅二軍,RqKUf,樂天桃猿二軍,0gdgG,3,8,10,12,0,0,"0,1,0,0,1,0,0,1","0,2,0,1,1,3,0,1",AWAY,0
vOZPA,CPBLmi-2022-C2,2022,二軍,例行賽,2022-08-14,2022-08-14 14:01,2022-08-14 16:19,中國信託公益園區棒球場,6,,FINISHED,NORMAL,中信兄弟二軍,WpwCs,富邦悍將二軍,64pmi,0,7,1,13,0,0,"0,0,0,0,0,0","1,4,0,0,2,0",AWAY,0
IBQZR,CPBLmi-2022-C2,2022,二軍,例行賽,2022-08-13,2022-08-13 14:01,2022-08-13 17:03,臺南市立棒球場,9,,FINISHED,NORMAL,統一7-ELEVEn獅二軍,RqKUf,樂天桃猿二軍,0gdgG,8,1,12,3,0,0,"1,2,2,2,0,0,1,0,0","0,0,0,1,0,0,0,0,0",HOME,1
JRCpk,CPBLmi-2022-C2,2022,二軍,例行賽,2022-08-11,2022-08-11 14:00,2022-08-11 16:31,嘉義市立棒球場,5,,FINISHED,NORMAL,富邦悍將二軍,64pmi,統一7-ELEVEn獅二軍,RqKUf,6,4,9,8,0,0,"2,1,0,0,3","0,4,0,0,0",HOME,1
lUxz2,CPBLmi-2022-C2,2022,二軍,例行賽,2022-08-10,2022-08-10 14:00,2022-08-10 18:00,嘉義縣棒球場,9,,FINISHED,NORMAL,樂天桃猿二軍,0gdgG,統一7-ELEVEn獅二軍,RqKUf,0,9,7,16,0,0,"0,0,0,0,0,0,0,0,0","0,1,0,1,0,3,2,1,1",AWAY,0
GQIBF,CPBLmi-2022-C2,2022,二軍,例行賽,2022-08-07,2022-08-07 14:01,2022-08-07 17:52,嘉義縣棒球場,9,,FINISHED,NORMAL,統一7-ELEVEn獅二軍,RqKUf,樂天桃猿二軍,0gdgG,4,5,6,12,0,0,"4,0,0,0,0,0,0,0,0","0,0,1,1,0,0,0,1,2",AWAY,0
j3cok,CPBLmi-2022-C2,2022,二軍,例行賽,2022-08-05,2022-08-05 14:00,2022-08-05 17:33,嘉義縣棒球場,9,,FINISHED,NORMAL,樂天桃猿二軍,0gdgG,富邦悍將二軍,64pmi,3,5,9,10,0,0,"0,0,0,2,1,0,0,0,0","0,0,1,0,0,0,0,3,1",AWAY,0
6EXQS,CPBLmi-2022-C2,2022,二軍,例行賽,2022-08-04,2022-08-04 14:00,2022-08-04 16:54,臺南市立棒球場,9,,FINISHED,NORMAL,統一7-ELEVEn獅二軍,RqKUf,富邦悍將二軍,64pmi,6,0,13,3,0,0,"0,3,0,0,3,0,0,0,0","0,0,0,0,0,0,0,0,0",HOME,1
5IGHf,CPBLmi-2022-C2,2022,二軍,例行賽,2022-08-04,2022-08-04 14:00,2022-08-04 15:45,嘉義縣棒球場,5,,FINISHED,NORMAL,樂天桃猿二軍,0gdgG,味全龍二軍,zpYrU,0,4,0,9,0,0,"0,0,0,0,0","0,0,1,1,2",AWAY,0
uIOO7,CPBLmi-2022-C2,2022,二軍,例行賽,2022-08-02,2022-08-02 14:00,2022-08-02 17:50,中國信託公益園區棒球場,9,,FINISHED,NORMAL,中信兄弟二軍,WpwCs,樂天桃猿二軍,0gdgG,5,12,9,15,0,0,"0,1,0,1,2,0,0,1,0","5,0,1,0,0,2,3,0,1",AWAY,0
4f66S,CPBLmi-2022-C2,2022,二軍,例行賽,2022-07-31,2022-07-31 14:01,2022-07-31 17:00,嘉義市立棒球場,9,,FINISHED,NORMAL,富邦悍將二軍,64pmi,樂天桃猿二軍,0gdgG,4,2,7,2,0,0,"0,0,1,0,1,0,2,0,0","0,0,0,1,0,0,0,1,0",HOME,1
4wjIY,CPBLmi-2022-C2,2022,二軍,例行賽,2022-07-29,2022-07-29 14:00,2022-07-29 17:22,嘉義縣棒球場,9,,FINISHED,NORMAL,樂天桃猿二軍,0gdgG,味全龍二軍,zpYrU,1,4,9,12,0,0,"0,0,1,0,0,0,0,0,0","0,0,0,0,2,0,0,2,0",AWAY,0
5nfqM,CPBLmi-2022-C2,2022,二軍,例行賽,2022-07-28,2022-07-28 14:02,2022-07-28 17:11,嘉義市立棒球場,9,,FINISHED,NORMAL,富邦悍將二軍,64pmi,味全龍二軍,zpYrU,7,3,11,9,0,0,"1,0,3,2,0,0,1,0,0","0,0,1,0,0,0,2,0,0",HOME,1
lWhHs,CPBLmi-2022-C2,2022,二軍,例行賽,2022-07-28,2022-07-28 14:01,2022-07-28 17:55,嘉義縣棒球場,9,,FINISHED,NORMAL,樂天桃猿二軍,0gdgG,中信兄弟二軍,WpwCs,12,11,14,13,0,0,"3,2,0,0,0,1,0,6,0","0,0,0,3,3,0,0,5,0",HOME,1
mOKVj,CPBLmi-2022-C2,2022,二軍,例行賽,2022-07-27,2022-07-27 14:00,2022-07-27 17:43,臺南市立棒球場,9,,FINISHED,NORMAL,統一7-ELEVEn獅二軍,RqKUf,中信兄弟二軍,WpwCs,5,6,6,9,0,0,"0,1,0,3,0,0,0,0,1","0,2,0,1,0,1,0,0,2",AWAY,0
aq3Sq,CPBLmi-2022-C2,2022,二軍,例行賽,2022-07-27,2022-07-27 14:01,2022-07-27 17:37,斗六棒球場,9,,FINISHED,NORMAL,味全龍二軍,zpYrU,富邦悍將二軍,64pmi,3,7,9,14,0,0,"0,0,0,2,0,1,0,0,0","1,0,0,1,3,0,1,1,0",AWAY,0
Sy7gu,CPBLmi-2022-C2,2022,二軍,例行賽,2022-07-26,2022-07-26 14:00,2022-07-26 17:15,臺南市立棒球場,9,,FINISHED,NORMAL,統一7-ELEVEn獅二軍,RqKUf,樂天桃猿二軍,0gdgG,3,7,6,10,0,0,"1,0,0,0,0,0,0,1,1","0,0,0,0,1,2,0,0,4",AWAY,0
0kmv8,CPBLmi-2022-C2,2022,二軍,例行賽,2022-07-26,2022-07-26 14:00,2022-07-26 16:43,斗六棒球場,9,,FINISHED,NORMAL,味全龍二軍,zpYrU,富邦悍將二軍,64pmi,4,2,9,5,0,0,"0,2,0,0,0,0,0,2,0","1,1,0,0,0,0,0,0,0",HOME,1
pWuA6,CPBLmi-2022-C2,2022,二軍,例行賽,2022-07-24,2022-07-24 14:00,2022-07-24 17:24,臺南市立棒球場,9,,FINISHED,NORMAL,統一7-ELEVEn獅二軍,RqKUf,味全龍二軍,zpYrU,10,4,15,9,0,0,"0,1,5,1,1,1,0,1,0","1,0,0,3,0,0,0,0,0",HOME,1
abMlf,CPBLmi-2022-C2,2022,二軍,例行賽,2022-07-23,2022-07-23 14:01,2022-07-23 17:09,嘉義市立棒球場,9,,FINISHED,NORMAL,富邦悍將二軍,64pmi,樂天桃猿二軍,0gdgG,13,6,14,12,0,0,"0,6,0,0,1,0,6,0,0","0,2,0,1,0,0,0,3,0",HOME,1
AXvsU,CPBLmi-2022-C2,2022,二軍,例行賽,2022-07-22,2022-07-22 14:02,2022-07-22 17:49,斗六棒球場,9,,FINISHED,NORMAL,味全龍二軍,zpYrU,中信兄弟二軍,WpwCs,6,6,9,12,0,0,"1,3,0,0,0,0,0,2,0","4,0,1,1,0,0,0,0,0",TIE,
3BkLY,CPBLmi-2022-C2,2022,二軍,例行賽,2022-07-21,2022-07-21 14:00,2022-07-21 16:54,澄清湖棒球場,9,,FINISHED,NORMAL,統一7-ELEVEn獅二軍,RqKUf,中信兄弟二軍,WpwCs,0,5,6,8,0,0,"0,0,0,0,0,0,0,0,0","0,0,1,2,1,0,0,1,0",AWAY,0
FJLPm,CPBLmi-2022-C2,2022,二軍,例行賽,2022-07-21,2022-07-21 14:00,2022-07-21 17:17,斗六棒球場,9,,FINISHED,NORMAL,味全龍二軍,zpYrU,富邦悍將二軍,64pmi,2,5,8,16,0,0,"0,0,2,0,0,0,0,0,0","3,0,1,0,0,0,1,0,0",AWAY,0
07v7D,CPBLmi-2022-C2,2022,二軍,例行賽,2022-07-20,2022-07-20 14:00,2022-07-20 17:19,嘉義縣棒球場,9,,FINISHED,NORMAL,樂天桃猿二軍,0gdgG,富邦悍將二軍,64pmi,7,6,16,11,0,0,"1,2,0,0,0,0,1,0,3","2,1,0,1,0,2,0,0,0",HOME,1
6nRdb,CPBLmi-2022-C2,2022,二軍,例行賽,2022-07-19,2022-07-19 14:01,2022-07-19 17:31,嘉義縣棒球場,9,,FINISHED,NORMAL,樂天桃猿二軍,0gdgG,味全龍二軍,zpYrU,6,7,9,13,0,0,"0,1,1,0,1,2,1,0,0","3,0,2,2,0,0,0,0,0",AWAY,0
FiPsg,CPBLmi-2022-C2,2022,二軍,例行賽,2022-07-19,2022-07-19 14:01,2022-07-19 17:11,中國信託公益園區棒球場,9,,FINISHED,NORMAL,中信兄弟二軍,WpwCs,統一7-ELEVEn獅二軍,RqKUf,12,4,12,6,0,0,"1,4,0,0,4,0,0,3,0","1,0,0,0,1,0,0,2,0",HOME,1
gfjpw,CPBLmi-2022-C2,2022,二軍,例行賽,2022-07-17,2022-07-17 14:00,2022-07-17 17:16,嘉義縣棒球場,9,,FINISHED,NORMAL,樂天桃猿二軍,0gdgG,中信兄弟二軍,WpwCs,2,8,8,11,0,0,"1,0,0,0,0,0,0,1,0","4,0,0,1,0,1,1,0,1",AWAY,0
QIdOc,CPBLmi-2022-C2,2022,二軍,例行賽,2022-07-16,2022-07-16 14:01,2022-07-16 18:19,斗六棒球場,7,,FINISHED,NORMAL,統一7-ELEVEn獅二軍,RqKUf,味全龍二軍,zpYrU,3,0,10,5,0,0,"0,1,0,1,0,0,1","0,0,0,0,0,0,0,0",HOME,1
Ww4fd,CPBLmi-2022-C2,2022,二軍,例行賽,2022-07-15,2022-07-15 14:01,2022-07-15 17:08,中國信託公益園區棒球場,9,,FINISHED,NORMAL,中信兄弟二軍,WpwCs,富邦悍將二軍,64pmi,4,3,8,8,0,0,"0,0,1,0,1,0,2,0,0","0,0,0,0,0,2,0,0,1",HOME,1
DgWnC,CPBLmi-2022-C2,2022,二軍,例行賽,2022-07-14,2022-07-14 14:00,2022-07-14 17:26,嘉義縣棒球場,9,,FINISHED,NORMAL,樂天桃猿二軍,0gdgG,富邦悍將二軍,64pmi,5,15,9,19,0,0,"0,0,2,0,0,2,0,0,1","0,0,0,0,4,0,6,2,3",AWAY,0
Sz1Xg,CPBLmi-2022-C2,2022,二軍,例行賽,2022-07-14,2022-07-14 14:01,2022-07-14 16:43,中國信託公益園區棒球場,9,,FINISHED,NORMAL,中信兄弟二軍,WpwCs,統一7-ELEVEn獅二軍,RqKUf,8,4,12,8,0,0,"0,0,1,4,1,0,0,2,0","0,0,0,0,2,0,2,0,0",HOME,1
qYD7r,CPBLmi-2022-C2,2022,二軍,例行賽,2022-07-13,2022-07-13 14:00,2022-07-13 17:45,斗六棒球場,9,,FINISHED,NORMAL,味全龍二軍,zpYrU,統一7-ELEVEn獅二軍,RqKUf,6,5,8,9,0,0,"0,2,0,0,3,1,0,0,0","0,0,0,0,3,1,0,1,0",HOME,1
mH4Qj,CPBLmi-2022-C2,2022,二軍,例行賽,2022-07-13,2022-07-13 14:01,2022-07-13 17:16,嘉義市立棒球場,9,,FINISHED,NORMAL,富邦悍將二軍,64pmi,樂天桃猿二軍,0gdgG,3,6,11,11,0,0,"0,1,1,0,0,0,0,0,1","0,1,0,3,2,0,0,0,0",AWAY,0
0qxpU,CPBLmi-2022-C2,2022,二軍,例行賽,2022-07-12,2022-07-12 14:00,2022-07-12 17:07,斗六棒球場,9,,FINISHED,NORMAL,味全龍二軍,zpYrU,中信兄弟二軍,WpwCs,1,4,7,5,0,0,"1,0,0,0,0,0,0,0,0","0,1,1,2,0,0,0,0,0",AWAY,0
SA3g0,CPBLmi-2022-C2,2022,二軍,例行賽,2022-07-12,2022-07-12 14:01,2022-07-12 16:50,嘉義市立棒球場,9,,FINISHED,NORMAL,富邦悍將二軍,64pmi,樂天桃猿二軍,0gdgG,3,2,9,7,0,0,"0,0,0,0,0,0,2,0,1","1,0,0,0,0,1,0,0,0",HOME,1
L3p84,CPBLmi-2022-C2,2022,二軍,例行賽,2022-07-10,2022-07-10 14:00,2022-07-10 17:07,斗六棒球場,9,,FINISHED,NORMAL,味全龍二軍,zpYrU,富邦悍將二軍,64pmi,1,9,4,14,0,0,"0,0,0,0,0,0,0,1,0","4,1,1,1,0,1,1,0,0",AWAY,0
GJbjt,CPBLmi-2022-C2,2022,二軍,例行賽,2022-07-09,2022-07-09 14:00,2022-07-09 17:22,嘉義縣棒球場,9,,FINISHED,NORMAL,樂天桃猿二軍,0gdgG,中信兄弟二軍,WpwCs,3,7,7,13,0,0,"0,1,1,0,1,0,0,0,0","1,0,1,1,0,0,0,1,3",AWAY,0
DgyAS,CPBLmi-2022-C2,2022,二軍,例行賽,2022-07-06,2022-07-06 14:01,2022-07-06 16:23,中國信託公益園區棒球場,9,,FINISHED,NORMAL,中信兄弟二軍,WpwCs,樂天桃猿二軍,0gdgG,8,1,8,2,0,0,"0,0,8,0,0,0,0,0,0","0,0,0,0,0,1,0,0,0",HOME,1
rY8hs,CPBLmi-2022-C2,2022,二軍,例行賽,2022-07-01,2022-07-01 14:00,2022-07-01 17:09,嘉義縣棒球場,9,,FINISHED,NORMAL,統一7-ELEVEn獅二軍,RqKUf,樂天桃猿二軍,0gdgG,5,9,9,12,0,0,"0,3,0,1,0,1,0,0,0","0,4,0,2,0,0,0,2,1",AWAY,0
LBcEp,CPBLmi-2022-C2,2022,二軍,例行賽,2022-06-30,2022-06-30 14:01,2022-06-30 17:17,中國信託公益園區棒球場,9,,FINISHED,NORMAL,中信兄弟二軍,WpwCs,樂天桃猿二軍,0gdgG,2,2,9,7,0,0,"0,0,1,0,1,0,0,0,0","1,0,0,0,0,0,0,0,1",TIE,
1BsY7,CPBLmi-2022-C2,2022,二軍,例行賽,2022-06-28,2022-06-28 14:00,2022-06-28 16:59,嘉義縣棒球場,9,,FINISHED,NORMAL,樂天桃猿二軍,0gdgG,中信兄弟二軍,WpwCs,4,4,7,8,0,0,"0,2,1,0,1,0,0,0,0","0,1,0,0,0,1,0,2,0",TIE,
fSgR0,CPBLmi-2022-C2,2022,二軍,例行賽,2022-06-26,2022-06-26 14:00,2022-06-26 16:25,嘉義縣棒球場,9,,FINISHED,NORMAL,樂天桃猿二軍,0gdgG,統一7-ELEVEn獅二軍,RqKUf,2,0,5,3,0,0,"0,0,0,0,0,0,0,2,0","0,0,0,0,0,0,0,0,0",HOME,1
VYDrs,CPBLmi-2022-C2,2022,二軍,例行賽,2022-06-23,2022-06-23 14:00,2022-06-23 16:53,臺南市立棒球場,9,,FINISHED,NORMAL,統一7-ELEVEn獅二軍,RqKUf,富邦悍將二軍,64pmi,7,4,10,11,0,0,"0,0,4,0,1,0,2,0,0","0,1,0,0,0,2,0,0,1",HOME,1
Iflq2,CPBLmi-2022-C2,2022,二軍,例行賽,2022-06-21,2022-06-21 14:01,2022-06-21 17:11,中國信託公益園區棒球場,9,,FINISHED,NORMAL,中信兄弟二軍,WpwCs,統一7-ELEVEn獅二軍,RqKUf,7,5,13,11,0,0,"0,0,0,0,0,2,1,4,0","0,0,3,1,1,0,0,0,0",HOME,1
ddfJQ,CPBLmi-2022-C2,2022,二軍,例行賽,2022-06-19,2022-06-19 18:30,2022-06-19 21:24,澄清湖棒球場,9,,FINISHED,NORMAL,統一7-ELEVEn獅二軍,RqKUf,富邦悍將二軍,64pmi,4,3,7,9,0,0,"0,0,0,0,0,0,0,0,4","0,0,0,0,1,1,0,0,1",HOME,1
LbQW9,CPBLmi-2022-C2,2022,二軍,例行賽,2022-06-19,2022-06-19 12:30,2022-06-19 15:12,澄清湖棒球場,9,,FINISHED,NORMAL,中信兄弟二軍,WpwCs,樂天桃猿二軍,0gdgG,1,3,4,4,0,0,"0,0,0,0,0,1,0,0,0","0,0,1,0,0,0,0,0,2",AWAY,0
GCRSS,CPBLmi-2022-C2,2022,二軍,例行賽,2022-06-18,2022-06-18 18:30,2022-06-18 21:24,澄清湖棒球場,9,,FINISHED,NORMAL,中信兄弟二軍,WpwCs,新北禾聯,AeB2b,4,6,8,12,0,0,"0,0,0,0,0,0,0,0,4","2,1,2,1,0,0,0,0,0",AWAY,0
sN5v3,CPBLmi-2022-C2,2022,二軍,例行賽,2022-06-18,2022-06-18 12:30,2022-06-18 16:28,澄清湖棒球場,9,,FINISHED,NORMAL,富邦悍將二軍,64pmi,合庫,gMCOL,12,9,13,10,0,0,"3,0,7,2,0,0,0,0,0","0,2,0,4,0,3,0,0,0",HOME,1
vVY34,CPBLmi-2022-C2,2022,二軍,例行賽,2022-06-17,2022-06-17 18:30,2022-06-17 21:52,澄清湖棒球場,9,,FINISHED,NORMAL,樂天桃猿二軍,0gdgG,桃園市,qZQql,2,7,7,10,0,0,"0,0,0,0,0,0,0,0,2","0,0,0,0,1,2,1,3,0",AWAY,0
YiyzX,CPBLmi-2022-C2,2022,二軍,例行賽,2022-06-16,2022-06-16 18:30,2022-06-16 21:44,嘉義市立棒球場,9,,FINISHED,NORMAL,統一7-ELEVEn獅二軍,RqKUf,安永鮮物,tAcHO,9,1,10,5,0,0,"4,0,0,0,1,2,0,2,0","0,0,0,0,0,0,0,1,0",HOME,1
gWWyH,CPBLmi-2022-C2,2022,二軍,例行賽,2022-06-16,2022-06-16 12:31,2022-06-16 15:46,嘉義市立棒球場,9,,FINISHED,NORMAL,新北禾聯,AeB2b,富邦悍將二軍,64pmi,4,8,13,12,0,0,"0,1,1,0,0,1,0,0,1","1,5,0,0,0,0,0,2,0",AWAY,0
Eymq1,CPBLmi-2022-C2,2022,二軍,例行賽,2022-06-15,2022-06-15 12:31,2022-06-15 15:43,斗六棒球場,9,,FINISHED,NORMAL,安永鮮物,tAcHO,樂天桃猿二軍,0gdgG,0,6,5,6,0,0,"0,0,0,0,0,0,0,0,0","0,1,0,0,0,0,1,3,1",AWAY,0
Ngwh7,CPBLmi-2022-C2,2022,二軍,例行賽,2022-06-14,2022-06-14 18:30,2022-06-14 21:45,臺南市立棒球場,9,,FINISHED,NORMAL,桃園市,qZQql,中信兄弟二軍,WpwCs,1,8,5,15,0,0,"0,0,0,0,1,0,0,0,0","1,0,0,2,1,0,3,0,1",AWAY,0
4Cdnq,CPBLmi-2022-C2,2022,二軍,例行賽,2022-06-14,2022-06-14 12:30,2022-06-14 15:18,臺南市立棒球場,9,,FINISHED,NORMAL,臺北興富發,iXf2K,統一7-ELEVEn獅二軍,RqKUf,1,5,6,12,0,0,"0,0,0,0,0,1,0,0,0","0,0,0,1,2,2,0,0,0",AWAY,0
EGdsp,CPBLmi-2022-C2,2022,二軍,例行賽,2022-06-13,2022-06-13 18:31,2022-06-13 21:21,嘉義市立棒球場,9,,FINISHED,NORMAL,富邦悍將二軍,64pmi,桃園市,qZQql,8,2,14,7,0,0,"0,0,0,4,0,0,4,0,0","0,0,0,2,0,0,0,0,0",HOME,1
UcWUd,CPBLmi-2022-C2,2022,二軍,例行賽,2022-06-13,2022-06-13 12:30,2022-06-13 15:26,嘉義市立棒球場,9,,FINISHED,NORMAL,樂天桃猿二軍,0gdgG,新北禾聯,AeB2b,4,3,10,10,0,0,"1,0,0,2,1,0,0,0,0","0,0,0,0,0,0,0,1,2",HOME,1
Y4eiJ,CPBLmi-2022-C2,2022,二軍,例行賽,2022-06-12,2022-06-12 18:31,2022-06-12 22:43,澄清湖棒球場,9,,FINISHED,NORMAL,中信兄弟二軍,WpwCs,安永鮮物,tAcHO,19,7,18,15,0,0,"1,0,0,8,9,1,0,0,0","2,1,2,0,0,0,0,1,1",HOME,1
FbgAU,CPBLmi-2022-C2,2022,二軍,例行賽,2022-06-12,2022-06-12 12:30,2022-06-12 15:29,澄清湖棒球場,9,,FINISHED,NORMAL,統一7-ELEVEn獅二軍,RqKUf,合庫,gMCOL,8,2,11,5,0,0,"3,0,4,0,0,0,1,0,0","2,0,0,0,0,0,0,0,0",HOME,1
M8knE,CPBLmi-2022-C2,2022,二軍,例行賽,2022-06-11,2022-06-11 18:30,2022-06-11 21:22,澄清湖棒球場,9,,FINISHED,NORMAL,樂天桃猿二軍,0gdgG,臺北興富發,iXf2K,1,1,6,5,0,0,"0,0,0,0,0,1,0,0,0","0,1,0,0,0,0,0,0,0",TIE,
evmPW,CPBLmi-2022-C2,2022,二軍,例行賽,2022-06-11,2022-06-11 12:59,2022-06-11 15:34,澄清湖棒球場,9,,FINISHED,NORMAL,桃園市,qZQql,味全龍二軍,zpYrU,0,5,4,12,0,0,"0,0,0,0,0,0,0,0,0","1,0,0,0,0,0,3,1,0",AWAY,0
OFw3N,CPBLmi-2022-C2,2022,二軍,例行賽,2022-06-10,2022-06-10 18:30,2022-06-10 21:55,臺南市立棒球場,9,,FINISHED,NORMAL,新北禾聯,AeB2b,統一7-ELEVEn獅二軍,RqKUf,3,7,8,10,0,0,"0,0,0,0,0,0,1,1,1","0,0,2,2,3,0,0,0,0",AWAY,0
0dgjY,CPBLmi-2022-C2,2022,二軍,例行賽,2022-06-10,2022-06-10 12:30,2022-06-10 15:24,臺南市立棒球場,9,,FINISHED,NORMAL,安永鮮物,tAcHO,富邦悍將二軍,64pmi,0,1,1,4,0,0,"0,0,0,0,0,0,0,0,0","0,0,0,0,0,0,0,1,0",AWAY,0
pIqie,CPBLmi-2022-C2,2022,二軍,例行賽,2022-06-09,2022-06-09 18:30,2022-06-09 21:21,澄清湖棒球場,9,,FINISHED,NORMAL,合庫,gMCOL,樂天桃猿二軍,0gdgG,3,4,7,6,0,0,"0,0,0,0,2,0,1,0,0","0,0,0,0,0,0,4,0,0",AWAY,0
247GI,CPBLmi-2022-C2,2022,二軍,例行賽,2022-06-09,2022-06-09 12:30,2022-06-09 15:33,澄清湖棒球場,9,,FINISHED,NORMAL,臺北興富發,iXf2K,中信兄弟二軍,WpwCs,0,0,4,5,0,0,"0,0,0,0,0,0,0,0,0","0,0,0,0,0,0,0,0,0",TIE,
rK5wQ,CPBLmi-2022-C2,2022,二軍,例行賽,2022-06-08,2022-06-08 18:30,2022-06-08 21:51,澄清湖棒球場,9,,FINISHED,NORMAL,味全龍二軍,zpYrU,安永鮮物,tAcHO,4,3,11,8,0,0,"0,1,0,1,0,0,1,0,1","0,0,0,0,2,0,0,0,1",HOME,1
HYzrA,CPBLmi-2022-C2,2022,二軍,例行賽,2022-06-08,2022-06-08 12:30,2022-06-08 14:51,澄清湖棒球場,7,,FINISHED,NORMAL,統一7-ELEVEn獅二軍,RqKUf,桃園市,qZQql,6,4,6,9,0,0,"1,0,1,2,2,0","3,0,0,0,1,0,0",HOME,1
O35qE,CPBLmi-2022-C2,2022,二軍,例行賽,2022-06-07,2022-06-07 19:02,2022-06-07 22:16,澄清湖棒球場,9,,FINISHED,NORMAL,富邦悍將二軍,64pmi,臺北興富發,iXf2K,7,5,11,12,0,0,"2,1,0,0,3,0,0,1,0","0,0,0,0,0,1,4,0,0",HOME,1
hAc8v,CPBLmi-2022-C2,2022,二軍,例行賽,2022-06-06,2022-06-06 18:35,2022-06-06 21:24,臺中市洲際棒球場,9,,FINISHED,NORMAL,中信兄弟二軍,WpwCs,合庫,gMCOL,1,0,7,3,0,0,"0,0,0,0,0,0,0,0,1","0,0,0,0,0,0,0,0,0",HOME,1
f3aTe,CPBLmi-2022-C2,2022,二軍,例行賽,2022-06-05,2022-06-05 14:01,2022-06-05 17:43,中國信託公益園區棒球場,9,,FINISHED,NORMAL,中信兄弟二軍,WpwCs,味全龍二軍,zpYrU,8,7,13,15,0,0,"1,0,0,0,0,0,2,5,0","1,0,1,5,0,0,0,0,0",HOME,1
TU8V8,CPBLmi-2022-C2,2022,二軍,例行賽,2022-06-03,2022-06-03 14:01,2022-06-03 17:14,斗六棒球場,9,,FINISHED,NORMAL,味全龍二軍,zpYrU,富邦悍將二軍,64pmi,3,2,7,7,0,0,"0,0,0,0,0,1,0,0,2","0,0,1,0,0,0,0,0,1",HOME,1
xVQqB,CPBLmi-2022-C2,2022,二軍,例行賽,2022-06-02,2022-06-02 14:01,2022-06-02 16:46,中國信託公益園區棒球場,9,,FINISHED,NORMAL,中信兄弟二軍,WpwCs,富邦悍將二軍,64pmi,3,1,10,5,0,0,"0,0,0,0,0,3,0,0,0","0,0,0,0,0,0,1,0,0",HOME,1
P3Iyz,CPBLmi-2022-C2,2022,二軍,例行賽,2022-06-01,2022-06-01 14:00,2022-06-01 17:09,嘉義市立棒球場,9,,FINISHED,NORMAL,富邦悍將二軍,64pmi,中信兄弟二軍,WpwCs,0,6,3,15,0,0,"0,0,0,0,0,0,0,0,0","3,0,0,1,0,0,2,0,0",AWAY,0
sUz6G,CPBLmi-2022-C2,2022,二軍,例行賽,2022-05-31,2022-05-31 14:13,2022-05-31 16:27,嘉義市立棒球場,7,,FINISHED,NORMAL,富邦悍將二軍,64pmi,中信兄弟二軍,WpwCs,0,5,3,9,0,0,"0,0,0,0,0,0","0,0,0,2,0,0,3",AWAY,0
rl0vI,CPBLmi-2022-C2,2022,二軍,例行賽,2022-05-28,2022-05-28 14:01,2022-05-28 17:56,中國信託公益園區棒球場,9,,FINISHED,NORMAL,中信兄弟二軍,WpwCs,味全龍二軍,zpYrU,9,4,15,8,0,0,"2,3,0,1,0,1,0,2,0","0,1,2,0,0,0,0,1,0",HOME,1
CDbOt,CPBLmi-2022-C2,2022,二軍,例行賽,2022-05-25,2022-05-25 14:00,2022-05-25 16:42,斗六棒球場,9,,FINISHED,NORMAL,味全龍二軍,zpYrU,中信兄弟二軍,WpwCs,0,1,5,7,0,0,"0,0,0,0,0,0,0,0,0","0,0,0,0,0,1,0,0,0",AWAY,0
bzin8,CPBLmi-2022-C2,2022,二軍,例行賽,2022-05-13,2022-05-13 14:01,2022-05-13 16:40,中國信託公益園區棒球場,9,,FINISHED,NORMAL,中信兄弟二軍,WpwCs,統一7-ELEVEn獅二軍,RqKUf,4,3,9,6,0,0,"0,0,1,3,0,0,0,0,0","0,1,0,0,0,2,0,0,0",HOME,1
iIBC4,CPBLmi-2022-C2,2022,二軍,例行賽,2022-05-10,2022-05-10 14:00,2022-05-10 16:42,嘉義縣棒球場,9,,FINISHED,NORMAL,樂天桃猿二軍,0gdgG,中信兄弟二軍,WpwCs,6,0,10,6,0,0,"5,1,0,0,0,0,0,0,0","0,0,0,0,0,0,0,0,0",HOME,1
BeGIC,CPBLmi-2022-C2,2022,二軍,例行賽,2022-05-10,2022-05-10 14:01,2022-05-10 18:01,嘉義市立棒球場,9,,FINISHED,NORMAL,統一7-ELEVEn獅二軍,RqKUf,富邦悍將二軍,64pmi,2,4,12,10,0,0,"0,2,0,0,0,0,0,0,0","0,1,0,0,1,0,1,0,1",AWAY,0
1NN1X,CPBLmi-2022-C2,2022,二軍,例行賽,2022-05-08,2022-05-08 14:01,2022-05-08 17:47,斗六棒球場,9,,FINISHED,NORMAL,味全龍二軍,zpYrU,統一7-ELEVEn獅二軍,RqKUf,5,7,13,11,0,0,"0,1,0,0,1,2,0,0,1","0,0,0,0,2,1,0,0,4",AWAY,0
XO6Jx,CPBLmi-2022-C2,2022,二軍,例行賽,2022-05-07,2022-05-07 14:01,2022-05-07 17:04,中國信託公益園區棒球場,9,,FINISHED,NORMAL,中信兄弟二軍,WpwCs,樂天桃猿二軍,0gdgG,3,3,5,6,0,0,"0,0,0,1,0,0,0,2,0","1,0,0,0,0,0,1,1,0",TIE,
uHSEY,CPBLmi-2022-C2,2022,二軍,例行賽,2022-05-06,2022-05-06 14:00,2022-05-06 17:03,臺南市立棒球場,9,,FINISHED,NORMAL,統一7-ELEVEn獅二軍,RqKUf,富邦悍將二軍,64pmi,5,3,4,9,0,0,"3,1,1,0,0,0,0,0,0","1,0,0,0,0,0,2,0,0",HOME,1
MH7RM,CPBLmi-2022-C2,2022,二軍,例行賽,2022-05-05,2022-05-05 14:00,2022-05-05 17:09,斗六棒球場,9,,FINISHED,NORMAL,味全龍二軍,zpYrU,富邦悍將二軍,64pmi,5,2,6,7,0,0,"0,0,0,1,2,0,0,2,0","1,0,0,0,0,1,0,0,0",HOME,1
jzYuS,CPBLmi-2022-C2,2022,二軍,例行賽,2022-05-05,2022-05-05 14:00,2022-05-05 17:27,臺南市立棒球場,9,,FINISHED,NORMAL,統一7-ELEVEn獅二軍,RqKUf,中信兄弟二軍,WpwCs,15,9,13,10,0,0,"4,0,1,4,4,0,1,1,0","2,1,0,0,2,4,0,0,0",HOME,1
fXSeI,CPBLmi-2022-C2,2022,二軍,例行賽,2022-05-04,2022-05-04 14:00,2022-05-04 17:07,嘉義縣棒球場,9,,FINISHED,NORMAL,樂天桃猿二軍,0gdgG,中信兄弟二軍,WpwCs,2,3,4,6,0,0,"0,0,0,0,1,1,0,0,0","0,0,1,0,0,2,0,0,0",AWAY,0
xUVyx,CPBLmi-2022-C2,2022,二軍,例行賽,2022-05-03,2022-05-03 14:00,2022-05-03 17:26,嘉義縣棒球場,9,,FINISHED,NORMAL,樂天桃猿二軍,0gdgG,統一7-ELEVEn獅二軍,RqKUf,1,2,6,8,0,0,"0,0,0,0,0,1,0,0,0","0,0,0,0,1,1,0,0,0",AWAY,0
gG7O5,CPBLmi-2022-C2,2022,二軍,例行賽,2022-05-03,2022-05-03 14:00,2022-05-03 16:40,嘉義市立棒球場,9,,FINISHED,NORMAL,富邦悍將二軍,64pmi,味全龍二軍,zpYrU,5,1,10,9,0,0,"1,2,0,0,2,0,0,0,0","0,0,0,0,0,0,0,1,0",HOME,1
S4KQE,CPBLmi-2022-C2,2022,二軍,例行賽,2022-05-01,2022-05-01 14:01,2022-05-01 17:26,中國信託公益園區棒球場,9,,FINISHED,NORMAL,中信兄弟二軍,WpwCs,樂天桃猿二軍,0gdgG,11,4,15,6,0,0,"0,8,0,0,3,0,0,0,0","3,0,0,1,0,0,0,0,0",HOME,1
zsNtC,CPBLmi-2022-C2,2022,二軍,例行賽,2022-04-30,2022-04-30 14:00,2022-04-30 16:45,嘉義市立棒球場,9,,FINISHED,NORMAL,富邦悍將二軍,64pmi,味全龍二軍,zpYrU,8,0,11,1,0,0,"1,1,0,0,4,0,0,2,0","0,0,0,0,0,0,0,0,0",HOME,1
ZeAl7,CPBLmi-2022-C2,2022,二軍,例行賽,2022-04-29,2022-04-29 14:00,2022-04-29 16:55,嘉義縣棒球場,9,,FINISHED,NORMAL,樂天桃猿二軍,0gdgG,統一7-ELEVEn獅二軍,RqKUf,8,5,11,9,0,0,"0,2,0,2,3,0,0,1,0","0,0,0,3,0,0,0,0,2",HOME,1
Tbb7S,CPBLmi-2022-C2,2022,二軍,例行賽,2022-04-28,2022-04-28 14:01,2022-04-28 17:24,中國信託公益園區棒球場,9,,FINISHED,NORMAL,中信兄弟二軍,WpwCs,統一7-ELEVEn獅二軍,RqKUf,5,5,11,11,0,0,"0,1,0,0,0,1,3,0,0","0,0,0,4,0,0,1,0,0",TIE,
xbgfL,CPBLmi-2022-C2,2022,二軍,例行賽,2022-04-28,2022-04-28 14:00,2022-04-28 16:55,嘉義縣棒球場,9,,FINISHED,NORMAL,樂天桃猿二軍,0gdgG,富邦悍將二軍,64pmi,1,0,5,4,0,0,"0,1,0,0,0,0,0,0,0","0,0,0,0,0,0,0,0,0",HOME,1
tZufJ,CPBLmi-2022-C2,2022,二軍,例行賽,2022-04-27,2022-04-27 14:01,2022-04-27 17:19,斗六棒球場,9,,FINISHED,NORMAL,味全龍二軍,zpYrU,富邦悍將二軍,64pmi,2,6,7,11,0,0,"0,0,0,0,0,0,2,0,0","1,0,1,0,0,2,0,0,2",AWAY,0
o2lfJ,CPBLmi-2022-C2,2022,二軍,例行賽,2022-04-26,2022-04-26 14:02,2022-04-26 16:56,斗六棒球場,9,,FINISHED,NORMAL,味全龍二軍,zpYrU,樂天桃猿二軍,0gdgG,0,5,4,8,0,0,"0,0,0,0,0,0,0,0,0","0,1,0,1,0,0,0,3,0",AWAY,0
rjwA1,CPBLmi-2022-C2,2022,二軍,例行賽,2022-04-26,2022-04-26 14:00,2022-04-26 16:57,臺南市立棒球場,9,,FINISHED,NORMAL,統一7-ELEVEn獅二軍,RqKUf,中信兄弟二軍,WpwCs,5,0,8,6,0,0,"0,0,0,0,4,0,0,1,0","0,0,0,0,0,0,0,0,0",HOME,1
xj7FR,CPBLmi-2022-C2,2022,二軍,例行賽,2022-04-24,2022-04-24 14:00,2022-04-24 17:41,嘉義市立棒球場,9,,FINISHED,NORMAL,富邦悍將二軍,64pmi,味全龍二軍,zpYrU,4,5,9,9,0,0,"0,2,0,0,1,1,0,0,0","0,1,0,0,2,0,1,1,0",AWAY,0
Bxumz,CPBLmi-2022-C2,2022,二軍,例行賽,2022-04-23,2022-04-23 14:00,2022-04-23 16:51,臺南市立棒球場,9,,FINISHED,NORMAL,統一7-ELEVEn獅二軍,RqKUf,中信兄弟二軍,WpwCs,0,4,2,9,0,0,"0,0,0,0,0,0,0,0,0","1,0,1,0,0,0,2,0,0",AWAY,0
6Kq6q,CPBLmi-2022-C2,2022,二軍,例行賽,2022-04-22,2022-04-22 14:00,2022-04-22 16:54,斗六棒球場,9,,FINISHED,NORMAL,味全龍二軍,zpYrU,樂天桃猿二軍,0gdgG,3,7,4,9,0,0,"0,0,0,0,3,0,0,0,0","3,0,0,3,0,0,1,0,0",AWAY,0
Rh9Iq,CPBLmi-2022-C2,2022,二軍,例行賽,2022-04-21,2022-04-21 14:00,2022-04-21 17:18,嘉義市立棒球場,9,,FINISHED,NORMAL,富邦悍將二軍,64pmi,樂天桃猿二軍,0gdgG,3,8,10,11,0,0,"0,0,0,0,0,3,0,0,0","0,1,1,4,0,0,0,2,0",AWAY,0
DP5fM,CPBLmi-2022-C2,2022,二軍,例行賽,2022-04-21,2022-04-21 14:01,2022-04-21 17:03,斗六棒球場,9,,FINISHED,NORMAL,味全龍二軍,zpYrU,統一7-ELEVEn獅二軍,RqKUf,4,2,7,5,0,0,"0,0,0,0,0,0,2,2,0","0,2,0,0,0,0,0,0,0",HOME,1
FxVK4,CPBLmi-2022-C2,2022,二軍,例行賽,2022-04-20,2022-04-20 14:01,2022-04-20 16:50,中國信託公益園區棒球場,9,,FINISHED,NORMAL,中信兄弟二軍,WpwCs,統一7-ELEVEn獅二軍,RqKUf,5,2,10,4,0,0,"1,1,1,1,0,0,0,1,0","2,0,0,0,0,0,0,0,0",HOME,1
3GWAw,CPBLmi-2022-C2,2022,二軍,例行賽,2022-04-19,2022-04-19 14:01,2022-04-19 16:49,中國信託公益園區棒球場,9,,FINISHED,NORMAL,中信兄弟二軍,WpwCs,味全龍二軍,zpYrU,6,1,9,5,0,0,"0,2,4,0,0,0,0,0,0","1,0,0,0,0,0,0,0,0",HOME,1
dbcFX,CPBLmi-2022-C2,2022,二軍,例行賽,2022-04-19,2022-04-19 14:00,2022-04-19 17:15,嘉義縣棒球場,9,,FINISHED,NORMAL,樂天桃猿二軍,0gdgG,富邦悍將二軍,64pmi,1,3,8,5,0,0,"0,0,1,0,0,0,0,0,0","0,0,0,1,0,0,0,2,0",AWAY,0
AjA7S,CPBLmi-2022-C2,2022,二軍,例行賽,2022-04-17,2022-04-17 14:00,2022-04-17 17:05,澄清湖棒球場,9,,FINISHED,NORMAL,統一7-ELEVEn獅二軍,RqKUf,中信兄弟二軍,WpwCs,1,1,6,8,0,0,"0,0,0,1,0,0,0,0,0","0,1,0,0,0,0,0,0,0,0",TIE,
zOXCq,CPBLmi-2022-C2,2022,二軍,例行賽,2022-04-16,2022-04-16 14:00,2022-04-16 17:58,嘉義縣棒球場,9,,FINISHED,NORMAL,樂天桃猿二軍,0gdgG,富邦悍將二軍,64pmi,12,8,12,17,0,0,"4,0,2,0,0,3,3,0,0","0,0,3,3,0,0,1,1,0",HOME,1
K5Xzp,CPBLmi-2022-C2,2022,二軍,例行賽,2022-04-15,2022-04-15 14:00,2022-04-15 17:31,中國信託公益園區棒球場,9,,FINISHED,NORMAL,中信兄弟二軍,WpwCs,味全龍二軍,zpYrU,3,14,10,14,0,0,"0,1,0,0,2,0,0,0,0","0,0,0,7,2,0,2,3,0",AWAY,0
yfz6R,CPBLmi-2022-C2,2022,二軍,例行賽,2022-04-14,2022-04-14 14:02,2022-04-14 17:19,臺南市立棒球場,9,,FINISHED,NORMAL,統一7-ELEVEn獅二軍,RqKUf,味全龍二軍,zpYrU,11,8,13,11,0,0,"0,2,2,3,0,3,0,1,0","0,0,0,0,5,0,0,2,1",HOME,1
y7M2z,CPBLmi-2022-C2,2022,二軍,例行賽,2022-04-14,2022-04-14 14:00,2022-04-14 17:07,中國信託公益園區棒球場,9,,FINISHED,NORMAL,中信兄弟二軍,WpwCs,樂天桃猿二軍,0gdgG,3,4,7,10,0,0,"0,0,0,0,0,3,0,0,0","1,0,1,0,2,0,0,0,0",AWAY,0
TIrNR,CPBLmi-2022-C2,2022,二軍,例行賽,2022-04-13,2022-04-13 14:00,2022-04-13 17:20,嘉義市立棒球場,9,,FINISHED,NORMAL,富邦悍將二軍,64pmi,樂天桃猿二軍,0gdgG,3,3,7,9,0,0,"2,0,0,1,0,0,0,0,0","0,1,1,0,0,0,1,0,0",TIE,
jP547,CPBLmi-2022-C2,2022,二軍,例行賽,2022-04-12,2022-04-12 14:00,2022-04-12 17:28,嘉義市立棒球場,9,,FINISHED,NORMAL,富邦悍將二軍,64pmi,中信兄弟二軍,WpwCs,7,7,14,14,0,0,"0,3,0,1,3,0,0,0,0","2,1,2,0,0,0,2,0,0",TIE,
Uii56,CPBLmi-2022-C2,2022,二軍,例行賽,2022-04-12,2022-04-12 14:01,2022-04-12 16:29,斗六棒球場,9,,FINISHED,NORMAL,味全龍二軍,zpYrU,統一7-ELEVEn獅二軍,RqKUf,4,2,8,7,0,0,"0,1,0,0,0,0,1,2,0","0,0,1,1,0,0,0,0,0",HOME,1
1yZJL,CPBLmi-2022-C2,2022,二軍,例行賽,2022-04-10,2022-04-10 14:00,2022-04-10 17:38,嘉義縣棒球場,9,,FINISHED,NORMAL,樂天桃猿二軍,0gdgG,富邦悍將二軍,64pmi,4,6,10,5,0,0,"0,0,0,0,2,0,0,0,2","2,0,0,0,1,3,0,0,0",AWAY,0
YM4g8,CPBLmi-2022-C2,2022,二軍,例行賽,2022-04-09,2022-04-09 14:00,2022-04-09 16:39,斗六棒球場,9,,FINISHED,NORMAL,味全龍二軍,zpYrU,統一7-ELEVEn獅二軍,RqKUf,2,2,5,6,0,0,"0,2,0,0,0,0,0,0,0","0,0,0,0,2,0,0,0,0",TIE,
I1NoH,CPBLmi-2022-C2,2022,二軍,例行賽,2022-04-08,2022-04-08 14:01,2022-04-08 16:57,嘉義市立棒球場,9,,FINISHED,NORMAL,富邦悍將二軍,64pmi,中信兄弟二軍,WpwCs,4,1,7,5,0,0,"1,0,0,2,1,0,0,0,0","0,0,0,0,0,0,0,1,0",HOME,1
zwYEb,CPBLmi-2022-C2,2022,二軍,例行賽,2022-04-07,2022-04-07 14:00,2022-04-07 17:05,嘉義縣棒球場,9,,FINISHED,NORMAL,樂天桃猿二軍,0gdgG,中信兄弟二軍,WpwCs,2,2,11,4,0,0,"0,1,0,0,0,0,1,0,0","0,0,0,1,1,0,0,0,0",TIE,
xYqw7,CPBLmi-2022-C2,2022,二軍,例行賽,2022-04-07,2022-04-07 14:01,2022-04-07 17:32,嘉義市立棒球場,9,,FINISHED,NORMAL,富邦悍將二軍,64pmi,味全龍二軍,zpYrU,1,7,3,8,0,0,"0,1,0,0,0,0,0,0,0","0,0,2,0,0,3,2,0,0",AWAY,0
zIpr0,CPBLmi-2022-C2,2022,二軍,例行賽,2022-04-06,2022-04-06 14:01,2022-04-06 17:52,臺南市立棒球場,9,,FINISHED,NORMAL,統一7-ELEVEn獅二軍,RqKUf,味全龍二軍,zpYrU,5,14,8,16,0,0,"2,0,0,0,0,0,1,1,1","0,2,4,1,0,2,5,0,0",AWAY,0
CfKib,CPBLmi-2022-C2,2022,二軍,例行賽,2022-04-05,2022-04-05 14:00,2022-04-05 17:45,嘉義市立棒球場,9,,FINISHED,NORMAL,統一7-ELEVEn獅二軍,RqKUf,富邦悍將二軍,64pmi,6,5,9,12,0,0,"2,0,0,1,1,0,1,0,1","1,2,1,0,0,0,0,1,0",HOME,1
2Hw8t,CPBLmi-2022-C2,2022,二軍,例行賽,2022-04-05,2022-04-05 14:01,2022-04-05 16:50,中國信託公益園區棒球場,9,,FINISHED,NORMAL,中信兄弟二軍,WpwCs,樂天桃猿二軍,0gdgG,3,1,7,7,0,0,"2,0,0,1,0,0,0,0,0","0,0,0,0,0,0,1,0,0",HOME,1
