game_id,season_id,year,phase,date,group,team,team_id,side,opponent,runs_scored,runs_allowed,hits,errors,win
6GSLX,CPBL-2026-oB,2026,一軍,2026-05-24,例行賽,樂天桃猿,b7yJt,home,富邦悍將,4,1,8,1,1
6GSLX,CPBL-2026-oB,2026,一軍,2026-05-24,例行賽,富邦悍將,H0zzP,away,樂天桃猿,1,4,6,0,0
CzvYx,CPBL-2026-oB,2026,一軍,2026-05-24,例行賽,台鋼雄鷹,UuZ3x,home,統一7-ELEVEn獅,5,7,12,1,0
CzvYx,CPBL-2026-oB,2026,一軍,2026-05-24,例行賽,統一7-ELEVEn獅,NsGzj,away,台鋼雄鷹,7,5,12,1,1
ShsaU,CPBL-2026-oB,2026,一軍,2026-05-24,例行賽,中信兄弟,RAe8S,home,味全龍,0,5,6,0,0
ShsaU,CPBL-2026-oB,2026,一軍,2026-05-24,例行賽,味全龍,GJ5tu,away,中信兄弟,5,0,10,0,1
2ILp1,CPBL-2026-oB,2026,一軍,2026-05-23,例行賽,中信兄弟,RAe8S,home,味全龍,0,2,5,0,0
2ILp1,CPBL-2026-oB,2026,一軍,2026-05-23,例行賽,味全龍,GJ5tu,away,中信兄弟,2,0,5,0,1
5pFWP,CPBL-2026-oB,2026,一軍,2026-05-23,例行賽,樂天桃猿,b7yJt,home,富邦悍將,1,3,8,1,0
5pFWP,CPBL-2026-oB,2026,一軍,2026-05-23,例行賽,富邦悍將,H0zzP,away,樂天桃猿,3,1,9,0,1
umqEZ,CPBL-2026-oB,2026,一軍,2026-05-23,例行賽,台鋼雄鷹,UuZ3x,home,統一7-ELEVEn獅,2,0,6,0,1
umqEZ,CPBL-2026-oB,2026,一軍,2026-05-23,例行賽,統一7-ELEVEn獅,NsGzj,away,台鋼雄鷹,0,2,4,0,0
iofgh,CPBL-2026-oB,2026,一軍,2026-05-22,例行賽,台鋼雄鷹,UuZ3x,home,統一7-ELEVEn獅,3,1,8,0,1
iofgh,CPBL-2026-oB,2026,一軍,2026-05-22,例行賽,統一7-ELEVEn獅,NsGzj,away,台鋼雄鷹,1,3,7,1,0
xSnE1,CPBL-2026-oB,2026,一軍,2026-05-22,例行賽,中信兄弟,RAe8S,home,味全龍,2,7,8,0,0
xSnE1,CPBL-2026-oB,2026,一軍,2026-05-22,例行賽,味全龍,GJ5tu,away,中信兄弟,7,2,11,0,1
TgAWc,CPBL-2026-oB,2026,一軍,2026-05-22,例行賽,樂天桃猿,b7yJt,home,富邦悍將,3,2,8,0,1
TgAWc,CPBL-2026-oB,2026,一軍,2026-05-22,例行賽,富邦悍將,H0zzP,away,樂天桃猿,2,3,6,0,0
r0AlK,CPBL-2026-oB,2026,一軍,2026-05-21,例行賽,富邦悍將,H0zzP,home,統一7-ELEVEn獅,6,2,9,0,1
r0AlK,CPBL-2026-oB,2026,一軍,2026-05-21,例行賽,統一7-ELEVEn獅,NsGzj,away,富邦悍將,2,6,8,0,0
91ohx,CPBL-2026-oB,2026,一軍,2026-05-20,例行賽,富邦悍將,H0zzP,home,統一7-ELEVEn獅,9,2,11,0,1
91ohx,CPBL-2026-oB,2026,一軍,2026-05-20,例行賽,統一7-ELEVEn獅,NsGzj,away,富邦悍將,2,9,5,2,0
FT4zg,CPBL-2026-oB,2026,一軍,2026-05-20,例行賽,樂天桃猿,b7yJt,home,中信兄弟,9,7,13,1,1
FT4zg,CPBL-2026-oB,2026,一軍,2026-05-20,例行賽,中信兄弟,RAe8S,away,樂天桃猿,7,9,10,1,0
2jwzB,CPBL-2026-oB,2026,一軍,2026-05-20,例行賽,味全龍,GJ5tu,home,台鋼雄鷹,5,2,9,0,1
2jwzB,CPBL-2026-oB,2026,一軍,2026-05-20,例行賽,台鋼雄鷹,UuZ3x,away,味全龍,2,5,8,2,0
XkgRb,CPBL-2026-oB,2026,一軍,2026-05-19,例行賽,味全龍,GJ5tu,home,台鋼雄鷹,2,0,9,1,1
XkgRb,CPBL-2026-oB,2026,一軍,2026-05-19,例行賽,台鋼雄鷹,UuZ3x,away,味全龍,0,2,7,1,0
BWiPO,CPBL-2026-oB,2026,一軍,2026-05-17,例行賽,富邦悍將,H0zzP,home,台鋼雄鷹,5,6,7,1,0
BWiPO,CPBL-2026-oB,2026,一軍,2026-05-17,例行賽,台鋼雄鷹,UuZ3x,away,富邦悍將,6,5,8,3,1
zsQYA,CPBL-2026-oB,2026,一軍,2026-05-17,例行賽,味全龍,GJ5tu,home,樂天桃猿,2,0,4,2,1
zsQYA,CPBL-2026-oB,2026,一軍,2026-05-17,例行賽,樂天桃猿,b7yJt,away,味全龍,0,2,5,1,0
MiNrZ,CPBL-2026-oB,2026,一軍,2026-05-17,例行賽,統一7-ELEVEn獅,NsGzj,home,中信兄弟,4,3,6,0,1
MiNrZ,CPBL-2026-oB,2026,一軍,2026-05-17,例行賽,中信兄弟,RAe8S,away,統一7-ELEVEn獅,3,4,8,0,0
iYUUY,CPBL-2026-oB,2026,一軍,2026-05-16,例行賽,富邦悍將,H0zzP,home,台鋼雄鷹,6,3,13,0,1
iYUUY,CPBL-2026-oB,2026,一軍,2026-05-16,例行賽,台鋼雄鷹,UuZ3x,away,富邦悍將,3,6,13,0,0
OcarC,CPBL-2026-oB,2026,一軍,2026-05-16,例行賽,味全龍,GJ5tu,home,樂天桃猿,3,1,8,1,1
OcarC,CPBL-2026-oB,2026,一軍,2026-05-16,例行賽,樂天桃猿,b7yJt,away,味全龍,1,3,6,0,0
tNRvn,CPBL-2026-oB,2026,一軍,2026-05-16,例行賽,統一7-ELEVEn獅,NsGzj,home,中信兄弟,0,1,7,0,0
tNRvn,CPBL-2026-oB,2026,一軍,2026-05-16,例行賽,中信兄弟,RAe8S,away,統一7-ELEVEn獅,1,0,7,0,1
5VI0o,CPBL-2026-oB,2026,一軍,2026-05-15,例行賽,富邦悍將,H0zzP,home,台鋼雄鷹,3,1,5,0,1
5VI0o,CPBL-2026-oB,2026,一軍,2026-05-15,例行賽,台鋼雄鷹,UuZ3x,away,富邦悍將,1,3,4,0,0
5MVVm,CPBL-2026-oB,2026,一軍,2026-05-15,例行賽,味全龍,GJ5tu,home,樂天桃猿,3,1,7,0,1
5MVVm,CPBL-2026-oB,2026,一軍,2026-05-15,例行賽,樂天桃猿,b7yJt,away,味全龍,1,3,9,0,0
bvKOH,CPBL-2026-oB,2026,一軍,2026-05-15,例行賽,統一7-ELEVEn獅,NsGzj,home,中信兄弟,4,7,7,2,0
bvKOH,CPBL-2026-oB,2026,一軍,2026-05-15,例行賽,中信兄弟,RAe8S,away,統一7-ELEVEn獅,7,4,11,0,1
VxdTV,CPBL-2026-oB,2026,一軍,2026-05-14,例行賽,台鋼雄鷹,UuZ3x,home,樂天桃猿,3,2,11,0,1
VxdTV,CPBL-2026-oB,2026,一軍,2026-05-14,例行賽,樂天桃猿,b7yJt,away,台鋼雄鷹,2,3,6,0,0
cdjBA,CPBL-2026-oB,2026,一軍,2026-05-13,例行賽,台鋼雄鷹,UuZ3x,home,樂天桃猿,1,3,3,2,0
cdjBA,CPBL-2026-oB,2026,一軍,2026-05-13,例行賽,樂天桃猿,b7yJt,away,台鋼雄鷹,3,1,8,0,1
BSRnd,CPBL-2026-oB,2026,一軍,2026-05-13,例行賽,中信兄弟,RAe8S,home,富邦悍將,2,17,11,0,0
BSRnd,CPBL-2026-oB,2026,一軍,2026-05-13,例行賽,富邦悍將,H0zzP,away,中信兄弟,17,2,18,1,1
iZ5KQ,CPBL-2026-oB,2026,一軍,2026-05-13,例行賽,統一7-ELEVEn獅,NsGzj,home,味全龍,2,1,5,0,1
iZ5KQ,CPBL-2026-oB,2026,一軍,2026-05-13,例行賽,味全龍,GJ5tu,away,統一7-ELEVEn獅,1,2,4,1,0
CDc0Y,CPBL-2026-oB,2026,一軍,2026-05-12,例行賽,統一7-ELEVEn獅,NsGzj,home,味全龍,5,3,12,1,1
CDc0Y,CPBL-2026-oB,2026,一軍,2026-05-12,例行賽,味全龍,GJ5tu,away,統一7-ELEVEn獅,3,5,10,3,0
zUJPL,CPBL-2026-oB,2026,一軍,2026-05-12,例行賽,富邦悍將,H0zzP,home,中信兄弟,2,1,4,0,1
zUJPL,CPBL-2026-oB,2026,一軍,2026-05-12,例行賽,中信兄弟,RAe8S,away,富邦悍將,1,2,5,0,0
RShdF,CPBL-2026-oB,2026,一軍,2026-05-10,例行賽,中信兄弟,RAe8S,home,台鋼雄鷹,0,2,6,0,0
RShdF,CPBL-2026-oB,2026,一軍,2026-05-10,例行賽,台鋼雄鷹,UuZ3x,away,中信兄弟,2,0,5,0,1
wHfzA,CPBL-2026-oB,2026,一軍,2026-05-10,例行賽,樂天桃猿,b7yJt,home,統一7-ELEVEn獅,7,2,11,1,1
wHfzA,CPBL-2026-oB,2026,一軍,2026-05-10,例行賽,統一7-ELEVEn獅,NsGzj,away,樂天桃猿,2,7,9,0,0
nIT5J,CPBL-2026-oB,2026,一軍,2026-05-10,例行賽,富邦悍將,H0zzP,home,味全龍,8,7,16,0,1
nIT5J,CPBL-2026-oB,2026,一軍,2026-05-10,例行賽,味全龍,GJ5tu,away,富邦悍將,7,8,13,1,0
kA0ee,CPBL-2026-oB,2026,一軍,2026-05-09,例行賽,中信兄弟,RAe8S,home,台鋼雄鷹,4,2,6,1,1
kA0ee,CPBL-2026-oB,2026,一軍,2026-05-09,例行賽,台鋼雄鷹,UuZ3x,away,中信兄弟,2,4,10,2,0
IO0Ni,CPBL-2026-oB,2026,一軍,2026-05-09,例行賽,樂天桃猿,b7yJt,home,統一7-ELEVEn獅,0,1,7,0,0
IO0Ni,CPBL-2026-oB,2026,一軍,2026-05-09,例行賽,統一7-ELEVEn獅,NsGzj,away,樂天桃猿,1,0,6,0,1
oot60,CPBL-2026-oB,2026,一軍,2026-05-09,例行賽,富邦悍將,H0zzP,home,味全龍,2,8,8,2,0
oot60,CPBL-2026-oB,2026,一軍,2026-05-09,例行賽,味全龍,GJ5tu,away,富邦悍將,8,2,10,0,1
OPVVo,CPBL-2026-oB,2026,一軍,2026-05-08,例行賽,中信兄弟,RAe8S,home,台鋼雄鷹,0,6,8,1,0
OPVVo,CPBL-2026-oB,2026,一軍,2026-05-08,例行賽,台鋼雄鷹,UuZ3x,away,中信兄弟,6,0,7,0,1
Fix82,CPBL-2026-oB,2026,一軍,2026-05-08,例行賽,樂天桃猿,b7yJt,home,統一7-ELEVEn獅,2,1,6,0,1
Fix82,CPBL-2026-oB,2026,一軍,2026-05-08,例行賽,統一7-ELEVEn獅,NsGzj,away,樂天桃猿,1,2,7,2,0
YCpGD,CPBL-2026-oB,2026,一軍,2026-05-08,例行賽,富邦悍將,H0zzP,home,味全龍,2,1,5,1,1
YCpGD,CPBL-2026-oB,2026,一軍,2026-05-08,例行賽,味全龍,GJ5tu,away,富邦悍將,1,2,4,1,0
uo8jw,CPBL-2026-oB,2026,一軍,2026-05-06,例行賽,統一7-ELEVEn獅,NsGzj,home,台鋼雄鷹,4,1,8,0,1
uo8jw,CPBL-2026-oB,2026,一軍,2026-05-06,例行賽,台鋼雄鷹,UuZ3x,away,統一7-ELEVEn獅,1,4,9,1,0
85EP5,CPBL-2026-oB,2026,一軍,2026-05-06,例行賽,味全龍,GJ5tu,home,中信兄弟,0,6,6,0,0
85EP5,CPBL-2026-oB,2026,一軍,2026-05-06,例行賽,中信兄弟,RAe8S,away,味全龍,6,0,13,1,1
bLWyG,CPBL-2026-oB,2026,一軍,2026-05-06,例行賽,富邦悍將,H0zzP,home,樂天桃猿,7,1,12,0,1
bLWyG,CPBL-2026-oB,2026,一軍,2026-05-06,例行賽,樂天桃猿,b7yJt,away,富邦悍將,1,7,9,1,0
60QG7,CPBL-2026-oB,2026,一軍,2026-05-05,例行賽,味全龍,GJ5tu,home,中信兄弟,5,3,8,0,1
60QG7,CPBL-2026-oB,2026,一軍,2026-05-05,例行賽,中信兄弟,RAe8S,away,味全龍,3,5,11,0,0
j4kov,CPBL-2026-oB,2026,一軍,2026-05-03,例行賽,味全龍,GJ5tu,home,富邦悍將,6,4,9,0,1
j4kov,CPBL-2026-oB,2026,一軍,2026-05-03,例行賽,富邦悍將,H0zzP,away,味全龍,4,6,10,1,0
3U75w,CPBL-2026-oB,2026,一軍,2026-05-03,例行賽,統一7-ELEVEn獅,NsGzj,home,樂天桃猿,4,1,5,1,1
3U75w,CPBL-2026-oB,2026,一軍,2026-05-03,例行賽,樂天桃猿,b7yJt,away,統一7-ELEVEn獅,1,4,3,1,0
hwgvG,CPBL-2026-oB,2026,一軍,2026-05-03,例行賽,台鋼雄鷹,UuZ3x,home,中信兄弟,3,2,7,0,1
hwgvG,CPBL-2026-oB,2026,一軍,2026-05-03,例行賽,中信兄弟,RAe8S,away,台鋼雄鷹,2,3,2,0,0
D5FjN,CPBL-2026-oB,2026,一軍,2026-05-02,例行賽,味全龍,GJ5tu,home,富邦悍將,4,5,8,0,0
D5FjN,CPBL-2026-oB,2026,一軍,2026-05-02,例行賽,富邦悍將,H0zzP,away,味全龍,5,4,8,0,1
hak0C,CPBL-2026-oB,2026,一軍,2026-05-02,例行賽,台鋼雄鷹,UuZ3x,home,中信兄弟,2,0,7,0,1
hak0C,CPBL-2026-oB,2026,一軍,2026-05-02,例行賽,中信兄弟,RAe8S,away,台鋼雄鷹,0,2,4,1,0
f5t9t,CPBL-2026-oB,2026,一軍,2026-05-02,例行賽,統一7-ELEVEn獅,NsGzj,home,樂天桃猿,9,2,13,0,1
f5t9t,CPBL-2026-oB,2026,一軍,2026-05-02,例行賽,樂天桃猿,b7yJt,away,統一7-ELEVEn獅,2,9,8,3,0
SgSxl,CPBL-2026-oB,2026,一軍,2026-05-01,例行賽,味全龍,GJ5tu,home,富邦悍將,3,1,5,0,1
SgSxl,CPBL-2026-oB,2026,一軍,2026-05-01,例行賽,富邦悍將,H0zzP,away,味全龍,1,3,7,4,0
OB8x3,CPBL-2026-oB,2026,一軍,2026-05-01,例行賽,台鋼雄鷹,UuZ3x,home,中信兄弟,0,2,9,0,0
OB8x3,CPBL-2026-oB,2026,一軍,2026-05-01,例行賽,中信兄弟,RAe8S,away,台鋼雄鷹,2,0,3,0,1
8wLQU,CPBL-2026-oB,2026,一軍,2026-05-01,例行賽,統一7-ELEVEn獅,NsGzj,home,樂天桃猿,3,0,7,1,1
8wLQU,CPBL-2026-oB,2026,一軍,2026-05-01,例行賽,樂天桃猿,b7yJt,away,統一7-ELEVEn獅,0,3,5,0,0
PTH8b,CPBL-2026-oB,2026,一軍,2026-04-30,例行賽,中信兄弟,RAe8S,home,樂天桃猿,1,3,1,1,0
PTH8b,CPBL-2026-oB,2026,一軍,2026-04-30,例行賽,樂天桃猿,b7yJt,away,中信兄弟,3,1,6,0,1
sbzxH,CPBL-2026-oB,2026,一軍,2026-04-29,例行賽,富邦悍將,H0zzP,home,台鋼雄鷹,1,5,8,0,0
sbzxH,CPBL-2026-oB,2026,一軍,2026-04-29,例行賽,台鋼雄鷹,UuZ3x,away,富邦悍將,5,1,8,1,1
kXJV1,CPBL-2026-oB,2026,一軍,2026-04-29,例行賽,中信兄弟,RAe8S,home,樂天桃猿,2,2,6,1,
kXJV1,CPBL-2026-oB,2026,一軍,2026-04-29,例行賽,樂天桃猿,b7yJt,away,中信兄弟,2,2,7,2,
ZY6hT,CPBL-2026-oB,2026,一軍,2026-04-29,例行賽,味全龍,GJ5tu,home,統一7-ELEVEn獅,1,0,5,2,1
ZY6hT,CPBL-2026-oB,2026,一軍,2026-04-29,例行賽,統一7-ELEVEn獅,NsGzj,away,味全龍,0,1,6,1,0
BlizF,CPBL-2026-oB,2026,一軍,2026-04-28,例行賽,富邦悍將,H0zzP,home,台鋼雄鷹,6,0,10,1,1
BlizF,CPBL-2026-oB,2026,一軍,2026-04-28,例行賽,台鋼雄鷹,UuZ3x,away,富邦悍將,0,6,3,3,0
xX3PE,CPBL-2026-oB,2026,一軍,2026-04-28,例行賽,味全龍,GJ5tu,home,統一7-ELEVEn獅,5,3,9,1,1
xX3PE,CPBL-2026-oB,2026,一軍,2026-04-28,例行賽,統一7-ELEVEn獅,NsGzj,away,味全龍,3,5,7,1,0
ZSXnb,CPBL-2026-oB,2026,一軍,2026-04-26,例行賽,樂天桃猿,b7yJt,home,味全龍,3,2,8,1,1
ZSXnb,CPBL-2026-oB,2026,一軍,2026-04-26,例行賽,味全龍,GJ5tu,away,樂天桃猿,2,3,6,1,0
G6qfU,CPBL-2026-oB,2026,一軍,2026-04-26,例行賽,中信兄弟,RAe8S,home,富邦悍將,5,8,8,0,0
G6qfU,CPBL-2026-oB,2026,一軍,2026-04-26,例行賽,富邦悍將,H0zzP,away,中信兄弟,8,5,9,0,1
t6ETa,CPBL-2026-oB,2026,一軍,2026-04-26,例行賽,統一7-ELEVEn獅,NsGzj,home,台鋼雄鷹,9,5,13,1,1
t6ETa,CPBL-2026-oB,2026,一軍,2026-04-26,例行賽,台鋼雄鷹,UuZ3x,away,統一7-ELEVEn獅,5,9,13,0,0
I8Wp1,CPBL-2026-oB,2026,一軍,2026-04-25,例行賽,樂天桃猿,b7yJt,home,味全龍,1,4,5,0,0
I8Wp1,CPBL-2026-oB,2026,一軍,2026-04-25,例行賽,味全龍,GJ5tu,away,樂天桃猿,4,1,9,0,1
HAtpQ,CPBL-2026-oB,2026,一軍,2026-04-25,例行賽,中信兄弟,RAe8S,home,富邦悍將,1,0,6,0,1
HAtpQ,CPBL-2026-oB,2026,一軍,2026-04-25,例行賽,富邦悍將,H0zzP,away,中信兄弟,0,1,6,0,0
hwrff,CPBL-2026-oB,2026,一軍,2026-04-25,例行賽,統一7-ELEVEn獅,NsGzj,home,台鋼雄鷹,6,4,8,1,1
hwrff,CPBL-2026-oB,2026,一軍,2026-04-25,例行賽,台鋼雄鷹,UuZ3x,away,統一7-ELEVEn獅,4,6,10,0,0
XM40J,CPBL-2026-oB,2026,一軍,2026-04-24,例行賽,統一7-ELEVEn獅,NsGzj,home,台鋼雄鷹,7,6,10,1,1
XM40J,CPBL-2026-oB,2026,一軍,2026-04-24,例行賽,台鋼雄鷹,UuZ3x,away,統一7-ELEVEn獅,6,7,11,1,0
8rLfz,CPBL-2026-oB,2026,一軍,2026-04-23,例行賽,台鋼雄鷹,UuZ3x,home,味全龍,4,3,12,0,1
8rLfz,CPBL-2026-oB,2026,一軍,2026-04-23,例行賽,味全龍,GJ5tu,away,台鋼雄鷹,3,4,9,1,0
bV94m,CPBL-2026-oB,2026,一軍,2026-04-22,例行賽,台鋼雄鷹,UuZ3x,home,味全龍,0,8,3,1,0
bV94m,CPBL-2026-oB,2026,一軍,2026-04-22,例行賽,味全龍,GJ5tu,away,台鋼雄鷹,8,0,13,1,1
PHvdC,CPBL-2026-oB,2026,一軍,2026-04-22,例行賽,樂天桃猿,b7yJt,home,富邦悍將,4,2,10,1,1
PHvdC,CPBL-2026-oB,2026,一軍,2026-04-22,例行賽,富邦悍將,H0zzP,away,樂天桃猿,2,4,6,0,0
Uzdu2,CPBL-2026-oB,2026,一軍,2026-04-22,例行賽,統一7-ELEVEn獅,NsGzj,home,中信兄弟,2,7,5,1,0
Uzdu2,CPBL-2026-oB,2026,一軍,2026-04-22,例行賽,中信兄弟,RAe8S,away,統一7-ELEVEn獅,7,2,8,0,1
GvnuC,CPBL-2026-oB,2026,一軍,2026-04-21,例行賽,樂天桃猿,b7yJt,home,富邦悍將,6,1,11,2,1
GvnuC,CPBL-2026-oB,2026,一軍,2026-04-21,例行賽,富邦悍將,H0zzP,away,樂天桃猿,1,6,3,2,0
NiV53,CPBL-2026-oB,2026,一軍,2026-04-21,例行賽,統一7-ELEVEn獅,NsGzj,home,中信兄弟,0,6,0,0,0
NiV53,CPBL-2026-oB,2026,一軍,2026-04-21,例行賽,中信兄弟,RAe8S,away,統一7-ELEVEn獅,6,0,14,0,1
quPX3,CPBL-2026-oB,2026,一軍,2026-04-19,例行賽,富邦悍將,H0zzP,home,統一7-ELEVEn獅,7,1,9,1,1
quPX3,CPBL-2026-oB,2026,一軍,2026-04-19,例行賽,統一7-ELEVEn獅,NsGzj,away,富邦悍將,1,7,5,1,0
1EqFQ,CPBL-2026-oB,2026,一軍,2026-04-19,例行賽,味全龍,GJ5tu,home,中信兄弟,9,3,7,0,1
1EqFQ,CPBL-2026-oB,2026,一軍,2026-04-19,例行賽,中信兄弟,RAe8S,away,味全龍,3,9,9,1,0
CsksN,CPBL-2026-oB,2026,一軍,2026-04-19,例行賽,台鋼雄鷹,UuZ3x,home,樂天桃猿,5,4,7,1,1
CsksN,CPBL-2026-oB,2026,一軍,2026-04-19,例行賽,樂天桃猿,b7yJt,away,台鋼雄鷹,4,5,10,0,0
JvSwL,CPBL-2026-oB,2026,一軍,2026-04-18,例行賽,味全龍,GJ5tu,home,中信兄弟,8,1,12,1,1
JvSwL,CPBL-2026-oB,2026,一軍,2026-04-18,例行賽,中信兄弟,RAe8S,away,味全龍,1,8,8,0,0
DA5n4,CPBL-2026-oB,2026,一軍,2026-04-18,例行賽,富邦悍將,H0zzP,home,統一7-ELEVEn獅,1,0,3,0,1
DA5n4,CPBL-2026-oB,2026,一軍,2026-04-18,例行賽,統一7-ELEVEn獅,NsGzj,away,富邦悍將,0,1,7,1,0
Hob1Y,CPBL-2026-oB,2026,一軍,2026-04-18,例行賽,台鋼雄鷹,UuZ3x,home,樂天桃猿,6,1,9,1,1
Hob1Y,CPBL-2026-oB,2026,一軍,2026-04-18,例行賽,樂天桃猿,b7yJt,away,台鋼雄鷹,1,6,6,1,0
vxM9b,CPBL-2026-oB,2026,一軍,2026-04-17,例行賽,味全龍,GJ5tu,home,中信兄弟,3,5,7,1,0
vxM9b,CPBL-2026-oB,2026,一軍,2026-04-17,例行賽,中信兄弟,RAe8S,away,味全龍,5,3,9,0,1
L0jYz,CPBL-2026-oB,2026,一軍,2026-04-17,例行賽,富邦悍將,H0zzP,home,統一7-ELEVEn獅,5,9,8,2,0
L0jYz,CPBL-2026-oB,2026,一軍,2026-04-17,例行賽,統一7-ELEVEn獅,NsGzj,away,富邦悍將,9,5,16,0,1
Hc6cp,CPBL-2026-oB,2026,一軍,2026-04-17,例行賽,台鋼雄鷹,UuZ3x,home,樂天桃猿,3,6,7,1,0
Hc6cp,CPBL-2026-oB,2026,一軍,2026-04-17,例行賽,樂天桃猿,b7yJt,away,台鋼雄鷹,6,3,11,1,1
LODD3,CPBL-2026-oB,2026,一軍,2026-04-16,例行賽,樂天桃猿,b7yJt,home,統一7-ELEVEn獅,3,7,7,2,0
LODD3,CPBL-2026-oB,2026,一軍,2026-04-16,例行賽,統一7-ELEVEn獅,NsGzj,away,樂天桃猿,7,3,12,0,1
AuQX3,CPBL-2026-oB,2026,一軍,2026-04-15,例行賽,樂天桃猿,b7yJt,home,統一7-ELEVEn獅,1,5,6,1,0
AuQX3,CPBL-2026-oB,2026,一軍,2026-04-15,例行賽,統一7-ELEVEn獅,NsGzj,away,樂天桃猿,5,1,8,0,1
vACHU,CPBL-2026-oB,2026,一軍,2026-04-15,例行賽,中信兄弟,RAe8S,home,台鋼雄鷹,0,4,6,0,0
vACHU,CPBL-2026-oB,2026,一軍,2026-04-15,例行賽,台鋼雄鷹,UuZ3x,away,中信兄弟,4,0,8,0,1
i0Ttv,CPBL-2026-oB,2026,一軍,2026-04-15,例行賽,富邦悍將,H0zzP,home,味全龍,0,1,9,1,0
i0Ttv,CPBL-2026-oB,2026,一軍,2026-04-15,例行賽,味全龍,GJ5tu,away,富邦悍將,1,0,8,0,1
i1B9E,CPBL-2026-oB,2026,一軍,2026-04-14,例行賽,中信兄弟,RAe8S,home,台鋼雄鷹,4,8,5,1,0
i1B9E,CPBL-2026-oB,2026,一軍,2026-04-14,例行賽,台鋼雄鷹,UuZ3x,away,中信兄弟,8,4,13,0,1
k2RmU,CPBL-2026-oB,2026,一軍,2026-04-14,例行賽,富邦悍將,H0zzP,home,味全龍,4,3,7,1,1
k2RmU,CPBL-2026-oB,2026,一軍,2026-04-14,例行賽,味全龍,GJ5tu,away,富邦悍將,3,4,9,0,0
SUa5j,CPBL-2026-oB,2026,一軍,2026-04-12,例行賽,樂天桃猿,b7yJt,home,中信兄弟,4,14,10,2,0
SUa5j,CPBL-2026-oB,2026,一軍,2026-04-12,例行賽,中信兄弟,RAe8S,away,樂天桃猿,14,4,19,0,1
uQS6I,CPBL-2026-oB,2026,一軍,2026-04-12,例行賽,統一7-ELEVEn獅,NsGzj,home,味全龍,2,4,6,0,0
uQS6I,CPBL-2026-oB,2026,一軍,2026-04-12,例行賽,味全龍,GJ5tu,away,統一7-ELEVEn獅,4,2,6,0,1
bN1Bu,CPBL-2026-oB,2026,一軍,2026-04-12,例行賽,台鋼雄鷹,UuZ3x,home,富邦悍將,12,5,17,0,1
bN1Bu,CPBL-2026-oB,2026,一軍,2026-04-12,例行賽,富邦悍將,H0zzP,away,台鋼雄鷹,5,12,10,1,0
SIHBH,CPBL-2026-oB,2026,一軍,2026-04-11,例行賽,樂天桃猿,b7yJt,home,中信兄弟,2,1,5,0,1
SIHBH,CPBL-2026-oB,2026,一軍,2026-04-11,例行賽,中信兄弟,RAe8S,away,樂天桃猿,1,2,7,0,0
0RAOJ,CPBL-2026-oB,2026,一軍,2026-04-11,例行賽,統一7-ELEVEn獅,NsGzj,home,味全龍,0,8,8,1,0
0RAOJ,CPBL-2026-oB,2026,一軍,2026-04-11,例行賽,味全龍,GJ5tu,away,統一7-ELEVEn獅,8,0,15,0,1
Y9P3F,CPBL-2026-oB,2026,一軍,2026-04-11,例行賽,台鋼雄鷹,UuZ3x,home,富邦悍將,12,0,14,0,1
Y9P3F,CPBL-2026-oB,2026,一軍,2026-04-11,例行賽,富邦悍將,H0zzP,away,台鋼雄鷹,0,12,5,1,0
OzPYD,CPBL-2026-oB,2026,一軍,2026-04-10,例行賽,樂天桃猿,b7yJt,home,中信兄弟,4,2,7,1,1
OzPYD,CPBL-2026-oB,2026,一軍,2026-04-10,例行賽,中信兄弟,RAe8S,away,樂天桃猿,2,4,7,1,0
cDtrA,CPBL-2026-oB,2026,一軍,2026-04-10,例行賽,統一7-ELEVEn獅,NsGzj,home,味全龍,2,4,6,0,0
cDtrA,CPBL-2026-oB,2026,一軍,2026-04-10,例行賽,味全龍,GJ5tu,away,統一7-ELEVEn獅,4,2,7,1,1
ft7wR,CPBL-2026-oB,2026,一軍,2026-04-10,例行賽,台鋼雄鷹,UuZ3x,home,富邦悍將,2,6,9,1,0
ft7wR,CPBL-2026-oB,2026,一軍,2026-04-10,例行賽,富邦悍將,H0zzP,away,台鋼雄鷹,6,2,11,0,1
KMMG8,CPBL-2026-oB,2026,一軍,2026-04-07,例行賽,台鋼雄鷹,UuZ3x,home,統一7-ELEVEn獅,1,1,5,1,
KMMG8,CPBL-2026-oB,2026,一軍,2026-04-07,例行賽,統一7-ELEVEn獅,NsGzj,away,台鋼雄鷹,1,1,5,0,
cpCIe,CPBL-2026-oB,2026,一軍,2026-04-06,例行賽,富邦悍將,H0zzP,home,中信兄弟,5,4,9,1,1
cpCIe,CPBL-2026-oB,2026,一軍,2026-04-06,例行賽,中信兄弟,RAe8S,away,富邦悍將,4,5,13,0,0
J5kRG,CPBL-2026-oB,2026,一軍,2026-04-06,例行賽,味全龍,GJ5tu,home,樂天桃猿,0,1,5,2,0
J5kRG,CPBL-2026-oB,2026,一軍,2026-04-06,例行賽,樂天桃猿,b7yJt,away,味全龍,1,0,6,0,1
18f9q,CPBL-2026-oB,2026,一軍,2026-04-06,例行賽,台鋼雄鷹,UuZ3x,home,統一7-ELEVEn獅,7,4,7,1,1
18f9q,CPBL-2026-oB,2026,一軍,2026-04-06,例行賽,統一7-ELEVEn獅,NsGzj,away,台鋼雄鷹,4,7,6,1,0
T8sYv,CPBL-2026-oB,2026,一軍,2026-04-05,例行賽,富邦悍將,H0zzP,home,樂天桃猿,1,5,6,0,0
T8sYv,CPBL-2026-oB,2026,一軍,2026-04-05,例行賽,樂天桃猿,b7yJt,away,富邦悍將,5,1,9,0,1
54qs5,CPBL-2026-oB,2026,一軍,2026-04-05,例行賽,中信兄弟,RAe8S,home,統一7-ELEVEn獅,4,9,11,0,0
54qs5,CPBL-2026-oB,2026,一軍,2026-04-05,例行賽,統一7-ELEVEn獅,NsGzj,away,中信兄弟,9,4,12,0,1
VmgSH,CPBL-2026-oB,2026,一軍,2026-04-05,例行賽,味全龍,GJ5tu,home,台鋼雄鷹,2,1,5,0,1
VmgSH,CPBL-2026-oB,2026,一軍,2026-04-05,例行賽,台鋼雄鷹,UuZ3x,away,味全龍,1,2,4,0,0
fJDTg,CPBL-2026-oB,2026,一軍,2026-04-04,例行賽,味全龍,GJ5tu,home,台鋼雄鷹,6,7,9,1,0
fJDTg,CPBL-2026-oB,2026,一軍,2026-04-04,例行賽,台鋼雄鷹,UuZ3x,away,味全龍,7,6,11,0,1
rk0EJ,CPBL-2026-oB,2026,一軍,2026-04-03,例行賽,味全龍,GJ5tu,home,台鋼雄鷹,5,4,10,2,1
rk0EJ,CPBL-2026-oB,2026,一軍,2026-04-03,例行賽,台鋼雄鷹,UuZ3x,away,味全龍,4,5,6,0,0
gSqiw,CPBL-2026-oB,2026,一軍,2026-04-03,例行賽,富邦悍將,H0zzP,home,樂天桃猿,3,2,7,2,1
gSqiw,CPBL-2026-oB,2026,一軍,2026-04-03,例行賽,樂天桃猿,b7yJt,away,富邦悍將,2,3,4,0,0
pWzi4,CPBL-2026-oB,2026,一軍,2026-04-03,例行賽,中信兄弟,RAe8S,home,統一7-ELEVEn獅,2,6,3,0,0
pWzi4,CPBL-2026-oB,2026,一軍,2026-04-03,例行賽,統一7-ELEVEn獅,NsGzj,away,中信兄弟,6,2,12,1,1
F5ntQ,CPBL-2026-oB,2026,一軍,2026-04-01,例行賽,統一7-ELEVEn獅,NsGzj,home,富邦悍將,4,2,8,0,1
F5ntQ,CPBL-2026-oB,2026,一軍,2026-04-01,例行賽,富邦悍將,H0zzP,away,統一7-ELEVEn獅,2,4,6,1,0
X1Dsr,CPBL-2026-oB,2026,一軍,2026-04-01,例行賽,樂天桃猿,b7yJt,home,台鋼雄鷹,1,6,8,0,0
X1Dsr,CPBL-2026-oB,2026,一軍,2026-04-01,例行賽,台鋼雄鷹,UuZ3x,away,樂天桃猿,6,1,10,1,1
jlpHu,CPBL-2026-oB,2026,一軍,2026-04-01,例行賽,中信兄弟,RAe8S,home,味全龍,2,8,6,0,0
jlpHu,CPBL-2026-oB,2026,一軍,2026-04-01,例行賽,味全龍,GJ5tu,away,中信兄弟,8,2,13,2,1
AKUsB,CPBL-2026-oB,2026,一軍,2026-03-31,例行賽,統一7-ELEVEn獅,NsGzj,home,富邦悍將,3,5,7,0,0
AKUsB,CPBL-2026-oB,2026,一軍,2026-03-31,例行賽,富邦悍將,H0zzP,away,統一7-ELEVEn獅,5,3,11,0,1
OhZGS,CPBL-2026-oB,2026,一軍,2026-03-31,例行賽,樂天桃猿,b7yJt,home,台鋼雄鷹,1,3,2,0,0
OhZGS,CPBL-2026-oB,2026,一軍,2026-03-31,例行賽,台鋼雄鷹,UuZ3x,away,樂天桃猿,3,1,7,0,1
nMU51,CPBL-2026-oB,2026,一軍,2026-03-31,例行賽,中信兄弟,RAe8S,home,味全龍,4,1,5,0,1
nMU51,CPBL-2026-oB,2026,一軍,2026-03-31,例行賽,味全龍,GJ5tu,away,中信兄弟,1,4,5,1,0
WAJFz,CPBL-2026-oB,2026,一軍,2026-03-29,例行賽,中信兄弟,RAe8S,home,富邦悍將,2,8,11,1,0
WAJFz,CPBL-2026-oB,2026,一軍,2026-03-29,例行賽,富邦悍將,H0zzP,away,中信兄弟,8,2,17,0,1
VtD8Q,CPBL-2026-oB,2026,一軍,2026-03-29,例行賽,樂天桃猿,b7yJt,home,味全龍,2,3,8,2,0
VtD8Q,CPBL-2026-oB,2026,一軍,2026-03-29,例行賽,味全龍,GJ5tu,away,樂天桃猿,3,2,6,0,1
s6CGJ,CPBL-2026-oB,2026,一軍,2026-03-29,例行賽,統一7-ELEVEn獅,NsGzj,home,台鋼雄鷹,3,1,7,0,1
s6CGJ,CPBL-2026-oB,2026,一軍,2026-03-29,例行賽,台鋼雄鷹,UuZ3x,away,統一7-ELEVEn獅,1,3,5,0,0
vcrRn,CPBL-2026-oB,2026,一軍,2026-03-28,例行賽,樂天桃猿,b7yJt,home,中信兄弟,3,2,8,0,1
vcrRn,CPBL-2026-oB,2026,一軍,2026-03-28,例行賽,中信兄弟,RAe8S,away,樂天桃猿,2,3,10,1,0
135a3,CPBL-2026-4j,2026,一軍-2,2026-03-25,春訓,統一7-ELEVEn獅,1K0VJ,home,台鋼雄鷹,5,6,10,1,0
135a3,CPBL-2026-4j,2026,一軍-2,2026-03-25,春訓,台鋼雄鷹,Zay48,away,統一7-ELEVEn獅,6,5,8,1,1
Qp3a6,CPBL-2026-4j,2026,一軍-2,2026-03-25,春訓,富邦悍將,JqOHE,home,中信兄弟,0,5,8,1,0
Qp3a6,CPBL-2026-4j,2026,一軍-2,2026-03-25,春訓,中信兄弟,4hMrL,away,富邦悍將,5,0,9,0,1
I5BAr,CPBL-2026-4j,2026,一軍-2,2026-03-24,春訓,中信兄弟,4hMrL,home,台鋼雄鷹,1,4,7,1,0
I5BAr,CPBL-2026-4j,2026,一軍-2,2026-03-24,春訓,台鋼雄鷹,Zay48,away,中信兄弟,4,1,8,1,1
A9qWm,CPBL-2026-4j,2026,一軍-2,2026-03-24,春訓,樂天桃猿,A8lKW,home,統一7-ELEVEn獅,1,2,11,0,0
A9qWm,CPBL-2026-4j,2026,一軍-2,2026-03-24,春訓,統一7-ELEVEn獅,1K0VJ,away,樂天桃猿,2,1,9,4,1
i2WID,CPBL-2026-4j,2026,一軍-2,2026-03-24,春訓,富邦悍將,JqOHE,home,味全龍,4,2,7,0,1
i2WID,CPBL-2026-4j,2026,一軍-2,2026-03-24,春訓,味全龍,vrSP6,away,富邦悍將,2,4,9,0,0
PszXS,CPBL-2026-4j,2026,一軍-2,2026-03-23,春訓,樂天桃猿,A8lKW,home,味全龍,5,3,12,0,1
PszXS,CPBL-2026-4j,2026,一軍-2,2026-03-23,春訓,味全龍,vrSP6,away,樂天桃猿,3,5,7,1,0
BDQdK,CPBL-2026-4j,2026,一軍-2,2026-03-22,春訓,台鋼雄鷹,Zay48,home,樂天桃猿,2,9,5,1,0
BDQdK,CPBL-2026-4j,2026,一軍-2,2026-03-22,春訓,樂天桃猿,A8lKW,away,台鋼雄鷹,9,2,16,1,1
8ctjA,CPBL-2026-4j,2026,一軍-2,2026-03-22,春訓,中信兄弟,4hMrL,home,味全龍,4,7,11,0,0
8ctjA,CPBL-2026-4j,2026,一軍-2,2026-03-22,春訓,味全龍,vrSP6,away,中信兄弟,7,4,13,0,1
BFtvb,CPBL-2026-4j,2026,一軍-2,2026-03-22,春訓,統一7-ELEVEn獅,1K0VJ,home,富邦悍將,3,5,9,0,0
BFtvb,CPBL-2026-4j,2026,一軍-2,2026-03-22,春訓,富邦悍將,JqOHE,away,統一7-ELEVEn獅,5,3,11,1,1
qaAVY,CPBL-2026-4j,2026,一軍-2,2026-03-21,春訓,樂天桃猿,A8lKW,home,富邦悍將,1,2,3,0,0
qaAVY,CPBL-2026-4j,2026,一軍-2,2026-03-21,春訓,富邦悍將,JqOHE,away,樂天桃猿,2,1,7,1,1
2hVtR,CPBL-2026-4j,2026,一軍-2,2026-03-21,春訓,台鋼雄鷹,Zay48,home,味全龍,6,5,9,0,1
2hVtR,CPBL-2026-4j,2026,一軍-2,2026-03-21,春訓,味全龍,vrSP6,away,台鋼雄鷹,5,6,10,1,0
ITLSX,CPBL-2026-4j,2026,一軍-2,2026-03-21,春訓,統一7-ELEVEn獅,1K0VJ,home,中信兄弟,6,3,10,1,1
ITLSX,CPBL-2026-4j,2026,一軍-2,2026-03-21,春訓,中信兄弟,4hMrL,away,統一7-ELEVEn獅,3,6,9,0,0
vwgA3,CPBL-2026-4j,2026,一軍-2,2026-03-20,春訓,台鋼雄鷹,Zay48,home,中信兄弟,5,3,11,0,1
vwgA3,CPBL-2026-4j,2026,一軍-2,2026-03-20,春訓,中信兄弟,4hMrL,away,台鋼雄鷹,3,5,9,0,0
D5QC0,CPBL-2026-4j,2026,一軍-2,2026-03-20,春訓,統一7-ELEVEn獅,1K0VJ,home,樂天桃猿,4,5,10,1,0
D5QC0,CPBL-2026-4j,2026,一軍-2,2026-03-20,春訓,樂天桃猿,A8lKW,away,統一7-ELEVEn獅,5,4,12,0,1
gsK1D,CPBL-2026-4j,2026,一軍-2,2026-03-20,春訓,味全龍,vrSP6,home,富邦悍將,2,3,7,1,0
gsK1D,CPBL-2026-4j,2026,一軍-2,2026-03-20,春訓,富邦悍將,JqOHE,away,味全龍,3,2,6,1,1
lY9fm,CPBL-2026-4j,2026,一軍-2,2026-03-18,春訓,統一7-ELEVEn獅,1K0VJ,home,味全龍,4,2,7,0,1
lY9fm,CPBL-2026-4j,2026,一軍-2,2026-03-18,春訓,味全龍,vrSP6,away,統一7-ELEVEn獅,2,4,9,0,0
Yyyuz,CPBL-2026-4j,2026,一軍-2,2026-03-18,春訓,樂天桃猿,A8lKW,home,中信兄弟,5,12,10,1,0
Yyyuz,CPBL-2026-4j,2026,一軍-2,2026-03-18,春訓,中信兄弟,4hMrL,away,樂天桃猿,12,5,13,2,1
iTdkJ,CPBL-2026-4j,2026,一軍-2,2026-03-17,春訓,味全龍,vrSP6,home,台鋼雄鷹,4,7,9,1,0
iTdkJ,CPBL-2026-4j,2026,一軍-2,2026-03-17,春訓,台鋼雄鷹,Zay48,away,味全龍,7,4,9,0,1
ThqNB,CPBL-2026-4j,2026,一軍-2,2026-03-17,春訓,富邦悍將,JqOHE,home,樂天桃猿,4,3,8,0,1
ThqNB,CPBL-2026-4j,2026,一軍-2,2026-03-17,春訓,樂天桃猿,A8lKW,away,富邦悍將,3,4,8,1,0
JgvtQ,CPBL-2026-4j,2026,一軍-2,2026-03-15,春訓,樂天桃猿,A8lKW,home,台鋼雄鷹,5,2,10,1,1
JgvtQ,CPBL-2026-4j,2026,一軍-2,2026-03-15,春訓,台鋼雄鷹,Zay48,away,樂天桃猿,2,5,4,2,0
qg4oP,CPBL-2026-4j,2026,一軍-2,2026-03-15,春訓,富邦悍將,JqOHE,home,統一7-ELEVEn獅,5,2,12,1,1
qg4oP,CPBL-2026-4j,2026,一軍-2,2026-03-15,春訓,統一7-ELEVEn獅,1K0VJ,away,富邦悍將,2,5,8,0,0
qAio7,CPBL-2026-4j,2026,一軍-2,2026-03-15,春訓,味全龍,vrSP6,home,中信兄弟,2,5,8,2,0
qAio7,CPBL-2026-4j,2026,一軍-2,2026-03-15,春訓,中信兄弟,4hMrL,away,味全龍,5,2,11,1,1
RQfFW,CPBL-2026-4j,2026,一軍-2,2026-03-14,春訓,富邦悍將,JqOHE,home,台鋼雄鷹,5,5,8,2,
RQfFW,CPBL-2026-4j,2026,一軍-2,2026-03-14,春訓,台鋼雄鷹,Zay48,away,富邦悍將,5,5,8,0,
nfNA3,CPBL-2026-4j,2026,一軍-2,2026-03-14,春訓,中信兄弟,4hMrL,home,統一7-ELEVEn獅,1,10,7,1,0
nfNA3,CPBL-2026-4j,2026,一軍-2,2026-03-14,春訓,統一7-ELEVEn獅,1K0VJ,away,中信兄弟,10,1,11,0,1
GXrue,CPBL-2026-4j,2026,一軍-2,2026-03-14,春訓,味全龍,vrSP6,home,樂天桃猿,3,5,5,1,0
GXrue,CPBL-2026-4j,2026,一軍-2,2026-03-14,春訓,樂天桃猿,A8lKW,away,味全龍,5,3,10,0,1
vprHs,CPBL-2026-4j,2026,一軍-2,2026-03-13,春訓,台鋼雄鷹,Zay48,home,富邦悍將,8,4,13,0,1
vprHs,CPBL-2026-4j,2026,一軍-2,2026-03-13,春訓,富邦悍將,JqOHE,away,台鋼雄鷹,4,8,8,2,0
GVaRn,CPBL-2026-4j,2026,一軍-2,2026-03-12,春訓,味全龍,vrSP6,home,統一7-ELEVEn獅,5,4,12,0,1
GVaRn,CPBL-2026-4j,2026,一軍-2,2026-03-12,春訓,統一7-ELEVEn獅,1K0VJ,away,味全龍,4,5,9,3,0
EgUiB,CPBL-2026-4j,2026,一軍-2,2026-03-12,春訓,中信兄弟,4hMrL,home,樂天桃猿,3,2,4,1,1
EgUiB,CPBL-2026-4j,2026,一軍-2,2026-03-12,春訓,樂天桃猿,A8lKW,away,中信兄弟,2,3,8,1,0
CeofX,CPBL-2026-4j,2026,一軍-2,2026-03-10,春訓,中信兄弟,4hMrL,home,富邦悍將,3,2,6,0,1
CeofX,CPBL-2026-4j,2026,一軍-2,2026-03-10,春訓,富邦悍將,JqOHE,away,中信兄弟,2,3,9,0,0
UpMOH,CPBL-2026-4j,2026,一軍-2,2026-03-09,春訓,台鋼雄鷹,Zay48,home,統一7-ELEVEn獅,3,4,12,2,0
UpMOH,CPBL-2026-4j,2026,一軍-2,2026-03-09,春訓,統一7-ELEVEn獅,1K0VJ,away,台鋼雄鷹,4,3,7,1,1
Df3dE,CPBL-2025-JO,2025,一軍,2025-10-06,例行賽,統一7-ELEVEn獅,Xs1sP,home,樂天桃猿,4,5,10,2,0
Df3dE,CPBL-2025-JO,2025,一軍,2025-10-06,例行賽,樂天桃猿,WyADE,away,統一7-ELEVEn獅,5,4,14,0,1
gp7cc,CPBL-2025-JO,2025,一軍,2025-10-05,例行賽,中信兄弟,Kae1X,home,統一7-ELEVEn獅,1,7,6,1,0
gp7cc,CPBL-2025-JO,2025,一軍,2025-10-05,例行賽,統一7-ELEVEn獅,Xs1sP,away,中信兄弟,7,1,8,1,1
z8KAm,CPBL-2025-JO,2025,一軍,2025-10-05,例行賽,台鋼雄鷹,t6zJf,home,味全龍,4,3,6,1,1
z8KAm,CPBL-2025-JO,2025,一軍,2025-10-05,例行賽,味全龍,R2VRh,away,台鋼雄鷹,3,4,7,0,0
mlpXQ,CPBL-2025-JO,2025,一軍,2025-10-04,例行賽,富邦悍將,wi4T3,home,樂天桃猿,7,2,11,0,1
mlpXQ,CPBL-2025-JO,2025,一軍,2025-10-04,例行賽,樂天桃猿,WyADE,away,富邦悍將,2,7,5,1,0
pE8AN,CPBL-2025-JO,2025,一軍,2025-10-04,例行賽,台鋼雄鷹,t6zJf,home,中信兄弟,1,4,3,0,0
pE8AN,CPBL-2025-JO,2025,一軍,2025-10-04,例行賽,中信兄弟,Kae1X,away,台鋼雄鷹,4,1,8,4,1
jGkTm,CPBL-2025-JO,2025,一軍,2025-10-03,例行賽,中信兄弟,Kae1X,home,台鋼雄鷹,2,0,3,0,1
jGkTm,CPBL-2025-JO,2025,一軍,2025-10-03,例行賽,台鋼雄鷹,t6zJf,away,中信兄弟,0,2,6,1,0
XNkjZ,CPBL-2025-JO,2025,一軍,2025-10-03,例行賽,味全龍,R2VRh,home,富邦悍將,3,6,8,1,0
XNkjZ,CPBL-2025-JO,2025,一軍,2025-10-03,例行賽,富邦悍將,wi4T3,away,味全龍,6,3,8,0,1
2o3OR,CPBL-2025-JO,2025,一軍,2025-10-03,例行賽,統一7-ELEVEn獅,Xs1sP,home,樂天桃猿,3,7,7,0,0
2o3OR,CPBL-2025-JO,2025,一軍,2025-10-03,例行賽,樂天桃猿,WyADE,away,統一7-ELEVEn獅,7,3,14,1,1
Ysy25,CPBL-2025-JO,2025,一軍,2025-10-02,例行賽,統一7-ELEVEn獅,Xs1sP,home,富邦悍將,0,2,6,0,0
Ysy25,CPBL-2025-JO,2025,一軍,2025-10-02,例行賽,富邦悍將,wi4T3,away,統一7-ELEVEn獅,2,0,9,1,1
mn6vL,CPBL-2025-JO,2025,一軍,2025-10-02,例行賽,中信兄弟,Kae1X,home,味全龍,6,2,5,1,1
mn6vL,CPBL-2025-JO,2025,一軍,2025-10-02,例行賽,味全龍,R2VRh,away,中信兄弟,2,6,9,1,0
0XKNP,CPBL-2025-JO,2025,一軍,2025-10-02,例行賽,台鋼雄鷹,t6zJf,home,樂天桃猿,2,3,3,1,0
0XKNP,CPBL-2025-JO,2025,一軍,2025-10-02,例行賽,樂天桃猿,WyADE,away,台鋼雄鷹,3,2,9,0,1
Su6io,CPBL-2025-JO,2025,一軍,2025-10-01,例行賽,富邦悍將,wi4T3,home,中信兄弟,6,5,12,0,1
Su6io,CPBL-2025-JO,2025,一軍,2025-10-01,例行賽,中信兄弟,Kae1X,away,富邦悍將,5,6,8,0,0
e79Eo,CPBL-2025-JO,2025,一軍,2025-10-01,例行賽,台鋼雄鷹,t6zJf,home,樂天桃猿,3,0,7,0,1
e79Eo,CPBL-2025-JO,2025,一軍,2025-10-01,例行賽,樂天桃猿,WyADE,away,台鋼雄鷹,0,3,6,1,0
Ubz5u,CPBL-2025-JO,2025,一軍,2025-09-29,例行賽,樂天桃猿,WyADE,home,台鋼雄鷹,3,7,7,2,0
Ubz5u,CPBL-2025-JO,2025,一軍,2025-09-29,例行賽,台鋼雄鷹,t6zJf,away,樂天桃猿,7,3,13,1,1
XXlLP,CPBL-2025-JO,2025,一軍,2025-09-29,例行賽,富邦悍將,wi4T3,home,味全龍,10,7,18,2,1
XXlLP,CPBL-2025-JO,2025,一軍,2025-09-29,例行賽,味全龍,R2VRh,away,富邦悍將,7,10,10,0,0
0Sgkt,CPBL-2025-JO,2025,一軍,2025-09-29,例行賽,中信兄弟,Kae1X,home,統一7-ELEVEn獅,4,6,15,1,0
0Sgkt,CPBL-2025-JO,2025,一軍,2025-09-29,例行賽,統一7-ELEVEn獅,Xs1sP,away,中信兄弟,6,4,11,2,1
pj7SO,CPBL-2025-JO,2025,一軍,2025-09-28,例行賽,味全龍,R2VRh,home,富邦悍將,1,3,6,1,0
pj7SO,CPBL-2025-JO,2025,一軍,2025-09-28,例行賽,富邦悍將,wi4T3,away,味全龍,3,1,13,0,1
cPX3V,CPBL-2025-JO,2025,一軍,2025-09-28,例行賽,樂天桃猿,WyADE,home,中信兄弟,0,4,4,1,0
cPX3V,CPBL-2025-JO,2025,一軍,2025-09-28,例行賽,中信兄弟,Kae1X,away,樂天桃猿,4,0,13,0,1
JmyFp,CPBL-2025-JO,2025,一軍,2025-09-28,例行賽,台鋼雄鷹,t6zJf,home,統一7-ELEVEn獅,8,3,11,0,1
JmyFp,CPBL-2025-JO,2025,一軍,2025-09-28,例行賽,統一7-ELEVEn獅,Xs1sP,away,台鋼雄鷹,3,8,8,0,0
TyMdQ,CPBL-2025-JO,2025,一軍,2025-09-27,例行賽,味全龍,R2VRh,home,富邦悍將,9,0,15,1,1
TyMdQ,CPBL-2025-JO,2025,一軍,2025-09-27,例行賽,富邦悍將,wi4T3,away,味全龍,0,9,5,2,0
aXNdo,CPBL-2025-JO,2025,一軍,2025-09-27,例行賽,樂天桃猿,WyADE,home,中信兄弟,5,7,14,2,0
aXNdo,CPBL-2025-JO,2025,一軍,2025-09-27,例行賽,中信兄弟,Kae1X,away,樂天桃猿,7,5,11,1,1
yTBcN,CPBL-2025-JO,2025,一軍,2025-09-27,例行賽,台鋼雄鷹,t6zJf,home,統一7-ELEVEn獅,0,1,11,1,0
yTBcN,CPBL-2025-JO,2025,一軍,2025-09-27,例行賽,統一7-ELEVEn獅,Xs1sP,away,台鋼雄鷹,1,0,8,0,1
ihRFH,CPBL-2025-JO,2025,一軍,2025-09-26,例行賽,台鋼雄鷹,t6zJf,home,樂天桃猿,0,4,1,0,0
ihRFH,CPBL-2025-JO,2025,一軍,2025-09-26,例行賽,樂天桃猿,WyADE,away,台鋼雄鷹,4,0,9,0,1
TYyor,CPBL-2025-JO,2025,一軍,2025-09-26,例行賽,統一7-ELEVEn獅,Xs1sP,home,味全龍,0,2,6,0,0
TYyor,CPBL-2025-JO,2025,一軍,2025-09-26,例行賽,味全龍,R2VRh,away,統一7-ELEVEn獅,2,0,8,0,1
O3UYh,CPBL-2025-JO,2025,一軍,2025-09-26,例行賽,富邦悍將,wi4T3,home,中信兄弟,2,9,5,1,0
O3UYh,CPBL-2025-JO,2025,一軍,2025-09-26,例行賽,中信兄弟,Kae1X,away,富邦悍將,9,2,16,0,1
IIqGE,CPBL-2025-JO,2025,一軍,2025-09-25,例行賽,台鋼雄鷹,t6zJf,home,樂天桃猿,5,2,10,1,1
IIqGE,CPBL-2025-JO,2025,一軍,2025-09-25,例行賽,樂天桃猿,WyADE,away,台鋼雄鷹,2,5,11,0,0
NZtMA,CPBL-2025-JO,2025,一軍,2025-09-25,例行賽,統一7-ELEVEn獅,Xs1sP,home,味全龍,8,2,8,1,1
NZtMA,CPBL-2025-JO,2025,一軍,2025-09-25,例行賽,味全龍,R2VRh,away,統一7-ELEVEn獅,2,8,7,0,0
yhk1P,CPBL-2025-JO,2025,一軍,2025-09-25,例行賽,富邦悍將,wi4T3,home,中信兄弟,6,7,10,1,0
yhk1P,CPBL-2025-JO,2025,一軍,2025-09-25,例行賽,中信兄弟,Kae1X,away,富邦悍將,7,6,11,0,1
bh9k1,CPBL-2025-JO,2025,一軍,2025-09-23,例行賽,味全龍,R2VRh,home,樂天桃猿,3,8,12,4,0
bh9k1,CPBL-2025-JO,2025,一軍,2025-09-23,例行賽,樂天桃猿,WyADE,away,味全龍,8,3,9,0,1
VAATF,CPBL-2025-JO,2025,一軍,2025-09-21,例行賽,中信兄弟,Kae1X,home,味全龍,2,5,6,0,0
VAATF,CPBL-2025-JO,2025,一軍,2025-09-21,例行賽,味全龍,R2VRh,away,中信兄弟,5,2,12,0,1
ljfok,CPBL-2025-JO,2025,一軍,2025-09-21,例行賽,富邦悍將,wi4T3,home,台鋼雄鷹,2,4,6,0,0
ljfok,CPBL-2025-JO,2025,一軍,2025-09-21,例行賽,台鋼雄鷹,t6zJf,away,富邦悍將,4,2,12,0,1
FHkkM,CPBL-2025-JO,2025,一軍,2025-09-20,例行賽,中信兄弟,Kae1X,home,味全龍,1,8,6,0,0
FHkkM,CPBL-2025-JO,2025,一軍,2025-09-20,例行賽,味全龍,R2VRh,away,中信兄弟,8,1,12,0,1
egtDe,CPBL-2025-JO,2025,一軍,2025-09-20,例行賽,富邦悍將,wi4T3,home,台鋼雄鷹,3,1,7,1,1
egtDe,CPBL-2025-JO,2025,一軍,2025-09-20,例行賽,台鋼雄鷹,t6zJf,away,富邦悍將,1,3,7,3,0
YNRjY,CPBL-2025-JO,2025,一軍,2025-09-20,例行賽,統一7-ELEVEn獅,Xs1sP,home,樂天桃猿,2,1,10,0,1
YNRjY,CPBL-2025-JO,2025,一軍,2025-09-20,例行賽,樂天桃猿,WyADE,away,統一7-ELEVEn獅,1,2,5,1,0
B96m7,CPBL-2025-JO,2025,一軍,2025-09-19,例行賽,中信兄弟,Kae1X,home,統一7-ELEVEn獅,1,0,4,1,1
B96m7,CPBL-2025-JO,2025,一軍,2025-09-19,例行賽,統一7-ELEVEn獅,Xs1sP,away,中信兄弟,0,1,4,1,0
ePJpL,CPBL-2025-JO,2025,一軍,2025-09-19,例行賽,樂天桃猿,WyADE,home,富邦悍將,6,2,9,0,1
ePJpL,CPBL-2025-JO,2025,一軍,2025-09-19,例行賽,富邦悍將,wi4T3,away,樂天桃猿,2,6,3,1,0
mHuKn,CPBL-2025-JO,2025,一軍,2025-09-19,例行賽,味全龍,R2VRh,home,台鋼雄鷹,6,3,7,1,1
mHuKn,CPBL-2025-JO,2025,一軍,2025-09-19,例行賽,台鋼雄鷹,t6zJf,away,味全龍,3,6,7,2,0
Cgixr,CPBL-2025-JO,2025,一軍,2025-09-18,例行賽,中信兄弟,Kae1X,home,統一7-ELEVEn獅,5,1,8,2,1
Cgixr,CPBL-2025-JO,2025,一軍,2025-09-18,例行賽,統一7-ELEVEn獅,Xs1sP,away,中信兄弟,1,5,4,1,0
adtBX,CPBL-2025-JO,2025,一軍,2025-09-18,例行賽,樂天桃猿,WyADE,home,富邦悍將,5,2,12,0,1
adtBX,CPBL-2025-JO,2025,一軍,2025-09-18,例行賽,富邦悍將,wi4T3,away,樂天桃猿,2,5,6,1,0
BD5Co,CPBL-2025-JO,2025,一軍,2025-09-18,例行賽,味全龍,R2VRh,home,台鋼雄鷹,3,11,10,0,0
BD5Co,CPBL-2025-JO,2025,一軍,2025-09-18,例行賽,台鋼雄鷹,t6zJf,away,味全龍,11,3,17,0,1
yN9sh,CPBL-2025-JO,2025,一軍,2025-09-17,例行賽,富邦悍將,wi4T3,home,統一7-ELEVEn獅,2,8,5,0,0
yN9sh,CPBL-2025-JO,2025,一軍,2025-09-17,例行賽,統一7-ELEVEn獅,Xs1sP,away,富邦悍將,8,2,11,0,1
d2ong,CPBL-2025-JO,2025,一軍,2025-09-16,例行賽,台鋼雄鷹,t6zJf,home,中信兄弟,5,1,10,0,1
d2ong,CPBL-2025-JO,2025,一軍,2025-09-16,例行賽,中信兄弟,Kae1X,away,台鋼雄鷹,1,5,5,0,0
whDVB,CPBL-2025-JO,2025,一軍,2025-09-16,例行賽,富邦悍將,wi4T3,home,統一7-ELEVEn獅,6,2,9,1,1
whDVB,CPBL-2025-JO,2025,一軍,2025-09-16,例行賽,統一7-ELEVEn獅,Xs1sP,away,富邦悍將,2,6,5,0,0
uW9uq,CPBL-2025-JO,2025,一軍,2025-09-16,例行賽,樂天桃猿,WyADE,home,味全龍,7,4,12,1,1
uW9uq,CPBL-2025-JO,2025,一軍,2025-09-16,例行賽,味全龍,R2VRh,away,樂天桃猿,4,7,9,3,0
kOEj9,CPBL-2025-JO,2025,一軍,2025-09-14,例行賽,統一7-ELEVEn獅,Xs1sP,home,味全龍,1,7,7,0,0
kOEj9,CPBL-2025-JO,2025,一軍,2025-09-14,例行賽,味全龍,R2VRh,away,統一7-ELEVEn獅,7,1,11,0,1
aqkqI,CPBL-2025-JO,2025,一軍,2025-09-14,例行賽,台鋼雄鷹,t6zJf,home,富邦悍將,1,0,6,2,1
aqkqI,CPBL-2025-JO,2025,一軍,2025-09-14,例行賽,富邦悍將,wi4T3,away,台鋼雄鷹,0,1,2,0,0
cF4Ta,CPBL-2025-JO,2025,一軍,2025-09-14,例行賽,樂天桃猿,WyADE,home,中信兄弟,3,2,7,0,1
cF4Ta,CPBL-2025-JO,2025,一軍,2025-09-14,例行賽,中信兄弟,Kae1X,away,樂天桃猿,2,3,8,0,0
NUaHU,CPBL-2025-JO,2025,一軍,2025-09-13,例行賽,樂天桃猿,WyADE,home,中信兄弟,8,0,9,1,1
NUaHU,CPBL-2025-JO,2025,一軍,2025-09-13,例行賽,中信兄弟,Kae1X,away,樂天桃猿,0,8,8,1,0
Y2UkL,CPBL-2025-JO,2025,一軍,2025-09-13,例行賽,統一7-ELEVEn獅,Xs1sP,home,味全龍,6,1,12,0,1
Y2UkL,CPBL-2025-JO,2025,一軍,2025-09-13,例行賽,味全龍,R2VRh,away,統一7-ELEVEn獅,1,6,5,1,0
sLpcC,CPBL-2025-JO,2025,一軍,2025-09-13,例行賽,台鋼雄鷹,t6zJf,home,富邦悍將,2,8,5,1,0
sLpcC,CPBL-2025-JO,2025,一軍,2025-09-13,例行賽,富邦悍將,wi4T3,away,台鋼雄鷹,8,2,12,0,1
ga30x,CPBL-2025-JO,2025,一軍,2025-09-12,例行賽,樂天桃猿,WyADE,home,中信兄弟,1,5,8,1,0
ga30x,CPBL-2025-JO,2025,一軍,2025-09-12,例行賽,中信兄弟,Kae1X,away,樂天桃猿,5,1,7,0,1
qMxIa,CPBL-2025-JO,2025,一軍,2025-09-12,例行賽,統一7-ELEVEn獅,Xs1sP,home,味全龍,5,4,7,0,1
qMxIa,CPBL-2025-JO,2025,一軍,2025-09-12,例行賽,味全龍,R2VRh,away,統一7-ELEVEn獅,4,5,6,0,0
KkDkz,CPBL-2025-JO,2025,一軍,2025-09-12,例行賽,台鋼雄鷹,t6zJf,home,富邦悍將,3,4,6,0,0
KkDkz,CPBL-2025-JO,2025,一軍,2025-09-12,例行賽,富邦悍將,wi4T3,away,台鋼雄鷹,4,3,7,1,1
gzmk8,CPBL-2025-JO,2025,一軍,2025-09-11,例行賽,味全龍,R2VRh,home,富邦悍將,5,9,8,1,0
gzmk8,CPBL-2025-JO,2025,一軍,2025-09-11,例行賽,富邦悍將,wi4T3,away,味全龍,9,5,16,0,1
CUVMI,CPBL-2025-JO,2025,一軍,2025-09-10,例行賽,味全龍,R2VRh,home,富邦悍將,4,5,8,0,0
CUVMI,CPBL-2025-JO,2025,一軍,2025-09-10,例行賽,富邦悍將,wi4T3,away,味全龍,5,4,8,4,1
Wu8Od,CPBL-2025-JO,2025,一軍,2025-09-10,例行賽,統一7-ELEVEn獅,Xs1sP,home,樂天桃猿,3,0,7,0,1
Wu8Od,CPBL-2025-JO,2025,一軍,2025-09-10,例行賽,樂天桃猿,WyADE,away,統一7-ELEVEn獅,0,3,9,5,0
7m98G,CPBL-2025-JO,2025,一軍,2025-09-10,例行賽,台鋼雄鷹,t6zJf,home,中信兄弟,3,4,5,0,0
7m98G,CPBL-2025-JO,2025,一軍,2025-09-10,例行賽,中信兄弟,Kae1X,away,台鋼雄鷹,4,3,10,1,1
YA3WA,CPBL-2025-JO,2025,一軍,2025-09-09,例行賽,統一7-ELEVEn獅,Xs1sP,home,樂天桃猿,0,4,3,1,0
YA3WA,CPBL-2025-JO,2025,一軍,2025-09-09,例行賽,樂天桃猿,WyADE,away,統一7-ELEVEn獅,4,0,6,0,1
RbYVi,CPBL-2025-JO,2025,一軍,2025-09-09,例行賽,台鋼雄鷹,t6zJf,home,中信兄弟,3,2,9,0,1
RbYVi,CPBL-2025-JO,2025,一軍,2025-09-09,例行賽,中信兄弟,Kae1X,away,台鋼雄鷹,2,3,5,0,0
UMAiZ,CPBL-2025-JO,2025,一軍,2025-09-07,例行賽,味全龍,R2VRh,home,台鋼雄鷹,11,1,15,0,1
UMAiZ,CPBL-2025-JO,2025,一軍,2025-09-07,例行賽,台鋼雄鷹,t6zJf,away,味全龍,1,11,9,0,0
zAwCQ,CPBL-2025-JO,2025,一軍,2025-09-06,例行賽,味全龍,R2VRh,home,台鋼雄鷹,1,3,3,0,0
zAwCQ,CPBL-2025-JO,2025,一軍,2025-09-06,例行賽,台鋼雄鷹,t6zJf,away,味全龍,3,1,8,0,1
tbJzt,CPBL-2025-JO,2025,一軍,2025-09-06,例行賽,富邦悍將,wi4T3,home,樂天桃猿,0,8,6,1,0
tbJzt,CPBL-2025-JO,2025,一軍,2025-09-06,例行賽,樂天桃猿,WyADE,away,富邦悍將,8,0,17,0,1
GWcm5,CPBL-2025-JO,2025,一軍,2025-09-06,例行賽,中信兄弟,Kae1X,home,統一7-ELEVEn獅,1,7,3,3,0
GWcm5,CPBL-2025-JO,2025,一軍,2025-09-06,例行賽,統一7-ELEVEn獅,Xs1sP,away,中信兄弟,7,1,11,0,1
TBwek,CPBL-2025-JO,2025,一軍,2025-09-05,例行賽,味全龍,R2VRh,home,台鋼雄鷹,3,1,7,0,1
TBwek,CPBL-2025-JO,2025,一軍,2025-09-05,例行賽,台鋼雄鷹,t6zJf,away,味全龍,1,3,11,0,0
gD1Ps,CPBL-2025-JO,2025,一軍,2025-09-05,例行賽,富邦悍將,wi4T3,home,樂天桃猿,1,3,6,1,0
gD1Ps,CPBL-2025-JO,2025,一軍,2025-09-05,例行賽,樂天桃猿,WyADE,away,富邦悍將,3,1,7,0,1
R6qzy,CPBL-2025-JO,2025,一軍,2025-09-05,例行賽,中信兄弟,Kae1X,home,統一7-ELEVEn獅,2,1,5,0,1
R6qzy,CPBL-2025-JO,2025,一軍,2025-09-05,例行賽,統一7-ELEVEn獅,Xs1sP,away,中信兄弟,1,2,8,0,0
AeIz1,CPBL-2025-JO,2025,一軍,2025-09-04,例行賽,統一7-ELEVEn獅,Xs1sP,home,台鋼雄鷹,5,3,7,2,1
AeIz1,CPBL-2025-JO,2025,一軍,2025-09-04,例行賽,台鋼雄鷹,t6zJf,away,統一7-ELEVEn獅,3,5,6,2,0
wXN3Z,CPBL-2025-JO,2025,一軍,2025-09-03,例行賽,統一7-ELEVEn獅,Xs1sP,home,台鋼雄鷹,5,3,9,2,1
wXN3Z,CPBL-2025-JO,2025,一軍,2025-09-03,例行賽,台鋼雄鷹,t6zJf,away,統一7-ELEVEn獅,3,5,7,0,0
BQaBS,CPBL-2025-JO,2025,一軍,2025-09-03,例行賽,樂天桃猿,WyADE,home,味全龍,2,1,4,0,1
BQaBS,CPBL-2025-JO,2025,一軍,2025-09-03,例行賽,味全龍,R2VRh,away,樂天桃猿,1,2,6,0,0
2w0cD,CPBL-2025-JO,2025,一軍,2025-09-03,例行賽,中信兄弟,Kae1X,home,富邦悍將,1,2,6,1,0
2w0cD,CPBL-2025-JO,2025,一軍,2025-09-03,例行賽,富邦悍將,wi4T3,away,中信兄弟,2,1,8,0,1
l2LF4,CPBL-2025-JO,2025,一軍,2025-09-02,例行賽,樂天桃猿,WyADE,home,味全龍,2,5,5,0,0
l2LF4,CPBL-2025-JO,2025,一軍,2025-09-02,例行賽,味全龍,R2VRh,away,樂天桃猿,5,2,8,0,1
mUMWf,CPBL-2025-JO,2025,一軍,2025-09-02,例行賽,中信兄弟,Kae1X,home,富邦悍將,2,0,8,0,1
mUMWf,CPBL-2025-JO,2025,一軍,2025-09-02,例行賽,富邦悍將,wi4T3,away,中信兄弟,0,2,7,0,0
DGwuI,CPBL-2025-JO,2025,一軍,2025-08-31,例行賽,統一7-ELEVEn獅,Xs1sP,home,富邦悍將,6,3,8,0,1
DGwuI,CPBL-2025-JO,2025,一軍,2025-08-31,例行賽,富邦悍將,wi4T3,away,統一7-ELEVEn獅,3,6,12,2,0
xLN8a,CPBL-2025-JO,2025,一軍,2025-08-31,例行賽,台鋼雄鷹,t6zJf,home,樂天桃猿,6,7,7,1,0
xLN8a,CPBL-2025-JO,2025,一軍,2025-08-31,例行賽,樂天桃猿,WyADE,away,台鋼雄鷹,7,6,15,1,1
63hM6,CPBL-2025-JO,2025,一軍,2025-08-31,例行賽,味全龍,R2VRh,home,中信兄弟,7,10,14,1,0
63hM6,CPBL-2025-JO,2025,一軍,2025-08-31,例行賽,中信兄弟,Kae1X,away,味全龍,10,7,15,2,1
eXB3n,CPBL-2025-JO,2025,一軍,2025-08-30,例行賽,味全龍,R2VRh,home,中信兄弟,3,5,9,0,0
eXB3n,CPBL-2025-JO,2025,一軍,2025-08-30,例行賽,中信兄弟,Kae1X,away,味全龍,5,3,9,0,1
h1foF,CPBL-2025-JO,2025,一軍,2025-08-30,例行賽,統一7-ELEVEn獅,Xs1sP,home,富邦悍將,5,4,10,2,1
h1foF,CPBL-2025-JO,2025,一軍,2025-08-30,例行賽,富邦悍將,wi4T3,away,統一7-ELEVEn獅,4,5,7,1,0
Kszhi,CPBL-2025-JO,2025,一軍,2025-08-30,例行賽,台鋼雄鷹,t6zJf,home,樂天桃猿,3,4,5,0,0
Kszhi,CPBL-2025-JO,2025,一軍,2025-08-30,例行賽,樂天桃猿,WyADE,away,台鋼雄鷹,4,3,7,1,1
aHAqR,CPBL-2025-JO,2025,一軍,2025-08-29,例行賽,台鋼雄鷹,t6zJf,home,樂天桃猿,10,5,13,2,1
aHAqR,CPBL-2025-JO,2025,一軍,2025-08-29,例行賽,樂天桃猿,WyADE,away,台鋼雄鷹,5,10,12,2,0
7X3Ep,CPBL-2025-JO,2025,一軍,2025-08-29,例行賽,統一7-ELEVEn獅,Xs1sP,home,富邦悍將,7,2,17,1,1
7X3Ep,CPBL-2025-JO,2025,一軍,2025-08-29,例行賽,富邦悍將,wi4T3,away,統一7-ELEVEn獅,2,7,8,0,0
aZQIu,CPBL-2025-JO,2025,一軍,2025-08-29,例行賽,味全龍,R2VRh,home,中信兄弟,9,3,15,0,1
aZQIu,CPBL-2025-JO,2025,一軍,2025-08-29,例行賽,中信兄弟,Kae1X,away,味全龍,3,9,9,1,0
IjIeG,CPBL-2025-JO,2025,一軍,2025-08-28,例行賽,中信兄弟,Kae1X,home,樂天桃猿,8,6,9,0,1
IjIeG,CPBL-2025-JO,2025,一軍,2025-08-28,例行賽,樂天桃猿,WyADE,away,中信兄弟,6,8,9,0,0
8Ool8,CPBL-2025-JO,2025,一軍,2025-08-27,例行賽,中信兄弟,Kae1X,home,樂天桃猿,7,1,11,0,1
8Ool8,CPBL-2025-JO,2025,一軍,2025-08-27,例行賽,樂天桃猿,WyADE,away,中信兄弟,1,7,5,0,0
7cbzE,CPBL-2025-JO,2025,一軍,2025-08-27,例行賽,富邦悍將,wi4T3,home,台鋼雄鷹,0,2,6,2,0
7cbzE,CPBL-2025-JO,2025,一軍,2025-08-27,例行賽,台鋼雄鷹,t6zJf,away,富邦悍將,2,0,8,0,1
s6RUv,CPBL-2025-JO,2025,一軍,2025-08-27,例行賽,味全龍,R2VRh,home,統一7-ELEVEn獅,2,5,6,0,0
s6RUv,CPBL-2025-JO,2025,一軍,2025-08-27,例行賽,統一7-ELEVEn獅,Xs1sP,away,味全龍,5,2,8,0,1
eHvU7,CPBL-2025-JO,2025,一軍,2025-08-26,例行賽,富邦悍將,wi4T3,home,台鋼雄鷹,1,4,7,1,0
eHvU7,CPBL-2025-JO,2025,一軍,2025-08-26,例行賽,台鋼雄鷹,t6zJf,away,富邦悍將,4,1,8,0,1
1a9fw,CPBL-2025-JO,2025,一軍,2025-08-26,例行賽,味全龍,R2VRh,home,統一7-ELEVEn獅,2,1,7,3,1
1a9fw,CPBL-2025-JO,2025,一軍,2025-08-26,例行賽,統一7-ELEVEn獅,Xs1sP,away,味全龍,1,2,4,0,0
ODAzm,CPBL-2025-JO,2025,一軍,2025-08-24,例行賽,富邦悍將,wi4T3,home,味全龍,0,2,9,0,0
ODAzm,CPBL-2025-JO,2025,一軍,2025-08-24,例行賽,味全龍,R2VRh,away,富邦悍將,2,0,11,0,1
tExih,CPBL-2025-JO,2025,一軍,2025-08-24,例行賽,樂天桃猿,WyADE,home,統一7-ELEVEn獅,2,8,6,1,0
tExih,CPBL-2025-JO,2025,一軍,2025-08-24,例行賽,統一7-ELEVEn獅,Xs1sP,away,樂天桃猿,8,2,14,0,1
RI4Ey,CPBL-2025-JO,2025,一軍,2025-08-24,例行賽,中信兄弟,Kae1X,home,台鋼雄鷹,4,8,7,2,0
RI4Ey,CPBL-2025-JO,2025,一軍,2025-08-24,例行賽,台鋼雄鷹,t6zJf,away,中信兄弟,8,4,12,2,1
BLreD,CPBL-2025-JO,2025,一軍,2025-08-23,例行賽,中信兄弟,Kae1X,home,台鋼雄鷹,4,3,5,2,1
BLreD,CPBL-2025-JO,2025,一軍,2025-08-23,例行賽,台鋼雄鷹,t6zJf,away,中信兄弟,3,4,6,0,0
OUBKh,CPBL-2025-JO,2025,一軍,2025-08-23,例行賽,富邦悍將,wi4T3,home,味全龍,1,3,5,2,0
OUBKh,CPBL-2025-JO,2025,一軍,2025-08-23,例行賽,味全龍,R2VRh,away,富邦悍將,3,1,5,0,1
NDvy0,CPBL-2025-JO,2025,一軍,2025-08-23,例行賽,樂天桃猿,WyADE,home,統一7-ELEVEn獅,8,3,16,0,1
NDvy0,CPBL-2025-JO,2025,一軍,2025-08-23,例行賽,統一7-ELEVEn獅,Xs1sP,away,樂天桃猿,3,8,10,1,0
EhKrn,CPBL-2025-JO,2025,一軍,2025-08-22,例行賽,中信兄弟,Kae1X,home,台鋼雄鷹,4,3,5,0,1
EhKrn,CPBL-2025-JO,2025,一軍,2025-08-22,例行賽,台鋼雄鷹,t6zJf,away,中信兄弟,3,4,10,1,0
B6gjx,CPBL-2025-JO,2025,一軍,2025-08-22,例行賽,富邦悍將,wi4T3,home,味全龍,6,4,11,1,1
B6gjx,CPBL-2025-JO,2025,一軍,2025-08-22,例行賽,味全龍,R2VRh,away,富邦悍將,4,6,9,2,0
lSkoW,CPBL-2025-JO,2025,一軍,2025-08-22,例行賽,樂天桃猿,WyADE,home,統一7-ELEVEn獅,9,0,13,1,1
lSkoW,CPBL-2025-JO,2025,一軍,2025-08-22,例行賽,統一7-ELEVEn獅,Xs1sP,away,樂天桃猿,0,9,6,2,0
Y5AIJ,CPBL-2025-JO,2025,一軍,2025-08-20,例行賽,台鋼雄鷹,t6zJf,home,味全龍,7,4,11,0,1
Y5AIJ,CPBL-2025-JO,2025,一軍,2025-08-20,例行賽,味全龍,R2VRh,away,台鋼雄鷹,4,7,10,0,0
AyQxn,CPBL-2025-JO,2025,一軍,2025-08-20,例行賽,統一7-ELEVEn獅,Xs1sP,home,中信兄弟,3,8,7,0,0
AyQxn,CPBL-2025-JO,2025,一軍,2025-08-20,例行賽,中信兄弟,Kae1X,away,統一7-ELEVEn獅,8,3,6,0,1
QdAd9,CPBL-2025-JO,2025,一軍,2025-08-20,例行賽,樂天桃猿,WyADE,home,富邦悍將,1,9,8,2,0
QdAd9,CPBL-2025-JO,2025,一軍,2025-08-20,例行賽,富邦悍將,wi4T3,away,樂天桃猿,9,1,14,0,1
BJNDF,CPBL-2025-JO,2025,一軍,2025-08-19,例行賽,台鋼雄鷹,t6zJf,home,味全龍,5,2,6,1,1
BJNDF,CPBL-2025-JO,2025,一軍,2025-08-19,例行賽,味全龍,R2VRh,away,台鋼雄鷹,2,5,6,2,0
7vReO,CPBL-2025-JO,2025,一軍,2025-08-19,例行賽,統一7-ELEVEn獅,Xs1sP,home,中信兄弟,4,1,4,2,1
7vReO,CPBL-2025-JO,2025,一軍,2025-08-19,例行賽,中信兄弟,Kae1X,away,統一7-ELEVEn獅,1,4,5,1,0
Ql4do,CPBL-2025-JO,2025,一軍,2025-08-19,例行賽,樂天桃猿,WyADE,home,富邦悍將,2,1,7,0,1
Ql4do,CPBL-2025-JO,2025,一軍,2025-08-19,例行賽,富邦悍將,wi4T3,away,樂天桃猿,1,2,14,1,0
RqTIC,CPBL-2025-JO,2025,一軍,2025-08-17,例行賽,味全龍,R2VRh,home,樂天桃猿,5,6,9,1,0
RqTIC,CPBL-2025-JO,2025,一軍,2025-08-17,例行賽,樂天桃猿,WyADE,away,味全龍,6,5,11,0,1
gkoG6,CPBL-2025-JO,2025,一軍,2025-08-17,例行賽,富邦悍將,wi4T3,home,中信兄弟,1,0,4,0,1
gkoG6,CPBL-2025-JO,2025,一軍,2025-08-17,例行賽,中信兄弟,Kae1X,away,富邦悍將,0,1,3,2,0
nLWWZ,CPBL-2025-JO,2025,一軍,2025-08-17,例行賽,台鋼雄鷹,t6zJf,home,統一7-ELEVEn獅,11,1,14,0,1
nLWWZ,CPBL-2025-JO,2025,一軍,2025-08-17,例行賽,統一7-ELEVEn獅,Xs1sP,away,台鋼雄鷹,1,11,6,2,0
Gwk2I,CPBL-2025-JO,2025,一軍,2025-08-16,例行賽,味全龍,R2VRh,home,樂天桃猿,3,2,7,1,1
Gwk2I,CPBL-2025-JO,2025,一軍,2025-08-16,例行賽,樂天桃猿,WyADE,away,味全龍,2,3,7,0,0
id0nd,CPBL-2025-JO,2025,一軍,2025-08-16,例行賽,富邦悍將,wi4T3,home,中信兄弟,6,9,14,0,0
id0nd,CPBL-2025-JO,2025,一軍,2025-08-16,例行賽,中信兄弟,Kae1X,away,富邦悍將,9,6,15,0,1
LbnjO,CPBL-2025-JO,2025,一軍,2025-08-16,例行賽,台鋼雄鷹,t6zJf,home,統一7-ELEVEn獅,5,2,9,0,1
LbnjO,CPBL-2025-JO,2025,一軍,2025-08-16,例行賽,統一7-ELEVEn獅,Xs1sP,away,台鋼雄鷹,2,5,7,0,0
dh4Aq,CPBL-2025-JO,2025,一軍,2025-08-15,例行賽,味全龍,R2VRh,home,樂天桃猿,0,3,7,0,0
dh4Aq,CPBL-2025-JO,2025,一軍,2025-08-15,例行賽,樂天桃猿,WyADE,away,味全龍,3,0,10,1,1
3DpQ5,CPBL-2025-JO,2025,一軍,2025-08-15,例行賽,台鋼雄鷹,t6zJf,home,統一7-ELEVEn獅,4,7,10,1,0
3DpQ5,CPBL-2025-JO,2025,一軍,2025-08-15,例行賽,統一7-ELEVEn獅,Xs1sP,away,台鋼雄鷹,7,4,12,1,1
vpoWO,CPBL-2025-JO,2025,一軍,2025-08-15,例行賽,富邦悍將,wi4T3,home,中信兄弟,1,2,7,0,0
vpoWO,CPBL-2025-JO,2025,一軍,2025-08-15,例行賽,中信兄弟,Kae1X,away,富邦悍將,2,1,7,0,1
Vl5dF,CPBL-2025-JO,2025,一軍,2025-08-14,例行賽,中信兄弟,Kae1X,home,味全龍,2,0,8,0,1
Vl5dF,CPBL-2025-JO,2025,一軍,2025-08-14,例行賽,味全龍,R2VRh,away,中信兄弟,0,2,9,0,0
cILLS,CPBL-2025-JO,2025,一軍,2025-08-13,例行賽,中信兄弟,Kae1X,home,味全龍,1,4,6,1,0
cILLS,CPBL-2025-JO,2025,一軍,2025-08-13,例行賽,味全龍,R2VRh,away,中信兄弟,4,1,8,1,1
1yTOU,CPBL-2025-JO,2025,一軍,2025-08-13,例行賽,樂天桃猿,WyADE,home,台鋼雄鷹,3,2,5,0,1
1yTOU,CPBL-2025-JO,2025,一軍,2025-08-13,例行賽,台鋼雄鷹,t6zJf,away,樂天桃猿,2,3,5,0,0
YBdEx,CPBL-2025-JO,2025,一軍,2025-08-13,例行賽,富邦悍將,wi4T3,home,統一7-ELEVEn獅,1,5,6,0,0
YBdEx,CPBL-2025-JO,2025,一軍,2025-08-13,例行賽,統一7-ELEVEn獅,Xs1sP,away,富邦悍將,5,1,11,1,1
G8WKG,CPBL-2025-JO,2025,一軍,2025-08-12,例行賽,樂天桃猿,WyADE,home,台鋼雄鷹,1,0,3,0,1
G8WKG,CPBL-2025-JO,2025,一軍,2025-08-12,例行賽,台鋼雄鷹,t6zJf,away,樂天桃猿,0,1,5,1,0
FENU8,CPBL-2025-JO,2025,一軍,2025-08-12,例行賽,富邦悍將,wi4T3,home,統一7-ELEVEn獅,4,12,7,2,0
FENU8,CPBL-2025-JO,2025,一軍,2025-08-12,例行賽,統一7-ELEVEn獅,Xs1sP,away,富邦悍將,12,4,13,0,1
8Boug,CPBL-2025-JO,2025,一軍,2025-08-10,例行賽,中信兄弟,Kae1X,home,富邦悍將,5,3,11,1,1
8Boug,CPBL-2025-JO,2025,一軍,2025-08-10,例行賽,富邦悍將,wi4T3,away,中信兄弟,3,5,6,0,0
sVfhO,CPBL-2025-JO,2025,一軍,2025-08-10,例行賽,統一7-ELEVEn獅,Xs1sP,home,台鋼雄鷹,10,7,11,1,1
sVfhO,CPBL-2025-JO,2025,一軍,2025-08-10,例行賽,台鋼雄鷹,t6zJf,away,統一7-ELEVEn獅,7,10,12,0,0
enqIO,CPBL-2025-JO,2025,一軍,2025-08-10,例行賽,樂天桃猿,WyADE,home,味全龍,2,6,6,2,0
enqIO,CPBL-2025-JO,2025,一軍,2025-08-10,例行賽,味全龍,R2VRh,away,樂天桃猿,6,2,10,0,1
NcHiP,CPBL-2025-JO,2025,一軍,2025-08-09,例行賽,中信兄弟,Kae1X,home,富邦悍將,8,0,10,0,1
NcHiP,CPBL-2025-JO,2025,一軍,2025-08-09,例行賽,富邦悍將,wi4T3,away,中信兄弟,0,8,4,2,0
hzxJK,CPBL-2025-JO,2025,一軍,2025-08-09,例行賽,樂天桃猿,WyADE,home,味全龍,2,5,11,0,0
hzxJK,CPBL-2025-JO,2025,一軍,2025-08-09,例行賽,味全龍,R2VRh,away,樂天桃猿,5,2,7,0,1
KfK0m,CPBL-2025-JO,2025,一軍,2025-08-09,例行賽,統一7-ELEVEn獅,Xs1sP,home,台鋼雄鷹,0,8,3,0,0
KfK0m,CPBL-2025-JO,2025,一軍,2025-08-09,例行賽,台鋼雄鷹,t6zJf,away,統一7-ELEVEn獅,8,0,12,0,1
aWPT3,CPBL-2025-JO,2025,一軍,2025-08-08,例行賽,中信兄弟,Kae1X,home,富邦悍將,3,2,5,0,1
aWPT3,CPBL-2025-JO,2025,一軍,2025-08-08,例行賽,富邦悍將,wi4T3,away,中信兄弟,2,3,7,2,0
BSZgj,CPBL-2025-JO,2025,一軍,2025-08-08,例行賽,統一7-ELEVEn獅,Xs1sP,home,台鋼雄鷹,3,4,8,1,0
BSZgj,CPBL-2025-JO,2025,一軍,2025-08-08,例行賽,台鋼雄鷹,t6zJf,away,統一7-ELEVEn獅,4,3,8,1,1
1p2mT,CPBL-2025-JO,2025,一軍,2025-08-08,例行賽,樂天桃猿,WyADE,home,味全龍,4,3,7,0,1
1p2mT,CPBL-2025-JO,2025,一軍,2025-08-08,例行賽,味全龍,R2VRh,away,樂天桃猿,3,4,10,0,0
5I1OK,CPBL-2025-JO,2025,一軍,2025-08-06,例行賽,台鋼雄鷹,t6zJf,home,富邦悍將,1,5,9,0,0
5I1OK,CPBL-2025-JO,2025,一軍,2025-08-06,例行賽,富邦悍將,wi4T3,away,台鋼雄鷹,5,1,6,1,1
mSGti,CPBL-2025-JO,2025,一軍,2025-08-06,例行賽,味全龍,R2VRh,home,中信兄弟,4,1,5,1,1
mSGti,CPBL-2025-JO,2025,一軍,2025-08-06,例行賽,中信兄弟,Kae1X,away,味全龍,1,4,10,0,0
ZLQfq,CPBL-2025-JO,2025,一軍,2025-08-06,例行賽,樂天桃猿,WyADE,home,統一7-ELEVEn獅,4,2,9,0,1
ZLQfq,CPBL-2025-JO,2025,一軍,2025-08-06,例行賽,統一7-ELEVEn獅,Xs1sP,away,樂天桃猿,2,4,11,0,0
iYdSJ,CPBL-2025-JO,2025,一軍,2025-08-05,例行賽,台鋼雄鷹,t6zJf,home,富邦悍將,4,3,8,1,1
iYdSJ,CPBL-2025-JO,2025,一軍,2025-08-05,例行賽,富邦悍將,wi4T3,away,台鋼雄鷹,3,4,9,0,0
laArp,CPBL-2025-JO,2025,一軍,2025-08-05,例行賽,味全龍,R2VRh,home,中信兄弟,4,3,10,2,1
laArp,CPBL-2025-JO,2025,一軍,2025-08-05,例行賽,中信兄弟,Kae1X,away,味全龍,3,4,4,0,0
WfISg,CPBL-2025-JO,2025,一軍,2025-08-05,例行賽,樂天桃猿,WyADE,home,統一7-ELEVEn獅,3,2,11,2,1
WfISg,CPBL-2025-JO,2025,一軍,2025-08-05,例行賽,統一7-ELEVEn獅,Xs1sP,away,樂天桃猿,2,3,7,1,0
gqhiV,CPBL-2025-JO,2025,一軍,2025-08-03,例行賽,富邦悍將,wi4T3,home,統一7-ELEVEn獅,2,1,4,0,1
gqhiV,CPBL-2025-JO,2025,一軍,2025-08-03,例行賽,統一7-ELEVEn獅,Xs1sP,away,富邦悍將,1,2,6,1,0
8l6pQ,CPBL-2025-JO,2025,一軍,2025-08-03,例行賽,中信兄弟,Kae1X,home,樂天桃猿,5,3,8,0,1
8l6pQ,CPBL-2025-JO,2025,一軍,2025-08-03,例行賽,樂天桃猿,WyADE,away,中信兄弟,3,5,9,2,0
OvVhe,CPBL-2025-JO,2025,一軍,2025-08-02,例行賽,富邦悍將,wi4T3,home,統一7-ELEVEn獅,3,5,10,0,0
OvVhe,CPBL-2025-JO,2025,一軍,2025-08-02,例行賽,統一7-ELEVEn獅,Xs1sP,away,富邦悍將,5,3,11,0,1
jA4r9,CPBL-2025-JO,2025,一軍,2025-08-02,例行賽,中信兄弟,Kae1X,home,樂天桃猿,4,3,5,0,1
jA4r9,CPBL-2025-JO,2025,一軍,2025-08-02,例行賽,樂天桃猿,WyADE,away,中信兄弟,3,4,7,1,0
XUtj0,CPBL-2025-JO,2025,一軍,2025-08-02,例行賽,台鋼雄鷹,t6zJf,home,味全龍,5,1,8,0,1
XUtj0,CPBL-2025-JO,2025,一軍,2025-08-02,例行賽,味全龍,R2VRh,away,台鋼雄鷹,1,5,5,0,0
67MH2,CPBL-2025-JO,2025,一軍,2025-08-01,例行賽,台鋼雄鷹,t6zJf,home,味全龍,0,0,2,0,
67MH2,CPBL-2025-JO,2025,一軍,2025-08-01,例行賽,味全龍,R2VRh,away,台鋼雄鷹,0,0,3,0,
l201D,CPBL-2025-JO,2025,一軍,2025-08-01,例行賽,中信兄弟,Kae1X,home,樂天桃猿,7,5,13,1,1
l201D,CPBL-2025-JO,2025,一軍,2025-08-01,例行賽,樂天桃猿,WyADE,away,中信兄弟,5,7,11,2,0
UnSrO,CPBL-2025-JO,2025,一軍,2025-07-31,例行賽,統一7-ELEVEn獅,Xs1sP,home,味全龍,2,1,6,0,1
UnSrO,CPBL-2025-JO,2025,一軍,2025-07-31,例行賽,味全龍,R2VRh,away,統一7-ELEVEn獅,1,2,9,0,0
OHU4N,CPBL-2025-JO,2025,一軍,2025-07-30,例行賽,統一7-ELEVEn獅,Xs1sP,home,味全龍,7,1,10,0,1
OHU4N,CPBL-2025-JO,2025,一軍,2025-07-30,例行賽,味全龍,R2VRh,away,統一7-ELEVEn獅,1,7,7,2,0
cTlDI,CPBL-2025-JO,2025,一軍,2025-07-30,例行賽,富邦悍將,wi4T3,home,樂天桃猿,1,9,6,2,0
cTlDI,CPBL-2025-JO,2025,一軍,2025-07-30,例行賽,樂天桃猿,WyADE,away,富邦悍將,9,1,17,0,1
LneUs,CPBL-2025-JO,2025,一軍,2025-07-30,例行賽,中信兄弟,Kae1X,home,台鋼雄鷹,11,2,14,0,1
LneUs,CPBL-2025-JO,2025,一軍,2025-07-30,例行賽,台鋼雄鷹,t6zJf,away,中信兄弟,2,11,5,1,0
Xd7bu,CPBL-2025-JO,2025,一軍,2025-07-29,例行賽,富邦悍將,wi4T3,home,樂天桃猿,2,0,3,2,1
Xd7bu,CPBL-2025-JO,2025,一軍,2025-07-29,例行賽,樂天桃猿,WyADE,away,富邦悍將,0,2,5,1,0
Uy2x2,CPBL-2025-JO,2025,一軍,2025-07-29,例行賽,中信兄弟,Kae1X,home,台鋼雄鷹,11,15,9,1,0
Uy2x2,CPBL-2025-JO,2025,一軍,2025-07-29,例行賽,台鋼雄鷹,t6zJf,away,中信兄弟,15,11,15,1,1
btPzT,CPBL-2025-JO,2025,一軍,2025-07-27,例行賽,樂天桃猿,WyADE,home,台鋼雄鷹,7,7,14,0,
btPzT,CPBL-2025-JO,2025,一軍,2025-07-27,例行賽,台鋼雄鷹,t6zJf,away,樂天桃猿,7,7,18,1,
43zwh,CPBL-2025-JO,2025,一軍,2025-07-27,例行賽,味全龍,R2VRh,home,富邦悍將,5,1,11,0,1
43zwh,CPBL-2025-JO,2025,一軍,2025-07-27,例行賽,富邦悍將,wi4T3,away,味全龍,1,5,8,2,0
RJJLK,CPBL-2025-JO,2025,一軍,2025-07-27,例行賽,統一7-ELEVEn獅,Xs1sP,home,中信兄弟,3,5,8,0,0
RJJLK,CPBL-2025-JO,2025,一軍,2025-07-27,例行賽,中信兄弟,Kae1X,away,統一7-ELEVEn獅,5,3,9,0,1
jzjAX,CPBL-2025-JO,2025,一軍,2025-07-26,例行賽,樂天桃猿,WyADE,home,台鋼雄鷹,4,5,9,0,0
jzjAX,CPBL-2025-JO,2025,一軍,2025-07-26,例行賽,台鋼雄鷹,t6zJf,away,樂天桃猿,5,4,11,0,1
JBwcd,CPBL-2025-JO,2025,一軍,2025-07-26,例行賽,味全龍,R2VRh,home,富邦悍將,2,4,7,0,0
JBwcd,CPBL-2025-JO,2025,一軍,2025-07-26,例行賽,富邦悍將,wi4T3,away,味全龍,4,2,7,1,1
01TJC,CPBL-2025-JO,2025,一軍,2025-07-26,例行賽,統一7-ELEVEn獅,Xs1sP,home,中信兄弟,3,5,6,2,0
01TJC,CPBL-2025-JO,2025,一軍,2025-07-26,例行賽,中信兄弟,Kae1X,away,統一7-ELEVEn獅,5,3,10,0,1
HBOLm,CPBL-2025-JO,2025,一軍,2025-07-25,例行賽,統一7-ELEVEn獅,Xs1sP,home,中信兄弟,0,5,5,1,0
HBOLm,CPBL-2025-JO,2025,一軍,2025-07-25,例行賽,中信兄弟,Kae1X,away,統一7-ELEVEn獅,5,0,8,1,1
KCWQF,CPBL-2025-JO,2025,一軍,2025-07-23,例行賽,富邦悍將,wi4T3,home,中信兄弟,2,0,9,0,1
KCWQF,CPBL-2025-JO,2025,一軍,2025-07-23,例行賽,中信兄弟,Kae1X,away,富邦悍將,0,2,3,1,0
2GKlu,CPBL-2025-JO,2025,一軍,2025-07-23,例行賽,台鋼雄鷹,t6zJf,home,統一7-ELEVEn獅,4,6,13,2,0
2GKlu,CPBL-2025-JO,2025,一軍,2025-07-23,例行賽,統一7-ELEVEn獅,Xs1sP,away,台鋼雄鷹,6,4,11,1,1
n1mJg,CPBL-2025-JO,2025,一軍,2025-07-23,例行賽,味全龍,R2VRh,home,樂天桃猿,2,0,10,0,1
n1mJg,CPBL-2025-JO,2025,一軍,2025-07-23,例行賽,樂天桃猿,WyADE,away,味全龍,0,2,5,0,0
qDIAZ,CPBL-2025-JO,2025,一軍,2025-07-22,例行賽,台鋼雄鷹,t6zJf,home,統一7-ELEVEn獅,7,1,13,0,1
qDIAZ,CPBL-2025-JO,2025,一軍,2025-07-22,例行賽,統一7-ELEVEn獅,Xs1sP,away,台鋼雄鷹,1,7,7,1,0
npHkH,CPBL-2025-JO,2025,一軍,2025-07-22,例行賽,味全龍,R2VRh,home,樂天桃猿,3,4,6,0,0
npHkH,CPBL-2025-JO,2025,一軍,2025-07-22,例行賽,樂天桃猿,WyADE,away,味全龍,4,3,7,0,1
fTELV,CPBL-2025-JO,2025,一軍,2025-07-17,例行賽,統一7-ELEVEn獅,Xs1sP,home,富邦悍將,1,4,7,1,0
fTELV,CPBL-2025-JO,2025,一軍,2025-07-17,例行賽,富邦悍將,wi4T3,away,統一7-ELEVEn獅,4,1,10,0,1
Dkokq,CPBL-2025-JO,2025,一軍,2025-07-16,例行賽,統一7-ELEVEn獅,Xs1sP,home,富邦悍將,6,3,6,0,1
Dkokq,CPBL-2025-JO,2025,一軍,2025-07-16,例行賽,富邦悍將,wi4T3,away,統一7-ELEVEn獅,3,6,8,2,0
hrJVL,CPBL-2025-JO,2025,一軍,2025-07-16,例行賽,樂天桃猿,WyADE,home,中信兄弟,4,7,15,0,0
hrJVL,CPBL-2025-JO,2025,一軍,2025-07-16,例行賽,中信兄弟,Kae1X,away,樂天桃猿,7,4,12,0,1
qVhIf,CPBL-2025-JO,2025,一軍,2025-07-16,例行賽,味全龍,R2VRh,home,台鋼雄鷹,3,9,7,0,0
qVhIf,CPBL-2025-JO,2025,一軍,2025-07-16,例行賽,台鋼雄鷹,t6zJf,away,味全龍,9,3,15,1,1
dvPTX,CPBL-2025-JO,2025,一軍,2025-07-15,例行賽,樂天桃猿,WyADE,home,中信兄弟,6,5,14,1,1
dvPTX,CPBL-2025-JO,2025,一軍,2025-07-15,例行賽,中信兄弟,Kae1X,away,樂天桃猿,5,6,12,1,0
U7Jm3,CPBL-2025-JO,2025,一軍,2025-07-15,例行賽,味全龍,R2VRh,home,台鋼雄鷹,12,4,13,0,1
U7Jm3,CPBL-2025-JO,2025,一軍,2025-07-15,例行賽,台鋼雄鷹,t6zJf,away,味全龍,4,12,9,0,0
B5kD1,CPBL-2025-JO,2025,一軍,2025-07-13,例行賽,富邦悍將,wi4T3,home,台鋼雄鷹,4,3,9,0,1
B5kD1,CPBL-2025-JO,2025,一軍,2025-07-13,例行賽,台鋼雄鷹,t6zJf,away,富邦悍將,3,4,8,0,0
c0zV6,CPBL-2025-JO,2025,一軍,2025-07-13,例行賽,中信兄弟,Kae1X,home,味全龍,1,8,5,2,0
c0zV6,CPBL-2025-JO,2025,一軍,2025-07-13,例行賽,味全龍,R2VRh,away,中信兄弟,8,1,14,1,1
O2LnN,CPBL-2025-JO,2025,一軍,2025-07-13,例行賽,統一7-ELEVEn獅,Xs1sP,home,樂天桃猿,0,4,3,1,0
O2LnN,CPBL-2025-JO,2025,一軍,2025-07-13,例行賽,樂天桃猿,WyADE,away,統一7-ELEVEn獅,4,0,13,0,1
mzNyo,CPBL-2025-JO,2025,一軍,2025-07-12,例行賽,富邦悍將,wi4T3,home,台鋼雄鷹,0,1,4,1,0
mzNyo,CPBL-2025-JO,2025,一軍,2025-07-12,例行賽,台鋼雄鷹,t6zJf,away,富邦悍將,1,0,4,2,1
QP6Ov,CPBL-2025-JO,2025,一軍,2025-07-12,例行賽,中信兄弟,Kae1X,home,味全龍,6,3,9,1,1
QP6Ov,CPBL-2025-JO,2025,一軍,2025-07-12,例行賽,味全龍,R2VRh,away,中信兄弟,3,6,14,0,0
GW8g5,CPBL-2025-JO,2025,一軍,2025-07-12,例行賽,統一7-ELEVEn獅,Xs1sP,home,樂天桃猿,11,4,13,1,1
GW8g5,CPBL-2025-JO,2025,一軍,2025-07-12,例行賽,樂天桃猿,WyADE,away,統一7-ELEVEn獅,4,11,11,0,0
H7Ag9,CPBL-2025-JO,2025,一軍,2025-07-11,例行賽,富邦悍將,wi4T3,home,台鋼雄鷹,2,1,9,1,1
H7Ag9,CPBL-2025-JO,2025,一軍,2025-07-11,例行賽,台鋼雄鷹,t6zJf,away,富邦悍將,1,2,5,0,0
2KC6w,CPBL-2025-JO,2025,一軍,2025-07-08,例行賽,富邦悍將,wi4T3,home,味全龍,1,4,6,0,0
2KC6w,CPBL-2025-JO,2025,一軍,2025-07-08,例行賽,味全龍,R2VRh,away,富邦悍將,4,1,7,0,1
EJ74h,CPBL-2025-JO,2025,一軍,2025-07-08,例行賽,中信兄弟,Kae1X,home,統一7-ELEVEn獅,2,8,7,0,0
EJ74h,CPBL-2025-JO,2025,一軍,2025-07-08,例行賽,統一7-ELEVEn獅,Xs1sP,away,中信兄弟,8,2,10,0,1
Yz3uy,CPBL-2025-JO,2025,一軍,2025-07-06,例行賽,味全龍,R2VRh,home,統一7-ELEVEn獅,16,12,17,1,1
Yz3uy,CPBL-2025-JO,2025,一軍,2025-07-06,例行賽,統一7-ELEVEn獅,Xs1sP,away,味全龍,12,16,17,2,0
bEqWc,CPBL-2025-JO,2025,一軍,2025-07-06,例行賽,樂天桃猿,WyADE,home,富邦悍將,7,2,13,1,1
bEqWc,CPBL-2025-JO,2025,一軍,2025-07-06,例行賽,富邦悍將,wi4T3,away,樂天桃猿,2,7,7,0,0
vCEHR,CPBL-2025-JO,2025,一軍,2025-07-05,例行賽,味全龍,R2VRh,home,統一7-ELEVEn獅,2,4,9,0,0
vCEHR,CPBL-2025-JO,2025,一軍,2025-07-05,例行賽,統一7-ELEVEn獅,Xs1sP,away,味全龍,4,2,8,0,1
uSiTR,CPBL-2025-JO,2025,一軍,2025-07-05,例行賽,樂天桃猿,WyADE,home,富邦悍將,4,18,7,1,0
uSiTR,CPBL-2025-JO,2025,一軍,2025-07-05,例行賽,富邦悍將,wi4T3,away,樂天桃猿,18,4,25,1,1
aAYMt,CPBL-2025-JO,2025,一軍,2025-07-05,例行賽,台鋼雄鷹,t6zJf,home,中信兄弟,3,6,6,1,0
aAYMt,CPBL-2025-JO,2025,一軍,2025-07-05,例行賽,中信兄弟,Kae1X,away,台鋼雄鷹,6,3,12,2,1
UZdSV,CPBL-2025-JO,2025,一軍,2025-07-04,例行賽,味全龍,R2VRh,home,統一7-ELEVEn獅,4,1,6,1,1
UZdSV,CPBL-2025-JO,2025,一軍,2025-07-04,例行賽,統一7-ELEVEn獅,Xs1sP,away,味全龍,1,4,5,0,0
Lco33,CPBL-2025-JO,2025,一軍,2025-07-04,例行賽,台鋼雄鷹,t6zJf,home,中信兄弟,2,0,10,0,1
Lco33,CPBL-2025-JO,2025,一軍,2025-07-04,例行賽,中信兄弟,Kae1X,away,台鋼雄鷹,0,2,8,1,0
qHqsX,CPBL-2025-JO,2025,一軍,2025-07-04,例行賽,樂天桃猿,WyADE,home,富邦悍將,5,4,9,1,1
qHqsX,CPBL-2025-JO,2025,一軍,2025-07-04,例行賽,富邦悍將,wi4T3,away,樂天桃猿,4,5,10,1,0
qK4Ih,CPBL-2025-JO,2025,一軍,2025-06-29,例行賽,富邦悍將,wi4T3,home,味全龍,5,1,10,1,1
qK4Ih,CPBL-2025-JO,2025,一軍,2025-06-29,例行賽,味全龍,R2VRh,away,富邦悍將,1,5,6,0,0
3seqR,CPBL-2025-JO,2025,一軍,2025-06-29,例行賽,中信兄弟,Kae1X,home,台鋼雄鷹,6,8,11,2,0
3seqR,CPBL-2025-JO,2025,一軍,2025-06-29,例行賽,台鋼雄鷹,t6zJf,away,中信兄弟,8,6,12,2,1
0vmKn,CPBL-2025-JO,2025,一軍,2025-06-29,例行賽,樂天桃猿,WyADE,home,統一7-ELEVEn獅,1,4,7,3,0
0vmKn,CPBL-2025-JO,2025,一軍,2025-06-29,例行賽,統一7-ELEVEn獅,Xs1sP,away,樂天桃猿,4,1,7,0,1
z4552,CPBL-2025-JO,2025,一軍,2025-06-28,例行賽,統一7-ELEVEn獅,Xs1sP,home,富邦悍將,3,1,6,1,1
z4552,CPBL-2025-JO,2025,一軍,2025-06-28,例行賽,富邦悍將,wi4T3,away,統一7-ELEVEn獅,1,3,4,1,0
bKXDU,CPBL-2025-JO,2025,一軍,2025-06-28,例行賽,中信兄弟,Kae1X,home,台鋼雄鷹,4,8,10,0,0
bKXDU,CPBL-2025-JO,2025,一軍,2025-06-28,例行賽,台鋼雄鷹,t6zJf,away,中信兄弟,8,4,11,0,1
BqlZV,CPBL-2025-JO,2025,一軍,2025-06-28,例行賽,樂天桃猿,WyADE,home,味全龍,5,7,9,2,0
BqlZV,CPBL-2025-JO,2025,一軍,2025-06-28,例行賽,味全龍,R2VRh,away,樂天桃猿,7,5,11,1,1
YszAg,CPBL-2025-JO,2025,一軍,2025-06-27,例行賽,統一7-ELEVEn獅,Xs1sP,home,台鋼雄鷹,12,5,14,1,1
YszAg,CPBL-2025-JO,2025,一軍,2025-06-27,例行賽,台鋼雄鷹,t6zJf,away,統一7-ELEVEn獅,5,12,11,1,0
cZCT5,CPBL-2025-JO,2025,一軍,2025-06-27,例行賽,味全龍,R2VRh,home,富邦悍將,0,5,3,0,0
cZCT5,CPBL-2025-JO,2025,一軍,2025-06-27,例行賽,富邦悍將,wi4T3,away,味全龍,5,0,9,0,1
mOOzX,CPBL-2025-JO,2025,一軍,2025-06-27,例行賽,樂天桃猿,WyADE,home,中信兄弟,1,2,9,3,0
mOOzX,CPBL-2025-JO,2025,一軍,2025-06-27,例行賽,中信兄弟,Kae1X,away,樂天桃猿,2,1,6,1,1
iIPEN,CPBL-2025-JO,2025,一軍,2025-06-26,例行賽,統一7-ELEVEn獅,Xs1sP,home,台鋼雄鷹,3,4,13,1,0
iIPEN,CPBL-2025-JO,2025,一軍,2025-06-26,例行賽,台鋼雄鷹,t6zJf,away,統一7-ELEVEn獅,4,3,11,1,1
AmVJx,CPBL-2025-JO,2025,一軍,2025-06-26,例行賽,富邦悍將,wi4T3,home,樂天桃猿,5,4,8,2,1
AmVJx,CPBL-2025-JO,2025,一軍,2025-06-26,例行賽,樂天桃猿,WyADE,away,富邦悍將,4,5,9,1,0
lG4mZ,CPBL-2025-JO,2025,一軍,2025-06-25,例行賽,富邦悍將,wi4T3,home,樂天桃猿,2,0,5,0,1
lG4mZ,CPBL-2025-JO,2025,一軍,2025-06-25,例行賽,樂天桃猿,WyADE,away,富邦悍將,0,2,4,0,0
vVxRe,CPBL-2025-JO,2025,一軍,2025-06-24,例行賽,富邦悍將,wi4T3,home,統一7-ELEVEn獅,5,0,6,0,1
vVxRe,CPBL-2025-JO,2025,一軍,2025-06-24,例行賽,統一7-ELEVEn獅,Xs1sP,away,富邦悍將,0,5,7,0,0
DS41S,CPBL-2025-JO,2025,一軍,2025-06-24,例行賽,味全龍,R2VRh,home,樂天桃猿,3,11,9,2,0
DS41S,CPBL-2025-JO,2025,一軍,2025-06-24,例行賽,樂天桃猿,WyADE,away,味全龍,11,3,17,2,1
E6RJa,CPBL-2025-JO,2025,一軍,2025-06-22,例行賽,味全龍,R2VRh,home,統一7-ELEVEn獅,4,1,13,0,1
E6RJa,CPBL-2025-JO,2025,一軍,2025-06-22,例行賽,統一7-ELEVEn獅,Xs1sP,away,味全龍,1,4,5,0,0
Zk42V,CPBL-2025-JO,2025,一軍,2025-06-22,例行賽,樂天桃猿,WyADE,home,台鋼雄鷹,2,1,4,1,1
Zk42V,CPBL-2025-JO,2025,一軍,2025-06-22,例行賽,台鋼雄鷹,t6zJf,away,樂天桃猿,1,2,6,2,0
UKIOf,CPBL-2025-JO,2025,一軍,2025-06-22,例行賽,中信兄弟,Kae1X,home,富邦悍將,10,0,15,0,1
UKIOf,CPBL-2025-JO,2025,一軍,2025-06-22,例行賽,富邦悍將,wi4T3,away,中信兄弟,0,10,3,3,0
CV8EW,CPBL-2025-JO,2025,一軍,2025-06-21,例行賽,味全龍,R2VRh,home,統一7-ELEVEn獅,1,4,4,0,0
CV8EW,CPBL-2025-JO,2025,一軍,2025-06-21,例行賽,統一7-ELEVEn獅,Xs1sP,away,味全龍,4,1,8,0,1
Rgsha,CPBL-2025-JO,2025,一軍,2025-06-21,例行賽,樂天桃猿,WyADE,home,台鋼雄鷹,11,12,15,3,0
Rgsha,CPBL-2025-JO,2025,一軍,2025-06-21,例行賽,台鋼雄鷹,t6zJf,away,樂天桃猿,12,11,18,0,1
pWUJA,CPBL-2025-JO,2025,一軍,2025-06-21,例行賽,中信兄弟,Kae1X,home,富邦悍將,5,4,7,0,1
pWUJA,CPBL-2025-JO,2025,一軍,2025-06-21,例行賽,富邦悍將,wi4T3,away,中信兄弟,4,5,12,0,0
EKw4s,CPBL-2025-JO,2025,一軍,2025-06-20,例行賽,味全龍,R2VRh,home,中信兄弟,3,4,9,1,0
EKw4s,CPBL-2025-JO,2025,一軍,2025-06-20,例行賽,中信兄弟,Kae1X,away,味全龍,4,3,8,0,1
AFslb,CPBL-2025-JO,2025,一軍,2025-06-20,例行賽,樂天桃猿,WyADE,home,統一7-ELEVEn獅,2,12,2,3,0
AFslb,CPBL-2025-JO,2025,一軍,2025-06-20,例行賽,統一7-ELEVEn獅,Xs1sP,away,樂天桃猿,12,2,16,0,1
t5pjw,CPBL-2025-JO,2025,一軍,2025-06-20,例行賽,台鋼雄鷹,t6zJf,home,富邦悍將,3,4,8,1,0
t5pjw,CPBL-2025-JO,2025,一軍,2025-06-20,例行賽,富邦悍將,wi4T3,away,台鋼雄鷹,4,3,11,0,1
icwAd,CPBL-2025-JO,2025,一軍,2025-06-19,例行賽,味全龍,R2VRh,home,中信兄弟,1,5,6,1,0
icwAd,CPBL-2025-JO,2025,一軍,2025-06-19,例行賽,中信兄弟,Kae1X,away,味全龍,5,1,10,0,1
84N2E,CPBL-2025-JO,2025,一軍,2025-06-19,例行賽,樂天桃猿,WyADE,home,統一7-ELEVEn獅,2,1,8,0,1
84N2E,CPBL-2025-JO,2025,一軍,2025-06-19,例行賽,統一7-ELEVEn獅,Xs1sP,away,樂天桃猿,1,2,7,0,0
OGKTc,CPBL-2025-JO,2025,一軍,2025-06-19,例行賽,台鋼雄鷹,t6zJf,home,富邦悍將,5,2,11,0,1
OGKTc,CPBL-2025-JO,2025,一軍,2025-06-19,例行賽,富邦悍將,wi4T3,away,台鋼雄鷹,2,5,10,0,0
58VkT,CPBL-2025-JO,2025,一軍,2025-06-18,例行賽,中信兄弟,Kae1X,home,樂天桃猿,2,4,7,0,0
58VkT,CPBL-2025-JO,2025,一軍,2025-06-18,例行賽,樂天桃猿,WyADE,away,中信兄弟,4,2,14,0,1
5w8H0,CPBL-2025-JO,2025,一軍,2025-06-17,例行賽,富邦悍將,wi4T3,home,統一7-ELEVEn獅,4,1,10,0,1
5w8H0,CPBL-2025-JO,2025,一軍,2025-06-17,例行賽,統一7-ELEVEn獅,Xs1sP,away,富邦悍將,1,4,8,0,0
Ozx8R,CPBL-2025-JO,2025,一軍,2025-06-17,例行賽,味全龍,R2VRh,home,樂天桃猿,1,2,8,0,0
Ozx8R,CPBL-2025-JO,2025,一軍,2025-06-17,例行賽,樂天桃猿,WyADE,away,味全龍,2,1,10,2,1
N4iDp,CPBL-2025-JO,2025,一軍,2025-06-17,例行賽,台鋼雄鷹,t6zJf,home,中信兄弟,7,6,11,0,1
N4iDp,CPBL-2025-JO,2025,一軍,2025-06-17,例行賽,中信兄弟,Kae1X,away,台鋼雄鷹,6,7,9,0,0
tSfoW,CPBL-2025-JO,2025,一軍,2025-06-15,例行賽,統一7-ELEVEn獅,Xs1sP,home,中信兄弟,1,0,5,0,1
tSfoW,CPBL-2025-JO,2025,一軍,2025-06-15,例行賽,中信兄弟,Kae1X,away,統一7-ELEVEn獅,0,1,3,0,0
lMIml,CPBL-2025-JO,2025,一軍,2025-06-15,例行賽,富邦悍將,wi4T3,home,樂天桃猿,7,3,10,0,1
lMIml,CPBL-2025-JO,2025,一軍,2025-06-15,例行賽,樂天桃猿,WyADE,away,富邦悍將,3,7,8,0,0
ZK3uj,CPBL-2025-JO,2025,一軍,2025-06-15,例行賽,台鋼雄鷹,t6zJf,home,味全龍,1,6,8,0,0
ZK3uj,CPBL-2025-JO,2025,一軍,2025-06-15,例行賽,味全龍,R2VRh,away,台鋼雄鷹,6,1,9,0,1
c5SfF,CPBL-2025-JO,2025,一軍,2025-06-14,例行賽,富邦悍將,wi4T3,home,樂天桃猿,2,7,6,2,0
c5SfF,CPBL-2025-JO,2025,一軍,2025-06-14,例行賽,樂天桃猿,WyADE,away,富邦悍將,7,2,13,0,1
kQoJm,CPBL-2025-JO,2025,一軍,2025-06-14,例行賽,台鋼雄鷹,t6zJf,home,味全龍,3,1,10,0,1
kQoJm,CPBL-2025-JO,2025,一軍,2025-06-14,例行賽,味全龍,R2VRh,away,台鋼雄鷹,1,3,9,0,0
J6uvF,CPBL-2025-JO,2025,一軍,2025-06-14,例行賽,統一7-ELEVEn獅,Xs1sP,home,中信兄弟,6,8,10,1,0
J6uvF,CPBL-2025-JO,2025,一軍,2025-06-14,例行賽,中信兄弟,Kae1X,away,統一7-ELEVEn獅,8,6,13,0,1
Y7ngP,CPBL-2025-JO,2025,一軍,2025-06-13,例行賽,富邦悍將,wi4T3,home,味全龍,2,3,5,3,0
Y7ngP,CPBL-2025-JO,2025,一軍,2025-06-13,例行賽,味全龍,R2VRh,away,富邦悍將,3,2,8,1,1
tsrDL,CPBL-2025-JO,2025,一軍,2025-06-12,例行賽,統一7-ELEVEn獅,Xs1sP,home,台鋼雄鷹,12,4,12,1,1
tsrDL,CPBL-2025-JO,2025,一軍,2025-06-12,例行賽,台鋼雄鷹,t6zJf,away,統一7-ELEVEn獅,4,12,13,2,0
x6CsD,CPBL-2025-JO,2025,一軍,2025-06-12,例行賽,富邦悍將,wi4T3,home,味全龍,2,1,5,0,1
x6CsD,CPBL-2025-JO,2025,一軍,2025-06-12,例行賽,味全龍,R2VRh,away,富邦悍將,1,2,2,1,0
gzKIq,CPBL-2025-JO,2025,一軍,2025-06-12,例行賽,中信兄弟,Kae1X,home,樂天桃猿,4,1,6,2,1
gzKIq,CPBL-2025-JO,2025,一軍,2025-06-12,例行賽,樂天桃猿,WyADE,away,中信兄弟,1,4,5,0,0
sMaWh,CPBL-2025-JO,2025,一軍,2025-06-10,例行賽,統一7-ELEVEn獅,Xs1sP,home,富邦悍將,6,5,9,0,1
sMaWh,CPBL-2025-JO,2025,一軍,2025-06-10,例行賽,富邦悍將,wi4T3,away,統一7-ELEVEn獅,5,6,10,1,0
aND62,CPBL-2025-JO,2025,一軍,2025-06-10,例行賽,樂天桃猿,WyADE,home,味全龍,3,13,7,0,0
aND62,CPBL-2025-JO,2025,一軍,2025-06-10,例行賽,味全龍,R2VRh,away,樂天桃猿,13,3,16,2,1
SnTSd,CPBL-2025-JO,2025,一軍,2025-06-10,例行賽,中信兄弟,Kae1X,home,台鋼雄鷹,7,10,10,0,0
SnTSd,CPBL-2025-JO,2025,一軍,2025-06-10,例行賽,台鋼雄鷹,t6zJf,away,中信兄弟,10,7,15,1,1
yWY6V,CPBL-2025-JO,2025,一軍,2025-06-08,例行賽,樂天桃猿,WyADE,home,台鋼雄鷹,4,7,11,1,0
yWY6V,CPBL-2025-JO,2025,一軍,2025-06-08,例行賽,台鋼雄鷹,t6zJf,away,樂天桃猿,7,4,10,0,1
KDQpL,CPBL-2025-JO,2025,一軍,2025-06-08,例行賽,富邦悍將,wi4T3,home,中信兄弟,3,8,11,1,0
KDQpL,CPBL-2025-JO,2025,一軍,2025-06-08,例行賽,中信兄弟,Kae1X,away,富邦悍將,8,3,16,1,1
LfI0e,CPBL-2025-JO,2025,一軍,2025-06-08,例行賽,味全龍,R2VRh,home,統一7-ELEVEn獅,4,6,13,0,0
LfI0e,CPBL-2025-JO,2025,一軍,2025-06-08,例行賽,統一7-ELEVEn獅,Xs1sP,away,味全龍,6,4,11,0,1
Fl8h0,CPBL-2025-JO,2025,一軍,2025-06-07,例行賽,樂天桃猿,WyADE,home,台鋼雄鷹,7,6,10,2,1
Fl8h0,CPBL-2025-JO,2025,一軍,2025-06-07,例行賽,台鋼雄鷹,t6zJf,away,樂天桃猿,6,7,13,0,0
OtYzT,CPBL-2025-JO,2025,一軍,2025-06-07,例行賽,富邦悍將,wi4T3,home,中信兄弟,2,12,5,1,0
OtYzT,CPBL-2025-JO,2025,一軍,2025-06-07,例行賽,中信兄弟,Kae1X,away,富邦悍將,12,2,12,0,1
prZSd,CPBL-2025-JO,2025,一軍,2025-06-07,例行賽,味全龍,R2VRh,home,統一7-ELEVEn獅,2,3,4,0,0
prZSd,CPBL-2025-JO,2025,一軍,2025-06-07,例行賽,統一7-ELEVEn獅,Xs1sP,away,味全龍,3,2,8,1,1
gmXXM,CPBL-2025-JO,2025,一軍,2025-06-06,例行賽,樂天桃猿,WyADE,home,台鋼雄鷹,7,1,11,0,1
gmXXM,CPBL-2025-JO,2025,一軍,2025-06-06,例行賽,台鋼雄鷹,t6zJf,away,樂天桃猿,1,7,3,2,0
P5IVq,CPBL-2025-JO,2025,一軍,2025-06-06,例行賽,富邦悍將,wi4T3,home,中信兄弟,3,11,9,1,0
P5IVq,CPBL-2025-JO,2025,一軍,2025-06-06,例行賽,中信兄弟,Kae1X,away,富邦悍將,11,3,14,0,1
2EaXQ,CPBL-2025-JO,2025,一軍,2025-06-06,例行賽,味全龍,R2VRh,home,統一7-ELEVEn獅,4,7,6,0,0
2EaXQ,CPBL-2025-JO,2025,一軍,2025-06-06,例行賽,統一7-ELEVEn獅,Xs1sP,away,味全龍,7,4,10,0,1
LSQvr,CPBL-2025-JO,2025,一軍,2025-06-04,例行賽,樂天桃猿,WyADE,home,中信兄弟,8,2,10,0,1
LSQvr,CPBL-2025-JO,2025,一軍,2025-06-04,例行賽,中信兄弟,Kae1X,away,樂天桃猿,2,8,6,1,0
GgylK,CPBL-2025-JO,2025,一軍,2025-06-03,例行賽,味全龍,R2VRh,home,富邦悍將,5,0,8,1,1
GgylK,CPBL-2025-JO,2025,一軍,2025-06-03,例行賽,富邦悍將,wi4T3,away,味全龍,0,5,9,0,0
glhFl,CPBL-2025-JO,2025,一軍,2025-06-01,例行賽,中信兄弟,Kae1X,home,味全龍,12,4,9,0,1
glhFl,CPBL-2025-JO,2025,一軍,2025-06-01,例行賽,味全龍,R2VRh,away,中信兄弟,4,12,8,1,0
eQbMh,CPBL-2025-JO,2025,一軍,2025-06-01,例行賽,統一7-ELEVEn獅,Xs1sP,home,樂天桃猿,5,0,8,0,1
eQbMh,CPBL-2025-JO,2025,一軍,2025-06-01,例行賽,樂天桃猿,WyADE,away,統一7-ELEVEn獅,0,5,7,3,0
p8JMS,CPBL-2025-JO,2025,一軍,2025-06-01,例行賽,台鋼雄鷹,t6zJf,home,富邦悍將,5,4,9,0,1
p8JMS,CPBL-2025-JO,2025,一軍,2025-06-01,例行賽,富邦悍將,wi4T3,away,台鋼雄鷹,4,5,14,2,0
7Bhb2,CPBL-2025-JO,2025,一軍,2025-05-31,例行賽,中信兄弟,Kae1X,home,味全龍,10,14,16,0,0
7Bhb2,CPBL-2025-JO,2025,一軍,2025-05-31,例行賽,味全龍,R2VRh,away,中信兄弟,14,10,19,0,1
Ba7fJ,CPBL-2025-JO,2025,一軍,2025-05-31,例行賽,統一7-ELEVEn獅,Xs1sP,home,樂天桃猿,1,5,6,3,0
Ba7fJ,CPBL-2025-JO,2025,一軍,2025-05-31,例行賽,樂天桃猿,WyADE,away,統一7-ELEVEn獅,5,1,10,0,1
93jb0,CPBL-2025-JO,2025,一軍,2025-05-31,例行賽,台鋼雄鷹,t6zJf,home,富邦悍將,14,0,24,0,1
93jb0,CPBL-2025-JO,2025,一軍,2025-05-31,例行賽,富邦悍將,wi4T3,away,台鋼雄鷹,0,14,4,3,0
v8Z6Y,CPBL-2025-JO,2025,一軍,2025-05-30,例行賽,中信兄弟,Kae1X,home,味全龍,6,4,8,0,1
v8Z6Y,CPBL-2025-JO,2025,一軍,2025-05-30,例行賽,味全龍,R2VRh,away,中信兄弟,4,6,9,1,0
hBguJ,CPBL-2025-JO,2025,一軍,2025-05-30,例行賽,統一7-ELEVEn獅,Xs1sP,home,樂天桃猿,8,3,14,0,1
hBguJ,CPBL-2025-JO,2025,一軍,2025-05-30,例行賽,樂天桃猿,WyADE,away,統一7-ELEVEn獅,3,8,8,0,0
Lcnuf,CPBL-2025-JO,2025,一軍,2025-05-30,例行賽,台鋼雄鷹,t6zJf,home,富邦悍將,5,9,13,0,0
Lcnuf,CPBL-2025-JO,2025,一軍,2025-05-30,例行賽,富邦悍將,wi4T3,away,台鋼雄鷹,9,5,18,2,1
mXgeV,CPBL-2025-JO,2025,一軍,2025-05-28,例行賽,樂天桃猿,WyADE,home,味全龍,6,5,13,0,1
mXgeV,CPBL-2025-JO,2025,一軍,2025-05-28,例行賽,味全龍,R2VRh,away,樂天桃猿,5,6,9,2,0
cHWIn,CPBL-2025-JO,2025,一軍,2025-05-28,例行賽,台鋼雄鷹,t6zJf,home,中信兄弟,3,2,7,0,1
cHWIn,CPBL-2025-JO,2025,一軍,2025-05-28,例行賽,中信兄弟,Kae1X,away,台鋼雄鷹,2,3,7,0,0
C8gLI,CPBL-2025-JO,2025,一軍,2025-05-27,例行賽,富邦悍將,wi4T3,home,統一7-ELEVEn獅,8,4,15,1,1
C8gLI,CPBL-2025-JO,2025,一軍,2025-05-27,例行賽,統一7-ELEVEn獅,Xs1sP,away,富邦悍將,4,8,8,0,0
McZmK,CPBL-2025-JO,2025,一軍,2025-05-27,例行賽,台鋼雄鷹,t6zJf,home,中信兄弟,3,4,7,1,0
McZmK,CPBL-2025-JO,2025,一軍,2025-05-27,例行賽,中信兄弟,Kae1X,away,台鋼雄鷹,4,3,10,0,1
Yqi6a,CPBL-2025-JO,2025,一軍,2025-05-25,例行賽,樂天桃猿,WyADE,home,富邦悍將,6,1,14,0,1
Yqi6a,CPBL-2025-JO,2025,一軍,2025-05-25,例行賽,富邦悍將,wi4T3,away,樂天桃猿,1,6,7,0,0
lYzDc,CPBL-2025-JO,2025,一軍,2025-05-25,例行賽,統一7-ELEVEn獅,Xs1sP,home,中信兄弟,4,6,10,0,0
lYzDc,CPBL-2025-JO,2025,一軍,2025-05-25,例行賽,中信兄弟,Kae1X,away,統一7-ELEVEn獅,6,4,14,0,1
FpG01,CPBL-2025-JO,2025,一軍,2025-05-25,例行賽,味全龍,R2VRh,home,台鋼雄鷹,2,6,9,0,0
FpG01,CPBL-2025-JO,2025,一軍,2025-05-25,例行賽,台鋼雄鷹,t6zJf,away,味全龍,6,2,14,0,1
z8TYL,CPBL-2025-JO,2025,一軍,2025-05-24,例行賽,樂天桃猿,WyADE,home,富邦悍將,1,0,3,0,1
z8TYL,CPBL-2025-JO,2025,一軍,2025-05-24,例行賽,富邦悍將,wi4T3,away,樂天桃猿,0,1,5,0,0
NzjZR,CPBL-2025-JO,2025,一軍,2025-05-24,例行賽,味全龍,R2VRh,home,台鋼雄鷹,7,0,8,0,1
NzjZR,CPBL-2025-JO,2025,一軍,2025-05-24,例行賽,台鋼雄鷹,t6zJf,away,味全龍,0,7,2,0,0
lu2LZ,CPBL-2025-JO,2025,一軍,2025-05-24,例行賽,統一7-ELEVEn獅,Xs1sP,home,中信兄弟,4,7,8,0,0
lu2LZ,CPBL-2025-JO,2025,一軍,2025-05-24,例行賽,中信兄弟,Kae1X,away,統一7-ELEVEn獅,7,4,9,0,1
WkobU,CPBL-2025-JO,2025,一軍,2025-05-23,例行賽,樂天桃猿,WyADE,home,富邦悍將,10,5,18,0,1
WkobU,CPBL-2025-JO,2025,一軍,2025-05-23,例行賽,富邦悍將,wi4T3,away,樂天桃猿,5,10,8,0,0
3l7tf,CPBL-2025-JO,2025,一軍,2025-05-23,例行賽,味全龍,R2VRh,home,台鋼雄鷹,12,2,16,0,1
3l7tf,CPBL-2025-JO,2025,一軍,2025-05-23,例行賽,台鋼雄鷹,t6zJf,away,味全龍,2,12,5,0,0
uR9hK,CPBL-2025-JO,2025,一軍,2025-05-23,例行賽,統一7-ELEVEn獅,Xs1sP,home,中信兄弟,1,4,7,0,0
uR9hK,CPBL-2025-JO,2025,一軍,2025-05-23,例行賽,中信兄弟,Kae1X,away,統一7-ELEVEn獅,4,1,13,0,1
HyDYZ,CPBL-2025-JO,2025,一軍,2025-05-22,例行賽,中信兄弟,Kae1X,home,富邦悍將,9,3,11,0,1
HyDYZ,CPBL-2025-JO,2025,一軍,2025-05-22,例行賽,富邦悍將,wi4T3,away,中信兄弟,3,9,11,0,0
1xNNs,CPBL-2025-JO,2025,一軍,2025-05-21,例行賽,台鋼雄鷹,t6zJf,home,樂天桃猿,6,4,8,0,1
1xNNs,CPBL-2025-JO,2025,一軍,2025-05-21,例行賽,樂天桃猿,WyADE,away,台鋼雄鷹,4,6,5,0,0
fIMap,CPBL-2025-JO,2025,一軍,2025-05-21,例行賽,統一7-ELEVEn獅,Xs1sP,home,味全龍,3,1,7,0,1
fIMap,CPBL-2025-JO,2025,一軍,2025-05-21,例行賽,味全龍,R2VRh,away,統一7-ELEVEn獅,1,3,6,0,0
Y6POj,CPBL-2025-JO,2025,一軍,2025-05-20,例行賽,台鋼雄鷹,t6zJf,home,樂天桃猿,6,1,9,0,1
Y6POj,CPBL-2025-JO,2025,一軍,2025-05-20,例行賽,樂天桃猿,WyADE,away,台鋼雄鷹,1,6,5,0,0
LMv2c,CPBL-2025-JO,2025,一軍,2025-05-20,例行賽,統一7-ELEVEn獅,Xs1sP,home,味全龍,1,3,6,0,0
LMv2c,CPBL-2025-JO,2025,一軍,2025-05-20,例行賽,味全龍,R2VRh,away,統一7-ELEVEn獅,3,1,10,0,1
STIjc,CPBL-2025-JO,2025,一軍,2025-05-18,例行賽,中信兄弟,Kae1X,home,樂天桃猿,9,7,14,0,1
STIjc,CPBL-2025-JO,2025,一軍,2025-05-18,例行賽,樂天桃猿,WyADE,away,中信兄弟,7,9,14,0,0
CnLDA,CPBL-2025-JO,2025,一軍,2025-05-18,例行賽,台鋼雄鷹,t6zJf,home,統一7-ELEVEn獅,3,6,12,0,0
CnLDA,CPBL-2025-JO,2025,一軍,2025-05-18,例行賽,統一7-ELEVEn獅,Xs1sP,away,台鋼雄鷹,6,3,11,0,1
AaaQY,CPBL-2025-JO,2025,一軍,2025-05-17,例行賽,中信兄弟,Kae1X,home,樂天桃猿,6,12,7,0,0
AaaQY,CPBL-2025-JO,2025,一軍,2025-05-17,例行賽,樂天桃猿,WyADE,away,中信兄弟,12,6,18,0,1
G0yJa,CPBL-2025-JO,2025,一軍,2025-05-17,例行賽,富邦悍將,wi4T3,home,味全龍,2,0,7,0,1
G0yJa,CPBL-2025-JO,2025,一軍,2025-05-17,例行賽,味全龍,R2VRh,away,富邦悍將,0,2,3,0,0
YFPKN,CPBL-2025-JO,2025,一軍,2025-05-17,例行賽,台鋼雄鷹,t6zJf,home,統一7-ELEVEn獅,7,8,14,0,0
YFPKN,CPBL-2025-JO,2025,一軍,2025-05-17,例行賽,統一7-ELEVEn獅,Xs1sP,away,台鋼雄鷹,8,7,12,0,1
C7cEc,CPBL-2025-JO,2025,一軍,2025-05-16,例行賽,中信兄弟,Kae1X,home,樂天桃猿,4,5,8,0,0
C7cEc,CPBL-2025-JO,2025,一軍,2025-05-16,例行賽,樂天桃猿,WyADE,away,中信兄弟,5,4,9,0,1
mRlQ0,CPBL-2025-JO,2025,一軍,2025-05-16,例行賽,台鋼雄鷹,t6zJf,home,統一7-ELEVEn獅,0,6,3,0,0
mRlQ0,CPBL-2025-JO,2025,一軍,2025-05-16,例行賽,統一7-ELEVEn獅,Xs1sP,away,台鋼雄鷹,6,0,15,0,1
22SLd,CPBL-2025-JO,2025,一軍,2025-05-16,例行賽,富邦悍將,wi4T3,home,味全龍,5,1,7,0,1
22SLd,CPBL-2025-JO,2025,一軍,2025-05-16,例行賽,味全龍,R2VRh,away,富邦悍將,1,5,4,0,0
oWRWb,CPBL-2025-JO,2025,一軍,2025-05-15,例行賽,樂天桃猿,WyADE,home,統一7-ELEVEn獅,4,1,7,0,1
oWRWb,CPBL-2025-JO,2025,一軍,2025-05-15,例行賽,統一7-ELEVEn獅,Xs1sP,away,樂天桃猿,1,4,8,0,0
RiwnJ,CPBL-2025-JO,2025,一軍,2025-05-14,例行賽,樂天桃猿,WyADE,home,統一7-ELEVEn獅,10,1,14,0,1
RiwnJ,CPBL-2025-JO,2025,一軍,2025-05-14,例行賽,統一7-ELEVEn獅,Xs1sP,away,樂天桃猿,1,10,5,0,0
Fdhcj,CPBL-2025-JO,2025,一軍,2025-05-14,例行賽,味全龍,R2VRh,home,中信兄弟,0,1,2,0,0
Fdhcj,CPBL-2025-JO,2025,一軍,2025-05-14,例行賽,中信兄弟,Kae1X,away,味全龍,1,0,6,0,1
1dkUl,CPBL-2025-JO,2025,一軍,2025-05-14,例行賽,富邦悍將,wi4T3,home,台鋼雄鷹,4,6,14,0,0
1dkUl,CPBL-2025-JO,2025,一軍,2025-05-14,例行賽,台鋼雄鷹,t6zJf,away,富邦悍將,6,4,9,0,1
lHPfL,CPBL-2025-JO,2025,一軍,2025-05-13,例行賽,味全龍,R2VRh,home,中信兄弟,9,3,10,0,1
lHPfL,CPBL-2025-JO,2025,一軍,2025-05-13,例行賽,中信兄弟,Kae1X,away,味全龍,3,9,10,0,0
H5p29,CPBL-2025-JO,2025,一軍,2025-05-13,例行賽,富邦悍將,wi4T3,home,台鋼雄鷹,5,3,8,0,1
H5p29,CPBL-2025-JO,2025,一軍,2025-05-13,例行賽,台鋼雄鷹,t6zJf,away,富邦悍將,3,5,5,0,0
CYIFi,CPBL-2025-JO,2025,一軍,2025-05-10,例行賽,味全龍,R2VRh,home,樂天桃猿,1,0,3,0,1
CYIFi,CPBL-2025-JO,2025,一軍,2025-05-10,例行賽,樂天桃猿,WyADE,away,味全龍,0,1,4,0,0
f94Qm,CPBL-2025-JO,2025,一軍,2025-05-10,例行賽,統一7-ELEVEn獅,Xs1sP,home,富邦悍將,15,2,23,0,1
f94Qm,CPBL-2025-JO,2025,一軍,2025-05-10,例行賽,富邦悍將,wi4T3,away,統一7-ELEVEn獅,2,15,6,0,0
unhXq,CPBL-2025-JO,2025,一軍,2025-05-09,例行賽,味全龍,R2VRh,home,樂天桃猿,4,1,14,0,1
unhXq,CPBL-2025-JO,2025,一軍,2025-05-09,例行賽,樂天桃猿,WyADE,away,味全龍,1,4,5,0,0
R1gT5,CPBL-2025-JO,2025,一軍,2025-05-09,例行賽,統一7-ELEVEn獅,Xs1sP,home,富邦悍將,4,3,12,0,1
R1gT5,CPBL-2025-JO,2025,一軍,2025-05-09,例行賽,富邦悍將,wi4T3,away,統一7-ELEVEn獅,3,4,10,0,0
zSXKY,CPBL-2025-JO,2025,一軍,2025-05-09,例行賽,中信兄弟,Kae1X,home,台鋼雄鷹,2,6,4,0,0
zSXKY,CPBL-2025-JO,2025,一軍,2025-05-09,例行賽,台鋼雄鷹,t6zJf,away,中信兄弟,6,2,9,0,1
W3WMm,CPBL-2025-JO,2025,一軍,2025-05-07,例行賽,台鋼雄鷹,t6zJf,home,味全龍,4,9,8,0,0
W3WMm,CPBL-2025-JO,2025,一軍,2025-05-07,例行賽,味全龍,R2VRh,away,台鋼雄鷹,9,4,12,0,1
L7iBy,CPBL-2025-JO,2025,一軍,2025-05-07,例行賽,中信兄弟,Kae1X,home,統一7-ELEVEn獅,7,4,13,0,1
L7iBy,CPBL-2025-JO,2025,一軍,2025-05-07,例行賽,統一7-ELEVEn獅,Xs1sP,away,中信兄弟,4,7,9,0,0
UQBaX,CPBL-2025-JO,2025,一軍,2025-05-06,例行賽,富邦悍將,wi4T3,home,樂天桃猿,1,5,7,0,0
UQBaX,CPBL-2025-JO,2025,一軍,2025-05-06,例行賽,樂天桃猿,WyADE,away,富邦悍將,5,1,11,0,1
r44FB,CPBL-2025-JO,2025,一軍,2025-05-06,例行賽,台鋼雄鷹,t6zJf,home,味全龍,6,2,12,0,1
r44FB,CPBL-2025-JO,2025,一軍,2025-05-06,例行賽,味全龍,R2VRh,away,台鋼雄鷹,2,6,10,0,0
weID5,CPBL-2025-JO,2025,一軍,2025-05-04,例行賽,樂天桃猿,WyADE,home,味全龍,3,5,5,0,0
weID5,CPBL-2025-JO,2025,一軍,2025-05-04,例行賽,味全龍,R2VRh,away,樂天桃猿,5,3,9,0,1
GIWDb,CPBL-2025-JO,2025,一軍,2025-05-04,例行賽,富邦悍將,wi4T3,home,統一7-ELEVEn獅,2,13,5,0,0
GIWDb,CPBL-2025-JO,2025,一軍,2025-05-04,例行賽,統一7-ELEVEn獅,Xs1sP,away,富邦悍將,13,2,14,0,1
Auu7m,CPBL-2025-JO,2025,一軍,2025-05-04,例行賽,台鋼雄鷹,t6zJf,home,中信兄弟,6,9,10,0,0
Auu7m,CPBL-2025-JO,2025,一軍,2025-05-04,例行賽,中信兄弟,Kae1X,away,台鋼雄鷹,9,6,14,0,1
MezAi,CPBL-2025-JO,2025,一軍,2025-05-03,例行賽,樂天桃猿,WyADE,home,味全龍,3,2,7,0,1
MezAi,CPBL-2025-JO,2025,一軍,2025-05-03,例行賽,味全龍,R2VRh,away,樂天桃猿,2,3,7,0,0
XDKCN,CPBL-2025-JO,2025,一軍,2025-05-03,例行賽,富邦悍將,wi4T3,home,統一7-ELEVEn獅,2,7,4,0,0
XDKCN,CPBL-2025-JO,2025,一軍,2025-05-03,例行賽,統一7-ELEVEn獅,Xs1sP,away,富邦悍將,7,2,9,0,1
nXeNS,CPBL-2025-JO,2025,一軍,2025-05-03,例行賽,台鋼雄鷹,t6zJf,home,中信兄弟,2,1,4,0,1
nXeNS,CPBL-2025-JO,2025,一軍,2025-05-03,例行賽,中信兄弟,Kae1X,away,台鋼雄鷹,1,2,7,0,0
vrIQB,CPBL-2025-JO,2025,一軍,2025-05-02,例行賽,樂天桃猿,WyADE,home,味全龍,3,5,8,0,0
vrIQB,CPBL-2025-JO,2025,一軍,2025-05-02,例行賽,味全龍,R2VRh,away,樂天桃猿,5,3,8,0,1
mGy2x,CPBL-2025-JO,2025,一軍,2025-05-02,例行賽,富邦悍將,wi4T3,home,統一7-ELEVEn獅,2,4,10,0,0
mGy2x,CPBL-2025-JO,2025,一軍,2025-05-02,例行賽,統一7-ELEVEn獅,Xs1sP,away,富邦悍將,4,2,7,0,1
ETcoU,CPBL-2025-JO,2025,一軍,2025-05-02,例行賽,台鋼雄鷹,t6zJf,home,中信兄弟,4,3,10,0,1
ETcoU,CPBL-2025-JO,2025,一軍,2025-05-02,例行賽,中信兄弟,Kae1X,away,台鋼雄鷹,3,4,6,0,0
8Masj,CPBL-2025-JO,2025,一軍,2025-05-01,例行賽,味全龍,R2VRh,home,統一7-ELEVEn獅,5,8,10,0,0
8Masj,CPBL-2025-JO,2025,一軍,2025-05-01,例行賽,統一7-ELEVEn獅,Xs1sP,away,味全龍,8,5,13,0,1
RAd0j,CPBL-2025-JO,2025,一軍,2025-04-30,例行賽,味全龍,R2VRh,home,統一7-ELEVEn獅,7,1,11,0,1
RAd0j,CPBL-2025-JO,2025,一軍,2025-04-30,例行賽,統一7-ELEVEn獅,Xs1sP,away,味全龍,1,7,6,0,0
apKaE,CPBL-2025-JO,2025,一軍,2025-04-30,例行賽,中信兄弟,Kae1X,home,樂天桃猿,4,5,11,0,0
apKaE,CPBL-2025-JO,2025,一軍,2025-04-30,例行賽,樂天桃猿,WyADE,away,中信兄弟,5,4,11,0,1
yzxp3,CPBL-2025-JO,2025,一軍,2025-04-30,例行賽,台鋼雄鷹,t6zJf,home,富邦悍將,0,7,6,0,0
yzxp3,CPBL-2025-JO,2025,一軍,2025-04-30,例行賽,富邦悍將,wi4T3,away,台鋼雄鷹,7,0,14,0,1
uNBYV,CPBL-2025-JO,2025,一軍,2025-04-29,例行賽,台鋼雄鷹,t6zJf,home,富邦悍將,7,4,16,0,1
uNBYV,CPBL-2025-JO,2025,一軍,2025-04-29,例行賽,富邦悍將,wi4T3,away,台鋼雄鷹,4,7,4,0,0
ehI4L,CPBL-2025-JO,2025,一軍,2025-04-29,例行賽,中信兄弟,Kae1X,home,樂天桃猿,3,4,7,0,0
ehI4L,CPBL-2025-JO,2025,一軍,2025-04-29,例行賽,樂天桃猿,WyADE,away,中信兄弟,4,3,12,0,1
nfmth,CPBL-2025-JO,2025,一軍,2025-04-27,例行賽,富邦悍將,wi4T3,home,樂天桃猿,2,3,9,0,0
nfmth,CPBL-2025-JO,2025,一軍,2025-04-27,例行賽,樂天桃猿,WyADE,away,富邦悍將,3,2,9,0,1
jbQd9,CPBL-2025-JO,2025,一軍,2025-04-27,例行賽,統一7-ELEVEn獅,Xs1sP,home,台鋼雄鷹,2,1,7,0,1
jbQd9,CPBL-2025-JO,2025,一軍,2025-04-27,例行賽,台鋼雄鷹,t6zJf,away,統一7-ELEVEn獅,1,2,5,0,0
GYGCN,CPBL-2025-JO,2025,一軍,2025-04-27,例行賽,味全龍,R2VRh,home,中信兄弟,2,1,4,0,1
GYGCN,CPBL-2025-JO,2025,一軍,2025-04-27,例行賽,中信兄弟,Kae1X,away,味全龍,1,2,8,0,0
m5u0E,CPBL-2025-JO,2025,一軍,2025-04-26,例行賽,味全龍,R2VRh,home,中信兄弟,1,4,7,0,0
m5u0E,CPBL-2025-JO,2025,一軍,2025-04-26,例行賽,中信兄弟,Kae1X,away,味全龍,4,1,6,0,1
fFjE2,CPBL-2025-JO,2025,一軍,2025-04-26,例行賽,富邦悍將,wi4T3,home,樂天桃猿,6,7,7,0,0
fFjE2,CPBL-2025-JO,2025,一軍,2025-04-26,例行賽,樂天桃猿,WyADE,away,富邦悍將,7,6,9,0,1
7Ol0s,CPBL-2025-JO,2025,一軍,2025-04-26,例行賽,統一7-ELEVEn獅,Xs1sP,home,台鋼雄鷹,2,6,8,0,0
7Ol0s,CPBL-2025-JO,2025,一軍,2025-04-26,例行賽,台鋼雄鷹,t6zJf,away,統一7-ELEVEn獅,6,2,9,0,1
4ndSm,CPBL-2025-JO,2025,一軍,2025-04-25,例行賽,統一7-ELEVEn獅,Xs1sP,home,台鋼雄鷹,4,1,9,0,1
4ndSm,CPBL-2025-JO,2025,一軍,2025-04-25,例行賽,台鋼雄鷹,t6zJf,away,統一7-ELEVEn獅,1,4,5,0,0
HGCmG,CPBL-2025-JO,2025,一軍,2025-04-25,例行賽,味全龍,R2VRh,home,中信兄弟,8,0,14,0,1
HGCmG,CPBL-2025-JO,2025,一軍,2025-04-25,例行賽,中信兄弟,Kae1X,away,味全龍,0,8,6,0,0
naISQ,CPBL-2025-JO,2025,一軍,2025-04-24,例行賽,樂天桃猿,WyADE,home,台鋼雄鷹,1,4,10,0,0
naISQ,CPBL-2025-JO,2025,一軍,2025-04-24,例行賽,台鋼雄鷹,t6zJf,away,樂天桃猿,4,1,8,0,1
b0PdD,CPBL-2025-JO,2025,一軍,2025-04-23,例行賽,樂天桃猿,WyADE,home,台鋼雄鷹,6,0,10,0,1
b0PdD,CPBL-2025-JO,2025,一軍,2025-04-23,例行賽,台鋼雄鷹,t6zJf,away,樂天桃猿,0,6,3,0,0
1azMQ,CPBL-2025-JO,2025,一軍,2025-04-23,例行賽,統一7-ELEVEn獅,Xs1sP,home,中信兄弟,3,2,8,0,1
1azMQ,CPBL-2025-JO,2025,一軍,2025-04-23,例行賽,中信兄弟,Kae1X,away,統一7-ELEVEn獅,2,3,10,0,0
ECrEu,CPBL-2025-JO,2025,一軍,2025-04-23,例行賽,富邦悍將,wi4T3,home,味全龍,1,6,9,0,0
ECrEu,CPBL-2025-JO,2025,一軍,2025-04-23,例行賽,味全龍,R2VRh,away,富邦悍將,6,1,12,0,1
rWlJR,CPBL-2025-JO,2025,一軍,2025-04-22,例行賽,統一7-ELEVEn獅,Xs1sP,home,中信兄弟,3,6,8,0,0
rWlJR,CPBL-2025-JO,2025,一軍,2025-04-22,例行賽,中信兄弟,Kae1X,away,統一7-ELEVEn獅,6,3,11,0,1
VMel0,CPBL-2025-JO,2025,一軍,2025-04-22,例行賽,富邦悍將,wi4T3,home,味全龍,5,2,4,0,1
VMel0,CPBL-2025-JO,2025,一軍,2025-04-22,例行賽,味全龍,R2VRh,away,富邦悍將,2,5,9,0,0
L0DGq,CPBL-2025-JO,2025,一軍,2025-04-20,例行賽,台鋼雄鷹,t6zJf,home,味全龍,1,2,7,0,0
L0DGq,CPBL-2025-JO,2025,一軍,2025-04-20,例行賽,味全龍,R2VRh,away,台鋼雄鷹,2,1,10,0,1
fsXPm,CPBL-2025-JO,2025,一軍,2025-04-20,例行賽,中信兄弟,Kae1X,home,富邦悍將,0,1,3,0,0
fsXPm,CPBL-2025-JO,2025,一軍,2025-04-20,例行賽,富邦悍將,wi4T3,away,中信兄弟,1,0,8,0,1
kcEZS,CPBL-2025-JO,2025,一軍,2025-04-19,例行賽,樂天桃猿,WyADE,home,統一7-ELEVEn獅,0,3,4,0,0
kcEZS,CPBL-2025-JO,2025,一軍,2025-04-19,例行賽,統一7-ELEVEn獅,Xs1sP,away,樂天桃猿,3,0,8,0,1
6bp2H,CPBL-2025-JO,2025,一軍,2025-04-19,例行賽,中信兄弟,Kae1X,home,富邦悍將,7,2,9,0,1
6bp2H,CPBL-2025-JO,2025,一軍,2025-04-19,例行賽,富邦悍將,wi4T3,away,中信兄弟,2,7,10,0,0
UIqac,CPBL-2025-JO,2025,一軍,2025-04-19,例行賽,台鋼雄鷹,t6zJf,home,味全龍,3,1,8,0,1
UIqac,CPBL-2025-JO,2025,一軍,2025-04-19,例行賽,味全龍,R2VRh,away,台鋼雄鷹,1,3,6,0,0
fTJ39,CPBL-2025-JO,2025,一軍,2025-04-18,例行賽,樂天桃猿,WyADE,home,統一7-ELEVEn獅,2,4,5,0,0
fTJ39,CPBL-2025-JO,2025,一軍,2025-04-18,例行賽,統一7-ELEVEn獅,Xs1sP,away,樂天桃猿,4,2,7,0,1
P55W7,CPBL-2025-JO,2025,一軍,2025-04-18,例行賽,台鋼雄鷹,t6zJf,home,味全龍,7,3,14,0,1
P55W7,CPBL-2025-JO,2025,一軍,2025-04-18,例行賽,味全龍,R2VRh,away,台鋼雄鷹,3,7,7,0,0
WNAGO,CPBL-2025-JO,2025,一軍,2025-04-18,例行賽,中信兄弟,Kae1X,home,富邦悍將,3,0,6,0,1
WNAGO,CPBL-2025-JO,2025,一軍,2025-04-18,例行賽,富邦悍將,wi4T3,away,中信兄弟,0,3,3,0,0
KnxNl,CPBL-2025-JO,2025,一軍,2025-04-17,例行賽,統一7-ELEVEn獅,Xs1sP,home,富邦悍將,6,0,12,0,1
KnxNl,CPBL-2025-JO,2025,一軍,2025-04-17,例行賽,富邦悍將,wi4T3,away,統一7-ELEVEn獅,0,6,3,0,0
c7MUA,CPBL-2025-JO,2025,一軍,2025-04-16,例行賽,統一7-ELEVEn獅,Xs1sP,home,富邦悍將,7,3,5,0,1
c7MUA,CPBL-2025-JO,2025,一軍,2025-04-16,例行賽,富邦悍將,wi4T3,away,統一7-ELEVEn獅,3,7,12,0,0
PMnR8,CPBL-2025-JO,2025,一軍,2025-04-16,例行賽,味全龍,R2VRh,home,樂天桃猿,5,4,7,0,1
PMnR8,CPBL-2025-JO,2025,一軍,2025-04-16,例行賽,樂天桃猿,WyADE,away,味全龍,4,5,8,0,0
R5xoo,CPBL-2025-JO,2025,一軍,2025-04-16,例行賽,中信兄弟,Kae1X,home,台鋼雄鷹,3,0,8,0,1
R5xoo,CPBL-2025-JO,2025,一軍,2025-04-16,例行賽,台鋼雄鷹,t6zJf,away,中信兄弟,0,3,5,0,0
FoWJB,CPBL-2025-JO,2025,一軍,2025-04-15,例行賽,味全龍,R2VRh,home,樂天桃猿,0,1,7,0,0
FoWJB,CPBL-2025-JO,2025,一軍,2025-04-15,例行賽,樂天桃猿,WyADE,away,味全龍,1,0,5,0,1
JiuiB,CPBL-2025-JO,2025,一軍,2025-04-15,例行賽,中信兄弟,Kae1X,home,台鋼雄鷹,3,4,8,0,0
JiuiB,CPBL-2025-JO,2025,一軍,2025-04-15,例行賽,台鋼雄鷹,t6zJf,away,中信兄弟,4,3,10,0,1
AwOAT,CPBL-2025-JO,2025,一軍,2025-04-13,例行賽,富邦悍將,wi4T3,home,台鋼雄鷹,2,4,6,0,0
AwOAT,CPBL-2025-JO,2025,一軍,2025-04-13,例行賽,台鋼雄鷹,t6zJf,away,富邦悍將,4,2,8,0,1
QgvMb,CPBL-2025-JO,2025,一軍,2025-04-13,例行賽,統一7-ELEVEn獅,Xs1sP,home,味全龍,0,1,2,0,0
QgvMb,CPBL-2025-JO,2025,一軍,2025-04-13,例行賽,味全龍,R2VRh,away,統一7-ELEVEn獅,1,0,4,0,1
ViWUN,CPBL-2025-JO,2025,一軍,2025-04-13,例行賽,樂天桃猿,WyADE,home,中信兄弟,4,2,7,0,1
ViWUN,CPBL-2025-JO,2025,一軍,2025-04-13,例行賽,中信兄弟,Kae1X,away,樂天桃猿,2,4,5,0,0
899uu,CPBL-2025-JO,2025,一軍,2025-04-12,例行賽,富邦悍將,wi4T3,home,台鋼雄鷹,6,3,7,0,1
899uu,CPBL-2025-JO,2025,一軍,2025-04-12,例行賽,台鋼雄鷹,t6zJf,away,富邦悍將,3,6,8,0,0
IXv02,CPBL-2025-JO,2025,一軍,2025-04-12,例行賽,樂天桃猿,WyADE,home,中信兄弟,2,3,3,0,0
IXv02,CPBL-2025-JO,2025,一軍,2025-04-12,例行賽,中信兄弟,Kae1X,away,樂天桃猿,3,2,11,0,1
I8rif,CPBL-2025-JO,2025,一軍,2025-04-12,例行賽,統一7-ELEVEn獅,Xs1sP,home,味全龍,5,1,8,0,1
I8rif,CPBL-2025-JO,2025,一軍,2025-04-12,例行賽,味全龍,R2VRh,away,統一7-ELEVEn獅,1,5,7,0,0
TlatU,CPBL-2025-JO,2025,一軍,2025-04-11,例行賽,統一7-ELEVEn獅,Xs1sP,home,味全龍,2,15,8,0,0
TlatU,CPBL-2025-JO,2025,一軍,2025-04-11,例行賽,味全龍,R2VRh,away,統一7-ELEVEn獅,15,2,18,0,1
70gqh,CPBL-2025-JO,2025,一軍,2025-04-11,例行賽,富邦悍將,wi4T3,home,台鋼雄鷹,4,1,11,0,1
70gqh,CPBL-2025-JO,2025,一軍,2025-04-11,例行賽,台鋼雄鷹,t6zJf,away,富邦悍將,1,4,6,0,0
XmT1O,CPBL-2025-JO,2025,一軍,2025-04-11,例行賽,樂天桃猿,WyADE,home,中信兄弟,4,15,12,0,0
XmT1O,CPBL-2025-JO,2025,一軍,2025-04-11,例行賽,中信兄弟,Kae1X,away,樂天桃猿,15,4,20,0,1
rdWQ6,CPBL-2025-JO,2025,一軍,2025-04-10,例行賽,中信兄弟,Kae1X,home,味全龍,4,1,5,0,1
rdWQ6,CPBL-2025-JO,2025,一軍,2025-04-10,例行賽,味全龍,R2VRh,away,中信兄弟,1,4,8,0,0
AONUo,CPBL-2025-JO,2025,一軍,2025-04-09,例行賽,中信兄弟,Kae1X,home,味全龍,2,1,7,0,1
AONUo,CPBL-2025-JO,2025,一軍,2025-04-09,例行賽,味全龍,R2VRh,away,中信兄弟,1,2,10,0,0
dmqM9,CPBL-2025-JO,2025,一軍,2025-04-09,例行賽,台鋼雄鷹,t6zJf,home,統一7-ELEVEn獅,6,7,15,0,0
dmqM9,CPBL-2025-JO,2025,一軍,2025-04-09,例行賽,統一7-ELEVEn獅,Xs1sP,away,台鋼雄鷹,7,6,10,0,1
xyb7S,CPBL-2025-JO,2025,一軍,2025-04-09,例行賽,樂天桃猿,WyADE,home,富邦悍將,8,2,16,0,1
xyb7S,CPBL-2025-JO,2025,一軍,2025-04-09,例行賽,富邦悍將,wi4T3,away,樂天桃猿,2,8,9,0,0
Zm5Nq,CPBL-2025-JO,2025,一軍,2025-04-08,例行賽,台鋼雄鷹,t6zJf,home,統一7-ELEVEn獅,4,3,3,0,1
Zm5Nq,CPBL-2025-JO,2025,一軍,2025-04-08,例行賽,統一7-ELEVEn獅,Xs1sP,away,台鋼雄鷹,3,4,9,0,0
Kl2Yi,CPBL-2025-JO,2025,一軍,2025-04-08,例行賽,樂天桃猿,WyADE,home,富邦悍將,6,3,9,0,1
Kl2Yi,CPBL-2025-JO,2025,一軍,2025-04-08,例行賽,富邦悍將,wi4T3,away,樂天桃猿,3,6,7,0,0
5Gl5b,CPBL-2025-JO,2025,一軍,2025-04-06,例行賽,中信兄弟,Kae1X,home,統一7-ELEVEn獅,7,6,9,0,1
5Gl5b,CPBL-2025-JO,2025,一軍,2025-04-06,例行賽,統一7-ELEVEn獅,Xs1sP,away,中信兄弟,6,7,9,0,0
BmhWI,CPBL-2025-JO,2025,一軍,2025-04-06,例行賽,台鋼雄鷹,t6zJf,home,樂天桃猿,2,5,7,0,0
BmhWI,CPBL-2025-JO,2025,一軍,2025-04-06,例行賽,樂天桃猿,WyADE,away,台鋼雄鷹,5,2,12,0,1
L7SiD,CPBL-2025-JO,2025,一軍,2025-04-06,例行賽,味全龍,R2VRh,home,富邦悍將,7,0,10,0,1
L7SiD,CPBL-2025-JO,2025,一軍,2025-04-06,例行賽,富邦悍將,wi4T3,away,味全龍,0,7,5,0,0
Sxr0t,CPBL-2025-JO,2025,一軍,2025-04-05,例行賽,中信兄弟,Kae1X,home,統一7-ELEVEn獅,4,3,5,0,1
Sxr0t,CPBL-2025-JO,2025,一軍,2025-04-05,例行賽,統一7-ELEVEn獅,Xs1sP,away,中信兄弟,3,4,9,0,0
cx52C,CPBL-2025-JO,2025,一軍,2025-04-05,例行賽,味全龍,R2VRh,home,富邦悍將,11,3,16,0,1
cx52C,CPBL-2025-JO,2025,一軍,2025-04-05,例行賽,富邦悍將,wi4T3,away,味全龍,3,11,7,0,0
l8F5h,CPBL-2025-JO,2025,一軍,2025-04-05,例行賽,台鋼雄鷹,t6zJf,home,樂天桃猿,4,2,10,0,1
l8F5h,CPBL-2025-JO,2025,一軍,2025-04-05,例行賽,樂天桃猿,WyADE,away,台鋼雄鷹,2,4,9,0,0
hNp4D,CPBL-2025-JO,2025,一軍,2025-04-04,例行賽,中信兄弟,Kae1X,home,統一7-ELEVEn獅,2,0,8,0,1
hNp4D,CPBL-2025-JO,2025,一軍,2025-04-04,例行賽,統一7-ELEVEn獅,Xs1sP,away,中信兄弟,0,2,7,0,0
onK6D,CPBL-2025-JO,2025,一軍,2025-04-04,例行賽,味全龍,R2VRh,home,富邦悍將,3,2,11,0,1
onK6D,CPBL-2025-JO,2025,一軍,2025-04-04,例行賽,富邦悍將,wi4T3,away,味全龍,2,3,6,0,0
QN1lU,CPBL-2025-JO,2025,一軍,2025-04-04,例行賽,台鋼雄鷹,t6zJf,home,樂天桃猿,4,3,8,0,1
QN1lU,CPBL-2025-JO,2025,一軍,2025-04-04,例行賽,樂天桃猿,WyADE,away,台鋼雄鷹,3,4,13,0,0
noLaD,CPBL-2025-JO,2025,一軍,2025-04-03,例行賽,富邦悍將,wi4T3,home,中信兄弟,1,0,4,0,1
noLaD,CPBL-2025-JO,2025,一軍,2025-04-03,例行賽,中信兄弟,Kae1X,away,富邦悍將,0,1,4,0,0
52fSq,CPBL-2025-JO,2025,一軍,2025-04-03,例行賽,味全龍,R2VRh,home,台鋼雄鷹,3,1,6,0,1
52fSq,CPBL-2025-JO,2025,一軍,2025-04-03,例行賽,台鋼雄鷹,t6zJf,away,味全龍,1,3,3,0,0
ET1qS,CPBL-2025-JO,2025,一軍,2025-04-03,例行賽,統一7-ELEVEn獅,Xs1sP,home,樂天桃猿,5,2,10,0,1
ET1qS,CPBL-2025-JO,2025,一軍,2025-04-03,例行賽,樂天桃猿,WyADE,away,統一7-ELEVEn獅,2,5,7,0,0
A9rNR,CPBL-2025-JO,2025,一軍,2025-04-02,例行賽,富邦悍將,wi4T3,home,中信兄弟,11,5,16,0,1
A9rNR,CPBL-2025-JO,2025,一軍,2025-04-02,例行賽,中信兄弟,Kae1X,away,富邦悍將,5,11,11,0,0
Xdl3g,CPBL-2025-JO,2025,一軍,2025-04-02,例行賽,統一7-ELEVEn獅,Xs1sP,home,樂天桃猿,5,3,9,0,1
Xdl3g,CPBL-2025-JO,2025,一軍,2025-04-02,例行賽,樂天桃猿,WyADE,away,統一7-ELEVEn獅,3,5,8,0,0
XzxjK,CPBL-2025-JO,2025,一軍,2025-04-02,例行賽,味全龍,R2VRh,home,台鋼雄鷹,1,0,4,0,1
XzxjK,CPBL-2025-JO,2025,一軍,2025-04-02,例行賽,台鋼雄鷹,t6zJf,away,味全龍,0,1,4,0,0
LOoMO,CPBL-2025-JO,2025,一軍,2025-03-30,例行賽,統一7-ELEVEn獅,Xs1sP,home,台鋼雄鷹,6,3,11,0,1
LOoMO,CPBL-2025-JO,2025,一軍,2025-03-30,例行賽,台鋼雄鷹,t6zJf,away,統一7-ELEVEn獅,3,6,6,0,0
qm2AW,CPBL-2025-JO,2025,一軍,2025-03-30,例行賽,中信兄弟,Kae1X,home,富邦悍將,8,3,12,0,1
qm2AW,CPBL-2025-JO,2025,一軍,2025-03-30,例行賽,富邦悍將,wi4T3,away,中信兄弟,3,8,9,0,0
bMtEl,CPBL-2025-JO,2025,一軍,2025-03-29,例行賽,中信兄弟,Kae1X,home,統一7-ELEVEn獅,0,8,4,0,0
bMtEl,CPBL-2025-JO,2025,一軍,2025-03-29,例行賽,統一7-ELEVEn獅,Xs1sP,away,中信兄弟,8,0,14,0,1
CWv3p,CPBL-2025-cF,2025,一軍-2,2025-10-27,季後賽,中信兄弟,F4MO5,home,樂天桃猿,7,9,12,0,0
CWv3p,CPBL-2025-cF,2025,一軍-2,2025-10-27,季後賽,樂天桃猿,ySlWD,away,中信兄弟,9,7,15,3,1
ik2Kp,CPBL-2025-cF,2025,一軍-2,2025-10-26,季後賽,樂天桃猿,ySlWD,home,中信兄弟,3,1,7,1,1
ik2Kp,CPBL-2025-cF,2025,一軍-2,2025-10-26,季後賽,中信兄弟,F4MO5,away,樂天桃猿,1,3,6,1,0
6jrxR,CPBL-2025-cF,2025,一軍-2,2025-10-21,季後賽,樂天桃猿,ySlWD,home,中信兄弟,0,2,6,1,0
6jrxR,CPBL-2025-cF,2025,一軍-2,2025-10-21,季後賽,中信兄弟,F4MO5,away,樂天桃猿,2,0,7,0,1
4UzBE,CPBL-2025-cF,2025,一軍-2,2025-10-19,季後賽,中信兄弟,F4MO5,home,樂天桃猿,1,2,6,0,0
4UzBE,CPBL-2025-cF,2025,一軍-2,2025-10-19,季後賽,樂天桃猿,ySlWD,away,中信兄弟,2,1,12,0,1
1Zp0K,CPBL-2025-cF,2025,一軍-2,2025-10-18,季後賽,中信兄弟,F4MO5,home,樂天桃猿,0,3,4,0,0
1Zp0K,CPBL-2025-cF,2025,一軍-2,2025-10-18,季後賽,樂天桃猿,ySlWD,away,中信兄弟,3,0,9,0,1
wdXI5,CPBL-2025-lX,2025,一軍-3,2025-10-13,挑戰賽,統一7-ELEVEn獅,dbNm2,home,樂天桃猿,3,4,7,0,0
wdXI5,CPBL-2025-lX,2025,一軍-3,2025-10-13,挑戰賽,樂天桃猿,aNOgA,away,統一7-ELEVEn獅,4,3,13,0,1
Lg1OK,CPBL-2025-lX,2025,一軍-3,2025-10-12,挑戰賽,統一7-ELEVEn獅,dbNm2,home,樂天桃猿,3,9,7,3,0
Lg1OK,CPBL-2025-lX,2025,一軍-3,2025-10-12,挑戰賽,樂天桃猿,aNOgA,away,統一7-ELEVEn獅,9,3,10,0,1
knW2O,CPBL-2025-lX,2025,一軍-3,2025-10-11,挑戰賽,樂天桃猿,aNOgA,home,統一7-ELEVEn獅,7,6,13,1,1
knW2O,CPBL-2025-lX,2025,一軍-3,2025-10-11,挑戰賽,統一7-ELEVEn獅,dbNm2,away,樂天桃猿,6,7,7,1,0
cxbjl,CPBL-2025-lX,2025,一軍-3,2025-10-10,挑戰賽,統一7-ELEVEn獅,dbNm2,home,樂天桃猿,2,1,4,3,1
cxbjl,CPBL-2025-lX,2025,一軍-3,2025-10-10,挑戰賽,樂天桃猿,aNOgA,away,統一7-ELEVEn獅,1,2,5,2,0
talMB,CPBL-2025-28,2025,一軍-4,2025-07-20,明星賽,Team Taiwan,KstJF,home,Team Star,0,0,6,0,
talMB,CPBL-2025-28,2025,一軍-4,2025-07-20,明星賽,Team Star,aDQO4,away,Team Taiwan,0,0,3,1,
hW58v,CPBL-2025-28,2025,一軍-4,2025-07-19,明星賽,Team Star,aDQO4,home,Team Taiwan,5,7,18,3,0
hW58v,CPBL-2025-28,2025,一軍-4,2025-07-19,明星賽,Team Taiwan,KstJF,away,Team Star,7,5,12,0,1
15sEx,CPBL-2025-L0,2025,一軍-5,2025-03-26,春訓,統一7-ELEVEn獅,aw4MP,home,中信兄弟,2,4,6,0,0
15sEx,CPBL-2025-L0,2025,一軍-5,2025-03-26,春訓,中信兄弟,K0TC4,away,統一7-ELEVEn獅,4,2,8,0,1
00FxH,CPBL-2025-L0,2025,一軍-5,2025-03-25,春訓,味全龍,Qn4ZB,home,富邦悍將,3,5,4,0,0
00FxH,CPBL-2025-L0,2025,一軍-5,2025-03-25,春訓,富邦悍將,DdJGw,away,味全龍,5,3,9,0,1
RWcDV,CPBL-2025-L0,2025,一軍-5,2025-03-25,春訓,台鋼雄鷹,iWHb0,home,中信兄弟,1,8,5,0,0
RWcDV,CPBL-2025-L0,2025,一軍-5,2025-03-25,春訓,中信兄弟,K0TC4,away,台鋼雄鷹,8,1,15,0,1
ZfBdR,CPBL-2025-L0,2025,一軍-5,2025-03-24,春訓,台鋼雄鷹,iWHb0,home,統一7-ELEVEn獅,1,6,7,0,0
ZfBdR,CPBL-2025-L0,2025,一軍-5,2025-03-24,春訓,統一7-ELEVEn獅,aw4MP,away,台鋼雄鷹,6,1,8,0,1
02ffv,CPBL-2025-L0,2025,一軍-5,2025-03-23,春訓,富邦悍將,DdJGw,home,中信兄弟,6,0,13,0,1
02ffv,CPBL-2025-L0,2025,一軍-5,2025-03-23,春訓,中信兄弟,K0TC4,away,富邦悍將,0,6,7,0,0
o3uqF,CPBL-2025-L0,2025,一軍-5,2025-03-23,春訓,味全龍,Qn4ZB,home,樂天桃猿,9,3,10,0,1
o3uqF,CPBL-2025-L0,2025,一軍-5,2025-03-23,春訓,樂天桃猿,5Oo61,away,味全龍,3,9,4,0,0
ZKaCu,CPBL-2025-L0,2025,一軍-5,2025-03-23,春訓,統一7-ELEVEn獅,aw4MP,home,台鋼雄鷹,3,7,7,0,0
ZKaCu,CPBL-2025-L0,2025,一軍-5,2025-03-23,春訓,台鋼雄鷹,iWHb0,away,統一7-ELEVEn獅,7,3,17,0,1
kKnsF,CPBL-2025-L0,2025,一軍-5,2025-03-22,春訓,樂天桃猿,5Oo61,home,中信兄弟,3,0,10,0,1
kKnsF,CPBL-2025-L0,2025,一軍-5,2025-03-22,春訓,中信兄弟,K0TC4,away,樂天桃猿,0,3,5,0,0
3l9jQ,CPBL-2025-L0,2025,一軍-5,2025-03-22,春訓,台鋼雄鷹,iWHb0,home,味全龍,7,2,10,0,1
3l9jQ,CPBL-2025-L0,2025,一軍-5,2025-03-22,春訓,味全龍,Qn4ZB,away,台鋼雄鷹,2,7,8,0,0
Axc8B,CPBL-2025-L0,2025,一軍-5,2025-03-22,春訓,統一7-ELEVEn獅,aw4MP,home,富邦悍將,6,1,12,0,1
Axc8B,CPBL-2025-L0,2025,一軍-5,2025-03-22,春訓,富邦悍將,DdJGw,away,統一7-ELEVEn獅,1,6,5,0,0
uHbQg,CPBL-2025-L0,2025,一軍-5,2025-03-21,春訓,中信兄弟,K0TC4,home,味全龍,4,4,8,0,
uHbQg,CPBL-2025-L0,2025,一軍-5,2025-03-21,春訓,味全龍,Qn4ZB,away,中信兄弟,4,4,7,0,
HoEew,CPBL-2025-L0,2025,一軍-5,2025-03-21,春訓,台鋼雄鷹,iWHb0,home,富邦悍將,1,4,7,0,0
HoEew,CPBL-2025-L0,2025,一軍-5,2025-03-21,春訓,富邦悍將,DdJGw,away,台鋼雄鷹,4,1,10,0,1
AlFfV,CPBL-2025-L0,2025,一軍-5,2025-03-21,春訓,統一7-ELEVEn獅,aw4MP,home,樂天桃猿,4,0,8,0,1
AlFfV,CPBL-2025-L0,2025,一軍-5,2025-03-21,春訓,樂天桃猿,5Oo61,away,統一7-ELEVEn獅,0,4,4,0,0
91msw,CPBL-2025-L0,2025,一軍-5,2025-03-20,春訓,中信兄弟,K0TC4,home,富邦悍將,8,6,11,0,1
91msw,CPBL-2025-L0,2025,一軍-5,2025-03-20,春訓,富邦悍將,DdJGw,away,中信兄弟,6,8,12,0,0
LSiTT,CPBL-2025-L0,2025,一軍-5,2025-03-20,春訓,統一7-ELEVEn獅,aw4MP,home,味全龍,0,1,2,0,0
LSiTT,CPBL-2025-L0,2025,一軍-5,2025-03-20,春訓,味全龍,Qn4ZB,away,統一7-ELEVEn獅,1,0,3,0,1
ZVTsM,CPBL-2025-L0,2025,一軍-5,2025-03-19,春訓,味全龍,Qn4ZB,home,中信兄弟,3,1,6,0,1
ZVTsM,CPBL-2025-L0,2025,一軍-5,2025-03-19,春訓,中信兄弟,K0TC4,away,味全龍,1,3,6,0,0
uDmii,CPBL-2025-L0,2025,一軍-5,2025-03-19,春訓,台鋼雄鷹,iWHb0,home,樂天桃猿,3,12,6,0,0
uDmii,CPBL-2025-L0,2025,一軍-5,2025-03-19,春訓,樂天桃猿,5Oo61,away,台鋼雄鷹,12,3,18,0,1
l7Q3L,CPBL-2025-L0,2025,一軍-5,2025-03-18,春訓,樂天桃猿,5Oo61,home,統一7-ELEVEn獅,2,1,9,0,1
l7Q3L,CPBL-2025-L0,2025,一軍-5,2025-03-18,春訓,統一7-ELEVEn獅,aw4MP,away,樂天桃猿,1,2,8,0,0
T7kzk,CPBL-2025-L0,2025,一軍-5,2025-03-17,春訓,富邦悍將,DdJGw,home,味全龍,6,0,13,0,1
T7kzk,CPBL-2025-L0,2025,一軍-5,2025-03-17,春訓,味全龍,Qn4ZB,away,富邦悍將,0,6,7,0,0
Qwc6s,CPBL-2025-L0,2025,一軍-5,2025-03-16,春訓,中信兄弟,K0TC4,home,統一7-ELEVEn獅,13,8,11,0,1
Qwc6s,CPBL-2025-L0,2025,一軍-5,2025-03-16,春訓,統一7-ELEVEn獅,aw4MP,away,中信兄弟,8,13,15,0,0
kt5yu,CPBL-2025-L0,2025,一軍-5,2025-03-16,春訓,味全龍,Qn4ZB,home,台鋼雄鷹,3,1,11,0,1
kt5yu,CPBL-2025-L0,2025,一軍-5,2025-03-16,春訓,台鋼雄鷹,iWHb0,away,味全龍,1,3,5,0,0
geO4T,CPBL-2025-L0,2025,一軍-5,2025-03-16,春訓,富邦悍將,DdJGw,home,樂天桃猿,3,2,9,0,1
geO4T,CPBL-2025-L0,2025,一軍-5,2025-03-16,春訓,樂天桃猿,5Oo61,away,富邦悍將,2,3,10,0,0
pHvPp,CPBL-2025-L0,2025,一軍-5,2025-03-15,春訓,中信兄弟,K0TC4,home,台鋼雄鷹,1,3,8,0,0
pHvPp,CPBL-2025-L0,2025,一軍-5,2025-03-15,春訓,台鋼雄鷹,iWHb0,away,中信兄弟,3,1,5,0,1
8xYUb,CPBL-2025-L0,2025,一軍-5,2025-03-15,春訓,樂天桃猿,5Oo61,home,味全龍,2,3,10,0,0
8xYUb,CPBL-2025-L0,2025,一軍-5,2025-03-15,春訓,味全龍,Qn4ZB,away,樂天桃猿,3,2,11,0,1
a30Kc,CPBL-2025-L0,2025,一軍-5,2025-03-15,春訓,富邦悍將,DdJGw,home,統一7-ELEVEn獅,6,5,8,0,1
a30Kc,CPBL-2025-L0,2025,一軍-5,2025-03-15,春訓,統一7-ELEVEn獅,aw4MP,away,富邦悍將,5,6,12,0,0
OQRiz,CPBL-2025-L0,2025,一軍-5,2025-03-14,春訓,中信兄弟,K0TC4,home,樂天桃猿,2,6,5,0,0
OQRiz,CPBL-2025-L0,2025,一軍-5,2025-03-14,春訓,樂天桃猿,5Oo61,away,中信兄弟,6,2,10,0,1
oWEiU,CPBL-2025-L0,2025,一軍-5,2025-03-14,春訓,味全龍,Qn4ZB,home,統一7-ELEVEn獅,7,8,12,0,0
oWEiU,CPBL-2025-L0,2025,一軍-5,2025-03-14,春訓,統一7-ELEVEn獅,aw4MP,away,味全龍,8,7,7,0,1
eroU1,CPBL-2025-L0,2025,一軍-5,2025-03-14,春訓,富邦悍將,DdJGw,home,台鋼雄鷹,2,3,2,0,0
eroU1,CPBL-2025-L0,2025,一軍-5,2025-03-14,春訓,台鋼雄鷹,iWHb0,away,富邦悍將,3,2,10,0,1
HDAW5,CPBL-2025-L0,2025,一軍-5,2025-03-13,春訓,樂天桃猿,5Oo61,home,台鋼雄鷹,1,10,5,0,0
HDAW5,CPBL-2025-L0,2025,一軍-5,2025-03-13,春訓,台鋼雄鷹,iWHb0,away,樂天桃猿,10,1,12,0,1
E53lB,CPBL-2025-L0,2025,一軍-5,2025-03-12,春訓,樂天桃猿,5Oo61,home,富邦悍將,1,0,8,0,1
E53lB,CPBL-2025-L0,2025,一軍-5,2025-03-12,春訓,富邦悍將,DdJGw,away,樂天桃猿,0,1,3,0,0
QnzLu,CPBL-2024-xa,2024,一軍,2024-10-11,例行賽,樂天桃猿,Iqkqa,home,統一7-ELEVEn獅,6,0,15,0,1
QnzLu,CPBL-2024-xa,2024,一軍,2024-10-11,例行賽,統一7-ELEVEn獅,GyWE7,away,樂天桃猿,0,6,4,0,0
EywPH,CPBL-2024-xa,2024,一軍,2024-10-10,例行賽,富邦悍將,uIOrj,home,統一7-ELEVEn獅,4,2,5,0,1
EywPH,CPBL-2024-xa,2024,一軍,2024-10-10,例行賽,統一7-ELEVEn獅,GyWE7,away,富邦悍將,2,4,7,0,0
VUtfe,CPBL-2024-xa,2024,一軍,2024-10-10,例行賽,台鋼雄鷹,U64ee,home,樂天桃猿,12,1,16,0,1
VUtfe,CPBL-2024-xa,2024,一軍,2024-10-10,例行賽,樂天桃猿,Iqkqa,away,台鋼雄鷹,1,12,7,0,0
qOQkh,CPBL-2024-xa,2024,一軍,2024-10-09,例行賽,統一7-ELEVEn獅,GyWE7,home,味全龍,4,0,8,0,1
qOQkh,CPBL-2024-xa,2024,一軍,2024-10-09,例行賽,味全龍,BNi6c,away,統一7-ELEVEn獅,0,4,6,0,0
ZTL5t,CPBL-2024-xa,2024,一軍,2024-10-09,例行賽,樂天桃猿,Iqkqa,home,中信兄弟,4,5,11,0,0
ZTL5t,CPBL-2024-xa,2024,一軍,2024-10-09,例行賽,中信兄弟,M45m3,away,樂天桃猿,5,4,7,0,1
iUOjd,CPBL-2024-xa,2024,一軍,2024-10-08,例行賽,味全龍,BNi6c,home,富邦悍將,1,0,5,0,1
iUOjd,CPBL-2024-xa,2024,一軍,2024-10-08,例行賽,富邦悍將,uIOrj,away,味全龍,0,1,3,0,0
BfBti,CPBL-2024-xa,2024,一軍,2024-10-07,例行賽,富邦悍將,uIOrj,home,統一7-ELEVEn獅,3,6,7,0,0
BfBti,CPBL-2024-xa,2024,一軍,2024-10-07,例行賽,統一7-ELEVEn獅,GyWE7,away,富邦悍將,6,3,8,0,1
mylHb,CPBL-2024-xa,2024,一軍,2024-10-07,例行賽,中信兄弟,M45m3,home,台鋼雄鷹,4,3,9,0,1
mylHb,CPBL-2024-xa,2024,一軍,2024-10-07,例行賽,台鋼雄鷹,U64ee,away,中信兄弟,3,4,5,0,0
56dc2,CPBL-2024-xa,2024,一軍,2024-10-06,例行賽,台鋼雄鷹,U64ee,home,樂天桃猿,7,6,12,0,1
56dc2,CPBL-2024-xa,2024,一軍,2024-10-06,例行賽,樂天桃猿,Iqkqa,away,台鋼雄鷹,6,7,11,0,0
5ivAq,CPBL-2024-xa,2024,一軍,2024-10-06,例行賽,味全龍,BNi6c,home,富邦悍將,5,3,11,0,1
5ivAq,CPBL-2024-xa,2024,一軍,2024-10-06,例行賽,富邦悍將,uIOrj,away,味全龍,3,5,11,0,0
EJxxm,CPBL-2024-xa,2024,一軍,2024-10-05,例行賽,富邦悍將,uIOrj,home,味全龍,3,1,8,0,1
EJxxm,CPBL-2024-xa,2024,一軍,2024-10-05,例行賽,味全龍,BNi6c,away,富邦悍將,1,3,8,0,0
LMy5E,CPBL-2024-xa,2024,一軍,2024-10-05,例行賽,中信兄弟,M45m3,home,統一7-ELEVEn獅,4,5,8,0,0
LMy5E,CPBL-2024-xa,2024,一軍,2024-10-05,例行賽,統一7-ELEVEn獅,GyWE7,away,中信兄弟,5,4,10,0,1
ywthT,CPBL-2024-xa,2024,一軍,2024-10-01,例行賽,富邦悍將,uIOrj,home,樂天桃猿,2,6,7,0,0
ywthT,CPBL-2024-xa,2024,一軍,2024-10-01,例行賽,樂天桃猿,Iqkqa,away,富邦悍將,6,2,15,0,1
OxvVF,CPBL-2024-xa,2024,一軍,2024-10-01,例行賽,中信兄弟,M45m3,home,台鋼雄鷹,8,4,11,0,1
OxvVF,CPBL-2024-xa,2024,一軍,2024-10-01,例行賽,台鋼雄鷹,U64ee,away,中信兄弟,4,8,9,0,0
yF6x4,CPBL-2024-xa,2024,一軍,2024-09-29,例行賽,味全龍,BNi6c,home,富邦悍將,3,2,10,0,1
yF6x4,CPBL-2024-xa,2024,一軍,2024-09-29,例行賽,富邦悍將,uIOrj,away,味全龍,2,3,6,0,0
dkiIF,CPBL-2024-xa,2024,一軍,2024-09-29,例行賽,樂天桃猿,Iqkqa,home,中信兄弟,5,8,12,0,0
dkiIF,CPBL-2024-xa,2024,一軍,2024-09-29,例行賽,中信兄弟,M45m3,away,樂天桃猿,8,5,12,0,1
QuS2m,CPBL-2024-xa,2024,一軍,2024-09-29,例行賽,統一7-ELEVEn獅,GyWE7,home,台鋼雄鷹,2,4,6,0,0
QuS2m,CPBL-2024-xa,2024,一軍,2024-09-29,例行賽,台鋼雄鷹,U64ee,away,統一7-ELEVEn獅,4,2,7,0,1
pByKm,CPBL-2024-xa,2024,一軍,2024-09-28,例行賽,味全龍,BNi6c,home,富邦悍將,3,7,6,0,0
pByKm,CPBL-2024-xa,2024,一軍,2024-09-28,例行賽,富邦悍將,uIOrj,away,味全龍,7,3,13,0,1
m3jZg,CPBL-2024-xa,2024,一軍,2024-09-28,例行賽,樂天桃猿,Iqkqa,home,中信兄弟,0,1,7,0,0
m3jZg,CPBL-2024-xa,2024,一軍,2024-09-28,例行賽,中信兄弟,M45m3,away,樂天桃猿,1,0,6,0,1
917y7,CPBL-2024-xa,2024,一軍,2024-09-28,例行賽,統一7-ELEVEn獅,GyWE7,home,台鋼雄鷹,0,4,4,0,0
917y7,CPBL-2024-xa,2024,一軍,2024-09-28,例行賽,台鋼雄鷹,U64ee,away,統一7-ELEVEn獅,4,0,7,0,1
oUF4u,CPBL-2024-xa,2024,一軍,2024-09-27,例行賽,味全龍,BNi6c,home,統一7-ELEVEn獅,1,3,8,0,0
oUF4u,CPBL-2024-xa,2024,一軍,2024-09-27,例行賽,統一7-ELEVEn獅,GyWE7,away,味全龍,3,1,6,0,1
HLJEY,CPBL-2024-xa,2024,一軍,2024-09-27,例行賽,富邦悍將,uIOrj,home,樂天桃猿,5,8,9,0,0
HLJEY,CPBL-2024-xa,2024,一軍,2024-09-27,例行賽,樂天桃猿,Iqkqa,away,富邦悍將,8,5,13,0,1
7uko0,CPBL-2024-xa,2024,一軍,2024-09-27,例行賽,中信兄弟,M45m3,home,台鋼雄鷹,5,6,6,0,0
7uko0,CPBL-2024-xa,2024,一軍,2024-09-27,例行賽,台鋼雄鷹,U64ee,away,中信兄弟,6,5,7,0,1
dyduu,CPBL-2024-xa,2024,一軍,2024-09-26,例行賽,味全龍,BNi6c,home,統一7-ELEVEn獅,6,2,6,0,1
dyduu,CPBL-2024-xa,2024,一軍,2024-09-26,例行賽,統一7-ELEVEn獅,GyWE7,away,味全龍,2,6,7,0,0
3H9b2,CPBL-2024-xa,2024,一軍,2024-09-26,例行賽,富邦悍將,uIOrj,home,樂天桃猿,6,10,13,0,0
3H9b2,CPBL-2024-xa,2024,一軍,2024-09-26,例行賽,樂天桃猿,Iqkqa,away,富邦悍將,10,6,12,0,1
9oJsL,CPBL-2024-xa,2024,一軍,2024-09-26,例行賽,中信兄弟,M45m3,home,台鋼雄鷹,3,2,6,0,1
9oJsL,CPBL-2024-xa,2024,一軍,2024-09-26,例行賽,台鋼雄鷹,U64ee,away,中信兄弟,2,3,7,0,0
vL3Y1,CPBL-2024-xa,2024,一軍,2024-09-24,例行賽,台鋼雄鷹,U64ee,home,味全龍,6,1,9,0,1
vL3Y1,CPBL-2024-xa,2024,一軍,2024-09-24,例行賽,味全龍,BNi6c,away,台鋼雄鷹,1,6,8,0,0
8KsUJ,CPBL-2024-xa,2024,一軍,2024-09-24,例行賽,富邦悍將,uIOrj,home,中信兄弟,7,1,10,0,1
8KsUJ,CPBL-2024-xa,2024,一軍,2024-09-24,例行賽,中信兄弟,M45m3,away,富邦悍將,1,7,7,0,0
TNLy9,CPBL-2024-xa,2024,一軍,2024-09-24,例行賽,樂天桃猿,Iqkqa,home,統一7-ELEVEn獅,1,1,8,0,
TNLy9,CPBL-2024-xa,2024,一軍,2024-09-24,例行賽,統一7-ELEVEn獅,GyWE7,away,樂天桃猿,1,1,5,0,
PhQZP,CPBL-2024-xa,2024,一軍,2024-09-22,例行賽,中信兄弟,M45m3,home,味全龍,1,5,4,0,0
PhQZP,CPBL-2024-xa,2024,一軍,2024-09-22,例行賽,味全龍,BNi6c,away,中信兄弟,5,1,8,0,1
CNUYX,CPBL-2024-xa,2024,一軍,2024-09-21,例行賽,中信兄弟,M45m3,home,味全龍,4,2,7,0,1
CNUYX,CPBL-2024-xa,2024,一軍,2024-09-21,例行賽,味全龍,BNi6c,away,中信兄弟,2,4,7,0,0
eaKFj,CPBL-2024-xa,2024,一軍,2024-09-20,例行賽,台鋼雄鷹,U64ee,home,富邦悍將,3,3,11,0,
eaKFj,CPBL-2024-xa,2024,一軍,2024-09-20,例行賽,富邦悍將,uIOrj,away,台鋼雄鷹,3,3,7,0,
bFqYb,CPBL-2024-xa,2024,一軍,2024-09-20,例行賽,統一7-ELEVEn獅,GyWE7,home,中信兄弟,4,6,7,0,0
bFqYb,CPBL-2024-xa,2024,一軍,2024-09-20,例行賽,中信兄弟,M45m3,away,統一7-ELEVEn獅,6,4,9,0,1
S16ID,CPBL-2024-xa,2024,一軍,2024-09-20,例行賽,樂天桃猿,Iqkqa,home,味全龍,7,1,10,0,1
S16ID,CPBL-2024-xa,2024,一軍,2024-09-20,例行賽,味全龍,BNi6c,away,樂天桃猿,1,7,8,0,0
9EP1F,CPBL-2024-xa,2024,一軍,2024-09-19,例行賽,台鋼雄鷹,U64ee,home,富邦悍將,0,1,5,0,0
9EP1F,CPBL-2024-xa,2024,一軍,2024-09-19,例行賽,富邦悍將,uIOrj,away,台鋼雄鷹,1,0,9,0,1
1hMgw,CPBL-2024-xa,2024,一軍,2024-09-19,例行賽,統一7-ELEVEn獅,GyWE7,home,中信兄弟,4,3,9,0,1
1hMgw,CPBL-2024-xa,2024,一軍,2024-09-19,例行賽,中信兄弟,M45m3,away,統一7-ELEVEn獅,3,4,6,0,0
UbL3P,CPBL-2024-xa,2024,一軍,2024-09-19,例行賽,樂天桃猿,Iqkqa,home,味全龍,1,9,8,0,0
UbL3P,CPBL-2024-xa,2024,一軍,2024-09-19,例行賽,味全龍,BNi6c,away,樂天桃猿,9,1,12,0,1
Fol1j,CPBL-2024-xa,2024,一軍,2024-09-17,例行賽,味全龍,BNi6c,home,台鋼雄鷹,11,1,12,0,1
Fol1j,CPBL-2024-xa,2024,一軍,2024-09-17,例行賽,台鋼雄鷹,U64ee,away,味全龍,1,11,4,0,0
zVjCm,CPBL-2024-xa,2024,一軍,2024-09-17,例行賽,中信兄弟,M45m3,home,富邦悍將,2,5,10,0,0
zVjCm,CPBL-2024-xa,2024,一軍,2024-09-17,例行賽,富邦悍將,uIOrj,away,中信兄弟,5,2,7,0,1
Ek75Q,CPBL-2024-xa,2024,一軍,2024-09-17,例行賽,統一7-ELEVEn獅,GyWE7,home,樂天桃猿,9,2,11,0,1
Ek75Q,CPBL-2024-xa,2024,一軍,2024-09-17,例行賽,樂天桃猿,Iqkqa,away,統一7-ELEVEn獅,2,9,10,0,0
q8WQi,CPBL-2024-xa,2024,一軍,2024-09-16,例行賽,味全龍,BNi6c,home,中信兄弟,0,2,7,0,0
q8WQi,CPBL-2024-xa,2024,一軍,2024-09-16,例行賽,中信兄弟,M45m3,away,味全龍,2,0,6,0,1
fEXms,CPBL-2024-xa,2024,一軍,2024-09-15,例行賽,統一7-ELEVEn獅,GyWE7,home,台鋼雄鷹,6,5,11,0,1
fEXms,CPBL-2024-xa,2024,一軍,2024-09-15,例行賽,台鋼雄鷹,U64ee,away,統一7-ELEVEn獅,5,6,10,0,0
CJVYG,CPBL-2024-xa,2024,一軍,2024-09-15,例行賽,富邦悍將,uIOrj,home,樂天桃猿,2,6,11,0,0
CJVYG,CPBL-2024-xa,2024,一軍,2024-09-15,例行賽,樂天桃猿,Iqkqa,away,富邦悍將,6,2,13,0,1
mDouQ,CPBL-2024-xa,2024,一軍,2024-09-15,例行賽,味全龍,BNi6c,home,中信兄弟,3,0,5,0,1
mDouQ,CPBL-2024-xa,2024,一軍,2024-09-15,例行賽,中信兄弟,M45m3,away,味全龍,0,3,5,0,0
s7Ks3,CPBL-2024-xa,2024,一軍,2024-09-14,例行賽,統一7-ELEVEn獅,GyWE7,home,台鋼雄鷹,9,2,10,0,1
s7Ks3,CPBL-2024-xa,2024,一軍,2024-09-14,例行賽,台鋼雄鷹,U64ee,away,統一7-ELEVEn獅,2,9,6,0,0
ZVy84,CPBL-2024-xa,2024,一軍,2024-09-14,例行賽,富邦悍將,uIOrj,home,樂天桃猿,8,4,10,0,1
ZVy84,CPBL-2024-xa,2024,一軍,2024-09-14,例行賽,樂天桃猿,Iqkqa,away,富邦悍將,4,8,7,0,0
phZOG,CPBL-2024-xa,2024,一軍,2024-09-14,例行賽,味全龍,BNi6c,home,中信兄弟,2,3,9,0,0
phZOG,CPBL-2024-xa,2024,一軍,2024-09-14,例行賽,中信兄弟,M45m3,away,味全龍,3,2,7,0,1
JQNPu,CPBL-2024-xa,2024,一軍,2024-09-13,例行賽,統一7-ELEVEn獅,GyWE7,home,台鋼雄鷹,6,4,10,0,1
JQNPu,CPBL-2024-xa,2024,一軍,2024-09-13,例行賽,台鋼雄鷹,U64ee,away,統一7-ELEVEn獅,4,6,6,0,0
KAP6R,CPBL-2024-xa,2024,一軍,2024-09-13,例行賽,富邦悍將,uIOrj,home,樂天桃猿,4,0,5,0,1
KAP6R,CPBL-2024-xa,2024,一軍,2024-09-13,例行賽,樂天桃猿,Iqkqa,away,富邦悍將,0,4,8,0,0
pyhds,CPBL-2024-xa,2024,一軍,2024-09-12,例行賽,樂天桃猿,Iqkqa,home,中信兄弟,13,8,20,0,1
pyhds,CPBL-2024-xa,2024,一軍,2024-09-12,例行賽,中信兄弟,M45m3,away,樂天桃猿,8,13,12,0,0
Dmq9M,CPBL-2024-xa,2024,一軍,2024-09-11,例行賽,樂天桃猿,Iqkqa,home,中信兄弟,0,1,3,0,0
Dmq9M,CPBL-2024-xa,2024,一軍,2024-09-11,例行賽,中信兄弟,M45m3,away,樂天桃猿,1,0,4,0,1
hfqU7,CPBL-2024-xa,2024,一軍,2024-09-11,例行賽,富邦悍將,uIOrj,home,統一7-ELEVEn獅,5,1,9,0,1
hfqU7,CPBL-2024-xa,2024,一軍,2024-09-11,例行賽,統一7-ELEVEn獅,GyWE7,away,富邦悍將,1,5,5,0,0
tytKA,CPBL-2024-xa,2024,一軍,2024-09-11,例行賽,味全龍,BNi6c,home,台鋼雄鷹,3,6,8,0,0
tytKA,CPBL-2024-xa,2024,一軍,2024-09-11,例行賽,台鋼雄鷹,U64ee,away,味全龍,6,3,10,0,1
mN7ZE,CPBL-2024-xa,2024,一軍,2024-09-10,例行賽,富邦悍將,uIOrj,home,統一7-ELEVEn獅,1,9,8,0,0
mN7ZE,CPBL-2024-xa,2024,一軍,2024-09-10,例行賽,統一7-ELEVEn獅,GyWE7,away,富邦悍將,9,1,12,0,1
RMnEF,CPBL-2024-xa,2024,一軍,2024-09-10,例行賽,味全龍,BNi6c,home,台鋼雄鷹,5,2,7,0,1
RMnEF,CPBL-2024-xa,2024,一軍,2024-09-10,例行賽,台鋼雄鷹,U64ee,away,味全龍,2,5,5,0,0
f1OWw,CPBL-2024-xa,2024,一軍,2024-09-08,例行賽,台鋼雄鷹,U64ee,home,富邦悍將,2,8,8,0,0
f1OWw,CPBL-2024-xa,2024,一軍,2024-09-08,例行賽,富邦悍將,uIOrj,away,台鋼雄鷹,8,2,13,0,1
zWn5Q,CPBL-2024-xa,2024,一軍,2024-09-08,例行賽,樂天桃猿,Iqkqa,home,味全龍,1,4,5,0,0
zWn5Q,CPBL-2024-xa,2024,一軍,2024-09-08,例行賽,味全龍,BNi6c,away,樂天桃猿,4,1,9,0,1
xX2JY,CPBL-2024-xa,2024,一軍,2024-09-08,例行賽,中信兄弟,M45m3,home,統一7-ELEVEn獅,7,5,11,0,1
xX2JY,CPBL-2024-xa,2024,一軍,2024-09-08,例行賽,統一7-ELEVEn獅,GyWE7,away,中信兄弟,5,7,8,0,0
P0pYy,CPBL-2024-xa,2024,一軍,2024-09-07,例行賽,樂天桃猿,Iqkqa,home,味全龍,9,3,15,0,1
P0pYy,CPBL-2024-xa,2024,一軍,2024-09-07,例行賽,味全龍,BNi6c,away,樂天桃猿,3,9,6,0,0
Gxx5K,CPBL-2024-xa,2024,一軍,2024-09-07,例行賽,中信兄弟,M45m3,home,統一7-ELEVEn獅,7,2,10,0,1
Gxx5K,CPBL-2024-xa,2024,一軍,2024-09-07,例行賽,統一7-ELEVEn獅,GyWE7,away,中信兄弟,2,7,10,0,0
5110L,CPBL-2024-xa,2024,一軍,2024-09-07,例行賽,台鋼雄鷹,U64ee,home,富邦悍將,5,0,7,0,1
5110L,CPBL-2024-xa,2024,一軍,2024-09-07,例行賽,富邦悍將,uIOrj,away,台鋼雄鷹,0,5,6,0,0
3RiiF,CPBL-2024-xa,2024,一軍,2024-09-06,例行賽,樂天桃猿,Iqkqa,home,味全龍,4,8,6,0,0
3RiiF,CPBL-2024-xa,2024,一軍,2024-09-06,例行賽,味全龍,BNi6c,away,樂天桃猿,8,4,11,0,1
ogcSO,CPBL-2024-xa,2024,一軍,2024-09-06,例行賽,中信兄弟,M45m3,home,統一7-ELEVEn獅,8,7,7,0,1
ogcSO,CPBL-2024-xa,2024,一軍,2024-09-06,例行賽,統一7-ELEVEn獅,GyWE7,away,中信兄弟,7,8,8,0,0
6hSFI,CPBL-2024-xa,2024,一軍,2024-09-06,例行賽,台鋼雄鷹,U64ee,home,富邦悍將,3,8,5,0,0
6hSFI,CPBL-2024-xa,2024,一軍,2024-09-06,例行賽,富邦悍將,uIOrj,away,台鋼雄鷹,8,3,13,0,1
oFB7P,CPBL-2024-xa,2024,一軍,2024-09-05,例行賽,富邦悍將,uIOrj,home,味全龍,0,5,5,0,0
oFB7P,CPBL-2024-xa,2024,一軍,2024-09-05,例行賽,味全龍,BNi6c,away,富邦悍將,5,0,7,0,1
V5KAl,CPBL-2024-xa,2024,一軍,2024-09-04,例行賽,富邦悍將,uIOrj,home,味全龍,1,2,5,0,0
V5KAl,CPBL-2024-xa,2024,一軍,2024-09-04,例行賽,味全龍,BNi6c,away,富邦悍將,2,1,10,0,1
G1Wzt,CPBL-2024-xa,2024,一軍,2024-09-04,例行賽,統一7-ELEVEn獅,GyWE7,home,樂天桃猿,3,9,11,0,0
G1Wzt,CPBL-2024-xa,2024,一軍,2024-09-04,例行賽,樂天桃猿,Iqkqa,away,統一7-ELEVEn獅,9,3,15,0,1
hLngy,CPBL-2024-xa,2024,一軍,2024-09-04,例行賽,台鋼雄鷹,U64ee,home,中信兄弟,6,2,7,0,1
hLngy,CPBL-2024-xa,2024,一軍,2024-09-04,例行賽,中信兄弟,M45m3,away,台鋼雄鷹,2,6,7,0,0
l4qRN,CPBL-2024-xa,2024,一軍,2024-09-03,例行賽,統一7-ELEVEn獅,GyWE7,home,樂天桃猿,4,1,6,0,1
l4qRN,CPBL-2024-xa,2024,一軍,2024-09-03,例行賽,樂天桃猿,Iqkqa,away,統一7-ELEVEn獅,1,4,5,0,0
dFev0,CPBL-2024-xa,2024,一軍,2024-09-03,例行賽,台鋼雄鷹,U64ee,home,中信兄弟,1,8,8,0,0
dFev0,CPBL-2024-xa,2024,一軍,2024-09-03,例行賽,中信兄弟,M45m3,away,台鋼雄鷹,8,1,13,0,1
mkZ0b,CPBL-2024-xa,2024,一軍,2024-09-01,例行賽,味全龍,BNi6c,home,統一7-ELEVEn獅,8,7,12,0,1
mkZ0b,CPBL-2024-xa,2024,一軍,2024-09-01,例行賽,統一7-ELEVEn獅,GyWE7,away,味全龍,7,8,12,0,0
aopvt,CPBL-2024-xa,2024,一軍,2024-09-01,例行賽,富邦悍將,uIOrj,home,中信兄弟,5,8,10,0,0
aopvt,CPBL-2024-xa,2024,一軍,2024-09-01,例行賽,中信兄弟,M45m3,away,富邦悍將,8,5,12,0,1
hS65C,CPBL-2024-xa,2024,一軍,2024-09-01,例行賽,樂天桃猿,Iqkqa,home,台鋼雄鷹,6,11,10,0,0
hS65C,CPBL-2024-xa,2024,一軍,2024-09-01,例行賽,台鋼雄鷹,U64ee,away,樂天桃猿,11,6,12,0,1
lLO5L,CPBL-2024-xa,2024,一軍,2024-08-31,例行賽,味全龍,BNi6c,home,統一7-ELEVEn獅,3,2,9,0,1
lLO5L,CPBL-2024-xa,2024,一軍,2024-08-31,例行賽,統一7-ELEVEn獅,GyWE7,away,味全龍,2,3,9,0,0
b4vzQ,CPBL-2024-xa,2024,一軍,2024-08-31,例行賽,富邦悍將,uIOrj,home,中信兄弟,5,7,7,0,0
b4vzQ,CPBL-2024-xa,2024,一軍,2024-08-31,例行賽,中信兄弟,M45m3,away,富邦悍將,7,5,11,0,1
dU1TH,CPBL-2024-xa,2024,一軍,2024-08-31,例行賽,樂天桃猿,Iqkqa,home,台鋼雄鷹,4,11,10,0,0
dU1TH,CPBL-2024-xa,2024,一軍,2024-08-31,例行賽,台鋼雄鷹,U64ee,away,樂天桃猿,11,4,15,0,1
Ms0Pr,CPBL-2024-xa,2024,一軍,2024-08-30,例行賽,味全龍,BNi6c,home,統一7-ELEVEn獅,6,0,10,0,1
Ms0Pr,CPBL-2024-xa,2024,一軍,2024-08-30,例行賽,統一7-ELEVEn獅,GyWE7,away,味全龍,0,6,8,0,0
Mmpj2,CPBL-2024-xa,2024,一軍,2024-08-30,例行賽,富邦悍將,uIOrj,home,中信兄弟,1,3,7,0,0
Mmpj2,CPBL-2024-xa,2024,一軍,2024-08-30,例行賽,中信兄弟,M45m3,away,富邦悍將,3,1,7,0,1
YMURn,CPBL-2024-xa,2024,一軍,2024-08-30,例行賽,樂天桃猿,Iqkqa,home,台鋼雄鷹,8,2,12,0,1
YMURn,CPBL-2024-xa,2024,一軍,2024-08-30,例行賽,台鋼雄鷹,U64ee,away,樂天桃猿,2,8,6,0,0
5yeap,CPBL-2024-xa,2024,一軍,2024-08-29,例行賽,台鋼雄鷹,U64ee,home,統一7-ELEVEn獅,2,11,9,0,0
5yeap,CPBL-2024-xa,2024,一軍,2024-08-29,例行賽,統一7-ELEVEn獅,GyWE7,away,台鋼雄鷹,11,2,15,0,1
qVLC5,CPBL-2024-xa,2024,一軍,2024-08-28,例行賽,台鋼雄鷹,U64ee,home,統一7-ELEVEn獅,9,2,11,0,1
qVLC5,CPBL-2024-xa,2024,一軍,2024-08-28,例行賽,統一7-ELEVEn獅,GyWE7,away,台鋼雄鷹,2,9,10,0,0
7eSPQ,CPBL-2024-xa,2024,一軍,2024-08-28,例行賽,中信兄弟,M45m3,home,味全龍,6,1,12,0,1
7eSPQ,CPBL-2024-xa,2024,一軍,2024-08-28,例行賽,味全龍,BNi6c,away,中信兄弟,1,6,6,0,0
sY4w4,CPBL-2024-xa,2024,一軍,2024-08-28,例行賽,樂天桃猿,Iqkqa,home,富邦悍將,5,3,12,0,1
sY4w4,CPBL-2024-xa,2024,一軍,2024-08-28,例行賽,富邦悍將,uIOrj,away,樂天桃猿,3,5,10,0,0
odPKY,CPBL-2024-xa,2024,一軍,2024-08-27,例行賽,中信兄弟,M45m3,home,味全龍,1,0,3,0,1
odPKY,CPBL-2024-xa,2024,一軍,2024-08-27,例行賽,味全龍,BNi6c,away,中信兄弟,0,1,4,0,0
mSDUA,CPBL-2024-xa,2024,一軍,2024-08-27,例行賽,樂天桃猿,Iqkqa,home,富邦悍將,2,4,7,0,0
mSDUA,CPBL-2024-xa,2024,一軍,2024-08-27,例行賽,富邦悍將,uIOrj,away,樂天桃猿,4,2,6,0,1
qi8jg,CPBL-2024-xa,2024,一軍,2024-08-25,例行賽,台鋼雄鷹,U64ee,home,味全龍,0,14,6,0,0
qi8jg,CPBL-2024-xa,2024,一軍,2024-08-25,例行賽,味全龍,BNi6c,away,台鋼雄鷹,14,0,21,0,1
tnaU2,CPBL-2024-xa,2024,一軍,2024-08-25,例行賽,中信兄弟,M45m3,home,樂天桃猿,2,3,10,0,0
tnaU2,CPBL-2024-xa,2024,一軍,2024-08-25,例行賽,樂天桃猿,Iqkqa,away,中信兄弟,3,2,11,0,1
BzmQs,CPBL-2024-xa,2024,一軍,2024-08-25,例行賽,統一7-ELEVEn獅,GyWE7,home,富邦悍將,4,0,8,0,1
BzmQs,CPBL-2024-xa,2024,一軍,2024-08-25,例行賽,富邦悍將,uIOrj,away,統一7-ELEVEn獅,0,4,5,0,0
eYUx7,CPBL-2024-xa,2024,一軍,2024-08-24,例行賽,中信兄弟,M45m3,home,樂天桃猿,4,3,10,0,1
eYUx7,CPBL-2024-xa,2024,一軍,2024-08-24,例行賽,樂天桃猿,Iqkqa,away,中信兄弟,3,4,5,0,0
O15Ta,CPBL-2024-xa,2024,一軍,2024-08-24,例行賽,台鋼雄鷹,U64ee,home,味全龍,7,5,7,0,1
O15Ta,CPBL-2024-xa,2024,一軍,2024-08-24,例行賽,味全龍,BNi6c,away,台鋼雄鷹,5,7,10,0,0
2svdx,CPBL-2024-xa,2024,一軍,2024-08-24,例行賽,統一7-ELEVEn獅,GyWE7,home,富邦悍將,7,5,12,0,1
2svdx,CPBL-2024-xa,2024,一軍,2024-08-24,例行賽,富邦悍將,uIOrj,away,統一7-ELEVEn獅,5,7,11,0,0
uAKMF,CPBL-2024-xa,2024,一軍,2024-08-23,例行賽,台鋼雄鷹,U64ee,home,味全龍,11,2,17,0,1
uAKMF,CPBL-2024-xa,2024,一軍,2024-08-23,例行賽,味全龍,BNi6c,away,台鋼雄鷹,2,11,7,0,0
q0inQ,CPBL-2024-xa,2024,一軍,2024-08-23,例行賽,中信兄弟,M45m3,home,樂天桃猿,1,6,7,0,0
q0inQ,CPBL-2024-xa,2024,一軍,2024-08-23,例行賽,樂天桃猿,Iqkqa,away,中信兄弟,6,1,14,0,1
6I8WY,CPBL-2024-xa,2024,一軍,2024-08-23,例行賽,統一7-ELEVEn獅,GyWE7,home,富邦悍將,4,3,11,0,1
6I8WY,CPBL-2024-xa,2024,一軍,2024-08-23,例行賽,富邦悍將,uIOrj,away,統一7-ELEVEn獅,3,4,9,0,0
QGCFK,CPBL-2024-xa,2024,一軍,2024-08-22,例行賽,味全龍,BNi6c,home,樂天桃猿,4,8,11,0,0
QGCFK,CPBL-2024-xa,2024,一軍,2024-08-22,例行賽,樂天桃猿,Iqkqa,away,味全龍,8,4,13,0,1
6NBgQ,CPBL-2024-xa,2024,一軍,2024-08-22,例行賽,富邦悍將,uIOrj,home,台鋼雄鷹,1,2,9,0,0
6NBgQ,CPBL-2024-xa,2024,一軍,2024-08-22,例行賽,台鋼雄鷹,U64ee,away,富邦悍將,2,1,7,0,1
0c6Ml,CPBL-2024-xa,2024,一軍,2024-08-22,例行賽,統一7-ELEVEn獅,GyWE7,home,中信兄弟,6,1,10,0,1
0c6Ml,CPBL-2024-xa,2024,一軍,2024-08-22,例行賽,中信兄弟,M45m3,away,統一7-ELEVEn獅,1,6,4,0,0
SxtBj,CPBL-2024-xa,2024,一軍,2024-08-21,例行賽,味全龍,BNi6c,home,樂天桃猿,0,6,5,0,0
SxtBj,CPBL-2024-xa,2024,一軍,2024-08-21,例行賽,樂天桃猿,Iqkqa,away,味全龍,6,0,14,0,1
XkjKb,CPBL-2024-xa,2024,一軍,2024-08-21,例行賽,富邦悍將,uIOrj,home,台鋼雄鷹,4,3,6,0,1
XkjKb,CPBL-2024-xa,2024,一軍,2024-08-21,例行賽,台鋼雄鷹,U64ee,away,富邦悍將,3,4,10,0,0
cxVPM,CPBL-2024-xa,2024,一軍,2024-08-21,例行賽,統一7-ELEVEn獅,GyWE7,home,中信兄弟,4,11,12,0,0
cxVPM,CPBL-2024-xa,2024,一軍,2024-08-21,例行賽,中信兄弟,M45m3,away,統一7-ELEVEn獅,11,4,17,0,1
4EQUl,CPBL-2024-xa,2024,一軍,2024-08-19,例行賽,統一7-ELEVEn獅,GyWE7,home,味全龍,0,3,6,0,0
4EQUl,CPBL-2024-xa,2024,一軍,2024-08-19,例行賽,味全龍,BNi6c,away,統一7-ELEVEn獅,3,0,11,0,1
RdOoS,CPBL-2024-xa,2024,一軍,2024-08-18,例行賽,樂天桃猿,Iqkqa,home,統一7-ELEVEn獅,4,3,8,0,1
RdOoS,CPBL-2024-xa,2024,一軍,2024-08-18,例行賽,統一7-ELEVEn獅,GyWE7,away,樂天桃猿,3,4,8,0,0
KnL60,CPBL-2024-xa,2024,一軍,2024-08-18,例行賽,味全龍,BNi6c,home,富邦悍將,7,6,11,0,1
KnL60,CPBL-2024-xa,2024,一軍,2024-08-18,例行賽,富邦悍將,uIOrj,away,味全龍,6,7,8,0,0
PZFwR,CPBL-2024-xa,2024,一軍,2024-08-18,例行賽,中信兄弟,M45m3,home,台鋼雄鷹,7,4,10,0,1
PZFwR,CPBL-2024-xa,2024,一軍,2024-08-18,例行賽,台鋼雄鷹,U64ee,away,中信兄弟,4,7,9,0,0
6guMW,CPBL-2024-xa,2024,一軍,2024-08-17,例行賽,樂天桃猿,Iqkqa,home,統一7-ELEVEn獅,4,2,10,0,1
6guMW,CPBL-2024-xa,2024,一軍,2024-08-17,例行賽,統一7-ELEVEn獅,GyWE7,away,樂天桃猿,2,4,10,0,0
4zpMG,CPBL-2024-xa,2024,一軍,2024-08-17,例行賽,中信兄弟,M45m3,home,台鋼雄鷹,5,3,14,0,1
4zpMG,CPBL-2024-xa,2024,一軍,2024-08-17,例行賽,台鋼雄鷹,U64ee,away,中信兄弟,3,5,10,0,0
K8Dhp,CPBL-2024-xa,2024,一軍,2024-08-16,例行賽,樂天桃猿,Iqkqa,home,統一7-ELEVEn獅,5,2,7,0,1
K8Dhp,CPBL-2024-xa,2024,一軍,2024-08-16,例行賽,統一7-ELEVEn獅,GyWE7,away,樂天桃猿,2,5,6,0,0
o1guF,CPBL-2024-xa,2024,一軍,2024-08-16,例行賽,味全龍,BNi6c,home,富邦悍將,6,1,9,0,1
o1guF,CPBL-2024-xa,2024,一軍,2024-08-16,例行賽,富邦悍將,uIOrj,away,味全龍,1,6,6,0,0
8ulm8,CPBL-2024-xa,2024,一軍,2024-08-16,例行賽,中信兄弟,M45m3,home,台鋼雄鷹,5,3,7,0,1
8ulm8,CPBL-2024-xa,2024,一軍,2024-08-16,例行賽,台鋼雄鷹,U64ee,away,中信兄弟,3,5,9,0,0
vHg13,CPBL-2024-xa,2024,一軍,2024-08-14,例行賽,統一7-ELEVEn獅,GyWE7,home,味全龍,2,8,8,0,0
vHg13,CPBL-2024-xa,2024,一軍,2024-08-14,例行賽,味全龍,BNi6c,away,統一7-ELEVEn獅,8,2,13,0,1
r6Hup,CPBL-2024-xa,2024,一軍,2024-08-14,例行賽,台鋼雄鷹,U64ee,home,樂天桃猿,1,3,4,0,0
r6Hup,CPBL-2024-xa,2024,一軍,2024-08-14,例行賽,樂天桃猿,Iqkqa,away,台鋼雄鷹,3,1,8,0,1
QjnKj,CPBL-2024-xa,2024,一軍,2024-08-14,例行賽,中信兄弟,M45m3,home,富邦悍將,5,3,7,0,1
QjnKj,CPBL-2024-xa,2024,一軍,2024-08-14,例行賽,富邦悍將,uIOrj,away,中信兄弟,3,5,9,0,0
Nz6it,CPBL-2024-xa,2024,一軍,2024-08-13,例行賽,台鋼雄鷹,U64ee,home,樂天桃猿,4,1,8,0,1
Nz6it,CPBL-2024-xa,2024,一軍,2024-08-13,例行賽,樂天桃猿,Iqkqa,away,台鋼雄鷹,1,4,2,0,0
ADaQg,CPBL-2024-xa,2024,一軍,2024-08-13,例行賽,中信兄弟,M45m3,home,富邦悍將,1,7,10,0,0
ADaQg,CPBL-2024-xa,2024,一軍,2024-08-13,例行賽,富邦悍將,uIOrj,away,中信兄弟,7,1,9,0,1
Wh1bH,CPBL-2024-xa,2024,一軍,2024-08-11,例行賽,富邦悍將,uIOrj,home,味全龍,6,11,10,0,0
Wh1bH,CPBL-2024-xa,2024,一軍,2024-08-11,例行賽,味全龍,BNi6c,away,富邦悍將,11,6,13,0,1
EgAcV,CPBL-2024-xa,2024,一軍,2024-08-11,例行賽,統一7-ELEVEn獅,GyWE7,home,樂天桃猿,4,3,11,0,1
EgAcV,CPBL-2024-xa,2024,一軍,2024-08-11,例行賽,樂天桃猿,Iqkqa,away,統一7-ELEVEn獅,3,4,6,0,0
YXfii,CPBL-2024-xa,2024,一軍,2024-08-11,例行賽,台鋼雄鷹,U64ee,home,中信兄弟,2,1,5,0,1
YXfii,CPBL-2024-xa,2024,一軍,2024-08-11,例行賽,中信兄弟,M45m3,away,台鋼雄鷹,1,2,4,0,0
syNU8,CPBL-2024-xa,2024,一軍,2024-08-10,例行賽,台鋼雄鷹,U64ee,home,中信兄弟,6,8,7,0,0
syNU8,CPBL-2024-xa,2024,一軍,2024-08-10,例行賽,中信兄弟,M45m3,away,台鋼雄鷹,8,6,13,0,1
MtAzO,CPBL-2024-xa,2024,一軍,2024-08-10,例行賽,統一7-ELEVEn獅,GyWE7,home,樂天桃猿,5,3,9,0,1
MtAzO,CPBL-2024-xa,2024,一軍,2024-08-10,例行賽,樂天桃猿,Iqkqa,away,統一7-ELEVEn獅,3,5,11,0,0
WPsIT,CPBL-2024-xa,2024,一軍,2024-08-09,例行賽,台鋼雄鷹,U64ee,home,中信兄弟,7,2,8,0,1
WPsIT,CPBL-2024-xa,2024,一軍,2024-08-09,例行賽,中信兄弟,M45m3,away,台鋼雄鷹,2,7,7,0,0
79kFQ,CPBL-2024-xa,2024,一軍,2024-08-09,例行賽,富邦悍將,uIOrj,home,味全龍,1,2,3,0,0
79kFQ,CPBL-2024-xa,2024,一軍,2024-08-09,例行賽,味全龍,BNi6c,away,富邦悍將,2,1,11,0,1
qPOFv,CPBL-2024-xa,2024,一軍,2024-08-09,例行賽,統一7-ELEVEn獅,GyWE7,home,樂天桃猿,3,1,10,0,1
qPOFv,CPBL-2024-xa,2024,一軍,2024-08-09,例行賽,樂天桃猿,Iqkqa,away,統一7-ELEVEn獅,1,3,6,0,0
z2J80,CPBL-2024-xa,2024,一軍,2024-08-08,例行賽,味全龍,BNi6c,home,中信兄弟,5,9,12,0,0
z2J80,CPBL-2024-xa,2024,一軍,2024-08-08,例行賽,中信兄弟,M45m3,away,味全龍,9,5,12,0,1
vTWXS,CPBL-2024-xa,2024,一軍,2024-08-07,例行賽,味全龍,BNi6c,home,中信兄弟,5,1,7,0,1
vTWXS,CPBL-2024-xa,2024,一軍,2024-08-07,例行賽,中信兄弟,M45m3,away,味全龍,1,5,5,0,0
uZvG3,CPBL-2024-xa,2024,一軍,2024-08-07,例行賽,樂天桃猿,Iqkqa,home,台鋼雄鷹,9,5,14,0,1
uZvG3,CPBL-2024-xa,2024,一軍,2024-08-07,例行賽,台鋼雄鷹,U64ee,away,樂天桃猿,5,9,7,0,0
PkqcS,CPBL-2024-xa,2024,一軍,2024-08-07,例行賽,統一7-ELEVEn獅,GyWE7,home,富邦悍將,0,2,6,0,0
PkqcS,CPBL-2024-xa,2024,一軍,2024-08-07,例行賽,富邦悍將,uIOrj,away,統一7-ELEVEn獅,2,0,10,0,1
T3Eph,CPBL-2024-xa,2024,一軍,2024-08-06,例行賽,樂天桃猿,Iqkqa,home,台鋼雄鷹,6,7,8,0,0
T3Eph,CPBL-2024-xa,2024,一軍,2024-08-06,例行賽,台鋼雄鷹,U64ee,away,樂天桃猿,7,6,15,0,1
u9c0k,CPBL-2024-xa,2024,一軍,2024-08-06,例行賽,統一7-ELEVEn獅,GyWE7,home,富邦悍將,5,2,10,0,1
u9c0k,CPBL-2024-xa,2024,一軍,2024-08-06,例行賽,富邦悍將,uIOrj,away,統一7-ELEVEn獅,2,5,5,0,0
x9v1Z,CPBL-2024-xa,2024,一軍,2024-08-04,例行賽,中信兄弟,M45m3,home,富邦悍將,6,5,8,0,1
x9v1Z,CPBL-2024-xa,2024,一軍,2024-08-04,例行賽,富邦悍將,uIOrj,away,中信兄弟,5,6,11,0,0
1V8WH,CPBL-2024-xa,2024,一軍,2024-08-04,例行賽,味全龍,BNi6c,home,樂天桃猿,5,3,6,0,1
1V8WH,CPBL-2024-xa,2024,一軍,2024-08-04,例行賽,樂天桃猿,Iqkqa,away,味全龍,3,5,6,0,0
QlSSv,CPBL-2024-xa,2024,一軍,2024-08-04,例行賽,台鋼雄鷹,U64ee,home,統一7-ELEVEn獅,4,1,9,0,1
QlSSv,CPBL-2024-xa,2024,一軍,2024-08-04,例行賽,統一7-ELEVEn獅,GyWE7,away,台鋼雄鷹,1,4,7,0,0
MSTMG,CPBL-2024-xa,2024,一軍,2024-08-03,例行賽,中信兄弟,M45m3,home,富邦悍將,5,0,9,0,1
MSTMG,CPBL-2024-xa,2024,一軍,2024-08-03,例行賽,富邦悍將,uIOrj,away,中信兄弟,0,5,3,0,0
aVAYG,CPBL-2024-xa,2024,一軍,2024-08-03,例行賽,味全龍,BNi6c,home,樂天桃猿,0,2,5,0,0
aVAYG,CPBL-2024-xa,2024,一軍,2024-08-03,例行賽,樂天桃猿,Iqkqa,away,味全龍,2,0,7,0,1
KDlkZ,CPBL-2024-xa,2024,一軍,2024-08-03,例行賽,台鋼雄鷹,U64ee,home,統一7-ELEVEn獅,11,3,13,0,1
KDlkZ,CPBL-2024-xa,2024,一軍,2024-08-03,例行賽,統一7-ELEVEn獅,GyWE7,away,台鋼雄鷹,3,11,3,0,0
emHsq,CPBL-2024-xa,2024,一軍,2024-08-02,例行賽,中信兄弟,M45m3,home,富邦悍將,6,5,10,0,1
emHsq,CPBL-2024-xa,2024,一軍,2024-08-02,例行賽,富邦悍將,uIOrj,away,中信兄弟,5,6,9,0,0
LB5YZ,CPBL-2024-xa,2024,一軍,2024-08-02,例行賽,味全龍,BNi6c,home,樂天桃猿,7,3,8,0,1
LB5YZ,CPBL-2024-xa,2024,一軍,2024-08-02,例行賽,樂天桃猿,Iqkqa,away,味全龍,3,7,9,0,0
pMMSk,CPBL-2024-xa,2024,一軍,2024-08-02,例行賽,台鋼雄鷹,U64ee,home,統一7-ELEVEn獅,0,5,6,0,0
pMMSk,CPBL-2024-xa,2024,一軍,2024-08-02,例行賽,統一7-ELEVEn獅,GyWE7,away,台鋼雄鷹,5,0,13,0,1
yOmDV,CPBL-2024-xa,2024,一軍,2024-08-01,例行賽,富邦悍將,uIOrj,home,樂天桃猿,2,3,3,0,0
yOmDV,CPBL-2024-xa,2024,一軍,2024-08-01,例行賽,樂天桃猿,Iqkqa,away,富邦悍將,3,2,7,0,1
VivBq,CPBL-2024-xa,2024,一軍,2024-07-31,例行賽,中信兄弟,M45m3,home,統一7-ELEVEn獅,5,8,13,0,0
VivBq,CPBL-2024-xa,2024,一軍,2024-07-31,例行賽,統一7-ELEVEn獅,GyWE7,away,中信兄弟,8,5,11,0,1
YATqZ,CPBL-2024-xa,2024,一軍,2024-07-31,例行賽,台鋼雄鷹,U64ee,home,味全龍,8,9,11,0,0
YATqZ,CPBL-2024-xa,2024,一軍,2024-07-31,例行賽,味全龍,BNi6c,away,台鋼雄鷹,9,8,14,0,1
uvOIc,CPBL-2024-xa,2024,一軍,2024-07-30,例行賽,台鋼雄鷹,U64ee,home,味全龍,2,1,6,0,1
uvOIc,CPBL-2024-xa,2024,一軍,2024-07-30,例行賽,味全龍,BNi6c,away,台鋼雄鷹,1,2,8,0,0
ZHooY,CPBL-2024-xa,2024,一軍,2024-07-28,例行賽,富邦悍將,uIOrj,home,台鋼雄鷹,8,0,12,0,1
ZHooY,CPBL-2024-xa,2024,一軍,2024-07-28,例行賽,台鋼雄鷹,U64ee,away,富邦悍將,0,8,2,0,0
xG4Pb,CPBL-2024-xa,2024,一軍,2024-07-28,例行賽,統一7-ELEVEn獅,GyWE7,home,味全龍,8,1,11,0,1
xG4Pb,CPBL-2024-xa,2024,一軍,2024-07-28,例行賽,味全龍,BNi6c,away,統一7-ELEVEn獅,1,8,9,0,0
4ucfI,CPBL-2024-xa,2024,一軍,2024-07-28,例行賽,樂天桃猿,Iqkqa,home,中信兄弟,5,4,8,0,1
4ucfI,CPBL-2024-xa,2024,一軍,2024-07-28,例行賽,中信兄弟,M45m3,away,樂天桃猿,4,5,11,0,0
9P0zZ,CPBL-2024-xa,2024,一軍,2024-07-27,例行賽,富邦悍將,uIOrj,home,台鋼雄鷹,4,3,9,0,1
9P0zZ,CPBL-2024-xa,2024,一軍,2024-07-27,例行賽,台鋼雄鷹,U64ee,away,富邦悍將,3,4,10,0,0
qdp9J,CPBL-2024-xa,2024,一軍,2024-07-27,例行賽,統一7-ELEVEn獅,GyWE7,home,味全龍,2,0,5,0,1
qdp9J,CPBL-2024-xa,2024,一軍,2024-07-27,例行賽,味全龍,BNi6c,away,統一7-ELEVEn獅,0,2,7,0,0
WkPyG,CPBL-2024-xa,2024,一軍,2024-07-27,例行賽,樂天桃猿,Iqkqa,home,中信兄弟,1,3,6,0,0
WkPyG,CPBL-2024-xa,2024,一軍,2024-07-27,例行賽,中信兄弟,M45m3,away,樂天桃猿,3,1,8,0,1
OQ3Eh,CPBL-2024-xa,2024,一軍,2024-07-26,例行賽,富邦悍將,uIOrj,home,台鋼雄鷹,2,1,8,0,1
OQ3Eh,CPBL-2024-xa,2024,一軍,2024-07-26,例行賽,台鋼雄鷹,U64ee,away,富邦悍將,1,2,9,0,0
U4VmL,CPBL-2024-xa,2024,一軍,2024-07-23,例行賽,味全龍,BNi6c,home,富邦悍將,0,4,6,0,0
U4VmL,CPBL-2024-xa,2024,一軍,2024-07-23,例行賽,富邦悍將,uIOrj,away,味全龍,4,0,8,0,1
iaCF5,CPBL-2024-xa,2024,一軍,2024-07-23,例行賽,樂天桃猿,Iqkqa,home,統一7-ELEVEn獅,6,5,10,0,1
iaCF5,CPBL-2024-xa,2024,一軍,2024-07-23,例行賽,統一7-ELEVEn獅,GyWE7,away,樂天桃猿,5,6,13,0,0
9jesg,CPBL-2024-xa,2024,一軍,2024-07-18,例行賽,樂天桃猿,Iqkqa,home,味全龍,1,4,9,0,0
9jesg,CPBL-2024-xa,2024,一軍,2024-07-18,例行賽,味全龍,BNi6c,away,樂天桃猿,4,1,10,0,1
JtLuX,CPBL-2024-xa,2024,一軍,2024-07-17,例行賽,樂天桃猿,Iqkqa,home,味全龍,13,6,20,0,1
JtLuX,CPBL-2024-xa,2024,一軍,2024-07-17,例行賽,味全龍,BNi6c,away,樂天桃猿,6,13,12,0,0
ncOZn,CPBL-2024-xa,2024,一軍,2024-07-17,例行賽,統一7-ELEVEn獅,GyWE7,home,台鋼雄鷹,10,11,15,0,0
ncOZn,CPBL-2024-xa,2024,一軍,2024-07-17,例行賽,台鋼雄鷹,U64ee,away,統一7-ELEVEn獅,11,10,20,0,1
1VZWk,CPBL-2024-xa,2024,一軍,2024-07-17,例行賽,富邦悍將,uIOrj,home,中信兄弟,4,9,12,0,0
1VZWk,CPBL-2024-xa,2024,一軍,2024-07-17,例行賽,中信兄弟,M45m3,away,富邦悍將,9,4,15,0,1
zTDvh,CPBL-2024-xa,2024,一軍,2024-07-16,例行賽,統一7-ELEVEn獅,GyWE7,home,台鋼雄鷹,5,3,12,0,1
zTDvh,CPBL-2024-xa,2024,一軍,2024-07-16,例行賽,台鋼雄鷹,U64ee,away,統一7-ELEVEn獅,3,5,9,0,0
37R7o,CPBL-2024-xa,2024,一軍,2024-07-16,例行賽,富邦悍將,uIOrj,home,中信兄弟,9,3,14,0,1
37R7o,CPBL-2024-xa,2024,一軍,2024-07-16,例行賽,中信兄弟,M45m3,away,富邦悍將,3,9,6,0,0
PiN6j,CPBL-2024-xa,2024,一軍,2024-07-14,例行賽,台鋼雄鷹,U64ee,home,樂天桃猿,5,4,10,0,1
PiN6j,CPBL-2024-xa,2024,一軍,2024-07-14,例行賽,樂天桃猿,Iqkqa,away,台鋼雄鷹,4,5,4,0,0
M6ja3,CPBL-2024-xa,2024,一軍,2024-07-14,例行賽,富邦悍將,uIOrj,home,統一7-ELEVEn獅,3,1,8,0,1
M6ja3,CPBL-2024-xa,2024,一軍,2024-07-14,例行賽,統一7-ELEVEn獅,GyWE7,away,富邦悍將,1,3,11,0,0
dSu1e,CPBL-2024-xa,2024,一軍,2024-07-14,例行賽,中信兄弟,M45m3,home,味全龍,0,1,6,0,0
dSu1e,CPBL-2024-xa,2024,一軍,2024-07-14,例行賽,味全龍,BNi6c,away,中信兄弟,1,0,4,0,1
mJRc6,CPBL-2024-xa,2024,一軍,2024-07-13,例行賽,富邦悍將,uIOrj,home,統一7-ELEVEn獅,0,8,6,0,0
mJRc6,CPBL-2024-xa,2024,一軍,2024-07-13,例行賽,統一7-ELEVEn獅,GyWE7,away,富邦悍將,8,0,16,0,1
SgPEy,CPBL-2024-xa,2024,一軍,2024-07-13,例行賽,台鋼雄鷹,U64ee,home,樂天桃猿,0,5,5,0,0
SgPEy,CPBL-2024-xa,2024,一軍,2024-07-13,例行賽,樂天桃猿,Iqkqa,away,台鋼雄鷹,5,0,12,0,1
2QgEq,CPBL-2024-xa,2024,一軍,2024-07-13,例行賽,中信兄弟,M45m3,home,味全龍,11,0,19,0,1
2QgEq,CPBL-2024-xa,2024,一軍,2024-07-13,例行賽,味全龍,BNi6c,away,中信兄弟,0,11,9,0,0
R9hG8,CPBL-2024-xa,2024,一軍,2024-07-12,例行賽,台鋼雄鷹,U64ee,home,樂天桃猿,2,7,7,0,0
R9hG8,CPBL-2024-xa,2024,一軍,2024-07-12,例行賽,樂天桃猿,Iqkqa,away,台鋼雄鷹,7,2,16,0,1
7NlxL,CPBL-2024-xa,2024,一軍,2024-07-12,例行賽,富邦悍將,uIOrj,home,統一7-ELEVEn獅,1,13,5,0,0
7NlxL,CPBL-2024-xa,2024,一軍,2024-07-12,例行賽,統一7-ELEVEn獅,GyWE7,away,富邦悍將,13,1,15,0,1
klo7M,CPBL-2024-xa,2024,一軍,2024-07-12,例行賽,中信兄弟,M45m3,home,味全龍,4,7,11,0,0
klo7M,CPBL-2024-xa,2024,一軍,2024-07-12,例行賽,味全龍,BNi6c,away,中信兄弟,7,4,15,0,1
HcFRP,CPBL-2024-xa,2024,一軍,2024-07-10,例行賽,台鋼雄鷹,U64ee,home,富邦悍將,6,5,11,0,1
HcFRP,CPBL-2024-xa,2024,一軍,2024-07-10,例行賽,富邦悍將,uIOrj,away,台鋼雄鷹,5,6,12,0,0
P0WLq,CPBL-2024-xa,2024,一軍,2024-07-10,例行賽,味全龍,BNi6c,home,統一7-ELEVEn獅,0,9,7,0,0
P0WLq,CPBL-2024-xa,2024,一軍,2024-07-10,例行賽,統一7-ELEVEn獅,GyWE7,away,味全龍,9,0,17,0,1
HzhcI,CPBL-2024-xa,2024,一軍,2024-07-10,例行賽,中信兄弟,M45m3,home,樂天桃猿,11,1,12,0,1
HzhcI,CPBL-2024-xa,2024,一軍,2024-07-10,例行賽,樂天桃猿,Iqkqa,away,中信兄弟,1,11,3,0,0
LvDWH,CPBL-2024-xa,2024,一軍,2024-07-09,例行賽,台鋼雄鷹,U64ee,home,富邦悍將,4,5,10,0,0
LvDWH,CPBL-2024-xa,2024,一軍,2024-07-09,例行賽,富邦悍將,uIOrj,away,台鋼雄鷹,5,4,14,0,1
2FQQI,CPBL-2024-xa,2024,一軍,2024-07-09,例行賽,味全龍,BNi6c,home,統一7-ELEVEn獅,2,6,11,0,0
2FQQI,CPBL-2024-xa,2024,一軍,2024-07-09,例行賽,統一7-ELEVEn獅,GyWE7,away,味全龍,6,2,11,0,1
SqdOb,CPBL-2024-xa,2024,一軍,2024-07-09,例行賽,中信兄弟,M45m3,home,樂天桃猿,2,5,5,0,0
SqdOb,CPBL-2024-xa,2024,一軍,2024-07-09,例行賽,樂天桃猿,Iqkqa,away,中信兄弟,5,2,13,0,1
DmJ2p,CPBL-2024-xa,2024,一軍,2024-07-07,例行賽,樂天桃猿,Iqkqa,home,富邦悍將,5,6,13,0,0
DmJ2p,CPBL-2024-xa,2024,一軍,2024-07-07,例行賽,富邦悍將,uIOrj,away,樂天桃猿,6,5,12,0,1
KdWxX,CPBL-2024-xa,2024,一軍,2024-07-07,例行賽,味全龍,BNi6c,home,台鋼雄鷹,3,0,9,0,1
KdWxX,CPBL-2024-xa,2024,一軍,2024-07-07,例行賽,台鋼雄鷹,U64ee,away,味全龍,0,3,7,0,0
mODTf,CPBL-2024-xa,2024,一軍,2024-07-07,例行賽,統一7-ELEVEn獅,GyWE7,home,中信兄弟,1,2,3,0,0
mODTf,CPBL-2024-xa,2024,一軍,2024-07-07,例行賽,中信兄弟,M45m3,away,統一7-ELEVEn獅,2,1,4,0,1
7DMwV,CPBL-2024-xa,2024,一軍,2024-07-06,例行賽,樂天桃猿,Iqkqa,home,富邦悍將,10,3,19,0,1
7DMwV,CPBL-2024-xa,2024,一軍,2024-07-06,例行賽,富邦悍將,uIOrj,away,樂天桃猿,3,10,11,0,0
BVD5e,CPBL-2024-xa,2024,一軍,2024-07-06,例行賽,味全龍,BNi6c,home,台鋼雄鷹,11,4,17,0,1
BVD5e,CPBL-2024-xa,2024,一軍,2024-07-06,例行賽,台鋼雄鷹,U64ee,away,味全龍,4,11,11,0,0
BVRai,CPBL-2024-xa,2024,一軍,2024-07-06,例行賽,統一7-ELEVEn獅,GyWE7,home,中信兄弟,2,3,5,0,0
BVRai,CPBL-2024-xa,2024,一軍,2024-07-06,例行賽,中信兄弟,M45m3,away,統一7-ELEVEn獅,3,2,5,0,1
U2dze,CPBL-2024-xa,2024,一軍,2024-07-05,例行賽,樂天桃猿,Iqkqa,home,富邦悍將,6,7,11,0,0
U2dze,CPBL-2024-xa,2024,一軍,2024-07-05,例行賽,富邦悍將,uIOrj,away,樂天桃猿,7,6,9,0,1
a8TUn,CPBL-2024-xa,2024,一軍,2024-07-05,例行賽,味全龍,BNi6c,home,台鋼雄鷹,1,6,6,0,0
a8TUn,CPBL-2024-xa,2024,一軍,2024-07-05,例行賽,台鋼雄鷹,U64ee,away,味全龍,6,1,10,0,1
8pNe0,CPBL-2024-xa,2024,一軍,2024-07-05,例行賽,統一7-ELEVEn獅,GyWE7,home,中信兄弟,5,11,13,0,0
8pNe0,CPBL-2024-xa,2024,一軍,2024-07-05,例行賽,中信兄弟,M45m3,away,統一7-ELEVEn獅,11,5,14,0,1
uO2MB,CPBL-2024-xa,2024,一軍,2024-07-02,例行賽,富邦悍將,uIOrj,home,樂天桃猿,2,1,9,0,1
uO2MB,CPBL-2024-xa,2024,一軍,2024-07-02,例行賽,樂天桃猿,Iqkqa,away,富邦悍將,1,2,7,0,0
L3D14,CPBL-2024-xa,2024,一軍,2024-07-01,例行賽,台鋼雄鷹,U64ee,home,富邦悍將,5,13,8,0,0
L3D14,CPBL-2024-xa,2024,一軍,2024-07-01,例行賽,富邦悍將,uIOrj,away,台鋼雄鷹,13,5,17,0,1
lIwjZ,CPBL-2024-xa,2024,一軍,2024-06-30,例行賽,台鋼雄鷹,U64ee,home,樂天桃猿,3,7,6,0,0
lIwjZ,CPBL-2024-xa,2024,一軍,2024-06-30,例行賽,樂天桃猿,Iqkqa,away,台鋼雄鷹,7,3,11,0,1
hrqrt,CPBL-2024-xa,2024,一軍,2024-06-29,例行賽,富邦悍將,uIOrj,home,統一7-ELEVEn獅,5,4,11,0,1
hrqrt,CPBL-2024-xa,2024,一軍,2024-06-29,例行賽,統一7-ELEVEn獅,GyWE7,away,富邦悍將,4,5,5,0,0
z7CAD,CPBL-2024-xa,2024,一軍,2024-06-29,例行賽,樂天桃猿,Iqkqa,home,台鋼雄鷹,1,6,5,0,0
z7CAD,CPBL-2024-xa,2024,一軍,2024-06-29,例行賽,台鋼雄鷹,U64ee,away,樂天桃猿,6,1,9,0,1
XY6pn,CPBL-2024-xa,2024,一軍,2024-06-27,例行賽,樂天桃猿,Iqkqa,home,富邦悍將,10,4,15,0,1
XY6pn,CPBL-2024-xa,2024,一軍,2024-06-27,例行賽,富邦悍將,uIOrj,away,樂天桃猿,4,10,7,0,0
Snsy6,CPBL-2024-xa,2024,一軍,2024-06-27,例行賽,中信兄弟,M45m3,home,統一7-ELEVEn獅,3,5,11,0,0
Snsy6,CPBL-2024-xa,2024,一軍,2024-06-27,例行賽,統一7-ELEVEn獅,GyWE7,away,中信兄弟,5,3,9,0,1
VYODL,CPBL-2024-xa,2024,一軍,2024-06-26,例行賽,富邦悍將,uIOrj,home,味全龍,3,2,9,0,1
VYODL,CPBL-2024-xa,2024,一軍,2024-06-26,例行賽,味全龍,BNi6c,away,富邦悍將,2,3,3,0,0
ANnXL,CPBL-2024-xa,2024,一軍,2024-06-26,例行賽,中信兄弟,M45m3,home,樂天桃猿,1,2,8,0,0
ANnXL,CPBL-2024-xa,2024,一軍,2024-06-26,例行賽,樂天桃猿,Iqkqa,away,中信兄弟,2,1,8,0,1
RKKMI,CPBL-2024-xa,2024,一軍,2024-06-25,例行賽,統一7-ELEVEn獅,GyWE7,home,樂天桃猿,11,4,16,0,1
RKKMI,CPBL-2024-xa,2024,一軍,2024-06-25,例行賽,樂天桃猿,Iqkqa,away,統一7-ELEVEn獅,4,11,11,0,0
nDzTh,CPBL-2024-xa,2024,一軍,2024-06-25,例行賽,富邦悍將,uIOrj,home,台鋼雄鷹,6,5,11,0,1
nDzTh,CPBL-2024-xa,2024,一軍,2024-06-25,例行賽,台鋼雄鷹,U64ee,away,富邦悍將,5,6,14,0,0
GhED2,CPBL-2024-xa,2024,一軍,2024-06-23,例行賽,樂天桃猿,Iqkqa,home,富邦悍將,4,2,7,0,1
GhED2,CPBL-2024-xa,2024,一軍,2024-06-23,例行賽,富邦悍將,uIOrj,away,樂天桃猿,2,4,7,0,0
Y81M0,CPBL-2024-xa,2024,一軍,2024-06-23,例行賽,統一7-ELEVEn獅,GyWE7,home,味全龍,4,1,5,0,1
Y81M0,CPBL-2024-xa,2024,一軍,2024-06-23,例行賽,味全龍,BNi6c,away,統一7-ELEVEn獅,1,4,3,0,0
e8px9,CPBL-2024-xa,2024,一軍,2024-06-23,例行賽,台鋼雄鷹,U64ee,home,中信兄弟,2,10,6,0,0
e8px9,CPBL-2024-xa,2024,一軍,2024-06-23,例行賽,中信兄弟,M45m3,away,台鋼雄鷹,10,2,14,0,1
0Okj5,CPBL-2024-xa,2024,一軍,2024-06-22,例行賽,樂天桃猿,Iqkqa,home,富邦悍將,7,2,11,0,1
0Okj5,CPBL-2024-xa,2024,一軍,2024-06-22,例行賽,富邦悍將,uIOrj,away,樂天桃猿,2,7,11,0,0
OVB5h,CPBL-2024-xa,2024,一軍,2024-06-22,例行賽,統一7-ELEVEn獅,GyWE7,home,味全龍,2,1,5,0,1
OVB5h,CPBL-2024-xa,2024,一軍,2024-06-22,例行賽,味全龍,BNi6c,away,統一7-ELEVEn獅,1,2,3,0,0
QO8CK,CPBL-2024-xa,2024,一軍,2024-06-22,例行賽,台鋼雄鷹,U64ee,home,中信兄弟,1,2,5,0,0
QO8CK,CPBL-2024-xa,2024,一軍,2024-06-22,例行賽,中信兄弟,M45m3,away,台鋼雄鷹,2,1,9,0,1
5RZVs,CPBL-2024-xa,2024,一軍,2024-06-21,例行賽,樂天桃猿,Iqkqa,home,台鋼雄鷹,7,6,9,0,1
5RZVs,CPBL-2024-xa,2024,一軍,2024-06-21,例行賽,台鋼雄鷹,U64ee,away,樂天桃猿,6,7,11,0,0
tqCP2,CPBL-2024-xa,2024,一軍,2024-06-21,例行賽,統一7-ELEVEn獅,GyWE7,home,富邦悍將,4,1,9,0,1
tqCP2,CPBL-2024-xa,2024,一軍,2024-06-21,例行賽,富邦悍將,uIOrj,away,統一7-ELEVEn獅,1,4,9,0,0
Gk1TW,CPBL-2024-xa,2024,一軍,2024-06-21,例行賽,味全龍,BNi6c,home,中信兄弟,4,11,8,0,0
Gk1TW,CPBL-2024-xa,2024,一軍,2024-06-21,例行賽,中信兄弟,M45m3,away,味全龍,11,4,14,0,1
lpcLd,CPBL-2024-xa,2024,一軍,2024-06-20,例行賽,統一7-ELEVEn獅,GyWE7,home,富邦悍將,0,12,6,0,0
lpcLd,CPBL-2024-xa,2024,一軍,2024-06-20,例行賽,富邦悍將,uIOrj,away,統一7-ELEVEn獅,12,0,15,0,1
zlCEK,CPBL-2024-xa,2024,一軍,2024-06-20,例行賽,味全龍,BNi6c,home,中信兄弟,0,3,2,0,0
zlCEK,CPBL-2024-xa,2024,一軍,2024-06-20,例行賽,中信兄弟,M45m3,away,味全龍,3,0,6,0,1
KPCno,CPBL-2024-xa,2024,一軍,2024-06-20,例行賽,樂天桃猿,Iqkqa,home,台鋼雄鷹,4,3,14,0,1
KPCno,CPBL-2024-xa,2024,一軍,2024-06-20,例行賽,台鋼雄鷹,U64ee,away,樂天桃猿,3,4,7,0,0
mvzpk,CPBL-2024-xa,2024,一軍,2024-06-18,例行賽,中信兄弟,M45m3,home,富邦悍將,9,2,11,0,1
mvzpk,CPBL-2024-xa,2024,一軍,2024-06-18,例行賽,富邦悍將,uIOrj,away,中信兄弟,2,9,8,0,0
04GO2,CPBL-2024-xa,2024,一軍,2024-06-18,例行賽,樂天桃猿,Iqkqa,home,統一7-ELEVEn獅,5,2,12,0,1
04GO2,CPBL-2024-xa,2024,一軍,2024-06-18,例行賽,統一7-ELEVEn獅,GyWE7,away,樂天桃猿,2,5,6,0,0
yxlVc,CPBL-2024-xa,2024,一軍,2024-06-18,例行賽,味全龍,BNi6c,home,台鋼雄鷹,2,9,8,0,0
yxlVc,CPBL-2024-xa,2024,一軍,2024-06-18,例行賽,台鋼雄鷹,U64ee,away,味全龍,9,2,12,0,1
gSMNe,CPBL-2024-xa,2024,一軍,2024-06-16,例行賽,味全龍,BNi6c,home,樂天桃猿,8,0,12,0,1
gSMNe,CPBL-2024-xa,2024,一軍,2024-06-16,例行賽,樂天桃猿,Iqkqa,away,味全龍,0,8,2,0,0
u7IMm,CPBL-2024-xa,2024,一軍,2024-06-16,例行賽,富邦悍將,uIOrj,home,台鋼雄鷹,6,8,14,0,0
u7IMm,CPBL-2024-xa,2024,一軍,2024-06-16,例行賽,台鋼雄鷹,U64ee,away,富邦悍將,8,6,10,0,1
q1qck,CPBL-2024-xa,2024,一軍,2024-06-16,例行賽,中信兄弟,M45m3,home,統一7-ELEVEn獅,2,11,8,0,0
q1qck,CPBL-2024-xa,2024,一軍,2024-06-16,例行賽,統一7-ELEVEn獅,GyWE7,away,中信兄弟,11,2,9,0,1
cPhm6,CPBL-2024-xa,2024,一軍,2024-06-15,例行賽,富邦悍將,uIOrj,home,台鋼雄鷹,3,8,10,0,0
cPhm6,CPBL-2024-xa,2024,一軍,2024-06-15,例行賽,台鋼雄鷹,U64ee,away,富邦悍將,8,3,12,0,1
mnm6L,CPBL-2024-xa,2024,一軍,2024-06-15,例行賽,中信兄弟,M45m3,home,統一7-ELEVEn獅,6,2,14,0,1
mnm6L,CPBL-2024-xa,2024,一軍,2024-06-15,例行賽,統一7-ELEVEn獅,GyWE7,away,中信兄弟,2,6,6,0,0
XT2Je,CPBL-2024-xa,2024,一軍,2024-06-15,例行賽,味全龍,BNi6c,home,樂天桃猿,2,5,5,0,0
XT2Je,CPBL-2024-xa,2024,一軍,2024-06-15,例行賽,樂天桃猿,Iqkqa,away,味全龍,5,2,8,0,1
lNd4H,CPBL-2024-xa,2024,一軍,2024-06-14,例行賽,富邦悍將,uIOrj,home,味全龍,6,9,11,0,0
lNd4H,CPBL-2024-xa,2024,一軍,2024-06-14,例行賽,味全龍,BNi6c,away,富邦悍將,9,6,11,0,1
gXB7Z,CPBL-2024-xa,2024,一軍,2024-06-14,例行賽,中信兄弟,M45m3,home,樂天桃猿,5,2,8,0,1
gXB7Z,CPBL-2024-xa,2024,一軍,2024-06-14,例行賽,樂天桃猿,Iqkqa,away,中信兄弟,2,5,5,0,0
k1uZV,CPBL-2024-xa,2024,一軍,2024-06-14,例行賽,台鋼雄鷹,U64ee,home,統一7-ELEVEn獅,9,3,12,0,1
k1uZV,CPBL-2024-xa,2024,一軍,2024-06-14,例行賽,統一7-ELEVEn獅,GyWE7,away,台鋼雄鷹,3,9,8,0,0
w182z,CPBL-2024-xa,2024,一軍,2024-06-13,例行賽,富邦悍將,uIOrj,home,味全龍,6,5,10,0,1
w182z,CPBL-2024-xa,2024,一軍,2024-06-13,例行賽,味全龍,BNi6c,away,富邦悍將,5,6,9,0,0
Vmz5b,CPBL-2024-xa,2024,一軍,2024-06-13,例行賽,中信兄弟,M45m3,home,樂天桃猿,2,3,5,0,0
Vmz5b,CPBL-2024-xa,2024,一軍,2024-06-13,例行賽,樂天桃猿,Iqkqa,away,中信兄弟,3,2,7,0,1
vMWKY,CPBL-2024-xa,2024,一軍,2024-06-13,例行賽,台鋼雄鷹,U64ee,home,統一7-ELEVEn獅,5,2,6,0,1
vMWKY,CPBL-2024-xa,2024,一軍,2024-06-13,例行賽,統一7-ELEVEn獅,GyWE7,away,台鋼雄鷹,2,5,7,0,0
adIcP,CPBL-2024-xa,2024,一軍,2024-06-11,例行賽,富邦悍將,uIOrj,home,味全龍,2,4,6,0,0
adIcP,CPBL-2024-xa,2024,一軍,2024-06-11,例行賽,味全龍,BNi6c,away,富邦悍將,4,2,7,0,1
T5mNa,CPBL-2024-xa,2024,一軍,2024-06-11,例行賽,樂天桃猿,Iqkqa,home,中信兄弟,4,1,10,0,1
T5mNa,CPBL-2024-xa,2024,一軍,2024-06-11,例行賽,中信兄弟,M45m3,away,樂天桃猿,1,4,3,0,0
5bDGy,CPBL-2024-xa,2024,一軍,2024-06-10,例行賽,富邦悍將,uIOrj,home,中信兄弟,5,3,8,0,1
5bDGy,CPBL-2024-xa,2024,一軍,2024-06-10,例行賽,中信兄弟,M45m3,away,富邦悍將,3,5,7,0,0
Ft98G,CPBL-2024-xa,2024,一軍,2024-06-10,例行賽,統一7-ELEVEn獅,GyWE7,home,樂天桃猿,3,5,8,0,0
Ft98G,CPBL-2024-xa,2024,一軍,2024-06-10,例行賽,樂天桃猿,Iqkqa,away,統一7-ELEVEn獅,5,3,7,0,1
Jj65K,CPBL-2024-xa,2024,一軍,2024-06-10,例行賽,台鋼雄鷹,U64ee,home,味全龍,3,2,7,0,1
Jj65K,CPBL-2024-xa,2024,一軍,2024-06-10,例行賽,味全龍,BNi6c,away,台鋼雄鷹,2,3,5,0,0
jSr2Y,CPBL-2024-xa,2024,一軍,2024-06-09,例行賽,統一7-ELEVEn獅,GyWE7,home,味全龍,2,3,7,0,0
jSr2Y,CPBL-2024-xa,2024,一軍,2024-06-09,例行賽,味全龍,BNi6c,away,統一7-ELEVEn獅,3,2,10,0,1
UITKL,CPBL-2024-xa,2024,一軍,2024-06-09,例行賽,中信兄弟,M45m3,home,台鋼雄鷹,4,3,8,0,1
UITKL,CPBL-2024-xa,2024,一軍,2024-06-09,例行賽,台鋼雄鷹,U64ee,away,中信兄弟,3,4,9,0,0
SecLT,CPBL-2024-xa,2024,一軍,2024-06-09,例行賽,樂天桃猿,Iqkqa,home,富邦悍將,2,7,8,0,0
SecLT,CPBL-2024-xa,2024,一軍,2024-06-09,例行賽,富邦悍將,uIOrj,away,樂天桃猿,7,2,18,0,1
RrRcU,CPBL-2024-xa,2024,一軍,2024-06-08,例行賽,統一7-ELEVEn獅,GyWE7,home,味全龍,3,1,11,0,1
RrRcU,CPBL-2024-xa,2024,一軍,2024-06-08,例行賽,味全龍,BNi6c,away,統一7-ELEVEn獅,1,3,6,0,0
vEpeL,CPBL-2024-xa,2024,一軍,2024-06-08,例行賽,中信兄弟,M45m3,home,台鋼雄鷹,3,1,6,0,1
vEpeL,CPBL-2024-xa,2024,一軍,2024-06-08,例行賽,台鋼雄鷹,U64ee,away,中信兄弟,1,3,11,0,0
JRWWC,CPBL-2024-xa,2024,一軍,2024-06-08,例行賽,樂天桃猿,Iqkqa,home,富邦悍將,1,7,4,0,0
JRWWC,CPBL-2024-xa,2024,一軍,2024-06-08,例行賽,富邦悍將,uIOrj,away,樂天桃猿,7,1,9,0,1
KUQsz,CPBL-2024-xa,2024,一軍,2024-06-07,例行賽,統一7-ELEVEn獅,GyWE7,home,味全龍,2,13,9,0,0
KUQsz,CPBL-2024-xa,2024,一軍,2024-06-07,例行賽,味全龍,BNi6c,away,統一7-ELEVEn獅,13,2,20,0,1
sWwFt,CPBL-2024-xa,2024,一軍,2024-06-07,例行賽,中信兄弟,M45m3,home,台鋼雄鷹,8,12,13,0,0
sWwFt,CPBL-2024-xa,2024,一軍,2024-06-07,例行賽,台鋼雄鷹,U64ee,away,中信兄弟,12,8,16,0,1
gYVky,CPBL-2024-xa,2024,一軍,2024-06-07,例行賽,樂天桃猿,Iqkqa,home,富邦悍將,3,1,8,0,1
gYVky,CPBL-2024-xa,2024,一軍,2024-06-07,例行賽,富邦悍將,uIOrj,away,樂天桃猿,1,3,6,0,0
uoDoy,CPBL-2024-xa,2024,一軍,2024-06-06,例行賽,統一7-ELEVEn獅,GyWE7,home,台鋼雄鷹,4,0,7,0,1
uoDoy,CPBL-2024-xa,2024,一軍,2024-06-06,例行賽,台鋼雄鷹,U64ee,away,統一7-ELEVEn獅,0,4,4,0,0
RXVJt,CPBL-2024-xa,2024,一軍,2024-06-05,例行賽,統一7-ELEVEn獅,GyWE7,home,台鋼雄鷹,6,0,13,0,1
RXVJt,CPBL-2024-xa,2024,一軍,2024-06-05,例行賽,台鋼雄鷹,U64ee,away,統一7-ELEVEn獅,0,6,3,0,0
1xebc,CPBL-2024-xa,2024,一軍,2024-06-04,例行賽,樂天桃猿,Iqkqa,home,中信兄弟,0,5,5,0,0
1xebc,CPBL-2024-xa,2024,一軍,2024-06-04,例行賽,中信兄弟,M45m3,away,樂天桃猿,5,0,8,0,1
PR5Bl,CPBL-2024-xa,2024,一軍,2024-06-04,例行賽,富邦悍將,uIOrj,home,味全龍,3,6,8,0,0
PR5Bl,CPBL-2024-xa,2024,一軍,2024-06-04,例行賽,味全龍,BNi6c,away,富邦悍將,6,3,9,0,1
3Gn7B,CPBL-2024-xa,2024,一軍,2024-06-02,例行賽,味全龍,BNi6c,home,中信兄弟,6,2,10,0,1
3Gn7B,CPBL-2024-xa,2024,一軍,2024-06-02,例行賽,中信兄弟,M45m3,away,味全龍,2,6,6,0,0
NB8S5,CPBL-2024-xa,2024,一軍,2024-06-01,例行賽,富邦悍將,uIOrj,home,統一7-ELEVEn獅,4,5,9,0,0
NB8S5,CPBL-2024-xa,2024,一軍,2024-06-01,例行賽,統一7-ELEVEn獅,GyWE7,away,富邦悍將,5,4,12,0,1
7BSrB,CPBL-2024-xa,2024,一軍,2024-06-01,例行賽,台鋼雄鷹,U64ee,home,樂天桃猿,5,9,15,0,0
7BSrB,CPBL-2024-xa,2024,一軍,2024-06-01,例行賽,樂天桃猿,Iqkqa,away,台鋼雄鷹,9,5,15,0,1
NkIsm,CPBL-2024-xa,2024,一軍,2024-06-01,例行賽,味全龍,BNi6c,home,中信兄弟,3,7,7,0,0
NkIsm,CPBL-2024-xa,2024,一軍,2024-06-01,例行賽,中信兄弟,M45m3,away,味全龍,7,3,10,0,1
IHvEQ,CPBL-2024-xa,2024,一軍,2024-05-31,例行賽,富邦悍將,uIOrj,home,統一7-ELEVEn獅,0,3,5,0,0
IHvEQ,CPBL-2024-xa,2024,一軍,2024-05-31,例行賽,統一7-ELEVEn獅,GyWE7,away,富邦悍將,3,0,6,0,1
PSxMm,CPBL-2024-xa,2024,一軍,2024-05-31,例行賽,台鋼雄鷹,U64ee,home,樂天桃猿,13,2,12,0,1
PSxMm,CPBL-2024-xa,2024,一軍,2024-05-31,例行賽,樂天桃猿,Iqkqa,away,台鋼雄鷹,2,13,7,0,0
HjJeE,CPBL-2024-xa,2024,一軍,2024-05-31,例行賽,味全龍,BNi6c,home,中信兄弟,3,4,10,0,0
HjJeE,CPBL-2024-xa,2024,一軍,2024-05-31,例行賽,中信兄弟,M45m3,away,味全龍,4,3,8,0,1
WEVRw,CPBL-2024-xa,2024,一軍,2024-05-30,例行賽,中信兄弟,M45m3,home,富邦悍將,6,8,12,0,0
WEVRw,CPBL-2024-xa,2024,一軍,2024-05-30,例行賽,富邦悍將,uIOrj,away,中信兄弟,8,6,9,0,1
OIU0x,CPBL-2024-xa,2024,一軍,2024-05-29,例行賽,中信兄弟,M45m3,home,富邦悍將,3,4,10,0,0
OIU0x,CPBL-2024-xa,2024,一軍,2024-05-29,例行賽,富邦悍將,uIOrj,away,中信兄弟,4,3,9,0,1
nmMUE,CPBL-2024-xa,2024,一軍,2024-05-29,例行賽,統一7-ELEVEn獅,GyWE7,home,樂天桃猿,3,5,8,0,0
nmMUE,CPBL-2024-xa,2024,一軍,2024-05-29,例行賽,樂天桃猿,Iqkqa,away,統一7-ELEVEn獅,5,3,8,0,1
dKQOI,CPBL-2024-xa,2024,一軍,2024-05-29,例行賽,味全龍,BNi6c,home,台鋼雄鷹,0,6,4,0,0
dKQOI,CPBL-2024-xa,2024,一軍,2024-05-29,例行賽,台鋼雄鷹,U64ee,away,味全龍,6,0,9,0,1
LW7cB,CPBL-2024-xa,2024,一軍,2024-05-28,例行賽,味全龍,BNi6c,home,台鋼雄鷹,8,1,10,0,1
LW7cB,CPBL-2024-xa,2024,一軍,2024-05-28,例行賽,台鋼雄鷹,U64ee,away,味全龍,1,8,10,0,0
jMnjB,CPBL-2024-xa,2024,一軍,2024-05-26,例行賽,統一7-ELEVEn獅,GyWE7,home,中信兄弟,4,0,9,0,1
jMnjB,CPBL-2024-xa,2024,一軍,2024-05-26,例行賽,中信兄弟,M45m3,away,統一7-ELEVEn獅,0,4,3,0,0
91bJ7,CPBL-2024-xa,2024,一軍,2024-05-26,例行賽,樂天桃猿,Iqkqa,home,味全龍,5,4,10,0,1
91bJ7,CPBL-2024-xa,2024,一軍,2024-05-26,例行賽,味全龍,BNi6c,away,樂天桃猿,4,5,7,0,0
jYuKb,CPBL-2024-xa,2024,一軍,2024-05-26,例行賽,富邦悍將,uIOrj,home,台鋼雄鷹,2,0,5,0,1
jYuKb,CPBL-2024-xa,2024,一軍,2024-05-26,例行賽,台鋼雄鷹,U64ee,away,富邦悍將,0,2,3,0,0
BlWjP,CPBL-2024-xa,2024,一軍,2024-05-25,例行賽,統一7-ELEVEn獅,GyWE7,home,中信兄弟,1,4,5,0,0
BlWjP,CPBL-2024-xa,2024,一軍,2024-05-25,例行賽,中信兄弟,M45m3,away,統一7-ELEVEn獅,4,1,6,0,1
CrzH5,CPBL-2024-xa,2024,一軍,2024-05-25,例行賽,樂天桃猿,Iqkqa,home,味全龍,4,0,11,0,1
CrzH5,CPBL-2024-xa,2024,一軍,2024-05-25,例行賽,味全龍,BNi6c,away,樂天桃猿,0,4,5,0,0
dea3O,CPBL-2024-xa,2024,一軍,2024-05-25,例行賽,富邦悍將,uIOrj,home,台鋼雄鷹,2,3,5,0,0
dea3O,CPBL-2024-xa,2024,一軍,2024-05-25,例行賽,台鋼雄鷹,U64ee,away,富邦悍將,3,2,6,0,1
dg3Xv,CPBL-2024-xa,2024,一軍,2024-05-24,例行賽,統一7-ELEVEn獅,GyWE7,home,中信兄弟,4,14,8,0,0
dg3Xv,CPBL-2024-xa,2024,一軍,2024-05-24,例行賽,中信兄弟,M45m3,away,統一7-ELEVEn獅,14,4,17,0,1
EC9c7,CPBL-2024-xa,2024,一軍,2024-05-24,例行賽,樂天桃猿,Iqkqa,home,味全龍,4,5,6,0,0
EC9c7,CPBL-2024-xa,2024,一軍,2024-05-24,例行賽,味全龍,BNi6c,away,樂天桃猿,5,4,10,0,1
GiSSs,CPBL-2024-xa,2024,一軍,2024-05-24,例行賽,富邦悍將,uIOrj,home,台鋼雄鷹,4,3,8,0,1
GiSSs,CPBL-2024-xa,2024,一軍,2024-05-24,例行賽,台鋼雄鷹,U64ee,away,富邦悍將,3,4,6,0,0
TLUpT,CPBL-2024-xa,2024,一軍,2024-05-23,例行賽,台鋼雄鷹,U64ee,home,中信兄弟,16,5,18,0,1
TLUpT,CPBL-2024-xa,2024,一軍,2024-05-23,例行賽,中信兄弟,M45m3,away,台鋼雄鷹,5,16,13,0,0
AjSH8,CPBL-2024-xa,2024,一軍,2024-05-22,例行賽,台鋼雄鷹,U64ee,home,中信兄弟,0,10,3,0,0
AjSH8,CPBL-2024-xa,2024,一軍,2024-05-22,例行賽,中信兄弟,M45m3,away,台鋼雄鷹,10,0,11,0,1
F5K8L,CPBL-2024-xa,2024,一軍,2024-05-22,例行賽,味全龍,BNi6c,home,統一7-ELEVEn獅,2,4,5,0,0
F5K8L,CPBL-2024-xa,2024,一軍,2024-05-22,例行賽,統一7-ELEVEn獅,GyWE7,away,味全龍,4,2,8,0,1
QepVt,CPBL-2024-xa,2024,一軍,2024-05-22,例行賽,富邦悍將,uIOrj,home,樂天桃猿,3,4,10,0,0
QepVt,CPBL-2024-xa,2024,一軍,2024-05-22,例行賽,樂天桃猿,Iqkqa,away,富邦悍將,4,3,11,0,1
bVxFr,CPBL-2024-xa,2024,一軍,2024-05-21,例行賽,味全龍,BNi6c,home,統一7-ELEVEn獅,0,5,4,0,0
bVxFr,CPBL-2024-xa,2024,一軍,2024-05-21,例行賽,統一7-ELEVEn獅,GyWE7,away,味全龍,5,0,9,0,1
H04Hc,CPBL-2024-xa,2024,一軍,2024-05-19,例行賽,台鋼雄鷹,U64ee,home,統一7-ELEVEn獅,4,3,11,0,1
H04Hc,CPBL-2024-xa,2024,一軍,2024-05-19,例行賽,統一7-ELEVEn獅,GyWE7,away,台鋼雄鷹,3,4,9,0,0
evo2J,CPBL-2024-xa,2024,一軍,2024-05-19,例行賽,味全龍,BNi6c,home,富邦悍將,3,11,6,0,0
evo2J,CPBL-2024-xa,2024,一軍,2024-05-19,例行賽,富邦悍將,uIOrj,away,味全龍,11,3,11,0,1
1ne6L,CPBL-2024-xa,2024,一軍,2024-05-19,例行賽,中信兄弟,M45m3,home,樂天桃猿,3,4,8,0,0
1ne6L,CPBL-2024-xa,2024,一軍,2024-05-19,例行賽,樂天桃猿,Iqkqa,away,中信兄弟,4,3,8,0,1
GJAB0,CPBL-2024-xa,2024,一軍,2024-05-18,例行賽,台鋼雄鷹,U64ee,home,統一7-ELEVEn獅,7,1,12,0,1
GJAB0,CPBL-2024-xa,2024,一軍,2024-05-18,例行賽,統一7-ELEVEn獅,GyWE7,away,台鋼雄鷹,1,7,5,0,0
DlbZj,CPBL-2024-xa,2024,一軍,2024-05-18,例行賽,味全龍,BNi6c,home,富邦悍將,1,0,7,0,1
DlbZj,CPBL-2024-xa,2024,一軍,2024-05-18,例行賽,富邦悍將,uIOrj,away,味全龍,0,1,5,0,0
DaeuF,CPBL-2024-xa,2024,一軍,2024-05-18,例行賽,中信兄弟,M45m3,home,樂天桃猿,12,1,12,0,1
DaeuF,CPBL-2024-xa,2024,一軍,2024-05-18,例行賽,樂天桃猿,Iqkqa,away,中信兄弟,1,12,7,0,0
QkRKn,CPBL-2024-xa,2024,一軍,2024-05-17,例行賽,台鋼雄鷹,U64ee,home,統一7-ELEVEn獅,5,9,12,0,0
QkRKn,CPBL-2024-xa,2024,一軍,2024-05-17,例行賽,統一7-ELEVEn獅,GyWE7,away,台鋼雄鷹,9,5,14,0,1
aBx9w,CPBL-2024-xa,2024,一軍,2024-05-17,例行賽,味全龍,BNi6c,home,富邦悍將,8,1,10,0,1
aBx9w,CPBL-2024-xa,2024,一軍,2024-05-17,例行賽,富邦悍將,uIOrj,away,味全龍,1,8,5,0,0
2M8nR,CPBL-2024-xa,2024,一軍,2024-05-17,例行賽,中信兄弟,M45m3,home,樂天桃猿,8,4,11,0,1
2M8nR,CPBL-2024-xa,2024,一軍,2024-05-17,例行賽,樂天桃猿,Iqkqa,away,中信兄弟,4,8,15,0,0
DL7e5,CPBL-2024-xa,2024,一軍,2024-05-15,例行賽,統一7-ELEVEn獅,GyWE7,home,富邦悍將,0,3,4,0,0
DL7e5,CPBL-2024-xa,2024,一軍,2024-05-15,例行賽,富邦悍將,uIOrj,away,統一7-ELEVEn獅,3,0,5,0,1
NkK9P,CPBL-2024-xa,2024,一軍,2024-05-15,例行賽,樂天桃猿,Iqkqa,home,台鋼雄鷹,0,5,8,0,0
NkK9P,CPBL-2024-xa,2024,一軍,2024-05-15,例行賽,台鋼雄鷹,U64ee,away,樂天桃猿,5,0,12,0,1
jHfhV,CPBL-2024-xa,2024,一軍,2024-05-15,例行賽,中信兄弟,M45m3,home,味全龍,2,5,8,0,0
jHfhV,CPBL-2024-xa,2024,一軍,2024-05-15,例行賽,味全龍,BNi6c,away,中信兄弟,5,2,13,0,1
RtyMg,CPBL-2024-xa,2024,一軍,2024-05-14,例行賽,樂天桃猿,Iqkqa,home,台鋼雄鷹,5,1,11,0,1
RtyMg,CPBL-2024-xa,2024,一軍,2024-05-14,例行賽,台鋼雄鷹,U64ee,away,樂天桃猿,1,5,9,0,0
e8aKJ,CPBL-2024-xa,2024,一軍,2024-05-14,例行賽,中信兄弟,M45m3,home,味全龍,9,2,15,0,1
e8aKJ,CPBL-2024-xa,2024,一軍,2024-05-14,例行賽,味全龍,BNi6c,away,中信兄弟,2,9,11,0,0
dfnYf,CPBL-2024-xa,2024,一軍,2024-05-12,例行賽,樂天桃猿,Iqkqa,home,統一7-ELEVEn獅,5,2,11,0,1
dfnYf,CPBL-2024-xa,2024,一軍,2024-05-12,例行賽,統一7-ELEVEn獅,GyWE7,away,樂天桃猿,2,5,11,0,0
ThMSK,CPBL-2024-xa,2024,一軍,2024-05-12,例行賽,富邦悍將,uIOrj,home,中信兄弟,3,2,13,0,1
ThMSK,CPBL-2024-xa,2024,一軍,2024-05-12,例行賽,中信兄弟,M45m3,away,富邦悍將,2,3,6,0,0
S4UoG,CPBL-2024-xa,2024,一軍,2024-05-12,例行賽,台鋼雄鷹,U64ee,home,味全龍,4,3,9,0,1
S4UoG,CPBL-2024-xa,2024,一軍,2024-05-12,例行賽,味全龍,BNi6c,away,台鋼雄鷹,3,4,8,0,0
VQ1DM,CPBL-2024-xa,2024,一軍,2024-05-11,例行賽,樂天桃猿,Iqkqa,home,統一7-ELEVEn獅,4,9,8,0,0
VQ1DM,CPBL-2024-xa,2024,一軍,2024-05-11,例行賽,統一7-ELEVEn獅,GyWE7,away,樂天桃猿,9,4,13,0,1
xLPwi,CPBL-2024-xa,2024,一軍,2024-05-11,例行賽,富邦悍將,uIOrj,home,中信兄弟,3,0,8,0,1
xLPwi,CPBL-2024-xa,2024,一軍,2024-05-11,例行賽,中信兄弟,M45m3,away,富邦悍將,0,3,7,0,0
k9RFJ,CPBL-2024-xa,2024,一軍,2024-05-11,例行賽,台鋼雄鷹,U64ee,home,味全龍,5,1,8,0,1
k9RFJ,CPBL-2024-xa,2024,一軍,2024-05-11,例行賽,味全龍,BNi6c,away,台鋼雄鷹,1,5,3,0,0
Fo0zd,CPBL-2024-xa,2024,一軍,2024-05-10,例行賽,樂天桃猿,Iqkqa,home,統一7-ELEVEn獅,5,3,10,0,1
Fo0zd,CPBL-2024-xa,2024,一軍,2024-05-10,例行賽,統一7-ELEVEn獅,GyWE7,away,樂天桃猿,3,5,11,0,0
hG53m,CPBL-2024-xa,2024,一軍,2024-05-10,例行賽,富邦悍將,uIOrj,home,中信兄弟,3,6,7,0,0
hG53m,CPBL-2024-xa,2024,一軍,2024-05-10,例行賽,中信兄弟,M45m3,away,富邦悍將,6,3,11,0,1
vNeHa,CPBL-2024-xa,2024,一軍,2024-05-10,例行賽,台鋼雄鷹,U64ee,home,味全龍,3,5,8,0,0
vNeHa,CPBL-2024-xa,2024,一軍,2024-05-10,例行賽,味全龍,BNi6c,away,台鋼雄鷹,5,3,13,0,1
JenKJ,CPBL-2024-xa,2024,一軍,2024-05-09,例行賽,中信兄弟,M45m3,home,統一7-ELEVEn獅,2,10,8,0,0
JenKJ,CPBL-2024-xa,2024,一軍,2024-05-09,例行賽,統一7-ELEVEn獅,GyWE7,away,中信兄弟,10,2,16,0,1
0J25S,CPBL-2024-xa,2024,一軍,2024-05-08,例行賽,中信兄弟,M45m3,home,統一7-ELEVEn獅,0,8,6,0,0
0J25S,CPBL-2024-xa,2024,一軍,2024-05-08,例行賽,統一7-ELEVEn獅,GyWE7,away,中信兄弟,8,0,12,0,1
JOKs6,CPBL-2024-xa,2024,一軍,2024-05-08,例行賽,味全龍,BNi6c,home,樂天桃猿,4,0,8,0,1
JOKs6,CPBL-2024-xa,2024,一軍,2024-05-08,例行賽,樂天桃猿,Iqkqa,away,味全龍,0,4,4,0,0
DWgep,CPBL-2024-xa,2024,一軍,2024-05-07,例行賽,台鋼雄鷹,U64ee,home,富邦悍將,0,1,6,0,0
DWgep,CPBL-2024-xa,2024,一軍,2024-05-07,例行賽,富邦悍將,uIOrj,away,台鋼雄鷹,1,0,6,0,1
x1r3J,CPBL-2024-xa,2024,一軍,2024-05-05,例行賽,統一7-ELEVEn獅,GyWE7,home,樂天桃猿,5,3,13,0,1
x1r3J,CPBL-2024-xa,2024,一軍,2024-05-05,例行賽,樂天桃猿,Iqkqa,away,統一7-ELEVEn獅,3,5,7,0,0
xUwwr,CPBL-2024-xa,2024,一軍,2024-05-05,例行賽,中信兄弟,M45m3,home,富邦悍將,8,7,13,0,1
xUwwr,CPBL-2024-xa,2024,一軍,2024-05-05,例行賽,富邦悍將,uIOrj,away,中信兄弟,7,8,8,0,0
kW4GV,CPBL-2024-xa,2024,一軍,2024-05-05,例行賽,味全龍,BNi6c,home,台鋼雄鷹,7,0,10,0,1
kW4GV,CPBL-2024-xa,2024,一軍,2024-05-05,例行賽,台鋼雄鷹,U64ee,away,味全龍,0,7,9,0,0
A21Rb,CPBL-2024-xa,2024,一軍,2024-05-04,例行賽,統一7-ELEVEn獅,GyWE7,home,樂天桃猿,0,3,3,0,0
A21Rb,CPBL-2024-xa,2024,一軍,2024-05-04,例行賽,樂天桃猿,Iqkqa,away,統一7-ELEVEn獅,3,0,6,0,1
5b4i7,CPBL-2024-xa,2024,一軍,2024-05-04,例行賽,中信兄弟,M45m3,home,富邦悍將,5,4,8,0,1
5b4i7,CPBL-2024-xa,2024,一軍,2024-05-04,例行賽,富邦悍將,uIOrj,away,中信兄弟,4,5,6,0,0
j4oys,CPBL-2024-xa,2024,一軍,2024-05-04,例行賽,味全龍,BNi6c,home,台鋼雄鷹,3,2,7,0,1
j4oys,CPBL-2024-xa,2024,一軍,2024-05-04,例行賽,台鋼雄鷹,U64ee,away,味全龍,2,3,4,0,0
SqJYC,CPBL-2024-xa,2024,一軍,2024-05-03,例行賽,統一7-ELEVEn獅,GyWE7,home,樂天桃猿,9,3,15,0,1
SqJYC,CPBL-2024-xa,2024,一軍,2024-05-03,例行賽,樂天桃猿,Iqkqa,away,統一7-ELEVEn獅,3,9,9,0,0
5e6Ib,CPBL-2024-xa,2024,一軍,2024-05-03,例行賽,中信兄弟,M45m3,home,富邦悍將,0,1,3,0,0
5e6Ib,CPBL-2024-xa,2024,一軍,2024-05-03,例行賽,富邦悍將,uIOrj,away,中信兄弟,1,0,8,0,1
yLa2t,CPBL-2024-xa,2024,一軍,2024-05-03,例行賽,味全龍,BNi6c,home,台鋼雄鷹,1,5,5,0,0
yLa2t,CPBL-2024-xa,2024,一軍,2024-05-03,例行賽,台鋼雄鷹,U64ee,away,味全龍,5,1,8,0,1
bozXU,CPBL-2024-xa,2024,一軍,2024-05-02,例行賽,樂天桃猿,Iqkqa,home,富邦悍將,2,1,8,0,1
bozXU,CPBL-2024-xa,2024,一軍,2024-05-02,例行賽,富邦悍將,uIOrj,away,樂天桃猿,1,2,5,0,0
SwTHP,CPBL-2024-xa,2024,一軍,2024-05-01,例行賽,台鋼雄鷹,U64ee,home,統一7-ELEVEn獅,6,17,15,0,0
SwTHP,CPBL-2024-xa,2024,一軍,2024-05-01,例行賽,統一7-ELEVEn獅,GyWE7,away,台鋼雄鷹,17,6,15,0,1
e7ogS,CPBL-2024-xa,2024,一軍,2024-05-01,例行賽,味全龍,BNi6c,home,中信兄弟,2,4,9,0,0
e7ogS,CPBL-2024-xa,2024,一軍,2024-05-01,例行賽,中信兄弟,M45m3,away,味全龍,4,2,8,0,1
2zzJJ,CPBL-2024-xa,2024,一軍,2024-04-30,例行賽,台鋼雄鷹,U64ee,home,統一7-ELEVEn獅,2,10,9,0,0
2zzJJ,CPBL-2024-xa,2024,一軍,2024-04-30,例行賽,統一7-ELEVEn獅,GyWE7,away,台鋼雄鷹,10,2,15,0,1
JcPLs,CPBL-2024-xa,2024,一軍,2024-04-28,例行賽,富邦悍將,uIOrj,home,味全龍,2,1,9,0,1
JcPLs,CPBL-2024-xa,2024,一軍,2024-04-28,例行賽,味全龍,BNi6c,away,富邦悍將,1,2,5,0,0
4NLvI,CPBL-2024-xa,2024,一軍,2024-04-28,例行賽,樂天桃猿,Iqkqa,home,台鋼雄鷹,5,3,8,0,1
4NLvI,CPBL-2024-xa,2024,一軍,2024-04-28,例行賽,台鋼雄鷹,U64ee,away,樂天桃猿,3,5,9,0,0
8BXIz,CPBL-2024-xa,2024,一軍,2024-04-28,例行賽,中信兄弟,M45m3,home,統一7-ELEVEn獅,2,4,7,0,0
8BXIz,CPBL-2024-xa,2024,一軍,2024-04-28,例行賽,統一7-ELEVEn獅,GyWE7,away,中信兄弟,4,2,7,0,1
HloCT,CPBL-2024-xa,2024,一軍,2024-04-27,例行賽,富邦悍將,uIOrj,home,味全龍,4,3,8,0,1
HloCT,CPBL-2024-xa,2024,一軍,2024-04-27,例行賽,味全龍,BNi6c,away,富邦悍將,3,4,9,0,0
YmYuV,CPBL-2024-xa,2024,一軍,2024-04-27,例行賽,樂天桃猿,Iqkqa,home,台鋼雄鷹,1,0,6,0,1
YmYuV,CPBL-2024-xa,2024,一軍,2024-04-27,例行賽,台鋼雄鷹,U64ee,away,樂天桃猿,0,1,4,0,0
Id9x4,CPBL-2024-xa,2024,一軍,2024-04-27,例行賽,中信兄弟,M45m3,home,統一7-ELEVEn獅,7,6,9,0,1
Id9x4,CPBL-2024-xa,2024,一軍,2024-04-27,例行賽,統一7-ELEVEn獅,GyWE7,away,中信兄弟,6,7,11,0,0
BMYxB,CPBL-2024-xa,2024,一軍,2024-04-24,例行賽,統一7-ELEVEn獅,GyWE7,home,味全龍,2,11,5,0,0
BMYxB,CPBL-2024-xa,2024,一軍,2024-04-24,例行賽,味全龍,BNi6c,away,統一7-ELEVEn獅,11,2,18,0,1
DEYuw,CPBL-2024-xa,2024,一軍,2024-04-23,例行賽,統一7-ELEVEn獅,GyWE7,home,味全龍,10,5,14,0,1
DEYuw,CPBL-2024-xa,2024,一軍,2024-04-23,例行賽,味全龍,BNi6c,away,統一7-ELEVEn獅,5,10,8,0,0
S8zGW,CPBL-2024-xa,2024,一軍,2024-04-23,例行賽,富邦悍將,uIOrj,home,台鋼雄鷹,4,1,7,0,1
S8zGW,CPBL-2024-xa,2024,一軍,2024-04-23,例行賽,台鋼雄鷹,U64ee,away,富邦悍將,1,4,7,0,0
kNpcR,CPBL-2024-xa,2024,一軍,2024-04-23,例行賽,中信兄弟,M45m3,home,樂天桃猿,2,6,7,0,0
kNpcR,CPBL-2024-xa,2024,一軍,2024-04-23,例行賽,樂天桃猿,Iqkqa,away,中信兄弟,6,2,12,0,1
M8yXe,CPBL-2024-xa,2024,一軍,2024-04-21,例行賽,統一7-ELEVEn獅,GyWE7,home,富邦悍將,1,3,8,0,0
M8yXe,CPBL-2024-xa,2024,一軍,2024-04-21,例行賽,富邦悍將,uIOrj,away,統一7-ELEVEn獅,3,1,8,0,1
V3OHX,CPBL-2024-xa,2024,一軍,2024-04-21,例行賽,味全龍,BNi6c,home,樂天桃猿,7,4,11,0,1
V3OHX,CPBL-2024-xa,2024,一軍,2024-04-21,例行賽,樂天桃猿,Iqkqa,away,味全龍,4,7,7,0,0
yiUtz,CPBL-2024-xa,2024,一軍,2024-04-21,例行賽,台鋼雄鷹,U64ee,home,中信兄弟,0,8,6,0,0
yiUtz,CPBL-2024-xa,2024,一軍,2024-04-21,例行賽,中信兄弟,M45m3,away,台鋼雄鷹,8,0,12,0,1
Svong,CPBL-2024-xa,2024,一軍,2024-04-20,例行賽,統一7-ELEVEn獅,GyWE7,home,富邦悍將,7,1,11,0,1
Svong,CPBL-2024-xa,2024,一軍,2024-04-20,例行賽,富邦悍將,uIOrj,away,統一7-ELEVEn獅,1,7,10,0,0
apXUE,CPBL-2024-xa,2024,一軍,2024-04-20,例行賽,味全龍,BNi6c,home,樂天桃猿,3,2,7,0,1
apXUE,CPBL-2024-xa,2024,一軍,2024-04-20,例行賽,樂天桃猿,Iqkqa,away,味全龍,2,3,8,0,0
yHeoW,CPBL-2024-xa,2024,一軍,2024-04-20,例行賽,台鋼雄鷹,U64ee,home,中信兄弟,3,0,10,0,1
yHeoW,CPBL-2024-xa,2024,一軍,2024-04-20,例行賽,中信兄弟,M45m3,away,台鋼雄鷹,0,3,1,0,0
ezPnR,CPBL-2024-xa,2024,一軍,2024-04-19,例行賽,統一7-ELEVEn獅,GyWE7,home,富邦悍將,3,1,6,0,1
ezPnR,CPBL-2024-xa,2024,一軍,2024-04-19,例行賽,富邦悍將,uIOrj,away,統一7-ELEVEn獅,1,3,4,0,0
wz5Tn,CPBL-2024-xa,2024,一軍,2024-04-19,例行賽,味全龍,BNi6c,home,樂天桃猿,0,3,3,0,0
wz5Tn,CPBL-2024-xa,2024,一軍,2024-04-19,例行賽,樂天桃猿,Iqkqa,away,味全龍,3,0,7,0,1
atnDJ,CPBL-2024-xa,2024,一軍,2024-04-19,例行賽,台鋼雄鷹,U64ee,home,中信兄弟,2,3,9,0,0
atnDJ,CPBL-2024-xa,2024,一軍,2024-04-19,例行賽,中信兄弟,M45m3,away,台鋼雄鷹,3,2,5,0,1
KROZy,CPBL-2024-xa,2024,一軍,2024-04-18,例行賽,富邦悍將,uIOrj,home,中信兄弟,2,6,6,0,0
KROZy,CPBL-2024-xa,2024,一軍,2024-04-18,例行賽,中信兄弟,M45m3,away,富邦悍將,6,2,15,0,1
ttZ4g,CPBL-2024-xa,2024,一軍,2024-04-17,例行賽,富邦悍將,uIOrj,home,中信兄弟,10,4,9,0,1
ttZ4g,CPBL-2024-xa,2024,一軍,2024-04-17,例行賽,中信兄弟,M45m3,away,富邦悍將,4,10,6,0,0
pU2Xs,CPBL-2024-xa,2024,一軍,2024-04-17,例行賽,樂天桃猿,Iqkqa,home,統一7-ELEVEn獅,0,10,7,0,0
pU2Xs,CPBL-2024-xa,2024,一軍,2024-04-17,例行賽,統一7-ELEVEn獅,GyWE7,away,樂天桃猿,10,0,19,0,1
Kv6H2,CPBL-2024-xa,2024,一軍,2024-04-17,例行賽,台鋼雄鷹,U64ee,home,味全龍,3,12,5,0,0
Kv6H2,CPBL-2024-xa,2024,一軍,2024-04-17,例行賽,味全龍,BNi6c,away,台鋼雄鷹,12,3,17,0,1
EVfEc,CPBL-2024-xa,2024,一軍,2024-04-16,例行賽,樂天桃猿,Iqkqa,home,統一7-ELEVEn獅,1,11,6,0,0
EVfEc,CPBL-2024-xa,2024,一軍,2024-04-16,例行賽,統一7-ELEVEn獅,GyWE7,away,樂天桃猿,11,1,17,0,1
84EXe,CPBL-2024-xa,2024,一軍,2024-04-16,例行賽,台鋼雄鷹,U64ee,home,味全龍,0,1,6,0,0
84EXe,CPBL-2024-xa,2024,一軍,2024-04-16,例行賽,味全龍,BNi6c,away,台鋼雄鷹,1,0,7,0,1
zyT7q,CPBL-2024-xa,2024,一軍,2024-04-14,例行賽,富邦悍將,uIOrj,home,樂天桃猿,7,0,10,0,1
zyT7q,CPBL-2024-xa,2024,一軍,2024-04-14,例行賽,樂天桃猿,Iqkqa,away,富邦悍將,0,7,6,0,0
nnyMq,CPBL-2024-xa,2024,一軍,2024-04-14,例行賽,中信兄弟,M45m3,home,味全龍,5,2,7,0,1
nnyMq,CPBL-2024-xa,2024,一軍,2024-04-14,例行賽,味全龍,BNi6c,away,中信兄弟,2,5,11,0,0
jH1Dc,CPBL-2024-xa,2024,一軍,2024-04-14,例行賽,統一7-ELEVEn獅,GyWE7,home,台鋼雄鷹,4,3,10,0,1
jH1Dc,CPBL-2024-xa,2024,一軍,2024-04-14,例行賽,台鋼雄鷹,U64ee,away,統一7-ELEVEn獅,3,4,8,0,0
kPJtK,CPBL-2024-xa,2024,一軍,2024-04-13,例行賽,富邦悍將,uIOrj,home,樂天桃猿,1,8,12,0,0
kPJtK,CPBL-2024-xa,2024,一軍,2024-04-13,例行賽,樂天桃猿,Iqkqa,away,富邦悍將,8,1,12,0,1
oM2p4,CPBL-2024-xa,2024,一軍,2024-04-13,例行賽,中信兄弟,M45m3,home,味全龍,6,13,5,0,0
oM2p4,CPBL-2024-xa,2024,一軍,2024-04-13,例行賽,味全龍,BNi6c,away,中信兄弟,13,6,12,0,1
1evKv,CPBL-2024-xa,2024,一軍,2024-04-13,例行賽,統一7-ELEVEn獅,GyWE7,home,台鋼雄鷹,10,2,15,0,1
1evKv,CPBL-2024-xa,2024,一軍,2024-04-13,例行賽,台鋼雄鷹,U64ee,away,統一7-ELEVEn獅,2,10,9,0,0
HgMN7,CPBL-2024-xa,2024,一軍,2024-04-12,例行賽,富邦悍將,uIOrj,home,樂天桃猿,5,4,8,0,1
HgMN7,CPBL-2024-xa,2024,一軍,2024-04-12,例行賽,樂天桃猿,Iqkqa,away,富邦悍將,4,5,11,0,0
pTbWD,CPBL-2024-xa,2024,一軍,2024-04-12,例行賽,中信兄弟,M45m3,home,味全龍,3,2,6,0,1
pTbWD,CPBL-2024-xa,2024,一軍,2024-04-12,例行賽,味全龍,BNi6c,away,中信兄弟,2,3,5,0,0
GsHex,CPBL-2024-xa,2024,一軍,2024-04-12,例行賽,統一7-ELEVEn獅,GyWE7,home,台鋼雄鷹,9,5,10,0,1
GsHex,CPBL-2024-xa,2024,一軍,2024-04-12,例行賽,台鋼雄鷹,U64ee,away,統一7-ELEVEn獅,5,9,13,0,0
fi7t8,CPBL-2024-xa,2024,一軍,2024-04-11,例行賽,味全龍,BNi6c,home,富邦悍將,0,4,5,0,0
fi7t8,CPBL-2024-xa,2024,一軍,2024-04-11,例行賽,富邦悍將,uIOrj,away,味全龍,4,0,9,0,1
M9I13,CPBL-2024-xa,2024,一軍,2024-04-10,例行賽,味全龍,BNi6c,home,富邦悍將,8,1,12,0,1
M9I13,CPBL-2024-xa,2024,一軍,2024-04-10,例行賽,富邦悍將,uIOrj,away,味全龍,1,8,3,0,0
jbaeM,CPBL-2024-xa,2024,一軍,2024-04-10,例行賽,台鋼雄鷹,U64ee,home,樂天桃猿,2,3,10,0,0
jbaeM,CPBL-2024-xa,2024,一軍,2024-04-10,例行賽,樂天桃猿,Iqkqa,away,台鋼雄鷹,3,2,7,0,1
dqqoo,CPBL-2024-xa,2024,一軍,2024-04-10,例行賽,統一7-ELEVEn獅,GyWE7,home,中信兄弟,7,14,10,0,0
dqqoo,CPBL-2024-xa,2024,一軍,2024-04-10,例行賽,中信兄弟,M45m3,away,統一7-ELEVEn獅,14,7,14,0,1
wzPI4,CPBL-2024-xa,2024,一軍,2024-04-09,例行賽,台鋼雄鷹,U64ee,home,樂天桃猿,6,5,10,0,1
wzPI4,CPBL-2024-xa,2024,一軍,2024-04-09,例行賽,樂天桃猿,Iqkqa,away,台鋼雄鷹,5,6,9,0,0
FI1hN,CPBL-2024-xa,2024,一軍,2024-04-09,例行賽,統一7-ELEVEn獅,GyWE7,home,中信兄弟,5,1,12,0,1
FI1hN,CPBL-2024-xa,2024,一軍,2024-04-09,例行賽,中信兄弟,M45m3,away,統一7-ELEVEn獅,1,5,5,0,0
mrcVa,CPBL-2024-xa,2024,一軍,2024-04-07,例行賽,味全龍,BNi6c,home,統一7-ELEVEn獅,3,2,8,0,1
mrcVa,CPBL-2024-xa,2024,一軍,2024-04-07,例行賽,統一7-ELEVEn獅,GyWE7,away,味全龍,2,3,9,0,0
aSZDY,CPBL-2024-xa,2024,一軍,2024-04-07,例行賽,台鋼雄鷹,U64ee,home,富邦悍將,6,5,4,0,1
aSZDY,CPBL-2024-xa,2024,一軍,2024-04-07,例行賽,富邦悍將,uIOrj,away,台鋼雄鷹,5,6,8,0,0
CUwa9,CPBL-2024-xa,2024,一軍,2024-04-07,例行賽,樂天桃猿,Iqkqa,home,中信兄弟,11,8,12,0,1
CUwa9,CPBL-2024-xa,2024,一軍,2024-04-07,例行賽,中信兄弟,M45m3,away,樂天桃猿,8,11,11,0,0
7Nup2,CPBL-2024-xa,2024,一軍,2024-04-06,例行賽,味全龍,BNi6c,home,統一7-ELEVEn獅,3,4,9,0,0
7Nup2,CPBL-2024-xa,2024,一軍,2024-04-06,例行賽,統一7-ELEVEn獅,GyWE7,away,味全龍,4,3,4,0,1
iiplq,CPBL-2024-xa,2024,一軍,2024-04-06,例行賽,台鋼雄鷹,U64ee,home,富邦悍將,0,12,3,0,0
iiplq,CPBL-2024-xa,2024,一軍,2024-04-06,例行賽,富邦悍將,uIOrj,away,台鋼雄鷹,12,0,15,0,1
LHbIn,CPBL-2024-xa,2024,一軍,2024-04-06,例行賽,樂天桃猿,Iqkqa,home,中信兄弟,9,8,15,0,1
LHbIn,CPBL-2024-xa,2024,一軍,2024-04-06,例行賽,中信兄弟,M45m3,away,樂天桃猿,8,9,10,0,0
mNsUv,CPBL-2024-xa,2024,一軍,2024-04-05,例行賽,味全龍,BNi6c,home,統一7-ELEVEn獅,2,3,10,0,0
mNsUv,CPBL-2024-xa,2024,一軍,2024-04-05,例行賽,統一7-ELEVEn獅,GyWE7,away,味全龍,3,2,11,0,1
BdtVj,CPBL-2024-xa,2024,一軍,2024-04-05,例行賽,台鋼雄鷹,U64ee,home,富邦悍將,4,0,8,0,1
BdtVj,CPBL-2024-xa,2024,一軍,2024-04-05,例行賽,富邦悍將,uIOrj,away,台鋼雄鷹,0,4,7,0,0
Sarvo,CPBL-2024-xa,2024,一軍,2024-04-05,例行賽,樂天桃猿,Iqkqa,home,中信兄弟,1,7,4,0,0
Sarvo,CPBL-2024-xa,2024,一軍,2024-04-05,例行賽,中信兄弟,M45m3,away,樂天桃猿,7,1,15,0,1
51dZW,CPBL-2024-xa,2024,一軍,2024-04-04,例行賽,中信兄弟,M45m3,home,台鋼雄鷹,5,3,9,0,1
51dZW,CPBL-2024-xa,2024,一軍,2024-04-04,例行賽,台鋼雄鷹,U64ee,away,中信兄弟,3,5,7,0,0
jYMsM,CPBL-2024-xa,2024,一軍,2024-04-04,例行賽,富邦悍將,uIOrj,home,統一7-ELEVEn獅,1,2,5,0,0
jYMsM,CPBL-2024-xa,2024,一軍,2024-04-04,例行賽,統一7-ELEVEn獅,GyWE7,away,富邦悍將,2,1,7,0,1
jEACj,CPBL-2024-xa,2024,一軍,2024-04-04,例行賽,樂天桃猿,Iqkqa,home,味全龍,4,3,6,0,1
jEACj,CPBL-2024-xa,2024,一軍,2024-04-04,例行賽,味全龍,BNi6c,away,樂天桃猿,3,4,8,0,0
F1tKu,CPBL-2024-xa,2024,一軍,2024-04-03,例行賽,中信兄弟,M45m3,home,台鋼雄鷹,1,4,5,0,0
F1tKu,CPBL-2024-xa,2024,一軍,2024-04-03,例行賽,台鋼雄鷹,U64ee,away,中信兄弟,4,1,11,0,1
NEhrO,CPBL-2024-xa,2024,一軍,2024-04-03,例行賽,富邦悍將,uIOrj,home,統一7-ELEVEn獅,4,11,10,0,0
NEhrO,CPBL-2024-xa,2024,一軍,2024-04-03,例行賽,統一7-ELEVEn獅,GyWE7,away,富邦悍將,11,4,15,0,1
Tubcv,CPBL-2024-xa,2024,一軍,2024-04-03,例行賽,樂天桃猿,Iqkqa,home,味全龍,1,2,10,0,0
Tubcv,CPBL-2024-xa,2024,一軍,2024-04-03,例行賽,味全龍,BNi6c,away,樂天桃猿,2,1,10,0,1
QkO7d,CPBL-2024-xa,2024,一軍,2024-03-31,例行賽,統一7-ELEVEn獅,GyWE7,home,富邦悍將,9,0,19,0,1
QkO7d,CPBL-2024-xa,2024,一軍,2024-03-31,例行賽,富邦悍將,uIOrj,away,統一7-ELEVEn獅,0,9,8,0,0
u6nRc,CPBL-2024-xa,2024,一軍,2024-03-31,例行賽,味全龍,BNi6c,home,中信兄弟,2,3,6,0,0
u6nRc,CPBL-2024-xa,2024,一軍,2024-03-31,例行賽,中信兄弟,M45m3,away,味全龍,3,2,7,0,1
XeOAr,CPBL-2024-xa,2024,一軍,2024-03-30,例行賽,味全龍,BNi6c,home,樂天桃猿,3,2,6,0,1
XeOAr,CPBL-2024-xa,2024,一軍,2024-03-30,例行賽,樂天桃猿,Iqkqa,away,味全龍,2,3,6,0,0
z00fo,CPBL-2024-Uz,2024,一軍-2,2024-10-25,季後賽,中信兄弟,CteLE,home,統一7-ELEVEn獅,4,1,12,0,1
z00fo,CPBL-2024-Uz,2024,一軍-2,2024-10-25,季後賽,統一7-ELEVEn獅,lk732,away,中信兄弟,1,4,6,0,0
Hh0Ut,CPBL-2024-Uz,2024,一軍-2,2024-10-23,季後賽,統一7-ELEVEn獅,lk732,home,中信兄弟,4,6,13,0,0
Hh0Ut,CPBL-2024-Uz,2024,一軍-2,2024-10-23,季後賽,中信兄弟,CteLE,away,統一7-ELEVEn獅,6,4,11,0,1
okiNm,CPBL-2024-Uz,2024,一軍-2,2024-10-22,季後賽,統一7-ELEVEn獅,lk732,home,中信兄弟,0,10,5,0,0
okiNm,CPBL-2024-Uz,2024,一軍-2,2024-10-22,季後賽,中信兄弟,CteLE,away,統一7-ELEVEn獅,10,0,12,0,1
1vBmw,CPBL-2024-Uz,2024,一軍-2,2024-10-20,季後賽,中信兄弟,CteLE,home,統一7-ELEVEn獅,3,10,10,0,0
1vBmw,CPBL-2024-Uz,2024,一軍-2,2024-10-20,季後賽,統一7-ELEVEn獅,lk732,away,中信兄弟,10,3,16,0,1
7YX1u,CPBL-2024-Uz,2024,一軍-2,2024-10-19,季後賽,中信兄弟,CteLE,home,統一7-ELEVEn獅,10,4,12,0,1
7YX1u,CPBL-2024-Uz,2024,一軍-2,2024-10-19,季後賽,統一7-ELEVEn獅,lk732,away,中信兄弟,4,10,8,0,0
6PNFI,CPBL-2024-HE,2024,一軍-3,2024-10-14,挑戰賽,統一7-ELEVEn獅,BnfTi,home,樂天桃猿,8,5,15,0,1
6PNFI,CPBL-2024-HE,2024,一軍-3,2024-10-14,挑戰賽,樂天桃猿,QqvTj,away,統一7-ELEVEn獅,5,8,7,0,0
uBCWC,CPBL-2024-HE,2024,一軍-3,2024-10-13,挑戰賽,樂天桃猿,QqvTj,home,統一7-ELEVEn獅,17,1,23,0,1
uBCWC,CPBL-2024-HE,2024,一軍-3,2024-10-13,挑戰賽,統一7-ELEVEn獅,BnfTi,away,樂天桃猿,1,17,11,0,0
KCx1b,CPBL-2024-HE,2024,一軍-3,2024-10-12,挑戰賽,統一7-ELEVEn獅,BnfTi,home,樂天桃猿,2,1,6,0,1
KCx1b,CPBL-2024-HE,2024,一軍-3,2024-10-12,挑戰賽,樂天桃猿,QqvTj,away,統一7-ELEVEn獅,1,2,7,0,0
nTfpw,CPBL-2024-pJ,2024,一軍-4,2024-03-27,春訓,中信兄弟,weAwb,home,味全龍,4,4,11,0,
nTfpw,CPBL-2024-pJ,2024,一軍-4,2024-03-27,春訓,味全龍,kUfKS,away,中信兄弟,4,4,8,0,
4bw2L,CPBL-2024-pJ,2024,一軍-4,2024-03-27,春訓,富邦悍將,tuS3g,home,台鋼雄鷹,9,1,9,0,1
4bw2L,CPBL-2024-pJ,2024,一軍-4,2024-03-27,春訓,台鋼雄鷹,cjhoZ,away,富邦悍將,1,9,4,0,0
pUxZH,CPBL-2024-pJ,2024,一軍-4,2024-03-26,春訓,味全龍,kUfKS,home,台鋼雄鷹,2,1,8,0,1
pUxZH,CPBL-2024-pJ,2024,一軍-4,2024-03-26,春訓,台鋼雄鷹,cjhoZ,away,味全龍,1,2,3,0,0
fV3OX,CPBL-2024-pJ,2024,一軍-4,2024-03-26,春訓,富邦悍將,tuS3g,home,中信兄弟,2,16,8,0,0
fV3OX,CPBL-2024-pJ,2024,一軍-4,2024-03-26,春訓,中信兄弟,weAwb,away,富邦悍將,16,2,12,0,1
Wnjbd,CPBL-2024-pJ,2024,一軍-4,2024-03-25,春訓,樂天桃猿,5t7XO,home,富邦悍將,2,8,4,0,0
Wnjbd,CPBL-2024-pJ,2024,一軍-4,2024-03-25,春訓,富邦悍將,tuS3g,away,樂天桃猿,8,2,13,0,1
u33Lm,CPBL-2024-pJ,2024,一軍-4,2024-03-24,春訓,中信兄弟,weAwb,home,台鋼雄鷹,11,4,13,0,1
u33Lm,CPBL-2024-pJ,2024,一軍-4,2024-03-24,春訓,台鋼雄鷹,cjhoZ,away,中信兄弟,4,11,9,0,0
c5EPO,CPBL-2024-pJ,2024,一軍-4,2024-03-24,春訓,樂天桃猿,5t7XO,home,味全龍,3,12,6,0,0
c5EPO,CPBL-2024-pJ,2024,一軍-4,2024-03-24,春訓,味全龍,kUfKS,away,樂天桃猿,12,3,19,0,1
aXFkF,CPBL-2024-pJ,2024,一軍-4,2024-03-24,春訓,富邦悍將,tuS3g,home,統一7-ELEVEn獅,5,4,12,0,1
aXFkF,CPBL-2024-pJ,2024,一軍-4,2024-03-24,春訓,統一7-ELEVEn獅,rW3Zo,away,富邦悍將,4,5,8,0,0
331fu,CPBL-2024-pJ,2024,一軍-4,2024-03-23,春訓,味全龍,kUfKS,home,統一7-ELEVEn獅,4,6,8,0,0
331fu,CPBL-2024-pJ,2024,一軍-4,2024-03-23,春訓,統一7-ELEVEn獅,rW3Zo,away,味全龍,6,4,11,0,1
OAQDG,CPBL-2024-pJ,2024,一軍-4,2024-03-23,春訓,富邦悍將,tuS3g,home,樂天桃猿,4,3,7,0,1
OAQDG,CPBL-2024-pJ,2024,一軍-4,2024-03-23,春訓,樂天桃猿,5t7XO,away,富邦悍將,3,4,8,0,0
Vxc0h,CPBL-2024-pJ,2024,一軍-4,2024-03-23,春訓,台鋼雄鷹,cjhoZ,home,中信兄弟,5,8,12,0,0
Vxc0h,CPBL-2024-pJ,2024,一軍-4,2024-03-23,春訓,中信兄弟,weAwb,away,台鋼雄鷹,8,5,10,0,1
bKCtz,CPBL-2024-pJ,2024,一軍-4,2024-03-22,春訓,台鋼雄鷹,cjhoZ,home,樂天桃猿,3,2,8,0,1
bKCtz,CPBL-2024-pJ,2024,一軍-4,2024-03-22,春訓,樂天桃猿,5t7XO,away,台鋼雄鷹,2,3,9,0,0
DlEu4,CPBL-2024-pJ,2024,一軍-4,2024-03-22,春訓,中信兄弟,weAwb,home,統一7-ELEVEn獅,4,7,9,0,0
DlEu4,CPBL-2024-pJ,2024,一軍-4,2024-03-22,春訓,統一7-ELEVEn獅,rW3Zo,away,中信兄弟,7,4,11,0,1
hwuEE,CPBL-2024-pJ,2024,一軍-4,2024-03-21,春訓,中信兄弟,weAwb,home,樂天桃猿,7,6,10,0,1
hwuEE,CPBL-2024-pJ,2024,一軍-4,2024-03-21,春訓,樂天桃猿,5t7XO,away,中信兄弟,6,7,12,0,0
3gAw0,CPBL-2024-pJ,2024,一軍-4,2024-03-20,春訓,味全龍,kUfKS,home,富邦悍將,3,0,6,0,1
3gAw0,CPBL-2024-pJ,2024,一軍-4,2024-03-20,春訓,富邦悍將,tuS3g,away,味全龍,0,3,6,0,0
wk2Ur,CPBL-2024-pJ,2024,一軍-4,2024-03-20,春訓,台鋼雄鷹,cjhoZ,home,統一7-ELEVEn獅,4,5,8,0,0
wk2Ur,CPBL-2024-pJ,2024,一軍-4,2024-03-20,春訓,統一7-ELEVEn獅,rW3Zo,away,台鋼雄鷹,5,4,8,0,1
S5bT4,CPBL-2024-pJ,2024,一軍-4,2024-03-19,春訓,台鋼雄鷹,cjhoZ,home,味全龍,3,1,10,0,1
S5bT4,CPBL-2024-pJ,2024,一軍-4,2024-03-19,春訓,味全龍,kUfKS,away,台鋼雄鷹,1,3,6,0,0
SQIZ3,CPBL-2024-pJ,2024,一軍-4,2024-03-19,春訓,樂天桃猿,5t7XO,home,統一7-ELEVEn獅,10,8,15,0,1
SQIZ3,CPBL-2024-pJ,2024,一軍-4,2024-03-19,春訓,統一7-ELEVEn獅,rW3Zo,away,樂天桃猿,8,10,10,0,0
EaHq3,CPBL-2024-pJ,2024,一軍-4,2024-03-18,春訓,樂天桃猿,5t7XO,home,中信兄弟,1,2,3,0,0
EaHq3,CPBL-2024-pJ,2024,一軍-4,2024-03-18,春訓,中信兄弟,weAwb,away,樂天桃猿,2,1,5,0,1
pxYOm,CPBL-2024-pJ,2024,一軍-4,2024-03-17,春訓,中信兄弟,weAwb,home,富邦悍將,1,12,7,0,0
pxYOm,CPBL-2024-pJ,2024,一軍-4,2024-03-17,春訓,富邦悍將,tuS3g,away,中信兄弟,12,1,13,0,1
grPu5,CPBL-2024-pJ,2024,一軍-4,2024-03-17,春訓,味全龍,kUfKS,home,樂天桃猿,2,6,9,0,0
grPu5,CPBL-2024-pJ,2024,一軍-4,2024-03-17,春訓,樂天桃猿,5t7XO,away,味全龍,6,2,16,0,1
wnqTS,CPBL-2024-pJ,2024,一軍-4,2024-03-17,春訓,統一7-ELEVEn獅,rW3Zo,home,台鋼雄鷹,3,3,10,0,
wnqTS,CPBL-2024-pJ,2024,一軍-4,2024-03-17,春訓,台鋼雄鷹,cjhoZ,away,統一7-ELEVEn獅,3,3,7,0,
CADll,CPBL-2024-pJ,2024,一軍-4,2024-03-16,春訓,味全龍,kUfKS,home,中信兄弟,6,1,7,0,1
CADll,CPBL-2024-pJ,2024,一軍-4,2024-03-16,春訓,中信兄弟,weAwb,away,味全龍,1,6,1,0,0
2bL7U,CPBL-2024-pJ,2024,一軍-4,2024-03-16,春訓,台鋼雄鷹,cjhoZ,home,富邦悍將,5,7,9,0,0
2bL7U,CPBL-2024-pJ,2024,一軍-4,2024-03-16,春訓,富邦悍將,tuS3g,away,台鋼雄鷹,7,5,9,0,1
ZIlv9,CPBL-2024-pJ,2024,一軍-4,2024-03-16,春訓,統一7-ELEVEn獅,rW3Zo,home,樂天桃猿,7,6,13,0,1
ZIlv9,CPBL-2024-pJ,2024,一軍-4,2024-03-16,春訓,樂天桃猿,5t7XO,away,統一7-ELEVEn獅,6,7,12,0,0
rDimf,CPBL-2024-pJ,2024,一軍-4,2024-03-15,春訓,樂天桃猿,5t7XO,home,台鋼雄鷹,4,6,6,0,0
rDimf,CPBL-2024-pJ,2024,一軍-4,2024-03-15,春訓,台鋼雄鷹,cjhoZ,away,樂天桃猿,6,4,11,0,1
YsaFV,CPBL-2024-pJ,2024,一軍-4,2024-03-15,春訓,統一7-ELEVEn獅,rW3Zo,home,富邦悍將,5,6,11,0,0
YsaFV,CPBL-2024-pJ,2024,一軍-4,2024-03-15,春訓,富邦悍將,tuS3g,away,統一7-ELEVEn獅,6,5,15,0,1
aGVuI,CPBL-2024-pJ,2024,一軍-4,2024-03-14,春訓,富邦悍將,tuS3g,home,味全龍,2,2,5,0,
aGVuI,CPBL-2024-pJ,2024,一軍-4,2024-03-14,春訓,味全龍,kUfKS,away,富邦悍將,2,2,5,0,
7y5lo,CPBL-2024-pJ,2024,一軍-4,2024-03-14,春訓,統一7-ELEVEn獅,rW3Zo,home,中信兄弟,2,7,8,0,0
7y5lo,CPBL-2024-pJ,2024,一軍-4,2024-03-14,春訓,中信兄弟,weAwb,away,統一7-ELEVEn獅,7,2,15,0,1
7SOC6,CPBL-2024-pJ,2024,一軍-4,2024-03-13,春訓,統一7-ELEVEn獅,rW3Zo,home,味全龍,6,0,8,0,1
7SOC6,CPBL-2024-pJ,2024,一軍-4,2024-03-13,春訓,味全龍,kUfKS,away,統一7-ELEVEn獅,0,6,7,0,0
7TT6C,CPBL-2023-Za,2023,一軍,2023-11-12,季後賽,味全龍,5yFBU,home,樂天桃猿,6,3,8,0,1
7TT6C,CPBL-2023-Za,2023,一軍,2023-11-12,季後賽,樂天桃猿,2ss6C,away,味全龍,3,6,7,0,0
Nagbd,CPBL-2023-Za,2023,一軍,2023-11-11,季後賽,味全龍,5yFBU,home,樂天桃猿,2,0,9,0,1
Nagbd,CPBL-2023-Za,2023,一軍,2023-11-11,季後賽,樂天桃猿,2ss6C,away,味全龍,0,2,2,0,0
tCla6,CPBL-2023-Za,2023,一軍,2023-11-10,季後賽,味全龍,5yFBU,home,樂天桃猿,0,11,7,0,0
tCla6,CPBL-2023-Za,2023,一軍,2023-11-10,季後賽,樂天桃猿,2ss6C,away,味全龍,11,0,15,0,1
6tSTy,CPBL-2023-Za,2023,一軍,2023-11-08,季後賽,樂天桃猿,2ss6C,home,味全龍,1,4,5,0,0
6tSTy,CPBL-2023-Za,2023,一軍,2023-11-08,季後賽,味全龍,5yFBU,away,樂天桃猿,4,1,11,0,1
y0VWi,CPBL-2023-Za,2023,一軍,2023-11-07,季後賽,樂天桃猿,2ss6C,home,味全龍,7,4,9,0,1
y0VWi,CPBL-2023-Za,2023,一軍,2023-11-07,季後賽,味全龍,5yFBU,away,樂天桃猿,4,7,13,0,0
6EU9n,CPBL-2023-Za,2023,一軍,2023-11-05,季後賽,味全龍,5yFBU,home,樂天桃猿,0,4,5,0,0
6EU9n,CPBL-2023-Za,2023,一軍,2023-11-05,季後賽,樂天桃猿,2ss6C,away,味全龍,4,0,8,0,1
NNxLh,CPBL-2023-Za,2023,一軍,2023-11-04,季後賽,味全龍,5yFBU,home,樂天桃猿,3,2,13,0,1
NNxLh,CPBL-2023-Za,2023,一軍,2023-11-04,季後賽,樂天桃猿,2ss6C,away,味全龍,2,3,8,0,0
pOoLV,CPBL-2023-b1,2023,一軍-2,2023-10-30,挑戰賽,統一7-ELEVEn獅,4NhFK,home,樂天桃猿,1,7,8,0,0
pOoLV,CPBL-2023-b1,2023,一軍-2,2023-10-30,挑戰賽,樂天桃猿,OwpMd,away,統一7-ELEVEn獅,7,1,14,0,1
BOEng,CPBL-2023-b1,2023,一軍-2,2023-10-29,挑戰賽,樂天桃猿,OwpMd,home,統一7-ELEVEn獅,3,2,5,0,1
BOEng,CPBL-2023-b1,2023,一軍-2,2023-10-29,挑戰賽,統一7-ELEVEn獅,4NhFK,away,樂天桃猿,2,3,6,0,0
wCzwt,CPBL-2023-b1,2023,一軍-2,2023-10-28,挑戰賽,統一7-ELEVEn獅,4NhFK,home,樂天桃猿,2,3,6,0,0
wCzwt,CPBL-2023-b1,2023,一軍-2,2023-10-28,挑戰賽,樂天桃猿,OwpMd,away,統一7-ELEVEn獅,3,2,9,0,1
4t83U,CPBL-2023-sk,2023,一軍-3,2023-10-25,例行賽,統一7-ELEVEn獅,BLJyr,home,富邦悍將,4,3,5,0,1
4t83U,CPBL-2023-sk,2023,一軍-3,2023-10-25,例行賽,富邦悍將,O2zA3,away,統一7-ELEVEn獅,3,4,9,0,0
wGp73,CPBL-2023-sk,2023,一軍-3,2023-10-24,例行賽,樂天桃猿,WdFR4,home,富邦悍將,3,7,5,0,0
wGp73,CPBL-2023-sk,2023,一軍-3,2023-10-24,例行賽,富邦悍將,O2zA3,away,樂天桃猿,7,3,16,0,1
8HLB7,CPBL-2023-sk,2023,一軍-3,2023-10-23,例行賽,統一7-ELEVEn獅,BLJyr,home,中信兄弟,4,2,10,0,1
8HLB7,CPBL-2023-sk,2023,一軍-3,2023-10-23,例行賽,中信兄弟,rSQKE,away,統一7-ELEVEn獅,2,4,9,0,0
4ic8V,CPBL-2023-sk,2023,一軍-3,2023-10-23,例行賽,樂天桃猿,WdFR4,home,富邦悍將,5,2,14,0,1
4ic8V,CPBL-2023-sk,2023,一軍-3,2023-10-23,例行賽,富邦悍將,O2zA3,away,樂天桃猿,2,5,5,0,0
ovhuM,CPBL-2023-sk,2023,一軍-3,2023-10-22,例行賽,統一7-ELEVEn獅,BLJyr,home,富邦悍將,9,3,9,0,1
ovhuM,CPBL-2023-sk,2023,一軍-3,2023-10-22,例行賽,富邦悍將,O2zA3,away,統一7-ELEVEn獅,3,9,8,0,0
yS7oc,CPBL-2023-sk,2023,一軍-3,2023-10-22,例行賽,樂天桃猿,WdFR4,home,中信兄弟,11,9,12,0,1
yS7oc,CPBL-2023-sk,2023,一軍-3,2023-10-22,例行賽,中信兄弟,rSQKE,away,樂天桃猿,9,11,11,0,0
iaDfO,CPBL-2023-sk,2023,一軍-3,2023-10-21,例行賽,統一7-ELEVEn獅,BLJyr,home,味全龍,8,2,12,0,1
iaDfO,CPBL-2023-sk,2023,一軍-3,2023-10-21,例行賽,味全龍,YdmwO,away,統一7-ELEVEn獅,2,8,3,0,0
ipzYo,CPBL-2023-sk,2023,一軍-3,2023-10-21,例行賽,中信兄弟,rSQKE,home,樂天桃猿,6,11,13,0,0
ipzYo,CPBL-2023-sk,2023,一軍-3,2023-10-21,例行賽,樂天桃猿,WdFR4,away,中信兄弟,11,6,18,0,1
AfezG,CPBL-2023-sk,2023,一軍-3,2023-10-20,例行賽,富邦悍將,O2zA3,home,統一7-ELEVEn獅,2,1,8,0,1
AfezG,CPBL-2023-sk,2023,一軍-3,2023-10-20,例行賽,統一7-ELEVEn獅,BLJyr,away,富邦悍將,1,2,6,0,0
9CKVl,CPBL-2023-sk,2023,一軍-3,2023-10-19,例行賽,富邦悍將,O2zA3,home,統一7-ELEVEn獅,5,0,9,0,1
9CKVl,CPBL-2023-sk,2023,一軍-3,2023-10-19,例行賽,統一7-ELEVEn獅,BLJyr,away,富邦悍將,0,5,7,0,0
HFCRp,CPBL-2023-sk,2023,一軍-3,2023-10-19,例行賽,中信兄弟,rSQKE,home,樂天桃猿,4,3,13,0,1
HFCRp,CPBL-2023-sk,2023,一軍-3,2023-10-19,例行賽,樂天桃猿,WdFR4,away,中信兄弟,3,4,10,0,0
98SMV,CPBL-2023-sk,2023,一軍-3,2023-10-18,例行賽,中信兄弟,rSQKE,home,樂天桃猿,4,3,7,0,1
98SMV,CPBL-2023-sk,2023,一軍-3,2023-10-18,例行賽,樂天桃猿,WdFR4,away,中信兄弟,3,4,7,0,0
dMqv6,CPBL-2023-sk,2023,一軍-3,2023-10-17,例行賽,中信兄弟,rSQKE,home,統一7-ELEVEn獅,0,3,6,0,0
dMqv6,CPBL-2023-sk,2023,一軍-3,2023-10-17,例行賽,統一7-ELEVEn獅,BLJyr,away,中信兄弟,3,0,8,0,1
RT3nU,CPBL-2023-sk,2023,一軍-3,2023-10-15,例行賽,中信兄弟,rSQKE,home,富邦悍將,4,1,8,0,1
RT3nU,CPBL-2023-sk,2023,一軍-3,2023-10-15,例行賽,富邦悍將,O2zA3,away,中信兄弟,1,4,4,0,0
Vv0aN,CPBL-2023-sk,2023,一軍-3,2023-10-15,例行賽,樂天桃猿,WdFR4,home,味全龍,5,8,8,0,0
Vv0aN,CPBL-2023-sk,2023,一軍-3,2023-10-15,例行賽,味全龍,YdmwO,away,樂天桃猿,8,5,13,0,1
u5RaD,CPBL-2023-sk,2023,一軍-3,2023-10-14,例行賽,味全龍,YdmwO,home,統一7-ELEVEn獅,7,6,16,0,1
u5RaD,CPBL-2023-sk,2023,一軍-3,2023-10-14,例行賽,統一7-ELEVEn獅,BLJyr,away,味全龍,6,7,10,0,0
zwYI0,CPBL-2023-sk,2023,一軍-3,2023-10-14,例行賽,富邦悍將,O2zA3,home,中信兄弟,3,0,8,0,1
zwYI0,CPBL-2023-sk,2023,一軍-3,2023-10-14,例行賽,中信兄弟,rSQKE,away,富邦悍將,0,3,4,0,0
FIztO,CPBL-2023-sk,2023,一軍-3,2023-10-13,例行賽,味全龍,YdmwO,home,統一7-ELEVEn獅,7,6,11,0,1
FIztO,CPBL-2023-sk,2023,一軍-3,2023-10-13,例行賽,統一7-ELEVEn獅,BLJyr,away,味全龍,6,7,11,0,0
jMvgq,CPBL-2023-sk,2023,一軍-3,2023-10-12,例行賽,中信兄弟,rSQKE,home,富邦悍將,1,0,6,0,1
jMvgq,CPBL-2023-sk,2023,一軍-3,2023-10-12,例行賽,富邦悍將,O2zA3,away,中信兄弟,0,1,4,0,0
sQNp3,CPBL-2023-sk,2023,一軍-3,2023-10-12,例行賽,味全龍,YdmwO,home,樂天桃猿,2,4,8,0,0
sQNp3,CPBL-2023-sk,2023,一軍-3,2023-10-12,例行賽,樂天桃猿,WdFR4,away,味全龍,4,2,10,0,1
d927a,CPBL-2023-sk,2023,一軍-3,2023-10-11,例行賽,味全龍,YdmwO,home,富邦悍將,9,1,9,0,1
d927a,CPBL-2023-sk,2023,一軍-3,2023-10-11,例行賽,富邦悍將,O2zA3,away,味全龍,1,9,6,0,0
PuQu5,CPBL-2023-sk,2023,一軍-3,2023-10-10,例行賽,統一7-ELEVEn獅,BLJyr,home,樂天桃猿,5,13,10,0,0
PuQu5,CPBL-2023-sk,2023,一軍-3,2023-10-10,例行賽,樂天桃猿,WdFR4,away,統一7-ELEVEn獅,13,5,13,0,1
DKpL9,CPBL-2023-sk,2023,一軍-3,2023-10-10,例行賽,富邦悍將,O2zA3,home,中信兄弟,4,9,9,0,0
DKpL9,CPBL-2023-sk,2023,一軍-3,2023-10-10,例行賽,中信兄弟,rSQKE,away,富邦悍將,9,4,13,0,1
I8nHp,CPBL-2023-sk,2023,一軍-3,2023-10-09,例行賽,樂天桃猿,WdFR4,home,富邦悍將,5,4,11,0,1
I8nHp,CPBL-2023-sk,2023,一軍-3,2023-10-09,例行賽,富邦悍將,O2zA3,away,樂天桃猿,4,5,6,0,0
HsU6T,CPBL-2023-sk,2023,一軍-3,2023-10-09,例行賽,味全龍,YdmwO,home,中信兄弟,4,0,10,0,1
HsU6T,CPBL-2023-sk,2023,一軍-3,2023-10-09,例行賽,中信兄弟,rSQKE,away,味全龍,0,4,8,0,0
oOqU9,CPBL-2023-sk,2023,一軍-3,2023-10-08,例行賽,樂天桃猿,WdFR4,home,富邦悍將,2,4,8,0,0
oOqU9,CPBL-2023-sk,2023,一軍-3,2023-10-08,例行賽,富邦悍將,O2zA3,away,樂天桃猿,4,2,11,0,1
lc6SA,CPBL-2023-sk,2023,一軍-3,2023-10-08,例行賽,味全龍,YdmwO,home,中信兄弟,5,5,9,0,
lc6SA,CPBL-2023-sk,2023,一軍-3,2023-10-08,例行賽,中信兄弟,rSQKE,away,味全龍,5,5,15,0,
kp4ak,CPBL-2023-sk,2023,一軍-3,2023-10-07,例行賽,統一7-ELEVEn獅,BLJyr,home,中信兄弟,7,1,12,0,1
kp4ak,CPBL-2023-sk,2023,一軍-3,2023-10-07,例行賽,中信兄弟,rSQKE,away,統一7-ELEVEn獅,1,7,3,0,0
UgM52,CPBL-2023-sk,2023,一軍-3,2023-10-06,例行賽,樂天桃猿,WdFR4,home,味全龍,4,3,12,0,1
UgM52,CPBL-2023-sk,2023,一軍-3,2023-10-06,例行賽,味全龍,YdmwO,away,樂天桃猿,3,4,7,0,0
NIS8r,CPBL-2023-sk,2023,一軍-3,2023-10-03,例行賽,富邦悍將,O2zA3,home,中信兄弟,2,1,11,0,1
NIS8r,CPBL-2023-sk,2023,一軍-3,2023-10-03,例行賽,中信兄弟,rSQKE,away,富邦悍將,1,2,5,0,0
Wr637,CPBL-2023-sk,2023,一軍-3,2023-10-03,例行賽,味全龍,YdmwO,home,樂天桃猿,7,2,11,0,1
Wr637,CPBL-2023-sk,2023,一軍-3,2023-10-03,例行賽,樂天桃猿,WdFR4,away,味全龍,2,7,7,0,0
CE5xT,CPBL-2023-sk,2023,一軍-3,2023-10-01,例行賽,富邦悍將,O2zA3,home,味全龍,1,12,7,0,0
CE5xT,CPBL-2023-sk,2023,一軍-3,2023-10-01,例行賽,味全龍,YdmwO,away,富邦悍將,12,1,15,0,1
rdi2v,CPBL-2023-sk,2023,一軍-3,2023-10-01,例行賽,統一7-ELEVEn獅,BLJyr,home,樂天桃猿,4,0,12,0,1
rdi2v,CPBL-2023-sk,2023,一軍-3,2023-10-01,例行賽,樂天桃猿,WdFR4,away,統一7-ELEVEn獅,0,4,4,0,0
TKBN2,CPBL-2023-sk,2023,一軍-3,2023-09-30,例行賽,富邦悍將,O2zA3,home,統一7-ELEVEn獅,9,3,14,0,1
TKBN2,CPBL-2023-sk,2023,一軍-3,2023-09-30,例行賽,統一7-ELEVEn獅,BLJyr,away,富邦悍將,3,9,12,0,0
Dd0cf,CPBL-2023-sk,2023,一軍-3,2023-09-30,例行賽,中信兄弟,rSQKE,home,樂天桃猿,4,5,8,0,0
Dd0cf,CPBL-2023-sk,2023,一軍-3,2023-09-30,例行賽,樂天桃猿,WdFR4,away,中信兄弟,5,4,6,0,1
76JWH,CPBL-2023-sk,2023,一軍-3,2023-09-29,例行賽,樂天桃猿,WdFR4,home,統一7-ELEVEn獅,0,8,11,0,0
76JWH,CPBL-2023-sk,2023,一軍-3,2023-09-29,例行賽,統一7-ELEVEn獅,BLJyr,away,樂天桃猿,8,0,15,0,1
j1q3O,CPBL-2023-sk,2023,一軍-3,2023-09-29,例行賽,中信兄弟,rSQKE,home,味全龍,9,6,10,0,1
j1q3O,CPBL-2023-sk,2023,一軍-3,2023-09-29,例行賽,味全龍,YdmwO,away,中信兄弟,6,9,10,0,0
Embah,CPBL-2023-sk,2023,一軍-3,2023-09-28,例行賽,樂天桃猿,WdFR4,home,統一7-ELEVEn獅,6,1,11,0,1
Embah,CPBL-2023-sk,2023,一軍-3,2023-09-28,例行賽,統一7-ELEVEn獅,BLJyr,away,樂天桃猿,1,6,5,0,0
CWZ5z,CPBL-2023-sk,2023,一軍-3,2023-09-28,例行賽,中信兄弟,rSQKE,home,味全龍,1,6,8,0,0
CWZ5z,CPBL-2023-sk,2023,一軍-3,2023-09-28,例行賽,味全龍,YdmwO,away,中信兄弟,6,1,11,0,1
MNlbA,CPBL-2023-sk,2023,一軍-3,2023-09-27,例行賽,富邦悍將,O2zA3,home,統一7-ELEVEn獅,1,0,3,0,1
MNlbA,CPBL-2023-sk,2023,一軍-3,2023-09-27,例行賽,統一7-ELEVEn獅,BLJyr,away,富邦悍將,0,1,6,0,0
Sqqip,CPBL-2023-sk,2023,一軍-3,2023-09-26,例行賽,中信兄弟,rSQKE,home,樂天桃猿,6,5,9,0,1
Sqqip,CPBL-2023-sk,2023,一軍-3,2023-09-26,例行賽,樂天桃猿,WdFR4,away,中信兄弟,5,6,7,0,0
jwqgF,CPBL-2023-sk,2023,一軍-3,2023-09-26,例行賽,富邦悍將,O2zA3,home,味全龍,1,0,5,0,1
jwqgF,CPBL-2023-sk,2023,一軍-3,2023-09-26,例行賽,味全龍,YdmwO,away,富邦悍將,0,1,3,0,0
rFdzd,CPBL-2023-sk,2023,一軍-3,2023-09-25,例行賽,中信兄弟,rSQKE,home,統一7-ELEVEn獅,2,1,3,0,1
rFdzd,CPBL-2023-sk,2023,一軍-3,2023-09-25,例行賽,統一7-ELEVEn獅,BLJyr,away,中信兄弟,1,2,6,0,0
N6868,CPBL-2023-sk,2023,一軍-3,2023-09-24,例行賽,富邦悍將,O2zA3,home,樂天桃猿,3,1,9,0,1
N6868,CPBL-2023-sk,2023,一軍-3,2023-09-24,例行賽,樂天桃猿,WdFR4,away,富邦悍將,1,3,7,0,0
HqD82,CPBL-2023-sk,2023,一軍-3,2023-09-24,例行賽,統一7-ELEVEn獅,BLJyr,home,味全龍,0,3,4,0,0
HqD82,CPBL-2023-sk,2023,一軍-3,2023-09-24,例行賽,味全龍,YdmwO,away,統一7-ELEVEn獅,3,0,6,0,1
ZDfGV,CPBL-2023-sk,2023,一軍-3,2023-09-23,例行賽,富邦悍將,O2zA3,home,樂天桃猿,1,4,6,0,0
ZDfGV,CPBL-2023-sk,2023,一軍-3,2023-09-23,例行賽,樂天桃猿,WdFR4,away,富邦悍將,4,1,11,0,1
bskMO,CPBL-2023-sk,2023,一軍-3,2023-09-23,例行賽,統一7-ELEVEn獅,BLJyr,home,中信兄弟,4,1,7,0,1
bskMO,CPBL-2023-sk,2023,一軍-3,2023-09-23,例行賽,中信兄弟,rSQKE,away,統一7-ELEVEn獅,1,4,7,0,0
pVlFV,CPBL-2023-sk,2023,一軍-3,2023-09-22,例行賽,富邦悍將,O2zA3,home,樂天桃猿,1,4,6,0,0
pVlFV,CPBL-2023-sk,2023,一軍-3,2023-09-22,例行賽,樂天桃猿,WdFR4,away,富邦悍將,4,1,12,0,1
6FjH8,CPBL-2023-sk,2023,一軍-3,2023-09-22,例行賽,味全龍,YdmwO,home,中信兄弟,1,3,2,0,0
6FjH8,CPBL-2023-sk,2023,一軍-3,2023-09-22,例行賽,中信兄弟,rSQKE,away,味全龍,3,1,11,0,1
YORB7,CPBL-2023-sk,2023,一軍-3,2023-09-21,例行賽,統一7-ELEVEn獅,BLJyr,home,富邦悍將,6,5,12,0,1
YORB7,CPBL-2023-sk,2023,一軍-3,2023-09-21,例行賽,富邦悍將,O2zA3,away,統一7-ELEVEn獅,5,6,8,0,0
P14Cf,CPBL-2023-sk,2023,一軍-3,2023-09-21,例行賽,味全龍,YdmwO,home,中信兄弟,2,1,8,0,1
P14Cf,CPBL-2023-sk,2023,一軍-3,2023-09-21,例行賽,中信兄弟,rSQKE,away,味全龍,1,2,6,0,0
T4D6i,CPBL-2023-sk,2023,一軍-3,2023-09-20,例行賽,統一7-ELEVEn獅,BLJyr,home,樂天桃猿,8,2,14,0,1
T4D6i,CPBL-2023-sk,2023,一軍-3,2023-09-20,例行賽,樂天桃猿,WdFR4,away,統一7-ELEVEn獅,2,8,11,0,0
dt5qW,CPBL-2023-sk,2023,一軍-3,2023-09-20,例行賽,味全龍,YdmwO,home,中信兄弟,2,3,7,0,0
dt5qW,CPBL-2023-sk,2023,一軍-3,2023-09-20,例行賽,中信兄弟,rSQKE,away,味全龍,3,2,7,0,1
BXvwe,CPBL-2023-sk,2023,一軍-3,2023-09-19,例行賽,統一7-ELEVEn獅,BLJyr,home,樂天桃猿,5,11,9,0,0
BXvwe,CPBL-2023-sk,2023,一軍-3,2023-09-19,例行賽,樂天桃猿,WdFR4,away,統一7-ELEVEn獅,11,5,14,0,1
bqmay,CPBL-2023-sk,2023,一軍-3,2023-09-19,例行賽,味全龍,YdmwO,home,富邦悍將,5,4,9,0,1
bqmay,CPBL-2023-sk,2023,一軍-3,2023-09-19,例行賽,富邦悍將,O2zA3,away,味全龍,4,5,12,0,0
sZcrr,CPBL-2023-sk,2023,一軍-3,2023-09-18,例行賽,統一7-ELEVEn獅,BLJyr,home,中信兄弟,2,12,11,0,0
sZcrr,CPBL-2023-sk,2023,一軍-3,2023-09-18,例行賽,中信兄弟,rSQKE,away,統一7-ELEVEn獅,12,2,14,0,1
9SixA,CPBL-2023-sk,2023,一軍-3,2023-09-17,例行賽,味全龍,YdmwO,home,富邦悍將,11,0,12,0,1
9SixA,CPBL-2023-sk,2023,一軍-3,2023-09-17,例行賽,富邦悍將,O2zA3,away,味全龍,0,11,3,0,0
k5OH2,CPBL-2023-sk,2023,一軍-3,2023-09-17,例行賽,樂天桃猿,WdFR4,home,中信兄弟,4,3,8,0,1
k5OH2,CPBL-2023-sk,2023,一軍-3,2023-09-17,例行賽,中信兄弟,rSQKE,away,樂天桃猿,3,4,10,0,0
tac0e,CPBL-2023-sk,2023,一軍-3,2023-09-16,例行賽,味全龍,YdmwO,home,統一7-ELEVEn獅,0,7,5,0,0
tac0e,CPBL-2023-sk,2023,一軍-3,2023-09-16,例行賽,統一7-ELEVEn獅,BLJyr,away,味全龍,7,0,13,0,1
rDrAx,CPBL-2023-sk,2023,一軍-3,2023-09-16,例行賽,樂天桃猿,WdFR4,home,中信兄弟,4,9,7,0,0
rDrAx,CPBL-2023-sk,2023,一軍-3,2023-09-16,例行賽,中信兄弟,rSQKE,away,樂天桃猿,9,4,11,0,1
i3poe,CPBL-2023-sk,2023,一軍-3,2023-09-15,例行賽,樂天桃猿,WdFR4,home,中信兄弟,3,5,12,0,0
i3poe,CPBL-2023-sk,2023,一軍-3,2023-09-15,例行賽,中信兄弟,rSQKE,away,樂天桃猿,5,3,8,0,1
G2hLf,CPBL-2023-sk,2023,一軍-3,2023-09-14,例行賽,富邦悍將,O2zA3,home,統一7-ELEVEn獅,0,6,4,0,0
G2hLf,CPBL-2023-sk,2023,一軍-3,2023-09-14,例行賽,統一7-ELEVEn獅,BLJyr,away,富邦悍將,6,0,7,0,1
juKb0,CPBL-2023-sk,2023,一軍-3,2023-09-14,例行賽,味全龍,YdmwO,home,樂天桃猿,3,1,6,0,1
juKb0,CPBL-2023-sk,2023,一軍-3,2023-09-14,例行賽,樂天桃猿,WdFR4,away,味全龍,1,3,5,0,0
HcPTU,CPBL-2023-sk,2023,一軍-3,2023-09-13,例行賽,富邦悍將,O2zA3,home,統一7-ELEVEn獅,5,10,8,0,0
HcPTU,CPBL-2023-sk,2023,一軍-3,2023-09-13,例行賽,統一7-ELEVEn獅,BLJyr,away,富邦悍將,10,5,14,0,1
hcRjy,CPBL-2023-sk,2023,一軍-3,2023-09-13,例行賽,味全龍,YdmwO,home,中信兄弟,4,3,10,0,1
hcRjy,CPBL-2023-sk,2023,一軍-3,2023-09-13,例行賽,中信兄弟,rSQKE,away,味全龍,3,4,9,0,0
0uCre,CPBL-2023-sk,2023,一軍-3,2023-09-12,例行賽,富邦悍將,O2zA3,home,樂天桃猿,1,1,6,0,
0uCre,CPBL-2023-sk,2023,一軍-3,2023-09-12,例行賽,樂天桃猿,WdFR4,away,富邦悍將,1,1,3,0,
eUL69,CPBL-2023-sk,2023,一軍-3,2023-09-12,例行賽,味全龍,YdmwO,home,中信兄弟,1,2,5,0,0
eUL69,CPBL-2023-sk,2023,一軍-3,2023-09-12,例行賽,中信兄弟,rSQKE,away,味全龍,2,1,7,0,1
6nChQ,CPBL-2023-sk,2023,一軍-3,2023-09-11,例行賽,樂天桃猿,WdFR4,home,味全龍,7,1,8,0,1
6nChQ,CPBL-2023-sk,2023,一軍-3,2023-09-11,例行賽,味全龍,YdmwO,away,樂天桃猿,1,7,8,0,0
0Jnjb,CPBL-2023-sk,2023,一軍-3,2023-09-10,例行賽,富邦悍將,O2zA3,home,樂天桃猿,5,7,8,0,0
0Jnjb,CPBL-2023-sk,2023,一軍-3,2023-09-10,例行賽,樂天桃猿,WdFR4,away,富邦悍將,7,5,12,0,1
gQanu,CPBL-2023-sk,2023,一軍-3,2023-09-10,例行賽,中信兄弟,rSQKE,home,統一7-ELEVEn獅,1,5,4,0,0
gQanu,CPBL-2023-sk,2023,一軍-3,2023-09-10,例行賽,統一7-ELEVEn獅,BLJyr,away,中信兄弟,5,1,10,0,1
Z4Jeo,CPBL-2023-sk,2023,一軍-3,2023-09-09,例行賽,中信兄弟,rSQKE,home,統一7-ELEVEn獅,3,5,9,0,0
Z4Jeo,CPBL-2023-sk,2023,一軍-3,2023-09-09,例行賽,統一7-ELEVEn獅,BLJyr,away,中信兄弟,5,3,9,0,1
WHMWK,CPBL-2023-sk,2023,一軍-3,2023-09-09,例行賽,富邦悍將,O2zA3,home,味全龍,6,2,7,0,1
WHMWK,CPBL-2023-sk,2023,一軍-3,2023-09-09,例行賽,味全龍,YdmwO,away,富邦悍將,2,6,9,0,0
jJS9b,CPBL-2023-sk,2023,一軍-3,2023-09-08,例行賽,樂天桃猿,WdFR4,home,味全龍,2,4,7,0,0
jJS9b,CPBL-2023-sk,2023,一軍-3,2023-09-08,例行賽,味全龍,YdmwO,away,樂天桃猿,4,2,7,0,1
F2gvo,CPBL-2023-sk,2023,一軍-3,2023-09-07,例行賽,樂天桃猿,WdFR4,home,味全龍,3,6,9,0,0
F2gvo,CPBL-2023-sk,2023,一軍-3,2023-09-07,例行賽,味全龍,YdmwO,away,樂天桃猿,6,3,9,0,1
E3GrM,CPBL-2023-sk,2023,一軍-3,2023-09-07,例行賽,富邦悍將,O2zA3,home,中信兄弟,6,1,14,0,1
E3GrM,CPBL-2023-sk,2023,一軍-3,2023-09-07,例行賽,中信兄弟,rSQKE,away,富邦悍將,1,6,8,0,0
hHKsK,CPBL-2023-sk,2023,一軍-3,2023-09-05,例行賽,樂天桃猿,WdFR4,home,中信兄弟,5,7,6,0,0
hHKsK,CPBL-2023-sk,2023,一軍-3,2023-09-05,例行賽,中信兄弟,rSQKE,away,樂天桃猿,7,5,12,0,1
GuxIE,CPBL-2023-sk,2023,一軍-3,2023-09-05,例行賽,富邦悍將,O2zA3,home,統一7-ELEVEn獅,1,4,6,0,0
GuxIE,CPBL-2023-sk,2023,一軍-3,2023-09-05,例行賽,統一7-ELEVEn獅,BLJyr,away,富邦悍將,4,1,8,0,1
uHkLP,CPBL-2023-sk,2023,一軍-3,2023-09-04,例行賽,富邦悍將,O2zA3,home,味全龍,0,1,4,0,0
uHkLP,CPBL-2023-sk,2023,一軍-3,2023-09-04,例行賽,味全龍,YdmwO,away,富邦悍將,1,0,6,0,1
GJsOw,CPBL-2023-sk,2023,一軍-3,2023-09-02,例行賽,樂天桃猿,WdFR4,home,富邦悍將,10,1,14,0,1
GJsOw,CPBL-2023-sk,2023,一軍-3,2023-09-02,例行賽,富邦悍將,O2zA3,away,樂天桃猿,1,10,8,0,0
1O4qd,CPBL-2023-sk,2023,一軍-3,2023-09-02,例行賽,統一7-ELEVEn獅,BLJyr,home,味全龍,1,4,7,0,0
1O4qd,CPBL-2023-sk,2023,一軍-3,2023-09-02,例行賽,味全龍,YdmwO,away,統一7-ELEVEn獅,4,1,5,0,1
m1wKf,CPBL-2023-sk,2023,一軍-3,2023-09-01,例行賽,中信兄弟,rSQKE,home,富邦悍將,2,0,6,0,1
m1wKf,CPBL-2023-sk,2023,一軍-3,2023-09-01,例行賽,富邦悍將,O2zA3,away,中信兄弟,0,2,5,0,0
oTdvH,CPBL-2023-sk,2023,一軍-3,2023-09-01,例行賽,統一7-ELEVEn獅,BLJyr,home,味全龍,6,5,13,0,1
oTdvH,CPBL-2023-sk,2023,一軍-3,2023-09-01,例行賽,味全龍,YdmwO,away,統一7-ELEVEn獅,5,6,8,0,0
BIleG,CPBL-2023-sk,2023,一軍-3,2023-08-31,例行賽,中信兄弟,rSQKE,home,富邦悍將,7,14,10,0,0
BIleG,CPBL-2023-sk,2023,一軍-3,2023-08-31,例行賽,富邦悍將,O2zA3,away,中信兄弟,14,7,19,0,1
RYnEc,CPBL-2023-sk,2023,一軍-3,2023-08-31,例行賽,樂天桃猿,WdFR4,home,統一7-ELEVEn獅,8,7,12,0,1
RYnEc,CPBL-2023-sk,2023,一軍-3,2023-08-31,例行賽,統一7-ELEVEn獅,BLJyr,away,樂天桃猿,7,8,15,0,0
zbXpA,CPBL-2023-sk,2023,一軍-3,2023-08-30,例行賽,中信兄弟,rSQKE,home,富邦悍將,2,4,12,0,0
zbXpA,CPBL-2023-sk,2023,一軍-3,2023-08-30,例行賽,富邦悍將,O2zA3,away,中信兄弟,4,2,7,0,1
a0g1R,CPBL-2023-sk,2023,一軍-3,2023-08-30,例行賽,樂天桃猿,WdFR4,home,味全龍,5,2,8,0,1
a0g1R,CPBL-2023-sk,2023,一軍-3,2023-08-30,例行賽,味全龍,YdmwO,away,樂天桃猿,2,5,8,0,0
MH3z1,CPBL-2023-sk,2023,一軍-3,2023-08-29,例行賽,中信兄弟,rSQKE,home,統一7-ELEVEn獅,3,1,8,0,1
MH3z1,CPBL-2023-sk,2023,一軍-3,2023-08-29,例行賽,統一7-ELEVEn獅,BLJyr,away,中信兄弟,1,3,5,0,0
nGZnr,CPBL-2023-sk,2023,一軍-3,2023-08-29,例行賽,樂天桃猿,WdFR4,home,味全龍,6,5,9,0,1
nGZnr,CPBL-2023-sk,2023,一軍-3,2023-08-29,例行賽,味全龍,YdmwO,away,樂天桃猿,5,6,9,0,0
t0IzG,CPBL-2023-sk,2023,一軍-3,2023-08-28,例行賽,樂天桃猿,WdFR4,home,富邦悍將,8,3,12,0,1
t0IzG,CPBL-2023-sk,2023,一軍-3,2023-08-28,例行賽,富邦悍將,O2zA3,away,樂天桃猿,3,8,8,0,0
wxfLe,CPBL-2023-sk,2023,一軍-3,2023-08-27,例行賽,中信兄弟,rSQKE,home,統一7-ELEVEn獅,2,1,7,0,1
wxfLe,CPBL-2023-sk,2023,一軍-3,2023-08-27,例行賽,統一7-ELEVEn獅,BLJyr,away,中信兄弟,1,2,5,0,0
1UKCc,CPBL-2023-sk,2023,一軍-3,2023-08-27,例行賽,味全龍,YdmwO,home,富邦悍將,2,4,8,0,0
1UKCc,CPBL-2023-sk,2023,一軍-3,2023-08-27,例行賽,富邦悍將,O2zA3,away,味全龍,4,2,9,0,1
hNTzu,CPBL-2023-sk,2023,一軍-3,2023-08-26,例行賽,味全龍,YdmwO,home,富邦悍將,2,3,6,0,0
hNTzu,CPBL-2023-sk,2023,一軍-3,2023-08-26,例行賽,富邦悍將,O2zA3,away,味全龍,3,2,3,0,1
oqcBJ,CPBL-2023-sk,2023,一軍-3,2023-08-25,例行賽,統一7-ELEVEn獅,BLJyr,home,樂天桃猿,3,1,9,0,1
oqcBJ,CPBL-2023-sk,2023,一軍-3,2023-08-25,例行賽,樂天桃猿,WdFR4,away,統一7-ELEVEn獅,1,3,8,0,0
VWCEW,CPBL-2023-sk,2023,一軍-3,2023-08-25,例行賽,味全龍,YdmwO,home,富邦悍將,0,4,5,0,0
VWCEW,CPBL-2023-sk,2023,一軍-3,2023-08-25,例行賽,富邦悍將,O2zA3,away,味全龍,4,0,5,0,1
gQryx,CPBL-2023-sk,2023,一軍-3,2023-08-24,例行賽,統一7-ELEVEn獅,BLJyr,home,樂天桃猿,12,11,18,0,1
gQryx,CPBL-2023-sk,2023,一軍-3,2023-08-24,例行賽,樂天桃猿,WdFR4,away,統一7-ELEVEn獅,11,12,12,0,0
lfGYP,CPBL-2023-sk,2023,一軍-3,2023-08-24,例行賽,中信兄弟,rSQKE,home,味全龍,7,0,11,0,1
lfGYP,CPBL-2023-sk,2023,一軍-3,2023-08-24,例行賽,味全龍,YdmwO,away,中信兄弟,0,7,2,0,0
dw92Q,CPBL-2023-sk,2023,一軍-3,2023-08-23,例行賽,統一7-ELEVEn獅,BLJyr,home,樂天桃猿,3,9,6,0,0
dw92Q,CPBL-2023-sk,2023,一軍-3,2023-08-23,例行賽,樂天桃猿,WdFR4,away,統一7-ELEVEn獅,9,3,15,0,1
MM2qI,CPBL-2023-sk,2023,一軍-3,2023-08-23,例行賽,中信兄弟,rSQKE,home,富邦悍將,1,0,7,0,1
MM2qI,CPBL-2023-sk,2023,一軍-3,2023-08-23,例行賽,富邦悍將,O2zA3,away,中信兄弟,0,1,6,0,0
LGMBa,CPBL-2023-sk,2023,一軍-3,2023-08-22,例行賽,統一7-ELEVEn獅,BLJyr,home,味全龍,0,2,6,0,0
LGMBa,CPBL-2023-sk,2023,一軍-3,2023-08-22,例行賽,味全龍,YdmwO,away,統一7-ELEVEn獅,2,0,6,0,1
7zqIK,CPBL-2023-sk,2023,一軍-3,2023-08-22,例行賽,中信兄弟,rSQKE,home,富邦悍將,3,10,10,0,0
7zqIK,CPBL-2023-sk,2023,一軍-3,2023-08-22,例行賽,富邦悍將,O2zA3,away,中信兄弟,10,3,13,0,1
AVAyd,CPBL-2023-sk,2023,一軍-3,2023-08-20,例行賽,樂天桃猿,WdFR4,home,味全龍,0,4,2,0,0
AVAyd,CPBL-2023-sk,2023,一軍-3,2023-08-20,例行賽,味全龍,YdmwO,away,樂天桃猿,4,0,11,0,1
csRys,CPBL-2023-sk,2023,一軍-3,2023-08-19,例行賽,富邦悍將,O2zA3,home,中信兄弟,4,7,7,0,0
csRys,CPBL-2023-sk,2023,一軍-3,2023-08-19,例行賽,中信兄弟,rSQKE,away,富邦悍將,7,4,8,0,1
tOXP1,CPBL-2023-sk,2023,一軍-3,2023-08-19,例行賽,樂天桃猿,WdFR4,home,統一7-ELEVEn獅,6,10,12,0,0
tOXP1,CPBL-2023-sk,2023,一軍-3,2023-08-19,例行賽,統一7-ELEVEn獅,BLJyr,away,樂天桃猿,10,6,14,0,1
CjE05,CPBL-2023-sk,2023,一軍-3,2023-08-18,例行賽,富邦悍將,O2zA3,home,中信兄弟,6,1,6,0,1
CjE05,CPBL-2023-sk,2023,一軍-3,2023-08-18,例行賽,中信兄弟,rSQKE,away,富邦悍將,1,6,4,0,0
wjlmR,CPBL-2023-sk,2023,一軍-3,2023-08-18,例行賽,味全龍,YdmwO,home,統一7-ELEVEn獅,8,6,12,0,1
wjlmR,CPBL-2023-sk,2023,一軍-3,2023-08-18,例行賽,統一7-ELEVEn獅,BLJyr,away,味全龍,6,8,16,0,0
QTSyu,CPBL-2023-sk,2023,一軍-3,2023-08-17,例行賽,味全龍,YdmwO,home,統一7-ELEVEn獅,3,1,8,0,1
QTSyu,CPBL-2023-sk,2023,一軍-3,2023-08-17,例行賽,統一7-ELEVEn獅,BLJyr,away,味全龍,1,3,8,0,0
D5A8c,CPBL-2023-sk,2023,一軍-3,2023-08-16,例行賽,樂天桃猿,WdFR4,home,中信兄弟,3,1,7,0,1
D5A8c,CPBL-2023-sk,2023,一軍-3,2023-08-16,例行賽,中信兄弟,rSQKE,away,樂天桃猿,1,3,6,0,0
ASG2c,CPBL-2023-sk,2023,一軍-3,2023-08-16,例行賽,味全龍,YdmwO,home,統一7-ELEVEn獅,13,7,12,0,1
ASG2c,CPBL-2023-sk,2023,一軍-3,2023-08-16,例行賽,統一7-ELEVEn獅,BLJyr,away,味全龍,7,13,13,0,0
oiaj6,CPBL-2023-sk,2023,一軍-3,2023-08-15,例行賽,樂天桃猿,WdFR4,home,中信兄弟,11,5,14,0,1
oiaj6,CPBL-2023-sk,2023,一軍-3,2023-08-15,例行賽,中信兄弟,rSQKE,away,樂天桃猿,5,11,7,0,0
D87XG,CPBL-2023-sk,2023,一軍-3,2023-08-15,例行賽,味全龍,YdmwO,home,富邦悍將,2,1,6,0,1
D87XG,CPBL-2023-sk,2023,一軍-3,2023-08-15,例行賽,富邦悍將,O2zA3,away,味全龍,1,2,5,0,0
rYi5M,CPBL-2023-sk,2023,一軍-3,2023-08-14,例行賽,富邦悍將,O2zA3,home,樂天桃猿,6,14,11,0,0
rYi5M,CPBL-2023-sk,2023,一軍-3,2023-08-14,例行賽,樂天桃猿,WdFR4,away,富邦悍將,14,6,15,0,1
TRjDB,CPBL-2023-sk,2023,一軍-3,2023-08-13,例行賽,統一7-ELEVEn獅,BLJyr,home,樂天桃猿,2,0,6,0,1
TRjDB,CPBL-2023-sk,2023,一軍-3,2023-08-13,例行賽,樂天桃猿,WdFR4,away,統一7-ELEVEn獅,0,2,4,0,0
EkVNb,CPBL-2023-sk,2023,一軍-3,2023-08-13,例行賽,中信兄弟,rSQKE,home,味全龍,5,3,8,0,1
EkVNb,CPBL-2023-sk,2023,一軍-3,2023-08-13,例行賽,味全龍,YdmwO,away,中信兄弟,3,5,6,0,0
qY7Uo,CPBL-2023-sk,2023,一軍-3,2023-08-12,例行賽,統一7-ELEVEn獅,BLJyr,home,富邦悍將,3,7,5,0,0
qY7Uo,CPBL-2023-sk,2023,一軍-3,2023-08-12,例行賽,富邦悍將,O2zA3,away,統一7-ELEVEn獅,7,3,11,0,1
ae3AM,CPBL-2023-sk,2023,一軍-3,2023-08-12,例行賽,中信兄弟,rSQKE,home,味全龍,1,2,5,0,0
ae3AM,CPBL-2023-sk,2023,一軍-3,2023-08-12,例行賽,味全龍,YdmwO,away,中信兄弟,2,1,7,0,1
5VIAI,CPBL-2023-sk,2023,一軍-3,2023-08-11,例行賽,中信兄弟,rSQKE,home,味全龍,4,3,14,0,1
5VIAI,CPBL-2023-sk,2023,一軍-3,2023-08-11,例行賽,味全龍,YdmwO,away,中信兄弟,3,4,9,0,0
ed17B,CPBL-2023-sk,2023,一軍-3,2023-08-09,例行賽,樂天桃猿,WdFR4,home,富邦悍將,5,3,10,0,1
ed17B,CPBL-2023-sk,2023,一軍-3,2023-08-09,例行賽,富邦悍將,O2zA3,away,樂天桃猿,3,5,10,0,0
j5Ept,CPBL-2023-sk,2023,一軍-3,2023-08-09,例行賽,統一7-ELEVEn獅,BLJyr,home,味全龍,4,1,7,0,1
j5Ept,CPBL-2023-sk,2023,一軍-3,2023-08-09,例行賽,味全龍,YdmwO,away,統一7-ELEVEn獅,1,4,6,0,0
rXntG,CPBL-2023-sk,2023,一軍-3,2023-08-08,例行賽,樂天桃猿,WdFR4,home,中信兄弟,3,11,12,0,0
rXntG,CPBL-2023-sk,2023,一軍-3,2023-08-08,例行賽,中信兄弟,rSQKE,away,樂天桃猿,11,3,11,0,1
pxVot,CPBL-2023-sk,2023,一軍-3,2023-08-08,例行賽,統一7-ELEVEn獅,BLJyr,home,味全龍,3,1,7,0,1
pxVot,CPBL-2023-sk,2023,一軍-3,2023-08-08,例行賽,味全龍,YdmwO,away,統一7-ELEVEn獅,1,3,5,0,0
4kCdN,CPBL-2023-sk,2023,一軍-3,2023-08-07,例行賽,中信兄弟,rSQKE,home,統一7-ELEVEn獅,0,6,3,0,0
4kCdN,CPBL-2023-sk,2023,一軍-3,2023-08-07,例行賽,統一7-ELEVEn獅,BLJyr,away,中信兄弟,6,0,9,0,1
APn1p,CPBL-2023-sk,2023,一軍-3,2023-08-06,例行賽,富邦悍將,O2zA3,home,統一7-ELEVEn獅,4,1,10,0,1
APn1p,CPBL-2023-sk,2023,一軍-3,2023-08-06,例行賽,統一7-ELEVEn獅,BLJyr,away,富邦悍將,1,4,10,0,0
vSo2j,CPBL-2023-sk,2023,一軍-3,2023-08-06,例行賽,味全龍,YdmwO,home,樂天桃猿,4,3,10,0,1
vSo2j,CPBL-2023-sk,2023,一軍-3,2023-08-06,例行賽,樂天桃猿,WdFR4,away,味全龍,3,4,8,0,0
ILZv0,CPBL-2023-sk,2023,一軍-3,2023-08-05,例行賽,富邦悍將,O2zA3,home,中信兄弟,6,2,12,0,1
ILZv0,CPBL-2023-sk,2023,一軍-3,2023-08-05,例行賽,中信兄弟,rSQKE,away,富邦悍將,2,6,8,0,0
2Zsmc,CPBL-2023-sk,2023,一軍-3,2023-08-05,例行賽,味全龍,YdmwO,home,樂天桃猿,4,8,7,0,0
2Zsmc,CPBL-2023-sk,2023,一軍-3,2023-08-05,例行賽,樂天桃猿,WdFR4,away,味全龍,8,4,11,0,1
Kqr2j,CPBL-2023-sk,2023,一軍-3,2023-08-04,例行賽,統一7-ELEVEn獅,BLJyr,home,中信兄弟,3,8,7,0,0
Kqr2j,CPBL-2023-sk,2023,一軍-3,2023-08-04,例行賽,中信兄弟,rSQKE,away,統一7-ELEVEn獅,8,3,12,0,1
ax7aw,CPBL-2023-sk,2023,一軍-3,2023-08-04,例行賽,味全龍,YdmwO,home,樂天桃猿,1,5,8,0,0
ax7aw,CPBL-2023-sk,2023,一軍-3,2023-08-04,例行賽,樂天桃猿,WdFR4,away,味全龍,5,1,8,0,1
eoCeS,CPBL-2023-sk,2023,一軍-3,2023-08-03,例行賽,統一7-ELEVEn獅,BLJyr,home,中信兄弟,0,4,7,0,0
eoCeS,CPBL-2023-sk,2023,一軍-3,2023-08-03,例行賽,中信兄弟,rSQKE,away,統一7-ELEVEn獅,4,0,6,0,1
GLABX,CPBL-2023-sk,2023,一軍-3,2023-08-02,例行賽,統一7-ELEVEn獅,BLJyr,home,中信兄弟,1,2,9,0,0
GLABX,CPBL-2023-sk,2023,一軍-3,2023-08-02,例行賽,中信兄弟,rSQKE,away,統一7-ELEVEn獅,2,1,5,0,1
oOmDz,CPBL-2023-sk,2023,一軍-3,2023-08-02,例行賽,富邦悍將,O2zA3,home,樂天桃猿,3,10,10,0,0
oOmDz,CPBL-2023-sk,2023,一軍-3,2023-08-02,例行賽,樂天桃猿,WdFR4,away,富邦悍將,10,3,13,0,1
rSxzP,CPBL-2023-sk,2023,一軍-3,2023-08-01,例行賽,統一7-ELEVEn獅,BLJyr,home,味全龍,0,0,2,0,
rSxzP,CPBL-2023-sk,2023,一軍-3,2023-08-01,例行賽,味全龍,YdmwO,away,統一7-ELEVEn獅,0,0,3,0,
N5wDx,CPBL-2023-sk,2023,一軍-3,2023-07-27,例行賽,味全龍,YdmwO,home,統一7-ELEVEn獅,8,1,11,0,1
N5wDx,CPBL-2023-sk,2023,一軍-3,2023-07-27,例行賽,統一7-ELEVEn獅,BLJyr,away,味全龍,1,8,7,0,0
kDb8D,CPBL-2023-sk,2023,一軍-3,2023-07-25,例行賽,味全龍,YdmwO,home,富邦悍將,4,1,9,0,1
kDb8D,CPBL-2023-sk,2023,一軍-3,2023-07-25,例行賽,富邦悍將,O2zA3,away,味全龍,1,4,7,0,0
JpjBm,CPBL-2023-sk,2023,一軍-3,2023-07-24,例行賽,富邦悍將,O2zA3,home,味全龍,6,0,9,0,1
JpjBm,CPBL-2023-sk,2023,一軍-3,2023-07-24,例行賽,味全龍,YdmwO,away,富邦悍將,0,6,1,0,0
z7iB7,CPBL-2023-sk,2023,一軍-3,2023-07-23,例行賽,樂天桃猿,WdFR4,home,統一7-ELEVEn獅,4,5,8,0,0
z7iB7,CPBL-2023-sk,2023,一軍-3,2023-07-23,例行賽,統一7-ELEVEn獅,BLJyr,away,樂天桃猿,5,4,11,0,1
j7CDN,CPBL-2023-sk,2023,一軍-3,2023-07-23,例行賽,中信兄弟,rSQKE,home,富邦悍將,3,4,6,0,0
j7CDN,CPBL-2023-sk,2023,一軍-3,2023-07-23,例行賽,富邦悍將,O2zA3,away,中信兄弟,4,3,12,0,1
ctiHc,CPBL-2023-sk,2023,一軍-3,2023-07-22,例行賽,樂天桃猿,WdFR4,home,統一7-ELEVEn獅,10,4,16,0,1
ctiHc,CPBL-2023-sk,2023,一軍-3,2023-07-22,例行賽,統一7-ELEVEn獅,BLJyr,away,樂天桃猿,4,10,9,0,0
vDoye,CPBL-2023-sk,2023,一軍-3,2023-07-22,例行賽,中信兄弟,rSQKE,home,味全龍,3,5,11,0,0
vDoye,CPBL-2023-sk,2023,一軍-3,2023-07-22,例行賽,味全龍,YdmwO,away,中信兄弟,5,3,7,0,1
5y72y,CPBL-2023-sk,2023,一軍-3,2023-07-21,例行賽,樂天桃猿,WdFR4,home,統一7-ELEVEn獅,8,7,13,0,1
5y72y,CPBL-2023-sk,2023,一軍-3,2023-07-21,例行賽,統一7-ELEVEn獅,BLJyr,away,樂天桃猿,7,8,12,0,0
0qBui,CPBL-2023-sk,2023,一軍-3,2023-07-21,例行賽,富邦悍將,O2zA3,home,味全龍,3,4,9,0,0
0qBui,CPBL-2023-sk,2023,一軍-3,2023-07-21,例行賽,味全龍,YdmwO,away,富邦悍將,4,3,10,0,1
7eKUy,CPBL-2023-sk,2023,一軍-3,2023-07-20,例行賽,中信兄弟,rSQKE,home,樂天桃猿,6,4,9,0,1
7eKUy,CPBL-2023-sk,2023,一軍-3,2023-07-20,例行賽,樂天桃猿,WdFR4,away,中信兄弟,4,6,10,0,0
9I9T2,CPBL-2023-sk,2023,一軍-3,2023-07-19,例行賽,富邦悍將,O2zA3,home,味全龍,8,5,13,0,1
9I9T2,CPBL-2023-sk,2023,一軍-3,2023-07-19,例行賽,味全龍,YdmwO,away,富邦悍將,5,8,8,0,0
82jAu,CPBL-2023-sk,2023,一軍-3,2023-07-19,例行賽,中信兄弟,rSQKE,home,統一7-ELEVEn獅,1,0,4,0,1
82jAu,CPBL-2023-sk,2023,一軍-3,2023-07-19,例行賽,統一7-ELEVEn獅,BLJyr,away,中信兄弟,0,1,6,0,0
QGddA,CPBL-2023-sk,2023,一軍-3,2023-07-18,例行賽,富邦悍將,O2zA3,home,樂天桃猿,6,1,13,0,1
QGddA,CPBL-2023-sk,2023,一軍-3,2023-07-18,例行賽,樂天桃猿,WdFR4,away,富邦悍將,1,6,4,0,0
vm98i,CPBL-2023-sk,2023,一軍-3,2023-07-16,例行賽,統一7-ELEVEn獅,BLJyr,home,富邦悍將,4,2,9,0,1
vm98i,CPBL-2023-sk,2023,一軍-3,2023-07-16,例行賽,富邦悍將,O2zA3,away,統一7-ELEVEn獅,2,4,8,0,0
VXpb0,CPBL-2023-sk,2023,一軍-3,2023-07-16,例行賽,味全龍,YdmwO,home,中信兄弟,6,2,13,0,1
VXpb0,CPBL-2023-sk,2023,一軍-3,2023-07-16,例行賽,中信兄弟,rSQKE,away,味全龍,2,6,8,0,0
87WFV,CPBL-2023-sk,2023,一軍-3,2023-07-15,例行賽,統一7-ELEVEn獅,BLJyr,home,富邦悍將,2,5,8,0,0
87WFV,CPBL-2023-sk,2023,一軍-3,2023-07-15,例行賽,富邦悍將,O2zA3,away,統一7-ELEVEn獅,5,2,7,0,1
QKKtM,CPBL-2023-sk,2023,一軍-3,2023-07-15,例行賽,味全龍,YdmwO,home,樂天桃猿,5,2,8,0,1
QKKtM,CPBL-2023-sk,2023,一軍-3,2023-07-15,例行賽,樂天桃猿,WdFR4,away,味全龍,2,5,4,0,0
lXJYG,CPBL-2023-sk,2023,一軍-3,2023-07-14,例行賽,統一7-ELEVEn獅,BLJyr,home,富邦悍將,4,3,9,0,1
lXJYG,CPBL-2023-sk,2023,一軍-3,2023-07-14,例行賽,富邦悍將,O2zA3,away,統一7-ELEVEn獅,3,4,3,0,0
yELVd,CPBL-2023-sk,2023,一軍-3,2023-07-14,例行賽,中信兄弟,rSQKE,home,樂天桃猿,2,9,9,0,0
yELVd,CPBL-2023-sk,2023,一軍-3,2023-07-14,例行賽,樂天桃猿,WdFR4,away,中信兄弟,9,2,13,0,1
jEtXF,CPBL-2023-sk,2023,一軍-3,2023-07-03,例行賽,富邦悍將,O2zA3,home,統一7-ELEVEn獅,5,9,7,0,0
jEtXF,CPBL-2023-sk,2023,一軍-3,2023-07-03,例行賽,統一7-ELEVEn獅,BLJyr,away,富邦悍將,9,5,16,0,1
BjyD2,CPBL-2023-sk,2023,一軍-3,2023-07-02,例行賽,中信兄弟,rSQKE,home,味全龍,0,1,4,0,0
BjyD2,CPBL-2023-sk,2023,一軍-3,2023-07-02,例行賽,味全龍,YdmwO,away,中信兄弟,1,0,5,0,1
V6lH5,CPBL-2023-sk,2023,一軍-3,2023-07-02,例行賽,樂天桃猿,WdFR4,home,統一7-ELEVEn獅,3,6,5,0,0
V6lH5,CPBL-2023-sk,2023,一軍-3,2023-07-02,例行賽,統一7-ELEVEn獅,BLJyr,away,樂天桃猿,6,3,8,0,1
KPBdP,CPBL-2023-sk,2023,一軍-3,2023-07-01,例行賽,富邦悍將,O2zA3,home,樂天桃猿,3,6,12,0,0
KPBdP,CPBL-2023-sk,2023,一軍-3,2023-07-01,例行賽,樂天桃猿,WdFR4,away,富邦悍將,6,3,15,0,1
5ewfN,CPBL-2023-sk,2023,一軍-3,2023-06-30,例行賽,樂天桃猿,WdFR4,home,中信兄弟,6,0,12,0,1
5ewfN,CPBL-2023-sk,2023,一軍-3,2023-06-30,例行賽,中信兄弟,rSQKE,away,樂天桃猿,0,6,6,0,0
Yu5Xv,CPBL-2023-sk,2023,一軍-3,2023-06-29,例行賽,富邦悍將,O2zA3,home,統一7-ELEVEn獅,3,7,6,0,0
Yu5Xv,CPBL-2023-sk,2023,一軍-3,2023-06-29,例行賽,統一7-ELEVEn獅,BLJyr,away,富邦悍將,7,3,13,0,1
UtPKd,CPBL-2023-sk,2023,一軍-3,2023-06-29,例行賽,樂天桃猿,WdFR4,home,味全龍,5,2,6,0,1
UtPKd,CPBL-2023-sk,2023,一軍-3,2023-06-29,例行賽,味全龍,YdmwO,away,樂天桃猿,2,5,7,0,0
qjTqY,CPBL-2023-sk,2023,一軍-3,2023-06-28,例行賽,味全龍,YdmwO,home,中信兄弟,10,7,12,0,1
qjTqY,CPBL-2023-sk,2023,一軍-3,2023-06-28,例行賽,中信兄弟,rSQKE,away,味全龍,7,10,13,0,0
Kp5mK,CPBL-2023-sk,2023,一軍-3,2023-06-27,例行賽,統一7-ELEVEn獅,BLJyr,home,樂天桃猿,4,4,10,0,
Kp5mK,CPBL-2023-sk,2023,一軍-3,2023-06-27,例行賽,樂天桃猿,WdFR4,away,統一7-ELEVEn獅,4,4,11,0,
NZ247,CPBL-2023-sk,2023,一軍-3,2023-06-27,例行賽,味全龍,YdmwO,home,中信兄弟,3,9,7,0,0
NZ247,CPBL-2023-sk,2023,一軍-3,2023-06-27,例行賽,中信兄弟,rSQKE,away,味全龍,9,3,11,0,1
tnHs6,CPBL-2023-sk,2023,一軍-3,2023-06-25,例行賽,樂天桃猿,WdFR4,home,統一7-ELEVEn獅,6,5,18,0,1
tnHs6,CPBL-2023-sk,2023,一軍-3,2023-06-25,例行賽,統一7-ELEVEn獅,BLJyr,away,樂天桃猿,5,6,14,0,0
H9TAs,CPBL-2023-sk,2023,一軍-3,2023-06-25,例行賽,味全龍,YdmwO,home,富邦悍將,11,7,13,0,1
H9TAs,CPBL-2023-sk,2023,一軍-3,2023-06-25,例行賽,富邦悍將,O2zA3,away,味全龍,7,11,11,0,0
QfWqC,CPBL-2023-sk,2023,一軍-3,2023-06-24,例行賽,中信兄弟,rSQKE,home,統一7-ELEVEn獅,3,2,7,0,1
QfWqC,CPBL-2023-sk,2023,一軍-3,2023-06-24,例行賽,統一7-ELEVEn獅,BLJyr,away,中信兄弟,2,3,8,0,0
97aOw,CPBL-2023-sk,2023,一軍-3,2023-06-24,例行賽,味全龍,YdmwO,home,樂天桃猿,0,4,5,0,0
97aOw,CPBL-2023-sk,2023,一軍-3,2023-06-24,例行賽,樂天桃猿,WdFR4,away,味全龍,4,0,10,0,1
0hPqY,CPBL-2023-sk,2023,一軍-3,2023-06-23,例行賽,中信兄弟,rSQKE,home,富邦悍將,5,3,5,0,1
0hPqY,CPBL-2023-sk,2023,一軍-3,2023-06-23,例行賽,富邦悍將,O2zA3,away,中信兄弟,3,5,6,0,0
89xF4,CPBL-2023-sk,2023,一軍-3,2023-06-23,例行賽,味全龍,YdmwO,home,樂天桃猿,7,5,13,0,1
89xF4,CPBL-2023-sk,2023,一軍-3,2023-06-23,例行賽,樂天桃猿,WdFR4,away,味全龍,5,7,11,0,0
qBqhe,CPBL-2023-sk,2023,一軍-3,2023-06-22,例行賽,中信兄弟,rSQKE,home,富邦悍將,4,5,9,0,0
qBqhe,CPBL-2023-sk,2023,一軍-3,2023-06-22,例行賽,富邦悍將,O2zA3,away,中信兄弟,5,4,6,0,1
WcTpA,CPBL-2023-sk,2023,一軍-3,2023-06-22,例行賽,樂天桃猿,WdFR4,home,統一7-ELEVEn獅,1,10,6,0,0
WcTpA,CPBL-2023-sk,2023,一軍-3,2023-06-22,例行賽,統一7-ELEVEn獅,BLJyr,away,樂天桃猿,10,1,19,0,1
8dtHh,CPBL-2023-sk,2023,一軍-3,2023-06-21,例行賽,中信兄弟,rSQKE,home,統一7-ELEVEn獅,8,7,9,0,1
8dtHh,CPBL-2023-sk,2023,一軍-3,2023-06-21,例行賽,統一7-ELEVEn獅,BLJyr,away,中信兄弟,7,8,10,0,0
ccxJd,CPBL-2023-sk,2023,一軍-3,2023-06-21,例行賽,味全龍,YdmwO,home,富邦悍將,11,2,13,0,1
ccxJd,CPBL-2023-sk,2023,一軍-3,2023-06-21,例行賽,富邦悍將,O2zA3,away,味全龍,2,11,6,0,0
Glmxv,CPBL-2023-sk,2023,一軍-3,2023-06-20,例行賽,統一7-ELEVEn獅,BLJyr,home,樂天桃猿,2,4,8,0,0
Glmxv,CPBL-2023-sk,2023,一軍-3,2023-06-20,例行賽,樂天桃猿,WdFR4,away,統一7-ELEVEn獅,4,2,10,0,1
dESCg,CPBL-2023-sk,2023,一軍-3,2023-06-20,例行賽,中信兄弟,rSQKE,home,味全龍,2,6,7,0,0
dESCg,CPBL-2023-sk,2023,一軍-3,2023-06-20,例行賽,味全龍,YdmwO,away,中信兄弟,6,2,12,0,1
ak9dF,CPBL-2023-sk,2023,一軍-3,2023-06-18,例行賽,統一7-ELEVEn獅,BLJyr,home,味全龍,8,7,12,0,1
ak9dF,CPBL-2023-sk,2023,一軍-3,2023-06-18,例行賽,味全龍,YdmwO,away,統一7-ELEVEn獅,7,8,12,0,0
9K2ye,CPBL-2023-sk,2023,一軍-3,2023-06-18,例行賽,富邦悍將,O2zA3,home,中信兄弟,6,11,15,0,0
9K2ye,CPBL-2023-sk,2023,一軍-3,2023-06-18,例行賽,中信兄弟,rSQKE,away,富邦悍將,11,6,11,0,1
Vyu2Y,CPBL-2023-sk,2023,一軍-3,2023-06-17,例行賽,統一7-ELEVEn獅,BLJyr,home,富邦悍將,1,0,4,0,1
Vyu2Y,CPBL-2023-sk,2023,一軍-3,2023-06-17,例行賽,富邦悍將,O2zA3,away,統一7-ELEVEn獅,0,1,2,0,0
IeeWg,CPBL-2023-sk,2023,一軍-3,2023-06-17,例行賽,樂天桃猿,WdFR4,home,中信兄弟,2,2,7,0,
IeeWg,CPBL-2023-sk,2023,一軍-3,2023-06-17,例行賽,中信兄弟,rSQKE,away,樂天桃猿,2,2,11,0,
lvgF4,CPBL-2023-sk,2023,一軍-3,2023-06-16,例行賽,統一7-ELEVEn獅,BLJyr,home,富邦悍將,8,6,10,0,1
lvgF4,CPBL-2023-sk,2023,一軍-3,2023-06-16,例行賽,富邦悍將,O2zA3,away,統一7-ELEVEn獅,6,8,11,0,0
9HLtd,CPBL-2023-sk,2023,一軍-3,2023-06-15,例行賽,樂天桃猿,WdFR4,home,味全龍,1,8,9,0,0
9HLtd,CPBL-2023-sk,2023,一軍-3,2023-06-15,例行賽,味全龍,YdmwO,away,樂天桃猿,8,1,12,0,1
F8p8E,CPBL-2023-sk,2023,一軍-3,2023-06-14,例行賽,富邦悍將,O2zA3,home,中信兄弟,1,3,2,0,0
F8p8E,CPBL-2023-sk,2023,一軍-3,2023-06-14,例行賽,中信兄弟,rSQKE,away,富邦悍將,3,1,9,0,1
Z4kRq,CPBL-2023-sk,2023,一軍-3,2023-06-13,例行賽,富邦悍將,O2zA3,home,樂天桃猿,3,7,9,0,0
Z4kRq,CPBL-2023-sk,2023,一軍-3,2023-06-13,例行賽,樂天桃猿,WdFR4,away,富邦悍將,7,3,11,0,1
fsT29,CPBL-2023-sk,2023,一軍-3,2023-06-13,例行賽,統一7-ELEVEn獅,BLJyr,home,味全龍,6,2,12,0,1
fsT29,CPBL-2023-sk,2023,一軍-3,2023-06-13,例行賽,味全龍,YdmwO,away,統一7-ELEVEn獅,2,6,3,0,0
Yy1Kb,CPBL-2023-sk,2023,一軍-3,2023-06-11,例行賽,味全龍,YdmwO,home,統一7-ELEVEn獅,12,9,14,0,1
Yy1Kb,CPBL-2023-sk,2023,一軍-3,2023-06-11,例行賽,統一7-ELEVEn獅,BLJyr,away,味全龍,9,12,12,0,0
sUwfJ,CPBL-2023-sk,2023,一軍-3,2023-06-11,例行賽,中信兄弟,rSQKE,home,樂天桃猿,9,3,11,0,1
sUwfJ,CPBL-2023-sk,2023,一軍-3,2023-06-11,例行賽,樂天桃猿,WdFR4,away,中信兄弟,3,9,10,0,0
5rKhi,CPBL-2023-sk,2023,一軍-3,2023-06-10,例行賽,味全龍,YdmwO,home,富邦悍將,0,0,3,0,
5rKhi,CPBL-2023-sk,2023,一軍-3,2023-06-10,例行賽,富邦悍將,O2zA3,away,味全龍,0,0,6,0,
srfNz,CPBL-2023-sk,2023,一軍-3,2023-06-10,例行賽,中信兄弟,rSQKE,home,樂天桃猿,7,0,11,0,1
srfNz,CPBL-2023-sk,2023,一軍-3,2023-06-10,例行賽,樂天桃猿,WdFR4,away,中信兄弟,0,7,6,0,0
Gftii,CPBL-2023-sk,2023,一軍-3,2023-06-09,例行賽,統一7-ELEVEn獅,BLJyr,home,富邦悍將,8,0,11,0,1
Gftii,CPBL-2023-sk,2023,一軍-3,2023-06-09,例行賽,富邦悍將,O2zA3,away,統一7-ELEVEn獅,0,8,6,0,0
HAgkC,CPBL-2023-sk,2023,一軍-3,2023-06-09,例行賽,中信兄弟,rSQKE,home,樂天桃猿,6,5,11,0,1
HAgkC,CPBL-2023-sk,2023,一軍-3,2023-06-09,例行賽,樂天桃猿,WdFR4,away,中信兄弟,5,6,10,0,0
oawir,CPBL-2023-sk,2023,一軍-3,2023-06-08,例行賽,統一7-ELEVEn獅,BLJyr,home,富邦悍將,9,1,14,0,1
oawir,CPBL-2023-sk,2023,一軍-3,2023-06-08,例行賽,富邦悍將,O2zA3,away,統一7-ELEVEn獅,1,9,6,0,0
40Kin,CPBL-2023-sk,2023,一軍-3,2023-06-08,例行賽,味全龍,YdmwO,home,中信兄弟,3,3,9,0,
40Kin,CPBL-2023-sk,2023,一軍-3,2023-06-08,例行賽,中信兄弟,rSQKE,away,味全龍,3,3,9,0,
ebKK4,CPBL-2023-sk,2023,一軍-3,2023-06-07,例行賽,統一7-ELEVEn獅,BLJyr,home,富邦悍將,2,3,10,0,0
ebKK4,CPBL-2023-sk,2023,一軍-3,2023-06-07,例行賽,富邦悍將,O2zA3,away,統一7-ELEVEn獅,3,2,9,0,1
oscXA,CPBL-2023-sk,2023,一軍-3,2023-06-07,例行賽,味全龍,YdmwO,home,樂天桃猿,7,4,9,0,1
oscXA,CPBL-2023-sk,2023,一軍-3,2023-06-07,例行賽,樂天桃猿,WdFR4,away,味全龍,4,7,7,0,0
39Zk3,CPBL-2023-sk,2023,一軍-3,2023-06-06,例行賽,統一7-ELEVEn獅,BLJyr,home,中信兄弟,0,1,7,0,0
39Zk3,CPBL-2023-sk,2023,一軍-3,2023-06-06,例行賽,中信兄弟,rSQKE,away,統一7-ELEVEn獅,1,0,5,0,1
0jfug,CPBL-2023-sk,2023,一軍-3,2023-06-06,例行賽,味全龍,YdmwO,home,樂天桃猿,1,2,5,0,0
0jfug,CPBL-2023-sk,2023,一軍-3,2023-06-06,例行賽,樂天桃猿,WdFR4,away,味全龍,2,1,7,0,1
kOMJo,CPBL-2023-sk,2023,一軍-3,2023-06-04,例行賽,統一7-ELEVEn獅,BLJyr,home,中信兄弟,5,9,11,0,0
kOMJo,CPBL-2023-sk,2023,一軍-3,2023-06-04,例行賽,中信兄弟,rSQKE,away,統一7-ELEVEn獅,9,5,13,0,1
jmYZv,CPBL-2023-sk,2023,一軍-3,2023-06-04,例行賽,樂天桃猿,WdFR4,home,富邦悍將,7,10,8,0,0
jmYZv,CPBL-2023-sk,2023,一軍-3,2023-06-04,例行賽,富邦悍將,O2zA3,away,樂天桃猿,10,7,20,0,1
JxZZm,CPBL-2023-sk,2023,一軍-3,2023-06-03,例行賽,統一7-ELEVEn獅,BLJyr,home,味全龍,6,1,9,0,1
JxZZm,CPBL-2023-sk,2023,一軍-3,2023-06-03,例行賽,味全龍,YdmwO,away,統一7-ELEVEn獅,1,6,10,0,0
4JXhy,CPBL-2023-sk,2023,一軍-3,2023-06-03,例行賽,樂天桃猿,WdFR4,home,富邦悍將,8,2,16,0,1
4JXhy,CPBL-2023-sk,2023,一軍-3,2023-06-03,例行賽,富邦悍將,O2zA3,away,樂天桃猿,2,8,10,0,0
C5flF,CPBL-2023-sk,2023,一軍-3,2023-06-02,例行賽,中信兄弟,rSQKE,home,味全龍,2,6,8,0,0
C5flF,CPBL-2023-sk,2023,一軍-3,2023-06-02,例行賽,味全龍,YdmwO,away,中信兄弟,6,2,11,0,1
6fguP,CPBL-2023-sk,2023,一軍-3,2023-06-02,例行賽,樂天桃猿,WdFR4,home,富邦悍將,5,7,9,0,0
6fguP,CPBL-2023-sk,2023,一軍-3,2023-06-02,例行賽,富邦悍將,O2zA3,away,樂天桃猿,7,5,15,0,1
CS3CX,CPBL-2023-sk,2023,一軍-3,2023-06-01,例行賽,中信兄弟,rSQKE,home,味全龍,1,2,7,0,0
CS3CX,CPBL-2023-sk,2023,一軍-3,2023-06-01,例行賽,味全龍,YdmwO,away,中信兄弟,2,1,9,0,1
Fa23y,CPBL-2023-sk,2023,一軍-3,2023-06-01,例行賽,統一7-ELEVEn獅,BLJyr,home,樂天桃猿,10,3,13,0,1
Fa23y,CPBL-2023-sk,2023,一軍-3,2023-06-01,例行賽,樂天桃猿,WdFR4,away,統一7-ELEVEn獅,3,10,8,0,0
yr51q,CPBL-2023-sk,2023,一軍-3,2023-05-31,例行賽,中信兄弟,rSQKE,home,味全龍,1,4,4,0,0
yr51q,CPBL-2023-sk,2023,一軍-3,2023-05-31,例行賽,味全龍,YdmwO,away,中信兄弟,4,1,6,0,1
qzqcL,CPBL-2023-sk,2023,一軍-3,2023-05-31,例行賽,統一7-ELEVEn獅,BLJyr,home,富邦悍將,6,10,10,0,0
qzqcL,CPBL-2023-sk,2023,一軍-3,2023-05-31,例行賽,富邦悍將,O2zA3,away,統一7-ELEVEn獅,10,6,13,0,1
YEDLB,CPBL-2023-sk,2023,一軍-3,2023-05-30,例行賽,中信兄弟,rSQKE,home,樂天桃猿,10,9,14,0,1
YEDLB,CPBL-2023-sk,2023,一軍-3,2023-05-30,例行賽,樂天桃猿,WdFR4,away,中信兄弟,9,10,16,0,0
uQSx3,CPBL-2023-sk,2023,一軍-3,2023-05-30,例行賽,統一7-ELEVEn獅,BLJyr,home,富邦悍將,6,5,8,0,1
uQSx3,CPBL-2023-sk,2023,一軍-3,2023-05-30,例行賽,富邦悍將,O2zA3,away,統一7-ELEVEn獅,5,6,8,0,0
aJWlE,CPBL-2023-sk,2023,一軍-3,2023-05-28,例行賽,中信兄弟,rSQKE,home,樂天桃猿,0,2,7,0,0
aJWlE,CPBL-2023-sk,2023,一軍-3,2023-05-28,例行賽,樂天桃猿,WdFR4,away,中信兄弟,2,0,10,0,1
BvR1F,CPBL-2023-sk,2023,一軍-3,2023-05-28,例行賽,富邦悍將,O2zA3,home,味全龍,8,0,11,0,1
BvR1F,CPBL-2023-sk,2023,一軍-3,2023-05-28,例行賽,味全龍,YdmwO,away,富邦悍將,0,8,2,0,0
cbvw7,CPBL-2023-sk,2023,一軍-3,2023-05-27,例行賽,中信兄弟,rSQKE,home,統一7-ELEVEn獅,1,5,5,0,0
cbvw7,CPBL-2023-sk,2023,一軍-3,2023-05-27,例行賽,統一7-ELEVEn獅,BLJyr,away,中信兄弟,5,1,11,0,1
EkcqX,CPBL-2023-sk,2023,一軍-3,2023-05-27,例行賽,富邦悍將,O2zA3,home,味全龍,0,1,3,0,0
EkcqX,CPBL-2023-sk,2023,一軍-3,2023-05-27,例行賽,味全龍,YdmwO,away,富邦悍將,1,0,5,0,1
gg93i,CPBL-2023-sk,2023,一軍-3,2023-05-26,例行賽,樂天桃猿,WdFR4,home,統一7-ELEVEn獅,0,7,5,0,0
gg93i,CPBL-2023-sk,2023,一軍-3,2023-05-26,例行賽,統一7-ELEVEn獅,BLJyr,away,樂天桃猿,7,0,14,0,1
DxbsQ,CPBL-2023-sk,2023,一軍-3,2023-05-26,例行賽,富邦悍將,O2zA3,home,味全龍,11,2,13,0,1
DxbsQ,CPBL-2023-sk,2023,一軍-3,2023-05-26,例行賽,味全龍,YdmwO,away,富邦悍將,2,11,8,0,0
Mcy3G,CPBL-2023-sk,2023,一軍-3,2023-05-25,例行賽,樂天桃猿,WdFR4,home,統一7-ELEVEn獅,4,9,10,0,0
Mcy3G,CPBL-2023-sk,2023,一軍-3,2023-05-25,例行賽,統一7-ELEVEn獅,BLJyr,away,樂天桃猿,9,4,9,0,1
zkEVU,CPBL-2023-sk,2023,一軍-3,2023-05-25,例行賽,中信兄弟,rSQKE,home,富邦悍將,4,5,11,0,0
zkEVU,CPBL-2023-sk,2023,一軍-3,2023-05-25,例行賽,富邦悍將,O2zA3,away,中信兄弟,5,4,11,0,1
7rVQb,CPBL-2023-sk,2023,一軍-3,2023-05-24,例行賽,樂天桃猿,WdFR4,home,統一7-ELEVEn獅,1,3,7,0,0
7rVQb,CPBL-2023-sk,2023,一軍-3,2023-05-24,例行賽,統一7-ELEVEn獅,BLJyr,away,樂天桃猿,3,1,6,0,1
OBAIT,CPBL-2023-sk,2023,一軍-3,2023-05-23,例行賽,中信兄弟,rSQKE,home,味全龍,10,7,11,0,1
OBAIT,CPBL-2023-sk,2023,一軍-3,2023-05-23,例行賽,味全龍,YdmwO,away,中信兄弟,7,10,14,0,0
ssfsc,CPBL-2023-sk,2023,一軍-3,2023-05-21,例行賽,樂天桃猿,WdFR4,home,富邦悍將,0,2,6,0,0
ssfsc,CPBL-2023-sk,2023,一軍-3,2023-05-21,例行賽,富邦悍將,O2zA3,away,樂天桃猿,2,0,7,0,1
GS1n3,CPBL-2023-sk,2023,一軍-3,2023-05-21,例行賽,味全龍,YdmwO,home,統一7-ELEVEn獅,7,6,8,0,1
GS1n3,CPBL-2023-sk,2023,一軍-3,2023-05-21,例行賽,統一7-ELEVEn獅,BLJyr,away,味全龍,6,7,12,0,0
ELAHL,CPBL-2023-sk,2023,一軍-3,2023-05-20,例行賽,樂天桃猿,WdFR4,home,中信兄弟,3,6,10,0,0
ELAHL,CPBL-2023-sk,2023,一軍-3,2023-05-20,例行賽,中信兄弟,rSQKE,away,樂天桃猿,6,3,11,0,1
ZlKux,CPBL-2023-sk,2023,一軍-3,2023-05-20,例行賽,味全龍,YdmwO,home,統一7-ELEVEn獅,2,3,6,0,0
ZlKux,CPBL-2023-sk,2023,一軍-3,2023-05-20,例行賽,統一7-ELEVEn獅,BLJyr,away,味全龍,3,2,9,0,1
qkf1o,CPBL-2023-sk,2023,一軍-3,2023-05-19,例行賽,富邦悍將,O2zA3,home,中信兄弟,0,3,0,0,0
qkf1o,CPBL-2023-sk,2023,一軍-3,2023-05-19,例行賽,中信兄弟,rSQKE,away,富邦悍將,3,0,6,0,1
lzLNA,CPBL-2023-sk,2023,一軍-3,2023-05-19,例行賽,味全龍,YdmwO,home,統一7-ELEVEn獅,0,7,2,0,0
lzLNA,CPBL-2023-sk,2023,一軍-3,2023-05-19,例行賽,統一7-ELEVEn獅,BLJyr,away,味全龍,7,0,10,0,1
4z0Pg,CPBL-2023-sk,2023,一軍-3,2023-05-18,例行賽,富邦悍將,O2zA3,home,中信兄弟,6,6,12,0,
4z0Pg,CPBL-2023-sk,2023,一軍-3,2023-05-18,例行賽,中信兄弟,rSQKE,away,富邦悍將,6,6,15,0,
aPxaL,CPBL-2023-sk,2023,一軍-3,2023-05-18,例行賽,樂天桃猿,WdFR4,home,味全龍,9,3,7,0,1
aPxaL,CPBL-2023-sk,2023,一軍-3,2023-05-18,例行賽,味全龍,YdmwO,away,樂天桃猿,3,9,8,0,0
EO7f9,CPBL-2023-sk,2023,一軍-3,2023-05-17,例行賽,富邦悍將,O2zA3,home,中信兄弟,2,8,8,0,0
EO7f9,CPBL-2023-sk,2023,一軍-3,2023-05-17,例行賽,中信兄弟,rSQKE,away,富邦悍將,8,2,9,0,1
ONfUJ,CPBL-2023-sk,2023,一軍-3,2023-05-17,例行賽,樂天桃猿,WdFR4,home,統一7-ELEVEn獅,1,0,6,0,1
ONfUJ,CPBL-2023-sk,2023,一軍-3,2023-05-17,例行賽,統一7-ELEVEn獅,BLJyr,away,樂天桃猿,0,1,7,0,0
jus4p,CPBL-2023-sk,2023,一軍-3,2023-05-16,例行賽,富邦悍將,O2zA3,home,味全龍,2,4,7,0,0
jus4p,CPBL-2023-sk,2023,一軍-3,2023-05-16,例行賽,味全龍,YdmwO,away,富邦悍將,4,2,8,0,1
UJAc2,CPBL-2023-sk,2023,一軍-3,2023-05-16,例行賽,樂天桃猿,WdFR4,home,統一7-ELEVEn獅,4,2,8,0,1
UJAc2,CPBL-2023-sk,2023,一軍-3,2023-05-16,例行賽,統一7-ELEVEn獅,BLJyr,away,樂天桃猿,2,4,7,0,0
RHVPE,CPBL-2023-sk,2023,一軍-3,2023-05-15,例行賽,中信兄弟,rSQKE,home,樂天桃猿,1,8,4,0,0
RHVPE,CPBL-2023-sk,2023,一軍-3,2023-05-15,例行賽,樂天桃猿,WdFR4,away,中信兄弟,8,1,10,0,1
quTI7,CPBL-2023-sk,2023,一軍-3,2023-05-14,例行賽,統一7-ELEVEn獅,BLJyr,home,中信兄弟,5,0,7,0,1
quTI7,CPBL-2023-sk,2023,一軍-3,2023-05-14,例行賽,中信兄弟,rSQKE,away,統一7-ELEVEn獅,0,5,7,0,0
n5W47,CPBL-2023-sk,2023,一軍-3,2023-05-14,例行賽,富邦悍將,O2zA3,home,味全龍,7,3,14,0,1
n5W47,CPBL-2023-sk,2023,一軍-3,2023-05-14,例行賽,味全龍,YdmwO,away,富邦悍將,3,7,8,0,0
U4Nwy,CPBL-2023-sk,2023,一軍-3,2023-05-13,例行賽,統一7-ELEVEn獅,BLJyr,home,中信兄弟,2,4,5,0,0
U4Nwy,CPBL-2023-sk,2023,一軍-3,2023-05-13,例行賽,中信兄弟,rSQKE,away,統一7-ELEVEn獅,4,2,8,0,1
onmH5,CPBL-2023-sk,2023,一軍-3,2023-05-13,例行賽,富邦悍將,O2zA3,home,樂天桃猿,2,4,6,0,0
onmH5,CPBL-2023-sk,2023,一軍-3,2023-05-13,例行賽,樂天桃猿,WdFR4,away,富邦悍將,4,2,5,0,1
aJzyQ,CPBL-2023-sk,2023,一軍-3,2023-05-12,例行賽,統一7-ELEVEn獅,BLJyr,home,中信兄弟,1,6,3,0,0
aJzyQ,CPBL-2023-sk,2023,一軍-3,2023-05-12,例行賽,中信兄弟,rSQKE,away,統一7-ELEVEn獅,6,1,8,0,1
D6JWT,CPBL-2023-sk,2023,一軍-3,2023-05-12,例行賽,味全龍,YdmwO,home,樂天桃猿,3,6,4,0,0
D6JWT,CPBL-2023-sk,2023,一軍-3,2023-05-12,例行賽,樂天桃猿,WdFR4,away,味全龍,6,3,7,0,1
oS7fP,CPBL-2023-sk,2023,一軍-3,2023-05-11,例行賽,富邦悍將,O2zA3,home,統一7-ELEVEn獅,3,1,5,0,1
oS7fP,CPBL-2023-sk,2023,一軍-3,2023-05-11,例行賽,統一7-ELEVEn獅,BLJyr,away,富邦悍將,1,3,5,0,0
IQ8uI,CPBL-2023-sk,2023,一軍-3,2023-05-11,例行賽,味全龍,YdmwO,home,樂天桃猿,3,1,9,0,1
IQ8uI,CPBL-2023-sk,2023,一軍-3,2023-05-11,例行賽,樂天桃猿,WdFR4,away,味全龍,1,3,6,0,0
BRouM,CPBL-2023-sk,2023,一軍-3,2023-05-10,例行賽,富邦悍將,O2zA3,home,中信兄弟,2,8,7,0,0
BRouM,CPBL-2023-sk,2023,一軍-3,2023-05-10,例行賽,中信兄弟,rSQKE,away,富邦悍將,8,2,15,0,1
a24D1,CPBL-2023-sk,2023,一軍-3,2023-05-10,例行賽,味全龍,YdmwO,home,樂天桃猿,4,3,4,0,1
a24D1,CPBL-2023-sk,2023,一軍-3,2023-05-10,例行賽,樂天桃猿,WdFR4,away,味全龍,3,4,9,0,0
ycIm8,CPBL-2023-sk,2023,一軍-3,2023-05-09,例行賽,富邦悍將,O2zA3,home,中信兄弟,1,7,5,0,0
ycIm8,CPBL-2023-sk,2023,一軍-3,2023-05-09,例行賽,中信兄弟,rSQKE,away,富邦悍將,7,1,8,0,1
9JZpl,CPBL-2023-sk,2023,一軍-3,2023-05-09,例行賽,味全龍,YdmwO,home,統一7-ELEVEn獅,2,2,9,0,
9JZpl,CPBL-2023-sk,2023,一軍-3,2023-05-09,例行賽,統一7-ELEVEn獅,BLJyr,away,味全龍,2,2,6,0,
C06So,CPBL-2023-sk,2023,一軍-3,2023-05-07,例行賽,中信兄弟,rSQKE,home,富邦悍將,3,1,10,0,1
C06So,CPBL-2023-sk,2023,一軍-3,2023-05-07,例行賽,富邦悍將,O2zA3,away,中信兄弟,1,3,6,0,0
YKcEV,CPBL-2023-sk,2023,一軍-3,2023-05-06,例行賽,樂天桃猿,WdFR4,home,味全龍,5,8,9,0,0
YKcEV,CPBL-2023-sk,2023,一軍-3,2023-05-06,例行賽,味全龍,YdmwO,away,樂天桃猿,8,5,13,0,1
tujaO,CPBL-2023-sk,2023,一軍-3,2023-05-06,例行賽,中信兄弟,rSQKE,home,富邦悍將,3,4,6,0,0
tujaO,CPBL-2023-sk,2023,一軍-3,2023-05-06,例行賽,富邦悍將,O2zA3,away,中信兄弟,4,3,4,0,1
Tt5HP,CPBL-2023-sk,2023,一軍-3,2023-05-05,例行賽,統一7-ELEVEn獅,BLJyr,home,味全龍,4,0,8,0,1
Tt5HP,CPBL-2023-sk,2023,一軍-3,2023-05-05,例行賽,味全龍,YdmwO,away,統一7-ELEVEn獅,0,4,7,0,0
aNBjv,CPBL-2023-sk,2023,一軍-3,2023-05-05,例行賽,中信兄弟,rSQKE,home,富邦悍將,4,7,8,0,0
aNBjv,CPBL-2023-sk,2023,一軍-3,2023-05-05,例行賽,富邦悍將,O2zA3,away,中信兄弟,7,4,14,0,1
L50bq,CPBL-2023-sk,2023,一軍-3,2023-05-04,例行賽,統一7-ELEVEn獅,BLJyr,home,味全龍,2,1,6,0,1
L50bq,CPBL-2023-sk,2023,一軍-3,2023-05-04,例行賽,味全龍,YdmwO,away,統一7-ELEVEn獅,1,2,5,0,0
oKKwq,CPBL-2023-sk,2023,一軍-3,2023-05-04,例行賽,樂天桃猿,WdFR4,home,中信兄弟,11,6,15,0,1
oKKwq,CPBL-2023-sk,2023,一軍-3,2023-05-04,例行賽,中信兄弟,rSQKE,away,樂天桃猿,6,11,12,0,0
EkBL5,CPBL-2023-sk,2023,一軍-3,2023-05-03,例行賽,統一7-ELEVEn獅,BLJyr,home,味全龍,4,7,7,0,0
EkBL5,CPBL-2023-sk,2023,一軍-3,2023-05-03,例行賽,味全龍,YdmwO,away,統一7-ELEVEn獅,7,4,10,0,1
grFtf,CPBL-2023-sk,2023,一軍-3,2023-05-03,例行賽,樂天桃猿,WdFR4,home,富邦悍將,2,1,5,0,1
grFtf,CPBL-2023-sk,2023,一軍-3,2023-05-03,例行賽,富邦悍將,O2zA3,away,樂天桃猿,1,2,6,0,0
q1SY3,CPBL-2023-sk,2023,一軍-3,2023-05-02,例行賽,統一7-ELEVEn獅,BLJyr,home,中信兄弟,8,2,13,0,1
q1SY3,CPBL-2023-sk,2023,一軍-3,2023-05-02,例行賽,中信兄弟,rSQKE,away,統一7-ELEVEn獅,2,8,8,0,0
WqxcD,CPBL-2023-sk,2023,一軍-3,2023-05-02,例行賽,樂天桃猿,WdFR4,home,富邦悍將,1,8,9,0,0
WqxcD,CPBL-2023-sk,2023,一軍-3,2023-05-02,例行賽,富邦悍將,O2zA3,away,樂天桃猿,8,1,11,0,1
EKAxF,CPBL-2023-sk,2023,一軍-3,2023-04-30,例行賽,味全龍,YdmwO,home,樂天桃猿,1,8,11,0,0
EKAxF,CPBL-2023-sk,2023,一軍-3,2023-04-30,例行賽,樂天桃猿,WdFR4,away,味全龍,8,1,17,0,1
ERNzm,CPBL-2023-sk,2023,一軍-3,2023-04-30,例行賽,富邦悍將,O2zA3,home,統一7-ELEVEn獅,0,7,2,0,0
ERNzm,CPBL-2023-sk,2023,一軍-3,2023-04-30,例行賽,統一7-ELEVEn獅,BLJyr,away,富邦悍將,7,0,16,0,1
d8nmB,CPBL-2023-sk,2023,一軍-3,2023-04-29,例行賽,味全龍,YdmwO,home,中信兄弟,4,7,8,0,0
d8nmB,CPBL-2023-sk,2023,一軍-3,2023-04-29,例行賽,中信兄弟,rSQKE,away,味全龍,7,4,10,0,1
agiGp,CPBL-2023-sk,2023,一軍-3,2023-04-29,例行賽,富邦悍將,O2zA3,home,統一7-ELEVEn獅,1,2,7,0,0
agiGp,CPBL-2023-sk,2023,一軍-3,2023-04-29,例行賽,統一7-ELEVEn獅,BLJyr,away,富邦悍將,2,1,7,0,1
NQFWn,CPBL-2023-sk,2023,一軍-3,2023-04-28,例行賽,樂天桃猿,WdFR4,home,中信兄弟,7,4,8,0,1
NQFWn,CPBL-2023-sk,2023,一軍-3,2023-04-28,例行賽,中信兄弟,rSQKE,away,樂天桃猿,4,7,11,0,0
kRWwH,CPBL-2023-sk,2023,一軍-3,2023-04-28,例行賽,富邦悍將,O2zA3,home,統一7-ELEVEn獅,3,1,7,0,1
kRWwH,CPBL-2023-sk,2023,一軍-3,2023-04-28,例行賽,統一7-ELEVEn獅,BLJyr,away,富邦悍將,1,3,7,0,0
EoxDD,CPBL-2023-sk,2023,一軍-3,2023-04-27,例行賽,樂天桃猿,WdFR4,home,中信兄弟,6,4,12,0,1
EoxDD,CPBL-2023-sk,2023,一軍-3,2023-04-27,例行賽,中信兄弟,rSQKE,away,樂天桃猿,4,6,7,0,0
jrz3q,CPBL-2023-sk,2023,一軍-3,2023-04-27,例行賽,味全龍,YdmwO,home,富邦悍將,9,2,11,0,1
jrz3q,CPBL-2023-sk,2023,一軍-3,2023-04-27,例行賽,富邦悍將,O2zA3,away,味全龍,2,9,6,0,0
9vV4K,CPBL-2023-sk,2023,一軍-3,2023-04-26,例行賽,樂天桃猿,WdFR4,home,中信兄弟,6,15,11,0,0
9vV4K,CPBL-2023-sk,2023,一軍-3,2023-04-26,例行賽,中信兄弟,rSQKE,away,樂天桃猿,15,6,15,0,1
CCpCC,CPBL-2023-sk,2023,一軍-3,2023-04-26,例行賽,味全龍,YdmwO,home,統一7-ELEVEn獅,2,1,2,0,1
CCpCC,CPBL-2023-sk,2023,一軍-3,2023-04-26,例行賽,統一7-ELEVEn獅,BLJyr,away,味全龍,1,2,7,0,0
7zfDu,CPBL-2023-sk,2023,一軍-3,2023-04-25,例行賽,樂天桃猿,WdFR4,home,富邦悍將,3,1,10,0,1
7zfDu,CPBL-2023-sk,2023,一軍-3,2023-04-25,例行賽,富邦悍將,O2zA3,away,樂天桃猿,1,3,2,0,0
qqaSs,CPBL-2023-sk,2023,一軍-3,2023-04-25,例行賽,味全龍,YdmwO,home,統一7-ELEVEn獅,3,7,4,0,0
qqaSs,CPBL-2023-sk,2023,一軍-3,2023-04-25,例行賽,統一7-ELEVEn獅,BLJyr,away,味全龍,7,3,13,0,1
9l12t,CPBL-2023-sk,2023,一軍-3,2023-04-24,例行賽,味全龍,YdmwO,home,富邦悍將,7,4,11,0,1
9l12t,CPBL-2023-sk,2023,一軍-3,2023-04-24,例行賽,富邦悍將,O2zA3,away,味全龍,4,7,8,0,0
fAtXB,CPBL-2023-sk,2023,一軍-3,2023-04-23,例行賽,統一7-ELEVEn獅,BLJyr,home,樂天桃猿,4,7,12,0,0
fAtXB,CPBL-2023-sk,2023,一軍-3,2023-04-23,例行賽,樂天桃猿,WdFR4,away,統一7-ELEVEn獅,7,4,10,0,1
nfI7a,CPBL-2023-sk,2023,一軍-3,2023-04-23,例行賽,中信兄弟,rSQKE,home,味全龍,2,7,8,0,0
nfI7a,CPBL-2023-sk,2023,一軍-3,2023-04-23,例行賽,味全龍,YdmwO,away,中信兄弟,7,2,10,0,1
B8tNu,CPBL-2023-sk,2023,一軍-3,2023-04-22,例行賽,統一7-ELEVEn獅,BLJyr,home,樂天桃猿,10,7,16,0,1
B8tNu,CPBL-2023-sk,2023,一軍-3,2023-04-22,例行賽,樂天桃猿,WdFR4,away,統一7-ELEVEn獅,7,10,14,0,0
CDfSg,CPBL-2023-sk,2023,一軍-3,2023-04-22,例行賽,中信兄弟,rSQKE,home,富邦悍將,3,3,6,0,
CDfSg,CPBL-2023-sk,2023,一軍-3,2023-04-22,例行賽,富邦悍將,O2zA3,away,中信兄弟,3,3,8,0,
JkYqJ,CPBL-2023-sk,2023,一軍-3,2023-04-21,例行賽,統一7-ELEVEn獅,BLJyr,home,樂天桃猿,22,2,17,0,1
JkYqJ,CPBL-2023-sk,2023,一軍-3,2023-04-21,例行賽,樂天桃猿,WdFR4,away,統一7-ELEVEn獅,2,22,9,0,0
yNzfa,CPBL-2023-sk,2023,一軍-3,2023-04-21,例行賽,味全龍,YdmwO,home,富邦悍將,3,2,7,0,1
yNzfa,CPBL-2023-sk,2023,一軍-3,2023-04-21,例行賽,富邦悍將,O2zA3,away,味全龍,2,3,5,0,0
HBmAv,CPBL-2023-sk,2023,一軍-3,2023-04-20,例行賽,中信兄弟,rSQKE,home,統一7-ELEVEn獅,2,4,6,0,0
HBmAv,CPBL-2023-sk,2023,一軍-3,2023-04-20,例行賽,統一7-ELEVEn獅,BLJyr,away,中信兄弟,4,2,10,0,1
HBMvI,CPBL-2023-sk,2023,一軍-3,2023-04-20,例行賽,味全龍,YdmwO,home,富邦悍將,2,3,8,0,0
HBMvI,CPBL-2023-sk,2023,一軍-3,2023-04-20,例行賽,富邦悍將,O2zA3,away,味全龍,3,2,11,0,1
c62Gx,CPBL-2023-sk,2023,一軍-3,2023-04-18,例行賽,中信兄弟,rSQKE,home,樂天桃猿,2,9,10,0,0
c62Gx,CPBL-2023-sk,2023,一軍-3,2023-04-18,例行賽,樂天桃猿,WdFR4,away,中信兄弟,9,2,15,0,1
rbVAq,CPBL-2023-sk,2023,一軍-3,2023-04-18,例行賽,味全龍,YdmwO,home,統一7-ELEVEn獅,3,10,8,0,0
rbVAq,CPBL-2023-sk,2023,一軍-3,2023-04-18,例行賽,統一7-ELEVEn獅,BLJyr,away,味全龍,10,3,13,0,1
jlSfL,CPBL-2023-sk,2023,一軍-3,2023-04-16,例行賽,富邦悍將,O2zA3,home,中信兄弟,9,2,12,0,1
jlSfL,CPBL-2023-sk,2023,一軍-3,2023-04-16,例行賽,中信兄弟,rSQKE,away,富邦悍將,2,9,6,0,0
L78JV,CPBL-2023-sk,2023,一軍-3,2023-04-16,例行賽,樂天桃猿,WdFR4,home,味全龍,0,4,5,0,0
L78JV,CPBL-2023-sk,2023,一軍-3,2023-04-16,例行賽,味全龍,YdmwO,away,樂天桃猿,4,0,9,0,1
lXvaD,CPBL-2023-sk,2023,一軍-3,2023-04-15,例行賽,富邦悍將,O2zA3,home,統一7-ELEVEn獅,9,0,15,0,1
lXvaD,CPBL-2023-sk,2023,一軍-3,2023-04-15,例行賽,統一7-ELEVEn獅,BLJyr,away,富邦悍將,0,9,5,0,0
1H9L5,CPBL-2023-sk,2023,一軍-3,2023-04-15,例行賽,樂天桃猿,WdFR4,home,味全龍,4,5,14,0,0
1H9L5,CPBL-2023-sk,2023,一軍-3,2023-04-15,例行賽,味全龍,YdmwO,away,樂天桃猿,5,4,10,0,1
es5Wx,CPBL-2023-sk,2023,一軍-3,2023-04-14,例行賽,中信兄弟,rSQKE,home,統一7-ELEVEn獅,8,5,9,0,1
es5Wx,CPBL-2023-sk,2023,一軍-3,2023-04-14,例行賽,統一7-ELEVEn獅,BLJyr,away,中信兄弟,5,8,17,0,0
zVRfV,CPBL-2023-sk,2023,一軍-3,2023-04-14,例行賽,樂天桃猿,WdFR4,home,味全龍,3,8,10,0,0
zVRfV,CPBL-2023-sk,2023,一軍-3,2023-04-14,例行賽,味全龍,YdmwO,away,樂天桃猿,8,3,17,0,1
NQWDP,CPBL-2023-sk,2023,一軍-3,2023-04-13,例行賽,中信兄弟,rSQKE,home,統一7-ELEVEn獅,6,2,12,0,1
NQWDP,CPBL-2023-sk,2023,一軍-3,2023-04-13,例行賽,統一7-ELEVEn獅,BLJyr,away,中信兄弟,2,6,7,0,0
xsYcE,CPBL-2023-sk,2023,一軍-3,2023-04-13,例行賽,富邦悍將,O2zA3,home,樂天桃猿,3,9,8,0,0
xsYcE,CPBL-2023-sk,2023,一軍-3,2023-04-13,例行賽,樂天桃猿,WdFR4,away,富邦悍將,9,3,14,0,1
dJtjv,CPBL-2023-sk,2023,一軍-3,2023-04-12,例行賽,中信兄弟,rSQKE,home,統一7-ELEVEn獅,1,0,6,0,1
dJtjv,CPBL-2023-sk,2023,一軍-3,2023-04-12,例行賽,統一7-ELEVEn獅,BLJyr,away,中信兄弟,0,1,6,0,0
y81m8,CPBL-2023-sk,2023,一軍-3,2023-04-12,例行賽,富邦悍將,O2zA3,home,味全龍,6,5,11,0,1
y81m8,CPBL-2023-sk,2023,一軍-3,2023-04-12,例行賽,味全龍,YdmwO,away,富邦悍將,5,6,11,0,0
suKN1,CPBL-2023-sk,2023,一軍-3,2023-04-11,例行賽,富邦悍將,O2zA3,home,味全龍,9,1,13,0,1
suKN1,CPBL-2023-sk,2023,一軍-3,2023-04-11,例行賽,味全龍,YdmwO,away,富邦悍將,1,9,5,0,0
jlbBv,CPBL-2023-sk,2023,一軍-3,2023-04-09,例行賽,統一7-ELEVEn獅,BLJyr,home,富邦悍將,2,1,1,0,1
jlbBv,CPBL-2023-sk,2023,一軍-3,2023-04-09,例行賽,富邦悍將,O2zA3,away,統一7-ELEVEn獅,1,2,1,0,0
sOnUV,CPBL-2023-sk,2023,一軍-3,2023-04-09,例行賽,味全龍,YdmwO,home,中信兄弟,4,5,8,0,0
sOnUV,CPBL-2023-sk,2023,一軍-3,2023-04-09,例行賽,中信兄弟,rSQKE,away,味全龍,5,4,5,0,1
rRdQh,CPBL-2023-sk,2023,一軍-3,2023-04-08,例行賽,統一7-ELEVEn獅,BLJyr,home,樂天桃猿,5,3,8,0,1
rRdQh,CPBL-2023-sk,2023,一軍-3,2023-04-08,例行賽,樂天桃猿,WdFR4,away,統一7-ELEVEn獅,3,5,8,0,0
QSp3y,CPBL-2023-sk,2023,一軍-3,2023-04-08,例行賽,味全龍,YdmwO,home,中信兄弟,7,1,9,0,1
QSp3y,CPBL-2023-sk,2023,一軍-3,2023-04-08,例行賽,中信兄弟,rSQKE,away,味全龍,1,7,2,0,0
OyMxi,CPBL-2023-sk,2023,一軍-3,2023-04-07,例行賽,富邦悍將,O2zA3,home,樂天桃猿,0,4,3,0,0
OyMxi,CPBL-2023-sk,2023,一軍-3,2023-04-07,例行賽,樂天桃猿,WdFR4,away,富邦悍將,4,0,12,0,1
PXfcj,CPBL-2023-sk,2023,一軍-3,2023-04-07,例行賽,味全龍,YdmwO,home,中信兄弟,6,4,6,0,1
PXfcj,CPBL-2023-sk,2023,一軍-3,2023-04-07,例行賽,中信兄弟,rSQKE,away,味全龍,4,6,6,0,0
3oDf1,CPBL-2023-sk,2023,一軍-3,2023-04-05,例行賽,富邦悍將,O2zA3,home,樂天桃猿,4,5,11,0,0
3oDf1,CPBL-2023-sk,2023,一軍-3,2023-04-05,例行賽,樂天桃猿,WdFR4,away,富邦悍將,5,4,9,0,1
T3NSU,CPBL-2023-sk,2023,一軍-3,2023-04-05,例行賽,統一7-ELEVEn獅,BLJyr,home,味全龍,3,1,6,0,1
T3NSU,CPBL-2023-sk,2023,一軍-3,2023-04-05,例行賽,味全龍,YdmwO,away,統一7-ELEVEn獅,1,3,4,0,0
esyUR,CPBL-2023-sk,2023,一軍-3,2023-04-04,例行賽,富邦悍將,O2zA3,home,樂天桃猿,7,10,13,0,0
esyUR,CPBL-2023-sk,2023,一軍-3,2023-04-04,例行賽,樂天桃猿,WdFR4,away,富邦悍將,10,7,16,0,1
JgY5r,CPBL-2023-sk,2023,一軍-3,2023-04-04,例行賽,統一7-ELEVEn獅,BLJyr,home,中信兄弟,1,0,8,0,1
JgY5r,CPBL-2023-sk,2023,一軍-3,2023-04-04,例行賽,中信兄弟,rSQKE,away,統一7-ELEVEn獅,0,1,3,0,0
cFM2e,CPBL-2023-sk,2023,一軍-3,2023-04-03,例行賽,富邦悍將,O2zA3,home,味全龍,3,2,11,0,1
cFM2e,CPBL-2023-sk,2023,一軍-3,2023-04-03,例行賽,味全龍,YdmwO,away,富邦悍將,2,3,6,0,0
nFCq1,CPBL-2023-sk,2023,一軍-3,2023-04-03,例行賽,統一7-ELEVEn獅,BLJyr,home,中信兄弟,0,7,5,0,0
nFCq1,CPBL-2023-sk,2023,一軍-3,2023-04-03,例行賽,中信兄弟,rSQKE,away,統一7-ELEVEn獅,7,0,14,0,1
K17K0,CPBL-2023-sk,2023,一軍-3,2023-04-02,例行賽,樂天桃猿,WdFR4,home,富邦悍將,3,3,10,0,
K17K0,CPBL-2023-sk,2023,一軍-3,2023-04-02,例行賽,富邦悍將,O2zA3,away,樂天桃猿,3,3,11,0,
waHQI,CPBL-2023-sk,2023,一軍-3,2023-04-02,例行賽,中信兄弟,rSQKE,home,味全龍,5,7,9,0,0
waHQI,CPBL-2023-sk,2023,一軍-3,2023-04-02,例行賽,味全龍,YdmwO,away,中信兄弟,7,5,16,0,1
wYz6h,CPBL-2023-sk,2023,一軍-3,2023-04-01,例行賽,中信兄弟,rSQKE,home,樂天桃猿,1,4,6,0,0
wYz6h,CPBL-2023-sk,2023,一軍-3,2023-04-01,例行賽,樂天桃猿,WdFR4,away,中信兄弟,4,1,9,0,1
MMgs8,CPBL-2023-yB,2023,一軍-4,2023-03-29,春訓,中信兄弟,oKPJU,home,台鋼雄鷹,4,5,11,0,0
MMgs8,CPBL-2023-yB,2023,一軍-4,2023-03-29,春訓,台鋼雄鷹,1Kf5W,away,中信兄弟,5,4,8,0,1
kLybN,CPBL-2023-yB,2023,一軍-4,2023-03-29,春訓,樂天桃猿,KUqxu,home,富邦悍將,1,5,9,0,0
kLybN,CPBL-2023-yB,2023,一軍-4,2023-03-29,春訓,富邦悍將,vNE5x,away,樂天桃猿,5,1,10,0,1
xgfoe,CPBL-2023-yB,2023,一軍-4,2023-03-29,春訓,味全龍,dChO2,home,統一7-ELEVEn獅,1,1,5,0,
xgfoe,CPBL-2023-yB,2023,一軍-4,2023-03-29,春訓,統一7-ELEVEn獅,tdOwa,away,味全龍,1,1,12,0,
B9PRi,CPBL-2023-yB,2023,一軍-4,2023-03-28,春訓,台鋼雄鷹,1Kf5W,home,統一7-ELEVEn獅,5,6,14,0,0
B9PRi,CPBL-2023-yB,2023,一軍-4,2023-03-28,春訓,統一7-ELEVEn獅,tdOwa,away,台鋼雄鷹,6,5,11,0,1
PRPD5,CPBL-2023-yB,2023,一軍-4,2023-03-28,春訓,富邦悍將,vNE5x,home,中信兄弟,1,0,8,0,1
PRPD5,CPBL-2023-yB,2023,一軍-4,2023-03-28,春訓,中信兄弟,oKPJU,away,富邦悍將,0,1,2,0,0
AsTky,CPBL-2023-yB,2023,一軍-4,2023-03-28,春訓,樂天桃猿,KUqxu,home,味全龍,5,6,4,0,0
AsTky,CPBL-2023-yB,2023,一軍-4,2023-03-28,春訓,味全龍,dChO2,away,樂天桃猿,6,5,8,0,1
bMhsL,CPBL-2023-yB,2023,一軍-4,2023-03-27,春訓,台鋼雄鷹,1Kf5W,home,統一7-ELEVEn獅,4,10,7,0,0
bMhsL,CPBL-2023-yB,2023,一軍-4,2023-03-27,春訓,統一7-ELEVEn獅,tdOwa,away,台鋼雄鷹,10,4,18,0,1
9jRZU,CPBL-2023-yB,2023,一軍-4,2023-03-27,春訓,富邦悍將,vNE5x,home,中信兄弟,10,3,12,0,1
9jRZU,CPBL-2023-yB,2023,一軍-4,2023-03-27,春訓,中信兄弟,oKPJU,away,富邦悍將,3,10,9,0,0
avsS6,CPBL-2023-yB,2023,一軍-4,2023-03-27,春訓,樂天桃猿,KUqxu,home,味全龍,1,4,7,0,0
avsS6,CPBL-2023-yB,2023,一軍-4,2023-03-27,春訓,味全龍,dChO2,away,樂天桃猿,4,1,8,0,1
l2dtc,CPBL-2023-yB,2023,一軍-4,2023-03-25,春訓,台鋼雄鷹,1Kf5W,home,味全龍,4,5,6,0,0
l2dtc,CPBL-2023-yB,2023,一軍-4,2023-03-25,春訓,味全龍,dChO2,away,台鋼雄鷹,5,4,7,0,1
kB4Tw,CPBL-2023-yB,2023,一軍-4,2023-03-25,春訓,統一7-ELEVEn獅,tdOwa,home,富邦悍將,4,3,12,0,1
kB4Tw,CPBL-2023-yB,2023,一軍-4,2023-03-25,春訓,富邦悍將,vNE5x,away,統一7-ELEVEn獅,3,4,6,0,0
AV6BW,CPBL-2023-yB,2023,一軍-4,2023-03-24,春訓,台鋼雄鷹,1Kf5W,home,味全龍,0,2,3,0,0
AV6BW,CPBL-2023-yB,2023,一軍-4,2023-03-24,春訓,味全龍,dChO2,away,台鋼雄鷹,2,0,8,0,1
L9KFn,CPBL-2023-yB,2023,一軍-4,2023-03-24,春訓,統一7-ELEVEn獅,tdOwa,home,富邦悍將,4,5,7,0,0
L9KFn,CPBL-2023-yB,2023,一軍-4,2023-03-24,春訓,富邦悍將,vNE5x,away,統一7-ELEVEn獅,5,4,9,0,1
6iorA,CPBL-2023-yB,2023,一軍-4,2023-03-24,春訓,中信兄弟,oKPJU,home,樂天桃猿,3,2,10,0,1
6iorA,CPBL-2023-yB,2023,一軍-4,2023-03-24,春訓,樂天桃猿,KUqxu,away,中信兄弟,2,3,10,0,0
6NQwx,CPBL-2023-yB,2023,一軍-4,2023-03-23,春訓,樂天桃猿,KUqxu,home,台鋼雄鷹,16,1,10,0,1
6NQwx,CPBL-2023-yB,2023,一軍-4,2023-03-23,春訓,台鋼雄鷹,1Kf5W,away,樂天桃猿,1,16,9,0,0
nty6A,CPBL-2023-yB,2023,一軍-4,2023-03-23,春訓,味全龍,dChO2,home,富邦悍將,3,8,11,0,0
nty6A,CPBL-2023-yB,2023,一軍-4,2023-03-23,春訓,富邦悍將,vNE5x,away,味全龍,8,3,14,0,1
vzHp2,CPBL-2023-yB,2023,一軍-4,2023-03-22,春訓,中信兄弟,oKPJU,home,統一7-ELEVEn獅,6,3,11,0,1
vzHp2,CPBL-2023-yB,2023,一軍-4,2023-03-22,春訓,統一7-ELEVEn獅,tdOwa,away,中信兄弟,3,6,9,0,0
aVjd2,CPBL-2023-yB,2023,一軍-4,2023-03-22,春訓,味全龍,dChO2,home,富邦悍將,3,10,8,0,0
aVjd2,CPBL-2023-yB,2023,一軍-4,2023-03-22,春訓,富邦悍將,vNE5x,away,味全龍,10,3,17,0,1
OjzyO,CPBL-2023-yB,2023,一軍-4,2023-03-21,春訓,中信兄弟,oKPJU,home,統一7-ELEVEn獅,22,5,22,0,1
OjzyO,CPBL-2023-yB,2023,一軍-4,2023-03-21,春訓,統一7-ELEVEn獅,tdOwa,away,中信兄弟,5,22,10,0,0
okv3J,CPBL-2023-yB,2023,一軍-4,2023-03-21,春訓,樂天桃猿,KUqxu,home,台鋼雄鷹,6,0,9,0,1
okv3J,CPBL-2023-yB,2023,一軍-4,2023-03-21,春訓,台鋼雄鷹,1Kf5W,away,樂天桃猿,0,6,7,0,0
laFX4,CPBL-2023-yB,2023,一軍-4,2023-03-19,春訓,富邦悍將,vNE5x,home,台鋼雄鷹,4,0,8,0,1
laFX4,CPBL-2023-yB,2023,一軍-4,2023-03-19,春訓,台鋼雄鷹,1Kf5W,away,富邦悍將,0,4,2,0,0
f6rd2,CPBL-2023-yB,2023,一軍-4,2023-03-19,春訓,統一7-ELEVEn獅,tdOwa,home,樂天桃猿,10,1,14,0,1
f6rd2,CPBL-2023-yB,2023,一軍-4,2023-03-19,春訓,樂天桃猿,KUqxu,away,統一7-ELEVEn獅,1,10,8,0,0
GjzML,CPBL-2023-yB,2023,一軍-4,2023-03-19,春訓,味全龍,dChO2,home,中信兄弟,4,5,10,0,0
GjzML,CPBL-2023-yB,2023,一軍-4,2023-03-19,春訓,中信兄弟,oKPJU,away,味全龍,5,4,9,0,1
tPFAp,CPBL-2023-yB,2023,一軍-4,2023-03-18,春訓,富邦悍將,vNE5x,home,台鋼雄鷹,9,7,10,0,1
tPFAp,CPBL-2023-yB,2023,一軍-4,2023-03-18,春訓,台鋼雄鷹,1Kf5W,away,富邦悍將,7,9,11,0,0
B3XST,CPBL-2023-yB,2023,一軍-4,2023-03-18,春訓,統一7-ELEVEn獅,tdOwa,home,樂天桃猿,0,2,3,0,0
B3XST,CPBL-2023-yB,2023,一軍-4,2023-03-18,春訓,樂天桃猿,KUqxu,away,統一7-ELEVEn獅,2,0,7,0,1
NgYDA,CPBL-2023-yB,2023,一軍-4,2023-03-18,春訓,味全龍,dChO2,home,中信兄弟,2,9,2,0,0
NgYDA,CPBL-2023-yB,2023,一軍-4,2023-03-18,春訓,中信兄弟,oKPJU,away,味全龍,9,2,11,0,1
B5zRs,CPBL-2023-yB,2023,一軍-4,2023-03-17,春訓,台鋼雄鷹,1Kf5W,home,中信兄弟,2,7,7,0,0
B5zRs,CPBL-2023-yB,2023,一軍-4,2023-03-17,春訓,中信兄弟,oKPJU,away,台鋼雄鷹,7,2,8,0,1
7Cnr8,CPBL-2023-yB,2023,一軍-4,2023-03-17,春訓,富邦悍將,vNE5x,home,樂天桃猿,1,4,8,0,0
7Cnr8,CPBL-2023-yB,2023,一軍-4,2023-03-17,春訓,樂天桃猿,KUqxu,away,富邦悍將,4,1,8,0,1
gMU6f,CPBL-2023-yB,2023,一軍-4,2023-03-17,春訓,統一7-ELEVEn獅,tdOwa,home,味全龍,0,8,2,0,0
gMU6f,CPBL-2023-yB,2023,一軍-4,2023-03-17,春訓,味全龍,dChO2,away,統一7-ELEVEn獅,8,0,9,0,1
Hbz5Q,CPBL-2022-dG,2022,一軍,2022-10-26,例行賽,富邦悍將,EAjkg,home,統一7-ELEVEn獅,2,1,5,0,1
Hbz5Q,CPBL-2022-dG,2022,一軍,2022-10-26,例行賽,統一7-ELEVEn獅,sIhGz,away,富邦悍將,1,2,3,0,0
88OmL,CPBL-2022-dG,2022,一軍,2022-10-25,例行賽,樂天桃猿,qDCGm,home,富邦悍將,2,6,8,0,0
88OmL,CPBL-2022-dG,2022,一軍,2022-10-25,例行賽,富邦悍將,EAjkg,away,樂天桃猿,6,2,12,0,1
32aGS,CPBL-2022-dG,2022,一軍,2022-10-25,例行賽,味全龍,7vHtn,home,統一7-ELEVEn獅,4,4,10,0,
32aGS,CPBL-2022-dG,2022,一軍,2022-10-25,例行賽,統一7-ELEVEn獅,sIhGz,away,味全龍,4,4,13,0,
lxSpN,CPBL-2022-dG,2022,一軍,2022-10-24,例行賽,味全龍,7vHtn,home,富邦悍將,3,0,8,0,1
lxSpN,CPBL-2022-dG,2022,一軍,2022-10-24,例行賽,富邦悍將,EAjkg,away,味全龍,0,3,4,0,0
eIDCN,CPBL-2022-dG,2022,一軍,2022-10-23,例行賽,富邦悍將,EAjkg,home,統一7-ELEVEn獅,4,1,9,0,1
eIDCN,CPBL-2022-dG,2022,一軍,2022-10-23,例行賽,統一7-ELEVEn獅,sIhGz,away,富邦悍將,1,4,4,0,0
eVRVc,CPBL-2022-dG,2022,一軍,2022-10-23,例行賽,樂天桃猿,qDCGm,home,中信兄弟,6,8,12,0,0
eVRVc,CPBL-2022-dG,2022,一軍,2022-10-23,例行賽,中信兄弟,X4hc7,away,樂天桃猿,8,6,15,0,1
e3wsp,CPBL-2022-dG,2022,一軍,2022-10-22,例行賽,樂天桃猿,qDCGm,home,味全龍,5,5,13,0,
e3wsp,CPBL-2022-dG,2022,一軍,2022-10-22,例行賽,味全龍,7vHtn,away,樂天桃猿,5,5,13,0,
RQA0F,CPBL-2022-dG,2022,一軍,2022-10-21,例行賽,富邦悍將,EAjkg,home,統一7-ELEVEn獅,5,3,8,0,1
RQA0F,CPBL-2022-dG,2022,一軍,2022-10-21,例行賽,統一7-ELEVEn獅,sIhGz,away,富邦悍將,3,5,9,0,0
n32rH,CPBL-2022-dG,2022,一軍,2022-10-21,例行賽,中信兄弟,X4hc7,home,味全龍,0,2,5,0,0
n32rH,CPBL-2022-dG,2022,一軍,2022-10-21,例行賽,味全龍,7vHtn,away,中信兄弟,2,0,4,0,1
xeCLY,CPBL-2022-dG,2022,一軍,2022-10-20,例行賽,樂天桃猿,qDCGm,home,統一7-ELEVEn獅,4,0,13,0,1
xeCLY,CPBL-2022-dG,2022,一軍,2022-10-20,例行賽,統一7-ELEVEn獅,sIhGz,away,樂天桃猿,0,4,6,0,0
U0wNJ,CPBL-2022-dG,2022,一軍,2022-10-20,例行賽,中信兄弟,X4hc7,home,味全龍,5,11,9,0,0
U0wNJ,CPBL-2022-dG,2022,一軍,2022-10-20,例行賽,味全龍,7vHtn,away,中信兄弟,11,5,16,0,1
KCMpD,CPBL-2022-dG,2022,一軍,2022-10-19,例行賽,味全龍,7vHtn,home,中信兄弟,3,8,12,0,0
KCMpD,CPBL-2022-dG,2022,一軍,2022-10-19,例行賽,中信兄弟,X4hc7,away,味全龍,8,3,12,0,1
miEZE,CPBL-2022-dG,2022,一軍,2022-10-19,例行賽,統一7-ELEVEn獅,sIhGz,home,樂天桃猿,7,6,14,0,1
miEZE,CPBL-2022-dG,2022,一軍,2022-10-19,例行賽,樂天桃猿,qDCGm,away,統一7-ELEVEn獅,6,7,11,0,0
cq0Jf,CPBL-2022-dG,2022,一軍,2022-10-18,例行賽,富邦悍將,EAjkg,home,樂天桃猿,2,1,8,0,1
cq0Jf,CPBL-2022-dG,2022,一軍,2022-10-18,例行賽,樂天桃猿,qDCGm,away,富邦悍將,1,2,5,0,0
tXjh1,CPBL-2022-dG,2022,一軍,2022-10-17,例行賽,富邦悍將,EAjkg,home,樂天桃猿,4,9,11,0,0
tXjh1,CPBL-2022-dG,2022,一軍,2022-10-17,例行賽,樂天桃猿,qDCGm,away,富邦悍將,9,4,13,0,1
DS1UX,CPBL-2022-dG,2022,一軍,2022-10-16,例行賽,中信兄弟,X4hc7,home,統一7-ELEVEn獅,6,4,8,0,1
DS1UX,CPBL-2022-dG,2022,一軍,2022-10-16,例行賽,統一7-ELEVEn獅,sIhGz,away,中信兄弟,4,6,9,0,0
lUSbD,CPBL-2022-dG,2022,一軍,2022-10-15,例行賽,味全龍,7vHtn,home,統一7-ELEVEn獅,1,2,8,0,0
lUSbD,CPBL-2022-dG,2022,一軍,2022-10-15,例行賽,統一7-ELEVEn獅,sIhGz,away,味全龍,2,1,8,0,1
qqKu8,CPBL-2022-dG,2022,一軍,2022-10-14,例行賽,樂天桃猿,qDCGm,home,味全龍,9,5,13,0,1
qqKu8,CPBL-2022-dG,2022,一軍,2022-10-14,例行賽,味全龍,7vHtn,away,樂天桃猿,5,9,10,0,0
6ooPW,CPBL-2022-dG,2022,一軍,2022-10-14,例行賽,中信兄弟,X4hc7,home,富邦悍將,2,4,8,0,0
6ooPW,CPBL-2022-dG,2022,一軍,2022-10-14,例行賽,富邦悍將,EAjkg,away,中信兄弟,4,2,8,0,1
HjBUA,CPBL-2022-dG,2022,一軍,2022-10-13,例行賽,中信兄弟,X4hc7,home,富邦悍將,6,3,10,0,1
HjBUA,CPBL-2022-dG,2022,一軍,2022-10-13,例行賽,富邦悍將,EAjkg,away,中信兄弟,3,6,6,0,0
6DR47,CPBL-2022-dG,2022,一軍,2022-10-12,例行賽,富邦悍將,EAjkg,home,中信兄弟,3,4,5,0,0
6DR47,CPBL-2022-dG,2022,一軍,2022-10-12,例行賽,中信兄弟,X4hc7,away,富邦悍將,4,3,9,0,1
tfmxE,CPBL-2022-dG,2022,一軍,2022-10-12,例行賽,統一7-ELEVEn獅,sIhGz,home,樂天桃猿,2,3,8,0,0
tfmxE,CPBL-2022-dG,2022,一軍,2022-10-12,例行賽,樂天桃猿,qDCGm,away,統一7-ELEVEn獅,3,2,8,0,1
JxvzR,CPBL-2022-dG,2022,一軍,2022-10-11,例行賽,統一7-ELEVEn獅,sIhGz,home,樂天桃猿,1,3,5,0,0
JxvzR,CPBL-2022-dG,2022,一軍,2022-10-11,例行賽,樂天桃猿,qDCGm,away,統一7-ELEVEn獅,3,1,7,0,1
S1JZJ,CPBL-2022-dG,2022,一軍,2022-10-10,例行賽,樂天桃猿,qDCGm,home,中信兄弟,2,4,6,0,0
S1JZJ,CPBL-2022-dG,2022,一軍,2022-10-10,例行賽,中信兄弟,X4hc7,away,樂天桃猿,4,2,13,0,1
dYsVv,CPBL-2022-dG,2022,一軍,2022-10-10,例行賽,富邦悍將,EAjkg,home,味全龍,3,0,9,0,1
dYsVv,CPBL-2022-dG,2022,一軍,2022-10-10,例行賽,味全龍,7vHtn,away,富邦悍將,0,3,4,0,0
0oCEZ,CPBL-2022-dG,2022,一軍,2022-10-09,例行賽,樂天桃猿,qDCGm,home,中信兄弟,4,13,11,0,0
0oCEZ,CPBL-2022-dG,2022,一軍,2022-10-09,例行賽,中信兄弟,X4hc7,away,樂天桃猿,13,4,19,0,1
PgG6n,CPBL-2022-dG,2022,一軍,2022-10-09,例行賽,味全龍,7vHtn,home,統一7-ELEVEn獅,2,0,7,0,1
PgG6n,CPBL-2022-dG,2022,一軍,2022-10-09,例行賽,統一7-ELEVEn獅,sIhGz,away,味全龍,0,2,4,0,0
1cvAL,CPBL-2022-dG,2022,一軍,2022-10-08,例行賽,富邦悍將,EAjkg,home,中信兄弟,1,1,9,0,
1cvAL,CPBL-2022-dG,2022,一軍,2022-10-08,例行賽,中信兄弟,X4hc7,away,富邦悍將,1,1,3,0,
WtQV1,CPBL-2022-dG,2022,一軍,2022-10-08,例行賽,味全龍,7vHtn,home,樂天桃猿,5,10,11,0,0
WtQV1,CPBL-2022-dG,2022,一軍,2022-10-08,例行賽,樂天桃猿,qDCGm,away,味全龍,10,5,15,0,1
U2btY,CPBL-2022-dG,2022,一軍,2022-10-07,例行賽,富邦悍將,EAjkg,home,統一7-ELEVEn獅,5,4,9,0,1
U2btY,CPBL-2022-dG,2022,一軍,2022-10-07,例行賽,統一7-ELEVEn獅,sIhGz,away,富邦悍將,4,5,9,0,0
5lOcA,CPBL-2022-dG,2022,一軍,2022-10-07,例行賽,味全龍,7vHtn,home,樂天桃猿,6,1,10,0,1
5lOcA,CPBL-2022-dG,2022,一軍,2022-10-07,例行賽,樂天桃猿,qDCGm,away,味全龍,1,6,3,0,0
xs9ul,CPBL-2022-dG,2022,一軍,2022-10-06,例行賽,富邦悍將,EAjkg,home,統一7-ELEVEn獅,11,10,12,0,1
xs9ul,CPBL-2022-dG,2022,一軍,2022-10-06,例行賽,統一7-ELEVEn獅,sIhGz,away,富邦悍將,10,11,16,0,0
20Rjt,CPBL-2022-dG,2022,一軍,2022-10-05,例行賽,統一7-ELEVEn獅,sIhGz,home,中信兄弟,1,9,10,0,0
20Rjt,CPBL-2022-dG,2022,一軍,2022-10-05,例行賽,中信兄弟,X4hc7,away,統一7-ELEVEn獅,9,1,13,0,1
uyjmF,CPBL-2022-dG,2022,一軍,2022-10-05,例行賽,味全龍,7vHtn,home,富邦悍將,2,1,4,0,1
uyjmF,CPBL-2022-dG,2022,一軍,2022-10-05,例行賽,富邦悍將,EAjkg,away,味全龍,1,2,4,0,0
8Htem,CPBL-2022-dG,2022,一軍,2022-10-04,例行賽,統一7-ELEVEn獅,sIhGz,home,中信兄弟,2,9,7,0,0
8Htem,CPBL-2022-dG,2022,一軍,2022-10-04,例行賽,中信兄弟,X4hc7,away,統一7-ELEVEn獅,9,2,14,0,1
Yd7yG,CPBL-2022-dG,2022,一軍,2022-10-04,例行賽,樂天桃猿,qDCGm,home,味全龍,2,5,6,0,0
Yd7yG,CPBL-2022-dG,2022,一軍,2022-10-04,例行賽,味全龍,7vHtn,away,樂天桃猿,5,2,9,0,1
JcbHw,CPBL-2022-dG,2022,一軍,2022-10-02,例行賽,統一7-ELEVEn獅,sIhGz,home,樂天桃猿,7,1,8,0,1
JcbHw,CPBL-2022-dG,2022,一軍,2022-10-02,例行賽,樂天桃猿,qDCGm,away,統一7-ELEVEn獅,1,7,5,0,0
fnSoz,CPBL-2022-dG,2022,一軍,2022-10-02,例行賽,富邦悍將,EAjkg,home,味全龍,0,6,2,0,0
fnSoz,CPBL-2022-dG,2022,一軍,2022-10-02,例行賽,味全龍,7vHtn,away,富邦悍將,6,0,12,0,1
X9TyH,CPBL-2022-dG,2022,一軍,2022-10-01,例行賽,統一7-ELEVEn獅,sIhGz,home,富邦悍將,1,2,5,0,0
X9TyH,CPBL-2022-dG,2022,一軍,2022-10-01,例行賽,富邦悍將,EAjkg,away,統一7-ELEVEn獅,2,1,10,0,1
tiVen,CPBL-2022-dG,2022,一軍,2022-10-01,例行賽,中信兄弟,X4hc7,home,味全龍,9,8,11,0,1
tiVen,CPBL-2022-dG,2022,一軍,2022-10-01,例行賽,味全龍,7vHtn,away,中信兄弟,8,9,12,0,0
W1Ppz,CPBL-2022-dG,2022,一軍,2022-09-30,例行賽,統一7-ELEVEn獅,sIhGz,home,富邦悍將,1,4,7,0,0
W1Ppz,CPBL-2022-dG,2022,一軍,2022-09-30,例行賽,富邦悍將,EAjkg,away,統一7-ELEVEn獅,4,1,11,0,1
xDoOZ,CPBL-2022-dG,2022,一軍,2022-09-30,例行賽,中信兄弟,X4hc7,home,味全龍,3,0,8,0,1
xDoOZ,CPBL-2022-dG,2022,一軍,2022-09-30,例行賽,味全龍,7vHtn,away,中信兄弟,0,3,4,0,0
d2eCJ,CPBL-2022-dG,2022,一軍,2022-09-29,例行賽,中信兄弟,X4hc7,home,樂天桃猿,1,3,8,0,0
d2eCJ,CPBL-2022-dG,2022,一軍,2022-09-29,例行賽,樂天桃猿,qDCGm,away,中信兄弟,3,1,8,0,1
Ohg4D,CPBL-2022-dG,2022,一軍,2022-09-29,例行賽,統一7-ELEVEn獅,sIhGz,home,味全龍,7,11,11,0,0
Ohg4D,CPBL-2022-dG,2022,一軍,2022-09-29,例行賽,味全龍,7vHtn,away,統一7-ELEVEn獅,11,7,13,0,1
ZnnaV,CPBL-2022-dG,2022,一軍,2022-09-28,例行賽,中信兄弟,X4hc7,home,樂天桃猿,5,2,9,0,1
ZnnaV,CPBL-2022-dG,2022,一軍,2022-09-28,例行賽,樂天桃猿,qDCGm,away,中信兄弟,2,5,6,0,0
B8ljQ,CPBL-2022-dG,2022,一軍,2022-09-28,例行賽,味全龍,7vHtn,home,富邦悍將,3,2,7,0,1
B8ljQ,CPBL-2022-dG,2022,一軍,2022-09-28,例行賽,富邦悍將,EAjkg,away,味全龍,2,3,7,0,0
TczKg,CPBL-2022-dG,2022,一軍,2022-09-27,例行賽,中信兄弟,X4hc7,home,統一7-ELEVEn獅,4,2,7,0,1
TczKg,CPBL-2022-dG,2022,一軍,2022-09-27,例行賽,統一7-ELEVEn獅,sIhGz,away,中信兄弟,2,4,7,0,0
weqq2,CPBL-2022-dG,2022,一軍,2022-09-27,例行賽,樂天桃猿,qDCGm,home,富邦悍將,2,3,6,0,0
weqq2,CPBL-2022-dG,2022,一軍,2022-09-27,例行賽,富邦悍將,EAjkg,away,樂天桃猿,3,2,9,0,1
uevGN,CPBL-2022-dG,2022,一軍,2022-09-25,例行賽,統一7-ELEVEn獅,sIhGz,home,味全龍,2,4,4,0,0
uevGN,CPBL-2022-dG,2022,一軍,2022-09-25,例行賽,味全龍,7vHtn,away,統一7-ELEVEn獅,4,2,7,0,1
FGFGL,CPBL-2022-dG,2022,一軍,2022-09-25,例行賽,富邦悍將,EAjkg,home,樂天桃猿,2,8,11,0,0
FGFGL,CPBL-2022-dG,2022,一軍,2022-09-25,例行賽,樂天桃猿,qDCGm,away,富邦悍將,8,2,13,0,1
IZTrj,CPBL-2022-dG,2022,一軍,2022-09-24,例行賽,統一7-ELEVEn獅,sIhGz,home,味全龍,4,5,8,0,0
IZTrj,CPBL-2022-dG,2022,一軍,2022-09-24,例行賽,味全龍,7vHtn,away,統一7-ELEVEn獅,5,4,7,0,1
oU4cw,CPBL-2022-dG,2022,一軍,2022-09-24,例行賽,富邦悍將,EAjkg,home,中信兄弟,2,4,4,0,0
oU4cw,CPBL-2022-dG,2022,一軍,2022-09-24,例行賽,中信兄弟,X4hc7,away,富邦悍將,4,2,6,0,1
FuMzb,CPBL-2022-dG,2022,一軍,2022-09-23,例行賽,統一7-ELEVEn獅,sIhGz,home,味全龍,3,2,4,0,1
FuMzb,CPBL-2022-dG,2022,一軍,2022-09-23,例行賽,味全龍,7vHtn,away,統一7-ELEVEn獅,2,3,5,0,0
4Sbk3,CPBL-2022-dG,2022,一軍,2022-09-23,例行賽,樂天桃猿,qDCGm,home,中信兄弟,7,9,15,0,0
4Sbk3,CPBL-2022-dG,2022,一軍,2022-09-23,例行賽,中信兄弟,X4hc7,away,樂天桃猿,9,7,15,0,1
QxWn1,CPBL-2022-dG,2022,一軍,2022-09-22,例行賽,樂天桃猿,qDCGm,home,中信兄弟,2,6,6,0,0
QxWn1,CPBL-2022-dG,2022,一軍,2022-09-22,例行賽,中信兄弟,X4hc7,away,樂天桃猿,6,2,6,0,1
yJZy3,CPBL-2022-dG,2022,一軍,2022-09-22,例行賽,富邦悍將,EAjkg,home,統一7-ELEVEn獅,4,3,6,0,1
yJZy3,CPBL-2022-dG,2022,一軍,2022-09-22,例行賽,統一7-ELEVEn獅,sIhGz,away,富邦悍將,3,4,4,0,0
PYMvW,CPBL-2022-dG,2022,一軍,2022-09-21,例行賽,樂天桃猿,qDCGm,home,中信兄弟,0,11,6,0,0
PYMvW,CPBL-2022-dG,2022,一軍,2022-09-21,例行賽,中信兄弟,X4hc7,away,樂天桃猿,11,0,13,0,1
S4Q1m,CPBL-2022-dG,2022,一軍,2022-09-21,例行賽,富邦悍將,EAjkg,home,味全龍,9,2,13,0,1
S4Q1m,CPBL-2022-dG,2022,一軍,2022-09-21,例行賽,味全龍,7vHtn,away,富邦悍將,2,9,8,0,0
4cYGq,CPBL-2022-dG,2022,一軍,2022-09-20,例行賽,樂天桃猿,qDCGm,home,統一7-ELEVEn獅,5,3,7,0,1
4cYGq,CPBL-2022-dG,2022,一軍,2022-09-20,例行賽,統一7-ELEVEn獅,sIhGz,away,樂天桃猿,3,5,7,0,0
QWdBJ,CPBL-2022-dG,2022,一軍,2022-09-20,例行賽,富邦悍將,EAjkg,home,味全龍,3,2,7,0,1
QWdBJ,CPBL-2022-dG,2022,一軍,2022-09-20,例行賽,味全龍,7vHtn,away,富邦悍將,2,3,8,0,0
ubiWI,CPBL-2022-dG,2022,一軍,2022-09-18,例行賽,味全龍,7vHtn,home,中信兄弟,4,8,11,0,0
ubiWI,CPBL-2022-dG,2022,一軍,2022-09-18,例行賽,中信兄弟,X4hc7,away,味全龍,8,4,11,0,1
1MvNp,CPBL-2022-dG,2022,一軍,2022-09-18,例行賽,樂天桃猿,qDCGm,home,統一7-ELEVEn獅,3,1,7,0,1
1MvNp,CPBL-2022-dG,2022,一軍,2022-09-18,例行賽,統一7-ELEVEn獅,sIhGz,away,樂天桃猿,1,3,3,0,0
Hcr0r,CPBL-2022-dG,2022,一軍,2022-09-17,例行賽,味全龍,7vHtn,home,中信兄弟,4,5,10,0,0
Hcr0r,CPBL-2022-dG,2022,一軍,2022-09-17,例行賽,中信兄弟,X4hc7,away,味全龍,5,4,10,0,1
IXM3t,CPBL-2022-dG,2022,一軍,2022-09-17,例行賽,樂天桃猿,qDCGm,home,富邦悍將,6,1,11,0,1
IXM3t,CPBL-2022-dG,2022,一軍,2022-09-17,例行賽,富邦悍將,EAjkg,away,樂天桃猿,1,6,9,0,0
d3Abw,CPBL-2022-dG,2022,一軍,2022-09-16,例行賽,統一7-ELEVEn獅,sIhGz,home,富邦悍將,3,6,12,0,0
d3Abw,CPBL-2022-dG,2022,一軍,2022-09-16,例行賽,富邦悍將,EAjkg,away,統一7-ELEVEn獅,6,3,14,0,1
N2l9o,CPBL-2022-dG,2022,一軍,2022-09-16,例行賽,味全龍,7vHtn,home,中信兄弟,2,3,7,0,0
N2l9o,CPBL-2022-dG,2022,一軍,2022-09-16,例行賽,中信兄弟,X4hc7,away,味全龍,3,2,7,0,1
0Xf8h,CPBL-2022-dG,2022,一軍,2022-09-15,例行賽,統一7-ELEVEn獅,sIhGz,home,富邦悍將,13,6,13,0,1
0Xf8h,CPBL-2022-dG,2022,一軍,2022-09-15,例行賽,富邦悍將,EAjkg,away,統一7-ELEVEn獅,6,13,10,0,0
qGBF3,CPBL-2022-dG,2022,一軍,2022-09-15,例行賽,樂天桃猿,qDCGm,home,味全龍,4,2,7,0,1
qGBF3,CPBL-2022-dG,2022,一軍,2022-09-15,例行賽,味全龍,7vHtn,away,樂天桃猿,2,4,8,0,0
eAHxt,CPBL-2022-dG,2022,一軍,2022-09-14,例行賽,統一7-ELEVEn獅,sIhGz,home,富邦悍將,5,2,7,0,1
eAHxt,CPBL-2022-dG,2022,一軍,2022-09-14,例行賽,富邦悍將,EAjkg,away,統一7-ELEVEn獅,2,5,8,0,0
H4XAI,CPBL-2022-dG,2022,一軍,2022-09-14,例行賽,樂天桃猿,qDCGm,home,中信兄弟,13,2,21,0,1
H4XAI,CPBL-2022-dG,2022,一軍,2022-09-14,例行賽,中信兄弟,X4hc7,away,樂天桃猿,2,13,7,0,0
AXAJM,CPBL-2022-dG,2022,一軍,2022-09-13,例行賽,統一7-ELEVEn獅,sIhGz,home,味全龍,7,2,12,0,1
AXAJM,CPBL-2022-dG,2022,一軍,2022-09-13,例行賽,味全龍,7vHtn,away,統一7-ELEVEn獅,2,7,9,0,0
9fQr6,CPBL-2022-dG,2022,一軍,2022-09-13,例行賽,樂天桃猿,qDCGm,home,中信兄弟,5,7,11,0,0
9fQr6,CPBL-2022-dG,2022,一軍,2022-09-13,例行賽,中信兄弟,X4hc7,away,樂天桃猿,7,5,17,0,1
63ng7,CPBL-2022-dG,2022,一軍,2022-09-11,例行賽,中信兄弟,X4hc7,home,富邦悍將,4,1,11,0,1
63ng7,CPBL-2022-dG,2022,一軍,2022-09-11,例行賽,富邦悍將,EAjkg,away,中信兄弟,1,4,8,0,0
B2DXH,CPBL-2022-dG,2022,一軍,2022-09-11,例行賽,統一7-ELEVEn獅,sIhGz,home,味全龍,8,4,12,0,1
B2DXH,CPBL-2022-dG,2022,一軍,2022-09-11,例行賽,味全龍,7vHtn,away,統一7-ELEVEn獅,4,8,9,0,0
Xq0gp,CPBL-2022-dG,2022,一軍,2022-09-10,例行賽,中信兄弟,X4hc7,home,富邦悍將,2,3,7,0,0
Xq0gp,CPBL-2022-dG,2022,一軍,2022-09-10,例行賽,富邦悍將,EAjkg,away,中信兄弟,3,2,12,0,1
flHMM,CPBL-2022-dG,2022,一軍,2022-09-10,例行賽,統一7-ELEVEn獅,sIhGz,home,樂天桃猿,3,8,10,0,0
flHMM,CPBL-2022-dG,2022,一軍,2022-09-10,例行賽,樂天桃猿,qDCGm,away,統一7-ELEVEn獅,8,3,13,0,1
e75rh,CPBL-2022-dG,2022,一軍,2022-09-09,例行賽,中信兄弟,X4hc7,home,富邦悍將,6,0,10,0,1
e75rh,CPBL-2022-dG,2022,一軍,2022-09-09,例行賽,富邦悍將,EAjkg,away,中信兄弟,0,6,5,0,0
eejUv,CPBL-2022-dG,2022,一軍,2022-09-09,例行賽,味全龍,7vHtn,home,樂天桃猿,5,4,9,0,1
eejUv,CPBL-2022-dG,2022,一軍,2022-09-09,例行賽,樂天桃猿,qDCGm,away,味全龍,4,5,10,0,0
xrPqg,CPBL-2022-dG,2022,一軍,2022-09-08,例行賽,統一7-ELEVEn獅,sIhGz,home,中信兄弟,7,3,12,0,1
xrPqg,CPBL-2022-dG,2022,一軍,2022-09-08,例行賽,中信兄弟,X4hc7,away,統一7-ELEVEn獅,3,7,9,0,0
VSGnf,CPBL-2022-dG,2022,一軍,2022-09-08,例行賽,味全龍,7vHtn,home,樂天桃猿,2,3,4,0,0
VSGnf,CPBL-2022-dG,2022,一軍,2022-09-08,例行賽,樂天桃猿,qDCGm,away,味全龍,3,2,5,0,1
jbFn0,CPBL-2022-dG,2022,一軍,2022-09-07,例行賽,統一7-ELEVEn獅,sIhGz,home,富邦悍將,2,3,9,0,0
jbFn0,CPBL-2022-dG,2022,一軍,2022-09-07,例行賽,富邦悍將,EAjkg,away,統一7-ELEVEn獅,3,2,7,0,1
cwn65,CPBL-2022-dG,2022,一軍,2022-09-07,例行賽,味全龍,7vHtn,home,樂天桃猿,3,4,8,0,0
cwn65,CPBL-2022-dG,2022,一軍,2022-09-07,例行賽,樂天桃猿,qDCGm,away,味全龍,4,3,6,0,1
vXxsG,CPBL-2022-dG,2022,一軍,2022-09-06,例行賽,統一7-ELEVEn獅,sIhGz,home,富邦悍將,1,5,8,0,0
vXxsG,CPBL-2022-dG,2022,一軍,2022-09-06,例行賽,富邦悍將,EAjkg,away,統一7-ELEVEn獅,5,1,12,0,1
HBXy9,CPBL-2022-dG,2022,一軍,2022-09-06,例行賽,味全龍,7vHtn,home,中信兄弟,4,3,10,0,1
HBXy9,CPBL-2022-dG,2022,一軍,2022-09-06,例行賽,中信兄弟,X4hc7,away,味全龍,3,4,6,0,0
ZBow0,CPBL-2022-dG,2022,一軍,2022-09-05,例行賽,富邦悍將,EAjkg,home,樂天桃猿,6,3,11,0,1
ZBow0,CPBL-2022-dG,2022,一軍,2022-09-05,例行賽,樂天桃猿,qDCGm,away,富邦悍將,3,6,6,0,0
LyvGA,CPBL-2022-dG,2022,一軍,2022-09-04,例行賽,味全龍,7vHtn,home,中信兄弟,4,12,11,0,0
LyvGA,CPBL-2022-dG,2022,一軍,2022-09-04,例行賽,中信兄弟,X4hc7,away,味全龍,12,4,13,0,1
w527o,CPBL-2022-dG,2022,一軍,2022-09-02,例行賽,中信兄弟,X4hc7,home,統一7-ELEVEn獅,4,0,7,0,1
w527o,CPBL-2022-dG,2022,一軍,2022-09-02,例行賽,統一7-ELEVEn獅,sIhGz,away,中信兄弟,0,4,2,0,0
BkApX,CPBL-2022-dG,2022,一軍,2022-09-01,例行賽,中信兄弟,X4hc7,home,統一7-ELEVEn獅,4,0,8,0,1
BkApX,CPBL-2022-dG,2022,一軍,2022-09-01,例行賽,統一7-ELEVEn獅,sIhGz,away,中信兄弟,0,4,3,0,0
H8FDf,CPBL-2022-dG,2022,一軍,2022-09-01,例行賽,味全龍,7vHtn,home,富邦悍將,4,4,11,0,
H8FDf,CPBL-2022-dG,2022,一軍,2022-09-01,例行賽,富邦悍將,EAjkg,away,味全龍,4,4,11,0,
o5PUV,CPBL-2022-dG,2022,一軍,2022-08-31,例行賽,中信兄弟,X4hc7,home,統一7-ELEVEn獅,5,7,10,0,0
o5PUV,CPBL-2022-dG,2022,一軍,2022-08-31,例行賽,統一7-ELEVEn獅,sIhGz,away,中信兄弟,7,5,11,0,1
dSK8u,CPBL-2022-dG,2022,一軍,2022-08-31,例行賽,味全龍,7vHtn,home,樂天桃猿,4,4,5,0,
dSK8u,CPBL-2022-dG,2022,一軍,2022-08-31,例行賽,樂天桃猿,qDCGm,away,味全龍,4,4,9,0,
Jqub5,CPBL-2022-dG,2022,一軍,2022-08-30,例行賽,中信兄弟,X4hc7,home,富邦悍將,2,1,10,0,1
Jqub5,CPBL-2022-dG,2022,一軍,2022-08-30,例行賽,富邦悍將,EAjkg,away,中信兄弟,1,2,6,0,0
0cxL0,CPBL-2022-dG,2022,一軍,2022-08-30,例行賽,味全龍,7vHtn,home,樂天桃猿,3,7,6,0,0
0cxL0,CPBL-2022-dG,2022,一軍,2022-08-30,例行賽,樂天桃猿,qDCGm,away,味全龍,7,3,12,0,1
ZXi2A,CPBL-2022-dG,2022,一軍,2022-08-29,例行賽,富邦悍將,EAjkg,home,味全龍,2,6,8,0,0
ZXi2A,CPBL-2022-dG,2022,一軍,2022-08-29,例行賽,味全龍,7vHtn,away,富邦悍將,6,2,14,0,1
SWnN1,CPBL-2022-dG,2022,一軍,2022-08-28,例行賽,中信兄弟,X4hc7,home,富邦悍將,6,3,12,0,1
SWnN1,CPBL-2022-dG,2022,一軍,2022-08-28,例行賽,富邦悍將,EAjkg,away,中信兄弟,3,6,13,0,0
HepOl,CPBL-2022-dG,2022,一軍,2022-08-27,例行賽,樂天桃猿,qDCGm,home,統一7-ELEVEn獅,4,8,10,0,0
HepOl,CPBL-2022-dG,2022,一軍,2022-08-27,例行賽,統一7-ELEVEn獅,sIhGz,away,樂天桃猿,8,4,9,0,1
3KtT3,CPBL-2022-dG,2022,一軍,2022-08-27,例行賽,中信兄弟,X4hc7,home,味全龍,6,3,9,0,1
3KtT3,CPBL-2022-dG,2022,一軍,2022-08-27,例行賽,味全龍,7vHtn,away,中信兄弟,3,6,8,0,0
EO1Hc,CPBL-2022-dG,2022,一軍,2022-08-26,例行賽,樂天桃猿,qDCGm,home,統一7-ELEVEn獅,3,1,7,0,1
EO1Hc,CPBL-2022-dG,2022,一軍,2022-08-26,例行賽,統一7-ELEVEn獅,sIhGz,away,樂天桃猿,1,3,10,0,0
Jzvxi,CPBL-2022-dG,2022,一軍,2022-08-26,例行賽,富邦悍將,EAjkg,home,味全龍,6,3,9,0,1
Jzvxi,CPBL-2022-dG,2022,一軍,2022-08-26,例行賽,味全龍,7vHtn,away,富邦悍將,3,6,6,0,0
EfOGM,CPBL-2022-dG,2022,一軍,2022-08-25,例行賽,富邦悍將,EAjkg,home,味全龍,2,4,10,0,0
EfOGM,CPBL-2022-dG,2022,一軍,2022-08-25,例行賽,味全龍,7vHtn,away,富邦悍將,4,2,7,0,1
RNAbT,CPBL-2022-dG,2022,一軍,2022-08-25,例行賽,中信兄弟,X4hc7,home,樂天桃猿,2,6,8,0,0
RNAbT,CPBL-2022-dG,2022,一軍,2022-08-25,例行賽,樂天桃猿,qDCGm,away,中信兄弟,6,2,12,0,1
c993e,CPBL-2022-dG,2022,一軍,2022-08-24,例行賽,中信兄弟,X4hc7,home,統一7-ELEVEn獅,3,0,14,0,1
c993e,CPBL-2022-dG,2022,一軍,2022-08-24,例行賽,統一7-ELEVEn獅,sIhGz,away,中信兄弟,0,3,7,0,0
CdRPA,CPBL-2022-dG,2022,一軍,2022-08-23,例行賽,富邦悍將,EAjkg,home,樂天桃猿,10,2,12,0,1
CdRPA,CPBL-2022-dG,2022,一軍,2022-08-23,例行賽,樂天桃猿,qDCGm,away,富邦悍將,2,10,8,0,0
SrkKb,CPBL-2022-dG,2022,一軍,2022-08-23,例行賽,中信兄弟,X4hc7,home,統一7-ELEVEn獅,0,3,3,0,0
SrkKb,CPBL-2022-dG,2022,一軍,2022-08-23,例行賽,統一7-ELEVEn獅,sIhGz,away,中信兄弟,3,0,9,0,1
1rX2h,CPBL-2022-dG,2022,一軍,2022-08-21,例行賽,統一7-ELEVEn獅,sIhGz,home,中信兄弟,1,8,5,0,0
1rX2h,CPBL-2022-dG,2022,一軍,2022-08-21,例行賽,中信兄弟,X4hc7,away,統一7-ELEVEn獅,8,1,11,0,1
jOGbR,CPBL-2022-dG,2022,一軍,2022-08-21,例行賽,味全龍,7vHtn,home,樂天桃猿,7,3,11,0,1
jOGbR,CPBL-2022-dG,2022,一軍,2022-08-21,例行賽,樂天桃猿,qDCGm,away,味全龍,3,7,8,0,0
BBjoz,CPBL-2022-dG,2022,一軍,2022-08-20,例行賽,統一7-ELEVEn獅,sIhGz,home,中信兄弟,1,0,8,0,1
BBjoz,CPBL-2022-dG,2022,一軍,2022-08-20,例行賽,中信兄弟,X4hc7,away,統一7-ELEVEn獅,0,1,7,0,0
AsBR4,CPBL-2022-dG,2022,一軍,2022-08-20,例行賽,味全龍,7vHtn,home,富邦悍將,3,1,7,0,1
AsBR4,CPBL-2022-dG,2022,一軍,2022-08-20,例行賽,富邦悍將,EAjkg,away,味全龍,1,3,4,0,0
4URZw,CPBL-2022-dG,2022,一軍,2022-08-19,例行賽,統一7-ELEVEn獅,sIhGz,home,中信兄弟,5,1,7,0,1
4URZw,CPBL-2022-dG,2022,一軍,2022-08-19,例行賽,中信兄弟,X4hc7,away,統一7-ELEVEn獅,1,5,6,0,0
v46KK,CPBL-2022-dG,2022,一軍,2022-08-19,例行賽,樂天桃猿,qDCGm,home,富邦悍將,2,10,6,0,0
v46KK,CPBL-2022-dG,2022,一軍,2022-08-19,例行賽,富邦悍將,EAjkg,away,樂天桃猿,10,2,13,0,1
PzGqw,CPBL-2022-dG,2022,一軍,2022-08-18,例行賽,樂天桃猿,qDCGm,home,富邦悍將,2,2,12,0,
PzGqw,CPBL-2022-dG,2022,一軍,2022-08-18,例行賽,富邦悍將,EAjkg,away,樂天桃猿,2,2,10,0,
hbcSI,CPBL-2022-dG,2022,一軍,2022-08-18,例行賽,味全龍,7vHtn,home,統一7-ELEVEn獅,4,3,13,0,1
hbcSI,CPBL-2022-dG,2022,一軍,2022-08-18,例行賽,統一7-ELEVEn獅,sIhGz,away,味全龍,3,4,6,0,0
7A39a,CPBL-2022-dG,2022,一軍,2022-08-17,例行賽,樂天桃猿,qDCGm,home,富邦悍將,0,5,6,0,0
7A39a,CPBL-2022-dG,2022,一軍,2022-08-17,例行賽,富邦悍將,EAjkg,away,樂天桃猿,5,0,12,0,1
MgJUy,CPBL-2022-dG,2022,一軍,2022-08-16,例行賽,樂天桃猿,qDCGm,home,統一7-ELEVEn獅,11,2,20,0,1
MgJUy,CPBL-2022-dG,2022,一軍,2022-08-16,例行賽,統一7-ELEVEn獅,sIhGz,away,樂天桃猿,2,11,9,0,0
PqMl8,CPBL-2022-dG,2022,一軍,2022-08-16,例行賽,味全龍,7vHtn,home,中信兄弟,0,5,4,0,0
PqMl8,CPBL-2022-dG,2022,一軍,2022-08-16,例行賽,中信兄弟,X4hc7,away,味全龍,5,0,11,0,1
93nj3,CPBL-2022-dG,2022,一軍,2022-08-14,例行賽,中信兄弟,X4hc7,home,樂天桃猿,3,4,9,0,0
93nj3,CPBL-2022-dG,2022,一軍,2022-08-14,例行賽,樂天桃猿,qDCGm,away,中信兄弟,4,3,9,0,1
9qrdg,CPBL-2022-dG,2022,一軍,2022-08-14,例行賽,富邦悍將,EAjkg,home,味全龍,3,4,8,0,0
9qrdg,CPBL-2022-dG,2022,一軍,2022-08-14,例行賽,味全龍,7vHtn,away,富邦悍將,4,3,15,0,1
2bxBN,CPBL-2022-dG,2022,一軍,2022-08-13,例行賽,中信兄弟,X4hc7,home,樂天桃猿,4,2,6,0,1
2bxBN,CPBL-2022-dG,2022,一軍,2022-08-13,例行賽,樂天桃猿,qDCGm,away,中信兄弟,2,4,4,0,0
uYLQa,CPBL-2022-dG,2022,一軍,2022-08-13,例行賽,富邦悍將,EAjkg,home,統一7-ELEVEn獅,7,2,11,0,1
uYLQa,CPBL-2022-dG,2022,一軍,2022-08-13,例行賽,統一7-ELEVEn獅,sIhGz,away,富邦悍將,2,7,9,0,0
3j2in,CPBL-2022-dG,2022,一軍,2022-08-12,例行賽,中信兄弟,X4hc7,home,樂天桃猿,2,7,9,0,0
3j2in,CPBL-2022-dG,2022,一軍,2022-08-12,例行賽,樂天桃猿,qDCGm,away,中信兄弟,7,2,13,0,1
pQER3,CPBL-2022-dG,2022,一軍,2022-08-12,例行賽,味全龍,7vHtn,home,統一7-ELEVEn獅,2,7,9,0,0
pQER3,CPBL-2022-dG,2022,一軍,2022-08-12,例行賽,統一7-ELEVEn獅,sIhGz,away,味全龍,7,2,11,0,1
cj3ZR,CPBL-2022-dG,2022,一軍,2022-08-11,例行賽,富邦悍將,EAjkg,home,中信兄弟,2,7,5,0,0
cj3ZR,CPBL-2022-dG,2022,一軍,2022-08-11,例行賽,中信兄弟,X4hc7,away,富邦悍將,7,2,11,0,1
fC6am,CPBL-2022-dG,2022,一軍,2022-08-11,例行賽,味全龍,7vHtn,home,統一7-ELEVEn獅,4,3,9,0,1
fC6am,CPBL-2022-dG,2022,一軍,2022-08-11,例行賽,統一7-ELEVEn獅,sIhGz,away,味全龍,3,4,11,0,0
A6qoA,CPBL-2022-dG,2022,一軍,2022-08-10,例行賽,富邦悍將,EAjkg,home,樂天桃猿,0,3,3,0,0
A6qoA,CPBL-2022-dG,2022,一軍,2022-08-10,例行賽,樂天桃猿,qDCGm,away,富邦悍將,3,0,4,0,1
NSjyN,CPBL-2022-dG,2022,一軍,2022-08-10,例行賽,味全龍,7vHtn,home,統一7-ELEVEn獅,4,3,11,0,1
NSjyN,CPBL-2022-dG,2022,一軍,2022-08-10,例行賽,統一7-ELEVEn獅,sIhGz,away,味全龍,3,4,8,0,0
yrGPo,CPBL-2022-dG,2022,一軍,2022-08-09,例行賽,富邦悍將,EAjkg,home,樂天桃猿,4,5,9,0,0
yrGPo,CPBL-2022-dG,2022,一軍,2022-08-09,例行賽,樂天桃猿,qDCGm,away,富邦悍將,5,4,6,0,1
0cz99,CPBL-2022-dG,2022,一軍,2022-08-09,例行賽,味全龍,7vHtn,home,中信兄弟,2,1,8,0,1
0cz99,CPBL-2022-dG,2022,一軍,2022-08-09,例行賽,中信兄弟,X4hc7,away,味全龍,1,2,7,0,0
0kAWE,CPBL-2022-dG,2022,一軍,2022-08-07,例行賽,統一7-ELEVEn獅,sIhGz,home,富邦悍將,5,3,13,0,1
0kAWE,CPBL-2022-dG,2022,一軍,2022-08-07,例行賽,富邦悍將,EAjkg,away,統一7-ELEVEn獅,3,5,7,0,0
7wZ0A,CPBL-2022-dG,2022,一軍,2022-08-07,例行賽,樂天桃猿,qDCGm,home,味全龍,3,0,9,0,1
7wZ0A,CPBL-2022-dG,2022,一軍,2022-08-07,例行賽,味全龍,7vHtn,away,樂天桃猿,0,3,7,0,0
9zapF,CPBL-2022-dG,2022,一軍,2022-08-06,例行賽,樂天桃猿,qDCGm,home,味全龍,7,1,4,0,1
9zapF,CPBL-2022-dG,2022,一軍,2022-08-06,例行賽,味全龍,7vHtn,away,樂天桃猿,1,7,5,0,0
0nuHK,CPBL-2022-dG,2022,一軍,2022-08-06,例行賽,統一7-ELEVEn獅,sIhGz,home,中信兄弟,13,6,14,0,1
0nuHK,CPBL-2022-dG,2022,一軍,2022-08-06,例行賽,中信兄弟,X4hc7,away,統一7-ELEVEn獅,6,13,12,0,0
YNbFn,CPBL-2022-dG,2022,一軍,2022-08-05,例行賽,樂天桃猿,qDCGm,home,味全龍,3,1,9,0,1
YNbFn,CPBL-2022-dG,2022,一軍,2022-08-05,例行賽,味全龍,7vHtn,away,樂天桃猿,1,3,8,0,0
mpOH9,CPBL-2022-dG,2022,一軍,2022-08-05,例行賽,富邦悍將,EAjkg,home,中信兄弟,3,1,9,0,1
mpOH9,CPBL-2022-dG,2022,一軍,2022-08-05,例行賽,中信兄弟,X4hc7,away,富邦悍將,1,3,7,0,0
iiAg3,CPBL-2022-dG,2022,一軍,2022-08-04,例行賽,富邦悍將,EAjkg,home,中信兄弟,6,5,10,0,1
iiAg3,CPBL-2022-dG,2022,一軍,2022-08-04,例行賽,中信兄弟,X4hc7,away,富邦悍將,5,6,9,0,0
cZtiT,CPBL-2022-dG,2022,一軍,2022-08-04,例行賽,統一7-ELEVEn獅,sIhGz,home,樂天桃猿,1,4,6,0,0
cZtiT,CPBL-2022-dG,2022,一軍,2022-08-04,例行賽,樂天桃猿,qDCGm,away,統一7-ELEVEn獅,4,1,7,0,1
8StH5,CPBL-2022-dG,2022,一軍,2022-08-03,例行賽,富邦悍將,EAjkg,home,中信兄弟,2,4,11,0,0
8StH5,CPBL-2022-dG,2022,一軍,2022-08-03,例行賽,中信兄弟,X4hc7,away,富邦悍將,4,2,12,0,1
IHvkV,CPBL-2022-dG,2022,一軍,2022-08-03,例行賽,統一7-ELEVEn獅,sIhGz,home,味全龍,0,6,7,0,0
IHvkV,CPBL-2022-dG,2022,一軍,2022-08-03,例行賽,味全龍,7vHtn,away,統一7-ELEVEn獅,6,0,12,0,1
LxZNH,CPBL-2022-dG,2022,一軍,2022-08-02,例行賽,富邦悍將,EAjkg,home,樂天桃猿,1,4,6,0,0
LxZNH,CPBL-2022-dG,2022,一軍,2022-08-02,例行賽,樂天桃猿,qDCGm,away,富邦悍將,4,1,4,0,1
OJoSa,CPBL-2022-dG,2022,一軍,2022-08-02,例行賽,統一7-ELEVEn獅,sIhGz,home,味全龍,1,4,5,0,0
OJoSa,CPBL-2022-dG,2022,一軍,2022-08-02,例行賽,味全龍,7vHtn,away,統一7-ELEVEn獅,4,1,8,0,1
VLAoi,CPBL-2022-dG,2022,一軍,2022-07-28,例行賽,中信兄弟,X4hc7,home,味全龍,4,9,9,0,0
VLAoi,CPBL-2022-dG,2022,一軍,2022-07-28,例行賽,味全龍,7vHtn,away,中信兄弟,9,4,15,0,1
RECzX,CPBL-2022-dG,2022,一軍,2022-07-28,例行賽,樂天桃猿,qDCGm,home,富邦悍將,6,10,13,0,0
RECzX,CPBL-2022-dG,2022,一軍,2022-07-28,例行賽,富邦悍將,EAjkg,away,樂天桃猿,10,6,14,0,1
lbzUe,CPBL-2022-dG,2022,一軍,2022-07-27,例行賽,中信兄弟,X4hc7,home,味全龍,6,6,16,0,
lbzUe,CPBL-2022-dG,2022,一軍,2022-07-27,例行賽,味全龍,7vHtn,away,中信兄弟,6,6,16,0,
rUwE2,CPBL-2022-dG,2022,一軍,2022-07-27,例行賽,樂天桃猿,qDCGm,home,統一7-ELEVEn獅,6,3,6,0,1
rUwE2,CPBL-2022-dG,2022,一軍,2022-07-27,例行賽,統一7-ELEVEn獅,sIhGz,away,樂天桃猿,3,6,10,0,0
WpbNE,CPBL-2022-dG,2022,一軍,2022-07-26,例行賽,中信兄弟,X4hc7,home,富邦悍將,2,1,4,0,1
WpbNE,CPBL-2022-dG,2022,一軍,2022-07-26,例行賽,富邦悍將,EAjkg,away,中信兄弟,1,2,5,0,0
d8Gci,CPBL-2022-dG,2022,一軍,2022-07-26,例行賽,樂天桃猿,qDCGm,home,統一7-ELEVEn獅,3,1,10,0,1
d8Gci,CPBL-2022-dG,2022,一軍,2022-07-26,例行賽,統一7-ELEVEn獅,sIhGz,away,樂天桃猿,1,3,6,0,0
dwgyT,CPBL-2022-dG,2022,一軍,2022-07-24,例行賽,中信兄弟,X4hc7,home,統一7-ELEVEn獅,3,1,8,0,1
dwgyT,CPBL-2022-dG,2022,一軍,2022-07-24,例行賽,統一7-ELEVEn獅,sIhGz,away,中信兄弟,1,3,2,0,0
HCReQ,CPBL-2022-dG,2022,一軍,2022-07-23,例行賽,中信兄弟,X4hc7,home,樂天桃猿,6,8,7,0,0
HCReQ,CPBL-2022-dG,2022,一軍,2022-07-23,例行賽,樂天桃猿,qDCGm,away,中信兄弟,8,6,12,0,1
QYlOT,CPBL-2022-dG,2022,一軍,2022-07-23,例行賽,味全龍,7vHtn,home,富邦悍將,0,4,2,0,0
QYlOT,CPBL-2022-dG,2022,一軍,2022-07-23,例行賽,富邦悍將,EAjkg,away,味全龍,4,0,9,0,1
IbRA9,CPBL-2022-dG,2022,一軍,2022-07-22,例行賽,統一7-ELEVEn獅,sIhGz,home,樂天桃猿,0,3,4,0,0
IbRA9,CPBL-2022-dG,2022,一軍,2022-07-22,例行賽,樂天桃猿,qDCGm,away,統一7-ELEVEn獅,3,0,6,0,1
kBcyJ,CPBL-2022-dG,2022,一軍,2022-07-22,例行賽,味全龍,7vHtn,home,富邦悍將,0,1,5,0,0
kBcyJ,CPBL-2022-dG,2022,一軍,2022-07-22,例行賽,富邦悍將,EAjkg,away,味全龍,1,0,4,0,1
v0o00,CPBL-2022-dG,2022,一軍,2022-07-19,例行賽,統一7-ELEVEn獅,sIhGz,home,富邦悍將,3,4,7,0,0
v0o00,CPBL-2022-dG,2022,一軍,2022-07-19,例行賽,富邦悍將,EAjkg,away,統一7-ELEVEn獅,4,3,12,0,1
Bgno5,CPBL-2022-dG,2022,一軍,2022-07-18,例行賽,富邦悍將,EAjkg,home,味全龍,1,8,6,0,0
Bgno5,CPBL-2022-dG,2022,一軍,2022-07-18,例行賽,味全龍,7vHtn,away,富邦悍將,8,1,12,0,1
Eo7Pu,CPBL-2022-dG,2022,一軍,2022-07-17,例行賽,富邦悍將,EAjkg,home,中信兄弟,5,5,16,0,
Eo7Pu,CPBL-2022-dG,2022,一軍,2022-07-17,例行賽,中信兄弟,X4hc7,away,富邦悍將,5,5,13,0,
G5mRx,CPBL-2022-dG,2022,一軍,2022-07-16,例行賽,樂天桃猿,qDCGm,home,富邦悍將,8,5,14,0,1
G5mRx,CPBL-2022-dG,2022,一軍,2022-07-16,例行賽,富邦悍將,EAjkg,away,樂天桃猿,5,8,10,0,0
m0YfX,CPBL-2022-dG,2022,一軍,2022-07-16,例行賽,中信兄弟,X4hc7,home,味全龍,3,1,9,0,1
m0YfX,CPBL-2022-dG,2022,一軍,2022-07-16,例行賽,味全龍,7vHtn,away,中信兄弟,1,3,5,0,0
nt2lx,CPBL-2022-dG,2022,一軍,2022-07-15,例行賽,富邦悍將,EAjkg,home,味全龍,2,5,6,0,0
nt2lx,CPBL-2022-dG,2022,一軍,2022-07-15,例行賽,味全龍,7vHtn,away,富邦悍將,5,2,6,0,1
QISkQ,CPBL-2022-dG,2022,一軍,2022-07-14,例行賽,統一7-ELEVEn獅,sIhGz,home,富邦悍將,10,3,9,0,1
QISkQ,CPBL-2022-dG,2022,一軍,2022-07-14,例行賽,富邦悍將,EAjkg,away,統一7-ELEVEn獅,3,10,9,0,0
ClT3X,CPBL-2022-dG,2022,一軍,2022-07-14,例行賽,樂天桃猿,qDCGm,home,味全龍,3,5,11,0,0
ClT3X,CPBL-2022-dG,2022,一軍,2022-07-14,例行賽,味全龍,7vHtn,away,樂天桃猿,5,3,13,0,1
z3Jzj,CPBL-2022-dG,2022,一軍,2022-07-13,例行賽,中信兄弟,X4hc7,home,統一7-ELEVEn獅,2,0,9,0,1
z3Jzj,CPBL-2022-dG,2022,一軍,2022-07-13,例行賽,統一7-ELEVEn獅,sIhGz,away,中信兄弟,0,2,3,0,0
IXogw,CPBL-2022-dG,2022,一軍,2022-07-13,例行賽,樂天桃猿,qDCGm,home,味全龍,9,2,14,0,1
IXogw,CPBL-2022-dG,2022,一軍,2022-07-13,例行賽,味全龍,7vHtn,away,樂天桃猿,2,9,5,0,0
cUIse,CPBL-2022-dG,2022,一軍,2022-07-12,例行賽,富邦悍將,EAjkg,home,中信兄弟,2,8,11,0,0
cUIse,CPBL-2022-dG,2022,一軍,2022-07-12,例行賽,中信兄弟,X4hc7,away,富邦悍將,8,2,11,0,1
TmNfc,CPBL-2022-dG,2022,一軍,2022-07-12,例行賽,味全龍,7vHtn,home,統一7-ELEVEn獅,11,3,14,0,1
TmNfc,CPBL-2022-dG,2022,一軍,2022-07-12,例行賽,統一7-ELEVEn獅,sIhGz,away,味全龍,3,11,8,0,0
bQvB9,CPBL-2022-dG,2022,一軍,2022-07-10,例行賽,樂天桃猿,qDCGm,home,味全龍,10,2,7,0,1
bQvB9,CPBL-2022-dG,2022,一軍,2022-07-10,例行賽,味全龍,7vHtn,away,樂天桃猿,2,10,7,0,0
ECko5,CPBL-2022-dG,2022,一軍,2022-07-10,例行賽,中信兄弟,X4hc7,home,統一7-ELEVEn獅,4,6,10,0,0
ECko5,CPBL-2022-dG,2022,一軍,2022-07-10,例行賽,統一7-ELEVEn獅,sIhGz,away,中信兄弟,6,4,9,0,1
j0XCg,CPBL-2022-dG,2022,一軍,2022-07-09,例行賽,統一7-ELEVEn獅,sIhGz,home,樂天桃猿,2,3,4,0,0
j0XCg,CPBL-2022-dG,2022,一軍,2022-07-09,例行賽,樂天桃猿,qDCGm,away,統一7-ELEVEn獅,3,2,6,0,1
HGZPJ,CPBL-2022-dG,2022,一軍,2022-07-09,例行賽,味全龍,7vHtn,home,富邦悍將,3,1,9,0,1
HGZPJ,CPBL-2022-dG,2022,一軍,2022-07-09,例行賽,富邦悍將,EAjkg,away,味全龍,1,3,3,0,0
lVzCg,CPBL-2022-dG,2022,一軍,2022-07-08,例行賽,統一7-ELEVEn獅,sIhGz,home,樂天桃猿,0,8,9,0,0
lVzCg,CPBL-2022-dG,2022,一軍,2022-07-08,例行賽,樂天桃猿,qDCGm,away,統一7-ELEVEn獅,8,0,12,0,1
pJzGh,CPBL-2022-dG,2022,一軍,2022-07-08,例行賽,味全龍,7vHtn,home,富邦悍將,8,5,11,0,1
pJzGh,CPBL-2022-dG,2022,一軍,2022-07-08,例行賽,富邦悍將,EAjkg,away,味全龍,5,8,14,0,0
7F20t,CPBL-2022-dG,2022,一軍,2022-07-07,例行賽,中信兄弟,X4hc7,home,樂天桃猿,3,4,10,0,0
7F20t,CPBL-2022-dG,2022,一軍,2022-07-07,例行賽,樂天桃猿,qDCGm,away,中信兄弟,4,3,7,0,1
NBOqo,CPBL-2022-dG,2022,一軍,2022-07-07,例行賽,味全龍,7vHtn,home,統一7-ELEVEn獅,6,13,12,0,0
NBOqo,CPBL-2022-dG,2022,一軍,2022-07-07,例行賽,統一7-ELEVEn獅,sIhGz,away,味全龍,13,6,14,0,1
bWqB5,CPBL-2022-dG,2022,一軍,2022-07-06,例行賽,中信兄弟,X4hc7,home,樂天桃猿,1,0,8,0,1
bWqB5,CPBL-2022-dG,2022,一軍,2022-07-06,例行賽,樂天桃猿,qDCGm,away,中信兄弟,0,1,4,0,0
Ee0tH,CPBL-2022-dG,2022,一軍,2022-07-06,例行賽,味全龍,7vHtn,home,統一7-ELEVEn獅,2,3,6,0,0
Ee0tH,CPBL-2022-dG,2022,一軍,2022-07-06,例行賽,統一7-ELEVEn獅,sIhGz,away,味全龍,3,2,7,0,1
XLEAf,CPBL-2022-dG,2022,一軍,2022-07-05,例行賽,富邦悍將,EAjkg,home,中信兄弟,1,3,5,0,0
XLEAf,CPBL-2022-dG,2022,一軍,2022-07-05,例行賽,中信兄弟,X4hc7,away,富邦悍將,3,1,6,0,1
BJNTb,CPBL-2022-dG,2022,一軍,2022-07-04,例行賽,味全龍,7vHtn,home,樂天桃猿,1,4,3,0,0
BJNTb,CPBL-2022-dG,2022,一軍,2022-07-04,例行賽,樂天桃猿,qDCGm,away,味全龍,4,1,9,0,1
ZZlWQ,CPBL-2022-dG,2022,一軍,2022-07-03,例行賽,中信兄弟,X4hc7,home,樂天桃猿,3,9,9,0,0
ZZlWQ,CPBL-2022-dG,2022,一軍,2022-07-03,例行賽,樂天桃猿,qDCGm,away,中信兄弟,9,3,13,0,1
2YgVT,CPBL-2022-dG,2022,一軍,2022-07-03,例行賽,統一7-ELEVEn獅,sIhGz,home,味全龍,1,3,7,0,0
2YgVT,CPBL-2022-dG,2022,一軍,2022-07-03,例行賽,味全龍,7vHtn,away,統一7-ELEVEn獅,3,1,9,0,1
k2t7q,CPBL-2022-dG,2022,一軍,2022-07-02,例行賽,統一7-ELEVEn獅,sIhGz,home,味全龍,2,1,6,0,1
k2t7q,CPBL-2022-dG,2022,一軍,2022-07-02,例行賽,味全龍,7vHtn,away,統一7-ELEVEn獅,1,2,6,0,0
Mvlda,CPBL-2022-dG,2022,一軍,2022-07-01,例行賽,中信兄弟,X4hc7,home,樂天桃猿,8,3,10,0,1
Mvlda,CPBL-2022-dG,2022,一軍,2022-07-01,例行賽,樂天桃猿,qDCGm,away,中信兄弟,3,8,10,0,0
lIEok,CPBL-2022-dG,2022,一軍,2022-06-30,例行賽,樂天桃猿,qDCGm,home,味全龍,3,10,9,0,0
lIEok,CPBL-2022-dG,2022,一軍,2022-06-30,例行賽,味全龍,7vHtn,away,樂天桃猿,10,3,13,0,1
jfG3L,CPBL-2022-dG,2022,一軍,2022-06-29,例行賽,樂天桃猿,qDCGm,home,中信兄弟,12,2,15,0,1
jfG3L,CPBL-2022-dG,2022,一軍,2022-06-29,例行賽,中信兄弟,X4hc7,away,樂天桃猿,2,12,11,0,0
n6kR5,CPBL-2022-dG,2022,一軍,2022-06-28,例行賽,樂天桃猿,qDCGm,home,中信兄弟,6,7,14,0,0
n6kR5,CPBL-2022-dG,2022,一軍,2022-06-28,例行賽,中信兄弟,X4hc7,away,樂天桃猿,7,6,17,0,1
dGYe2,CPBL-2022-dG,2022,一軍,2022-06-26,例行賽,樂天桃猿,qDCGm,home,統一7-ELEVEn獅,5,13,12,0,0
dGYe2,CPBL-2022-dG,2022,一軍,2022-06-26,例行賽,統一7-ELEVEn獅,sIhGz,away,樂天桃猿,13,5,20,0,1
cEk3f,CPBL-2022-dG,2022,一軍,2022-06-26,例行賽,味全龍,7vHtn,home,富邦悍將,4,1,12,0,1
cEk3f,CPBL-2022-dG,2022,一軍,2022-06-26,例行賽,富邦悍將,EAjkg,away,味全龍,1,4,8,0,0
izSHa,CPBL-2022-dG,2022,一軍,2022-06-25,例行賽,中信兄弟,X4hc7,home,富邦悍將,9,2,12,0,1
izSHa,CPBL-2022-dG,2022,一軍,2022-06-25,例行賽,富邦悍將,EAjkg,away,中信兄弟,2,9,5,0,0
LAsoS,CPBL-2022-dG,2022,一軍,2022-06-25,例行賽,樂天桃猿,qDCGm,home,味全龍,10,2,10,0,1
LAsoS,CPBL-2022-dG,2022,一軍,2022-06-25,例行賽,味全龍,7vHtn,away,樂天桃猿,2,10,3,0,0
BNoQ0,CPBL-2022-dG,2022,一軍,2022-06-24,例行賽,樂天桃猿,qDCGm,home,味全龍,2,3,7,0,0
BNoQ0,CPBL-2022-dG,2022,一軍,2022-06-24,例行賽,味全龍,7vHtn,away,樂天桃猿,3,2,10,0,1
ViKwC,CPBL-2022-dG,2022,一軍,2022-06-23,例行賽,中信兄弟,X4hc7,home,統一7-ELEVEn獅,11,1,17,0,1
ViKwC,CPBL-2022-dG,2022,一軍,2022-06-23,例行賽,統一7-ELEVEn獅,sIhGz,away,中信兄弟,1,11,7,0,0
z5Xr2,CPBL-2022-dG,2022,一軍,2022-06-23,例行賽,味全龍,7vHtn,home,富邦悍將,8,2,8,0,1
z5Xr2,CPBL-2022-dG,2022,一軍,2022-06-23,例行賽,富邦悍將,EAjkg,away,味全龍,2,8,9,0,0
MQgh5,CPBL-2022-dG,2022,一軍,2022-06-22,例行賽,樂天桃猿,qDCGm,home,統一7-ELEVEn獅,11,1,19,0,1
MQgh5,CPBL-2022-dG,2022,一軍,2022-06-22,例行賽,統一7-ELEVEn獅,sIhGz,away,樂天桃猿,1,11,8,0,0
km8pr,CPBL-2022-dG,2022,一軍,2022-06-22,例行賽,味全龍,7vHtn,home,富邦悍將,6,3,10,0,1
km8pr,CPBL-2022-dG,2022,一軍,2022-06-22,例行賽,富邦悍將,EAjkg,away,味全龍,3,6,6,0,0
gbHUI,CPBL-2022-dG,2022,一軍,2022-06-21,例行賽,統一7-ELEVEn獅,sIhGz,home,中信兄弟,9,2,18,0,1
gbHUI,CPBL-2022-dG,2022,一軍,2022-06-21,例行賽,中信兄弟,X4hc7,away,統一7-ELEVEn獅,2,9,5,0,0
7sQbl,CPBL-2022-dG,2022,一軍,2022-06-21,例行賽,富邦悍將,EAjkg,home,樂天桃猿,9,7,11,0,1
7sQbl,CPBL-2022-dG,2022,一軍,2022-06-21,例行賽,樂天桃猿,qDCGm,away,富邦悍將,7,9,12,0,0
ixgkf,CPBL-2022-dG,2022,一軍,2022-06-20,例行賽,味全龍,7vHtn,home,中信兄弟,1,4,11,0,0
ixgkf,CPBL-2022-dG,2022,一軍,2022-06-20,例行賽,中信兄弟,X4hc7,away,味全龍,4,1,5,0,1
JYQ3i,CPBL-2022-dG,2022,一軍,2022-06-19,例行賽,富邦悍將,EAjkg,home,樂天桃猿,1,2,10,0,0
JYQ3i,CPBL-2022-dG,2022,一軍,2022-06-19,例行賽,樂天桃猿,qDCGm,away,富邦悍將,2,1,7,0,1
SNplb,CPBL-2022-dG,2022,一軍,2022-06-19,例行賽,統一7-ELEVEn獅,sIhGz,home,中信兄弟,4,5,11,0,0
SNplb,CPBL-2022-dG,2022,一軍,2022-06-19,例行賽,中信兄弟,X4hc7,away,統一7-ELEVEn獅,5,4,7,0,1
gAcd8,CPBL-2022-dG,2022,一軍,2022-06-18,例行賽,富邦悍將,EAjkg,home,統一7-ELEVEn獅,6,4,12,0,1
gAcd8,CPBL-2022-dG,2022,一軍,2022-06-18,例行賽,統一7-ELEVEn獅,sIhGz,away,富邦悍將,4,6,9,0,0
WqtVa,CPBL-2022-dG,2022,一軍,2022-06-18,例行賽,味全龍,7vHtn,home,中信兄弟,3,0,11,0,1
WqtVa,CPBL-2022-dG,2022,一軍,2022-06-18,例行賽,中信兄弟,X4hc7,away,味全龍,0,3,3,0,0
1YlmV,CPBL-2022-dG,2022,一軍,2022-06-17,例行賽,富邦悍將,EAjkg,home,統一7-ELEVEn獅,5,4,14,0,1
1YlmV,CPBL-2022-dG,2022,一軍,2022-06-17,例行賽,統一7-ELEVEn獅,sIhGz,away,富邦悍將,4,5,10,0,0
ZujMq,CPBL-2022-dG,2022,一軍,2022-06-17,例行賽,味全龍,7vHtn,home,中信兄弟,1,3,4,0,0
ZujMq,CPBL-2022-dG,2022,一軍,2022-06-17,例行賽,中信兄弟,X4hc7,away,味全龍,3,1,9,0,1
BhoHG,CPBL-2022-dG,2022,一軍,2022-06-16,例行賽,味全龍,7vHtn,home,樂天桃猿,2,4,8,0,0
BhoHG,CPBL-2022-dG,2022,一軍,2022-06-16,例行賽,樂天桃猿,qDCGm,away,味全龍,4,2,9,0,1
Redck,CPBL-2022-dG,2022,一軍,2022-06-16,例行賽,富邦悍將,EAjkg,home,統一7-ELEVEn獅,6,1,14,0,1
Redck,CPBL-2022-dG,2022,一軍,2022-06-16,例行賽,統一7-ELEVEn獅,sIhGz,away,富邦悍將,1,6,5,0,0
kOZc6,CPBL-2022-dG,2022,一軍,2022-06-15,例行賽,中信兄弟,X4hc7,home,富邦悍將,9,3,13,0,1
kOZc6,CPBL-2022-dG,2022,一軍,2022-06-15,例行賽,富邦悍將,EAjkg,away,中信兄弟,3,9,6,0,0
nATdj,CPBL-2022-dG,2022,一軍,2022-06-15,例行賽,味全龍,7vHtn,home,樂天桃猿,0,3,6,0,0
nATdj,CPBL-2022-dG,2022,一軍,2022-06-15,例行賽,樂天桃猿,qDCGm,away,味全龍,3,0,10,0,1
3albP,CPBL-2022-dG,2022,一軍,2022-06-14,例行賽,中信兄弟,X4hc7,home,樂天桃猿,2,5,10,0,0
3albP,CPBL-2022-dG,2022,一軍,2022-06-14,例行賽,樂天桃猿,qDCGm,away,中信兄弟,5,2,12,0,1
YscOY,CPBL-2022-dG,2022,一軍,2022-06-14,例行賽,統一7-ELEVEn獅,sIhGz,home,味全龍,2,1,4,0,1
YscOY,CPBL-2022-dG,2022,一軍,2022-06-14,例行賽,味全龍,7vHtn,away,統一7-ELEVEn獅,1,2,5,0,0
bvkey,CPBL-2022-dG,2022,一軍,2022-06-13,例行賽,富邦悍將,EAjkg,home,統一7-ELEVEn獅,3,10,12,0,0
bvkey,CPBL-2022-dG,2022,一軍,2022-06-13,例行賽,統一7-ELEVEn獅,sIhGz,away,富邦悍將,10,3,13,0,1
WWoBq,CPBL-2022-dG,2022,一軍,2022-06-12,例行賽,中信兄弟,X4hc7,home,味全龍,2,5,5,0,0
WWoBq,CPBL-2022-dG,2022,一軍,2022-06-12,例行賽,味全龍,7vHtn,away,中信兄弟,5,2,10,0,1
N3vd7,CPBL-2022-dG,2022,一軍,2022-06-11,例行賽,樂天桃猿,qDCGm,home,統一7-ELEVEn獅,2,4,9,0,0
N3vd7,CPBL-2022-dG,2022,一軍,2022-06-11,例行賽,統一7-ELEVEn獅,sIhGz,away,樂天桃猿,4,2,10,0,1
qORwO,CPBL-2022-dG,2022,一軍,2022-06-10,例行賽,中信兄弟,X4hc7,home,味全龍,4,2,8,0,1
qORwO,CPBL-2022-dG,2022,一軍,2022-06-10,例行賽,味全龍,7vHtn,away,中信兄弟,2,4,8,0,0
c2Ftc,CPBL-2022-dG,2022,一軍,2022-06-10,例行賽,富邦悍將,EAjkg,home,統一7-ELEVEn獅,3,1,10,0,1
c2Ftc,CPBL-2022-dG,2022,一軍,2022-06-10,例行賽,統一7-ELEVEn獅,sIhGz,away,富邦悍將,1,3,10,0,0
lmaT8,CPBL-2022-dG,2022,一軍,2022-06-09,例行賽,樂天桃猿,qDCGm,home,中信兄弟,4,3,8,0,1
lmaT8,CPBL-2022-dG,2022,一軍,2022-06-09,例行賽,中信兄弟,X4hc7,away,樂天桃猿,3,4,8,0,0
YxfpE,CPBL-2022-dG,2022,一軍,2022-06-06,例行賽,統一7-ELEVEn獅,sIhGz,home,樂天桃猿,2,1,4,0,1
YxfpE,CPBL-2022-dG,2022,一軍,2022-06-06,例行賽,樂天桃猿,qDCGm,away,統一7-ELEVEn獅,1,2,6,0,0
YRMri,CPBL-2022-dG,2022,一軍,2022-06-05,例行賽,味全龍,7vHtn,home,統一7-ELEVEn獅,6,9,11,0,0
YRMri,CPBL-2022-dG,2022,一軍,2022-06-05,例行賽,統一7-ELEVEn獅,sIhGz,away,味全龍,9,6,14,0,1
w1vXd,CPBL-2022-dG,2022,一軍,2022-06-05,例行賽,富邦悍將,EAjkg,home,中信兄弟,8,2,14,0,1
w1vXd,CPBL-2022-dG,2022,一軍,2022-06-05,例行賽,中信兄弟,X4hc7,away,富邦悍將,2,8,9,0,0
jvQcH,CPBL-2022-dG,2022,一軍,2022-06-04,例行賽,味全龍,7vHtn,home,統一7-ELEVEn獅,3,2,8,0,1
jvQcH,CPBL-2022-dG,2022,一軍,2022-06-04,例行賽,統一7-ELEVEn獅,sIhGz,away,味全龍,2,3,4,0,0
mlupw,CPBL-2022-dG,2022,一軍,2022-06-04,例行賽,富邦悍將,EAjkg,home,樂天桃猿,2,0,9,0,1
mlupw,CPBL-2022-dG,2022,一軍,2022-06-04,例行賽,樂天桃猿,qDCGm,away,富邦悍將,0,2,7,0,0
zJMaF,CPBL-2022-dG,2022,一軍,2022-06-03,例行賽,味全龍,7vHtn,home,統一7-ELEVEn獅,1,2,4,0,0
zJMaF,CPBL-2022-dG,2022,一軍,2022-06-03,例行賽,統一7-ELEVEn獅,sIhGz,away,味全龍,2,1,6,0,1
2X0NM,CPBL-2022-dG,2022,一軍,2022-06-03,例行賽,中信兄弟,X4hc7,home,樂天桃猿,2,8,5,0,0
2X0NM,CPBL-2022-dG,2022,一軍,2022-06-03,例行賽,樂天桃猿,qDCGm,away,中信兄弟,8,2,10,0,1
XGrhC,CPBL-2022-dG,2022,一軍,2022-06-02,例行賽,富邦悍將,EAjkg,home,味全龍,1,2,5,0,0
XGrhC,CPBL-2022-dG,2022,一軍,2022-06-02,例行賽,味全龍,7vHtn,away,富邦悍將,2,1,8,0,1
NoMrW,CPBL-2022-dG,2022,一軍,2022-06-01,例行賽,富邦悍將,EAjkg,home,統一7-ELEVEn獅,3,6,12,0,0
NoMrW,CPBL-2022-dG,2022,一軍,2022-06-01,例行賽,統一7-ELEVEn獅,sIhGz,away,富邦悍將,6,3,11,0,1
1sFTL,CPBL-2022-dG,2022,一軍,2022-05-31,例行賽,中信兄弟,X4hc7,home,味全龍,4,5,10,0,0
1sFTL,CPBL-2022-dG,2022,一軍,2022-05-31,例行賽,味全龍,7vHtn,away,中信兄弟,5,4,6,0,1
ckyyY,CPBL-2022-dG,2022,一軍,2022-05-31,例行賽,富邦悍將,EAjkg,home,統一7-ELEVEn獅,1,3,5,0,0
ckyyY,CPBL-2022-dG,2022,一軍,2022-05-31,例行賽,統一7-ELEVEn獅,sIhGz,away,富邦悍將,3,1,12,0,1
Tsrc2,CPBL-2022-dG,2022,一軍,2022-05-29,例行賽,中信兄弟,X4hc7,home,味全龍,9,3,11,0,1
Tsrc2,CPBL-2022-dG,2022,一軍,2022-05-29,例行賽,味全龍,7vHtn,away,中信兄弟,3,9,8,0,0
CUxqj,CPBL-2022-dG,2022,一軍,2022-05-28,例行賽,中信兄弟,X4hc7,home,富邦悍將,1,0,6,0,1
CUxqj,CPBL-2022-dG,2022,一軍,2022-05-28,例行賽,富邦悍將,EAjkg,away,中信兄弟,0,1,6,0,0
BTVEs,CPBL-2022-dG,2022,一軍,2022-05-27,例行賽,味全龍,7vHtn,home,富邦悍將,5,2,7,0,1
BTVEs,CPBL-2022-dG,2022,一軍,2022-05-27,例行賽,富邦悍將,EAjkg,away,味全龍,2,5,8,0,0
1WHhF,CPBL-2022-dG,2022,一軍,2022-05-24,例行賽,中信兄弟,X4hc7,home,樂天桃猿,4,3,9,0,1
1WHhF,CPBL-2022-dG,2022,一軍,2022-05-24,例行賽,樂天桃猿,qDCGm,away,中信兄弟,3,4,10,0,0
SePIX,CPBL-2022-dG,2022,一軍,2022-05-22,例行賽,樂天桃猿,qDCGm,home,富邦悍將,2,5,6,0,0
SePIX,CPBL-2022-dG,2022,一軍,2022-05-22,例行賽,富邦悍將,EAjkg,away,樂天桃猿,5,2,6,0,1
scN4q,CPBL-2022-dG,2022,一軍,2022-05-22,例行賽,味全龍,7vHtn,home,統一7-ELEVEn獅,1,7,5,0,0
scN4q,CPBL-2022-dG,2022,一軍,2022-05-22,例行賽,統一7-ELEVEn獅,sIhGz,away,味全龍,7,1,8,0,1
l6eGj,CPBL-2022-dG,2022,一軍,2022-05-21,例行賽,樂天桃猿,qDCGm,home,富邦悍將,0,7,8,0,0
l6eGj,CPBL-2022-dG,2022,一軍,2022-05-21,例行賽,富邦悍將,EAjkg,away,樂天桃猿,7,0,11,0,1
gt4bY,CPBL-2022-dG,2022,一軍,2022-05-21,例行賽,味全龍,7vHtn,home,中信兄弟,7,6,10,0,1
gt4bY,CPBL-2022-dG,2022,一軍,2022-05-21,例行賽,中信兄弟,X4hc7,away,味全龍,6,7,9,0,0
07GDw,CPBL-2022-dG,2022,一軍,2022-05-20,例行賽,樂天桃猿,qDCGm,home,富邦悍將,6,9,10,0,0
07GDw,CPBL-2022-dG,2022,一軍,2022-05-20,例行賽,富邦悍將,EAjkg,away,樂天桃猿,9,6,12,0,1
oY7VS,CPBL-2022-dG,2022,一軍,2022-05-20,例行賽,統一7-ELEVEn獅,sIhGz,home,中信兄弟,1,10,6,0,0
oY7VS,CPBL-2022-dG,2022,一軍,2022-05-20,例行賽,中信兄弟,X4hc7,away,統一7-ELEVEn獅,10,1,14,0,1
wqCN3,CPBL-2022-dG,2022,一軍,2022-05-19,例行賽,統一7-ELEVEn獅,sIhGz,home,中信兄弟,7,0,11,0,1
wqCN3,CPBL-2022-dG,2022,一軍,2022-05-19,例行賽,中信兄弟,X4hc7,away,統一7-ELEVEn獅,0,7,2,0,0
03g87,CPBL-2022-dG,2022,一軍,2022-05-19,例行賽,味全龍,7vHtn,home,樂天桃猿,3,5,6,0,0
03g87,CPBL-2022-dG,2022,一軍,2022-05-19,例行賽,樂天桃猿,qDCGm,away,味全龍,5,3,9,0,1
gTKdy,CPBL-2022-dG,2022,一軍,2022-05-18,例行賽,統一7-ELEVEn獅,sIhGz,home,中信兄弟,3,2,9,0,1
gTKdy,CPBL-2022-dG,2022,一軍,2022-05-18,例行賽,中信兄弟,X4hc7,away,統一7-ELEVEn獅,2,3,5,0,0
pjSiX,CPBL-2022-dG,2022,一軍,2022-05-18,例行賽,味全龍,7vHtn,home,富邦悍將,7,4,7,0,1
pjSiX,CPBL-2022-dG,2022,一軍,2022-05-18,例行賽,富邦悍將,EAjkg,away,味全龍,4,7,10,0,0
b83n9,CPBL-2022-dG,2022,一軍,2022-05-17,例行賽,統一7-ELEVEn獅,sIhGz,home,樂天桃猿,3,1,7,0,1
b83n9,CPBL-2022-dG,2022,一軍,2022-05-17,例行賽,樂天桃猿,qDCGm,away,統一7-ELEVEn獅,1,3,11,0,0
IgrWv,CPBL-2022-dG,2022,一軍,2022-05-17,例行賽,味全龍,7vHtn,home,富邦悍將,3,7,5,0,0
IgrWv,CPBL-2022-dG,2022,一軍,2022-05-17,例行賽,富邦悍將,EAjkg,away,味全龍,7,3,9,0,1
wWWEF,CPBL-2022-dG,2022,一軍,2022-05-16,例行賽,味全龍,7vHtn,home,中信兄弟,8,7,12,0,1
wWWEF,CPBL-2022-dG,2022,一軍,2022-05-16,例行賽,中信兄弟,X4hc7,away,味全龍,7,8,11,0,0
ZW8P5,CPBL-2022-dG,2022,一軍,2022-05-15,例行賽,統一7-ELEVEn獅,sIhGz,home,樂天桃猿,2,7,8,0,0
ZW8P5,CPBL-2022-dG,2022,一軍,2022-05-15,例行賽,樂天桃猿,qDCGm,away,統一7-ELEVEn獅,7,2,13,0,1
wSMxn,CPBL-2022-dG,2022,一軍,2022-05-13,例行賽,富邦悍將,EAjkg,home,中信兄弟,2,8,4,0,0
wSMxn,CPBL-2022-dG,2022,一軍,2022-05-13,例行賽,中信兄弟,X4hc7,away,富邦悍將,8,2,18,0,1
WVzxd,CPBL-2022-dG,2022,一軍,2022-05-13,例行賽,樂天桃猿,qDCGm,home,味全龍,6,5,11,0,1
WVzxd,CPBL-2022-dG,2022,一軍,2022-05-13,例行賽,味全龍,7vHtn,away,樂天桃猿,5,6,18,0,0
Z5kMx,CPBL-2022-dG,2022,一軍,2022-05-12,例行賽,統一7-ELEVEn獅,sIhGz,home,富邦悍將,6,1,13,0,1
Z5kMx,CPBL-2022-dG,2022,一軍,2022-05-12,例行賽,富邦悍將,EAjkg,away,統一7-ELEVEn獅,1,6,4,0,0
NbDXH,CPBL-2022-dG,2022,一軍,2022-05-11,例行賽,樂天桃猿,qDCGm,home,味全龍,10,1,12,0,1
NbDXH,CPBL-2022-dG,2022,一軍,2022-05-11,例行賽,味全龍,7vHtn,away,樂天桃猿,1,10,6,0,0
BhZfq,CPBL-2022-dG,2022,一軍,2022-05-11,例行賽,統一7-ELEVEn獅,sIhGz,home,中信兄弟,2,4,6,0,0
BhZfq,CPBL-2022-dG,2022,一軍,2022-05-11,例行賽,中信兄弟,X4hc7,away,統一7-ELEVEn獅,4,2,10,0,1
KYLbv,CPBL-2022-dG,2022,一軍,2022-05-10,例行賽,樂天桃猿,qDCGm,home,富邦悍將,3,0,8,0,1
KYLbv,CPBL-2022-dG,2022,一軍,2022-05-10,例行賽,富邦悍將,EAjkg,away,樂天桃猿,0,3,5,0,0
Yl5cY,CPBL-2022-dG,2022,一軍,2022-05-10,例行賽,統一7-ELEVEn獅,sIhGz,home,中信兄弟,5,1,7,0,1
Yl5cY,CPBL-2022-dG,2022,一軍,2022-05-10,例行賽,中信兄弟,X4hc7,away,統一7-ELEVEn獅,1,5,6,0,0
tek2u,CPBL-2022-dG,2022,一軍,2022-05-09,例行賽,樂天桃猿,qDCGm,home,富邦悍將,4,1,8,0,1
tek2u,CPBL-2022-dG,2022,一軍,2022-05-09,例行賽,富邦悍將,EAjkg,away,樂天桃猿,1,4,6,0,0
VIB0L,CPBL-2022-dG,2022,一軍,2022-05-08,例行賽,中信兄弟,X4hc7,home,統一7-ELEVEn獅,3,4,11,0,0
VIB0L,CPBL-2022-dG,2022,一軍,2022-05-08,例行賽,統一7-ELEVEn獅,sIhGz,away,中信兄弟,4,3,9,0,1
xIvBd,CPBL-2022-dG,2022,一軍,2022-05-07,例行賽,中信兄弟,X4hc7,home,統一7-ELEVEn獅,4,3,14,0,1
xIvBd,CPBL-2022-dG,2022,一軍,2022-05-07,例行賽,統一7-ELEVEn獅,sIhGz,away,中信兄弟,3,4,10,0,0
nI44V,CPBL-2022-dG,2022,一軍,2022-05-06,例行賽,中信兄弟,X4hc7,home,統一7-ELEVEn獅,3,2,7,0,1
nI44V,CPBL-2022-dG,2022,一軍,2022-05-06,例行賽,統一7-ELEVEn獅,sIhGz,away,中信兄弟,2,3,10,0,0
ilQXj,CPBL-2022-dG,2022,一軍,2022-05-06,例行賽,富邦悍將,EAjkg,home,樂天桃猿,1,3,6,0,0
ilQXj,CPBL-2022-dG,2022,一軍,2022-05-06,例行賽,樂天桃猿,qDCGm,away,富邦悍將,3,1,9,0,1
lqxKH,CPBL-2022-dG,2022,一軍,2022-05-05,例行賽,富邦悍將,EAjkg,home,樂天桃猿,3,7,12,0,0
lqxKH,CPBL-2022-dG,2022,一軍,2022-05-05,例行賽,樂天桃猿,qDCGm,away,富邦悍將,7,3,14,0,1
E7k1j,CPBL-2022-dG,2022,一軍,2022-05-04,例行賽,富邦悍將,EAjkg,home,樂天桃猿,3,1,9,0,1
E7k1j,CPBL-2022-dG,2022,一軍,2022-05-04,例行賽,樂天桃猿,qDCGm,away,富邦悍將,1,3,3,0,0
FriyS,CPBL-2022-dG,2022,一軍,2022-05-03,例行賽,富邦悍將,EAjkg,home,中信兄弟,0,9,1,0,0
FriyS,CPBL-2022-dG,2022,一軍,2022-05-03,例行賽,中信兄弟,X4hc7,away,富邦悍將,9,0,14,0,1
xUOrb,CPBL-2022-dG,2022,一軍,2022-05-01,例行賽,統一7-ELEVEn獅,sIhGz,home,富邦悍將,2,5,7,0,0
xUOrb,CPBL-2022-dG,2022,一軍,2022-05-01,例行賽,富邦悍將,EAjkg,away,統一7-ELEVEn獅,5,2,10,0,1
d98Jc,CPBL-2022-dG,2022,一軍,2022-04-30,例行賽,統一7-ELEVEn獅,sIhGz,home,富邦悍將,5,0,12,0,1
d98Jc,CPBL-2022-dG,2022,一軍,2022-04-30,例行賽,富邦悍將,EAjkg,away,統一7-ELEVEn獅,0,5,5,0,0
pqRxE,CPBL-2022-dG,2022,一軍,2022-04-30,例行賽,樂天桃猿,qDCGm,home,中信兄弟,0,4,4,0,0
pqRxE,CPBL-2022-dG,2022,一軍,2022-04-30,例行賽,中信兄弟,X4hc7,away,樂天桃猿,4,0,10,0,1
hp7eX,CPBL-2022-dG,2022,一軍,2022-04-29,例行賽,統一7-ELEVEn獅,sIhGz,home,富邦悍將,5,3,9,0,1
hp7eX,CPBL-2022-dG,2022,一軍,2022-04-29,例行賽,富邦悍將,EAjkg,away,統一7-ELEVEn獅,3,5,10,0,0
snd6e,CPBL-2022-dG,2022,一軍,2022-04-29,例行賽,味全龍,7vHtn,home,中信兄弟,1,9,4,0,0
snd6e,CPBL-2022-dG,2022,一軍,2022-04-29,例行賽,中信兄弟,X4hc7,away,味全龍,9,1,10,0,1
oVmx1,CPBL-2022-dG,2022,一軍,2022-04-28,例行賽,樂天桃猿,qDCGm,home,統一7-ELEVEn獅,8,8,15,0,
oVmx1,CPBL-2022-dG,2022,一軍,2022-04-28,例行賽,統一7-ELEVEn獅,sIhGz,away,樂天桃猿,8,8,17,0,
UQhXa,CPBL-2022-dG,2022,一軍,2022-04-28,例行賽,味全龍,7vHtn,home,中信兄弟,8,0,11,0,1
UQhXa,CPBL-2022-dG,2022,一軍,2022-04-28,例行賽,中信兄弟,X4hc7,away,味全龍,0,8,3,0,0
vC5Rx,CPBL-2022-dG,2022,一軍,2022-04-27,例行賽,樂天桃猿,qDCGm,home,富邦悍將,5,1,10,0,1
vC5Rx,CPBL-2022-dG,2022,一軍,2022-04-27,例行賽,富邦悍將,EAjkg,away,樂天桃猿,1,5,4,0,0
TEei6,CPBL-2022-dG,2022,一軍,2022-04-26,例行賽,樂天桃猿,qDCGm,home,富邦悍將,5,3,9,0,1
TEei6,CPBL-2022-dG,2022,一軍,2022-04-26,例行賽,富邦悍將,EAjkg,away,樂天桃猿,3,5,6,0,0
qlxx4,CPBL-2022-dG,2022,一軍,2022-04-26,例行賽,味全龍,7vHtn,home,統一7-ELEVEn獅,7,1,17,0,1
qlxx4,CPBL-2022-dG,2022,一軍,2022-04-26,例行賽,統一7-ELEVEn獅,sIhGz,away,味全龍,1,7,2,0,0
jMAie,CPBL-2022-dG,2022,一軍,2022-04-24,例行賽,富邦悍將,EAjkg,home,味全龍,3,7,8,0,0
jMAie,CPBL-2022-dG,2022,一軍,2022-04-24,例行賽,味全龍,7vHtn,away,富邦悍將,7,3,12,0,1
z0bdX,CPBL-2022-dG,2022,一軍,2022-04-24,例行賽,中信兄弟,X4hc7,home,樂天桃猿,5,3,5,0,1
z0bdX,CPBL-2022-dG,2022,一軍,2022-04-24,例行賽,樂天桃猿,qDCGm,away,中信兄弟,3,5,10,0,0
cXMqR,CPBL-2022-dG,2022,一軍,2022-04-23,例行賽,富邦悍將,EAjkg,home,味全龍,0,9,6,0,0
cXMqR,CPBL-2022-dG,2022,一軍,2022-04-23,例行賽,味全龍,7vHtn,away,富邦悍將,9,0,11,0,1
nJFW0,CPBL-2022-dG,2022,一軍,2022-04-23,例行賽,中信兄弟,X4hc7,home,統一7-ELEVEn獅,11,5,12,0,1
nJFW0,CPBL-2022-dG,2022,一軍,2022-04-23,例行賽,統一7-ELEVEn獅,sIhGz,away,中信兄弟,5,11,9,0,0
LVEXe,CPBL-2022-dG,2022,一軍,2022-04-22,例行賽,富邦悍將,EAjkg,home,味全龍,2,3,5,0,0
LVEXe,CPBL-2022-dG,2022,一軍,2022-04-22,例行賽,味全龍,7vHtn,away,富邦悍將,3,2,10,0,1
z6kBw,CPBL-2022-dG,2022,一軍,2022-04-22,例行賽,樂天桃猿,qDCGm,home,統一7-ELEVEn獅,5,6,11,0,0
z6kBw,CPBL-2022-dG,2022,一軍,2022-04-22,例行賽,統一7-ELEVEn獅,sIhGz,away,樂天桃猿,6,5,9,0,1
8FKAd,CPBL-2022-dG,2022,一軍,2022-04-21,例行賽,樂天桃猿,qDCGm,home,統一7-ELEVEn獅,3,2,8,0,1
8FKAd,CPBL-2022-dG,2022,一軍,2022-04-21,例行賽,統一7-ELEVEn獅,sIhGz,away,樂天桃猿,2,3,6,0,0
TVFdQ,CPBL-2022-dG,2022,一軍,2022-04-21,例行賽,中信兄弟,X4hc7,home,富邦悍將,1,3,6,0,0
TVFdQ,CPBL-2022-dG,2022,一軍,2022-04-21,例行賽,富邦悍將,EAjkg,away,中信兄弟,3,1,7,0,1
71F2y,CPBL-2022-dG,2022,一軍,2022-04-20,例行賽,樂天桃猿,qDCGm,home,統一7-ELEVEn獅,3,1,10,0,1
71F2y,CPBL-2022-dG,2022,一軍,2022-04-20,例行賽,統一7-ELEVEn獅,sIhGz,away,樂天桃猿,1,3,7,0,0
ahhqQ,CPBL-2022-dG,2022,一軍,2022-04-20,例行賽,中信兄弟,X4hc7,home,味全龍,9,0,15,0,1
ahhqQ,CPBL-2022-dG,2022,一軍,2022-04-20,例行賽,味全龍,7vHtn,away,中信兄弟,0,9,8,0,0
1qJi7,CPBL-2022-dG,2022,一軍,2022-04-19,例行賽,中信兄弟,X4hc7,home,味全龍,5,11,6,0,0
1qJi7,CPBL-2022-dG,2022,一軍,2022-04-19,例行賽,味全龍,7vHtn,away,中信兄弟,11,5,12,0,1
5xibr,CPBL-2022-dG,2022,一軍,2022-04-17,例行賽,統一7-ELEVEn獅,sIhGz,home,中信兄弟,5,5,12,0,
5xibr,CPBL-2022-dG,2022,一軍,2022-04-17,例行賽,中信兄弟,X4hc7,away,統一7-ELEVEn獅,5,5,6,0,
LITsa,CPBL-2022-dG,2022,一軍,2022-04-17,例行賽,味全龍,7vHtn,home,樂天桃猿,2,3,5,0,0
LITsa,CPBL-2022-dG,2022,一軍,2022-04-17,例行賽,樂天桃猿,qDCGm,away,味全龍,3,2,9,0,1
ZsCsl,CPBL-2022-dG,2022,一軍,2022-04-16,例行賽,統一7-ELEVEn獅,sIhGz,home,富邦悍將,6,0,7,0,1
ZsCsl,CPBL-2022-dG,2022,一軍,2022-04-16,例行賽,富邦悍將,EAjkg,away,統一7-ELEVEn獅,0,6,5,0,0
940ls,CPBL-2022-dG,2022,一軍,2022-04-16,例行賽,味全龍,7vHtn,home,樂天桃猿,3,6,8,0,0
940ls,CPBL-2022-dG,2022,一軍,2022-04-16,例行賽,樂天桃猿,qDCGm,away,味全龍,6,3,10,0,1
uI3t7,CPBL-2022-dG,2022,一軍,2022-04-15,例行賽,中信兄弟,X4hc7,home,富邦悍將,13,6,12,0,1
uI3t7,CPBL-2022-dG,2022,一軍,2022-04-15,例行賽,富邦悍將,EAjkg,away,中信兄弟,6,13,9,0,0
Jdtgn,CPBL-2022-dG,2022,一軍,2022-04-15,例行賽,味全龍,7vHtn,home,樂天桃猿,2,8,7,0,0
Jdtgn,CPBL-2022-dG,2022,一軍,2022-04-15,例行賽,樂天桃猿,qDCGm,away,味全龍,8,2,14,0,1
DHgyx,CPBL-2022-dG,2022,一軍,2022-04-14,例行賽,中信兄弟,X4hc7,home,富邦悍將,5,2,12,0,1
DHgyx,CPBL-2022-dG,2022,一軍,2022-04-14,例行賽,富邦悍將,EAjkg,away,中信兄弟,2,5,10,0,0
viarI,CPBL-2022-dG,2022,一軍,2022-04-14,例行賽,統一7-ELEVEn獅,sIhGz,home,味全龍,6,5,9,0,1
viarI,CPBL-2022-dG,2022,一軍,2022-04-14,例行賽,味全龍,7vHtn,away,統一7-ELEVEn獅,5,6,8,0,0
KiF32,CPBL-2022-dG,2022,一軍,2022-04-13,例行賽,統一7-ELEVEn獅,sIhGz,home,樂天桃猿,5,4,10,0,1
KiF32,CPBL-2022-dG,2022,一軍,2022-04-13,例行賽,樂天桃猿,qDCGm,away,統一7-ELEVEn獅,4,5,10,0,0
KC36P,CPBL-2022-dG,2022,一軍,2022-04-12,例行賽,中信兄弟,X4hc7,home,味全龍,5,6,10,0,0
KC36P,CPBL-2022-dG,2022,一軍,2022-04-12,例行賽,味全龍,7vHtn,away,中信兄弟,6,5,9,0,1
kgCBZ,CPBL-2022-dG,2022,一軍,2022-04-12,例行賽,統一7-ELEVEn獅,sIhGz,home,樂天桃猿,6,7,12,0,0
kgCBZ,CPBL-2022-dG,2022,一軍,2022-04-12,例行賽,樂天桃猿,qDCGm,away,統一7-ELEVEn獅,7,6,12,0,1
KTiUc,CPBL-2022-dG,2022,一軍,2022-04-10,例行賽,樂天桃猿,qDCGm,home,中信兄弟,5,0,9,0,1
KTiUc,CPBL-2022-dG,2022,一軍,2022-04-10,例行賽,中信兄弟,X4hc7,away,樂天桃猿,0,5,3,0,0
Wv1S9,CPBL-2022-dG,2022,一軍,2022-04-10,例行賽,富邦悍將,EAjkg,home,統一7-ELEVEn獅,4,8,7,0,0
Wv1S9,CPBL-2022-dG,2022,一軍,2022-04-10,例行賽,統一7-ELEVEn獅,sIhGz,away,富邦悍將,8,4,12,0,1
G2aMc,CPBL-2022-dG,2022,一軍,2022-04-09,例行賽,樂天桃猿,qDCGm,home,中信兄弟,2,0,5,0,1
G2aMc,CPBL-2022-dG,2022,一軍,2022-04-09,例行賽,中信兄弟,X4hc7,away,樂天桃猿,0,2,5,0,0
ggPSB,CPBL-2022-dG,2022,一軍,2022-04-09,例行賽,富邦悍將,EAjkg,home,味全龍,2,3,8,0,0
ggPSB,CPBL-2022-dG,2022,一軍,2022-04-09,例行賽,味全龍,7vHtn,away,富邦悍將,3,2,9,0,1
dvfkR,CPBL-2022-dG,2022,一軍,2022-04-08,例行賽,統一7-ELEVEn獅,sIhGz,home,樂天桃猿,9,8,14,0,1
dvfkR,CPBL-2022-dG,2022,一軍,2022-04-08,例行賽,樂天桃猿,qDCGm,away,統一7-ELEVEn獅,8,9,18,0,0
gGK8N,CPBL-2022-dG,2022,一軍,2022-04-08,例行賽,富邦悍將,EAjkg,home,中信兄弟,7,6,14,0,1
gGK8N,CPBL-2022-dG,2022,一軍,2022-04-08,例行賽,中信兄弟,X4hc7,away,富邦悍將,6,7,15,0,0
mycXO,CPBL-2022-dG,2022,一軍,2022-04-07,例行賽,富邦悍將,EAjkg,home,樂天桃猿,2,5,7,0,0
mycXO,CPBL-2022-dG,2022,一軍,2022-04-07,例行賽,樂天桃猿,qDCGm,away,富邦悍將,5,2,11,0,1
Fmctv,CPBL-2022-dG,2022,一軍,2022-04-05,例行賽,統一7-ELEVEn獅,sIhGz,home,味全龍,4,0,7,0,1
Fmctv,CPBL-2022-dG,2022,一軍,2022-04-05,例行賽,味全龍,7vHtn,away,統一7-ELEVEn獅,0,4,2,0,0
Hk1Kq,CPBL-2022-dG,2022,一軍,2022-04-05,例行賽,樂天桃猿,qDCGm,home,中信兄弟,8,2,11,0,1
Hk1Kq,CPBL-2022-dG,2022,一軍,2022-04-05,例行賽,中信兄弟,X4hc7,away,樂天桃猿,2,8,8,0,0
7Cxaf,CPBL-2022-dG,2022,一軍,2022-04-04,例行賽,統一7-ELEVEn獅,sIhGz,home,味全龍,4,6,5,0,0
7Cxaf,CPBL-2022-dG,2022,一軍,2022-04-04,例行賽,味全龍,7vHtn,away,統一7-ELEVEn獅,6,4,9,0,1
On0kl,CPBL-2022-dG,2022,一軍,2022-04-04,例行賽,富邦悍將,EAjkg,home,中信兄弟,1,4,8,0,0
On0kl,CPBL-2022-dG,2022,一軍,2022-04-04,例行賽,中信兄弟,X4hc7,away,富邦悍將,4,1,9,0,1
z4Uhq,CPBL-2022-dG,2022,一軍,2022-04-03,例行賽,統一7-ELEVEn獅,sIhGz,home,味全龍,3,11,7,0,0
z4Uhq,CPBL-2022-dG,2022,一軍,2022-04-03,例行賽,味全龍,7vHtn,away,統一7-ELEVEn獅,11,3,12,0,1
Fy06f,CPBL-2022-dG,2022,一軍,2022-04-03,例行賽,中信兄弟,X4hc7,home,富邦悍將,8,2,10,0,1
Fy06f,CPBL-2022-dG,2022,一軍,2022-04-03,例行賽,富邦悍將,EAjkg,away,中信兄弟,2,8,5,0,0
py5SY,CPBL-2022-o7,2022,一軍-2,2022-11-09,季後賽,中信兄弟,iIoLZ,home,樂天桃猿,3,2,9,0,1
py5SY,CPBL-2022-o7,2022,一軍-2,2022-11-09,季後賽,樂天桃猿,5WnxH,away,中信兄弟,2,3,5,0,0
DTvcJ,CPBL-2022-o7,2022,一軍-2,2022-11-08,季後賽,中信兄弟,iIoLZ,home,樂天桃猿,7,2,12,0,1
DTvcJ,CPBL-2022-o7,2022,一軍-2,2022-11-08,季後賽,樂天桃猿,5WnxH,away,中信兄弟,2,7,10,0,0
Fldf5,CPBL-2022-o7,2022,一軍-2,2022-11-06,季後賽,樂天桃猿,5WnxH,home,中信兄弟,1,4,8,0,0
Fldf5,CPBL-2022-o7,2022,一軍-2,2022-11-06,季後賽,中信兄弟,iIoLZ,away,樂天桃猿,4,1,8,0,1
U0hbW,CPBL-2022-o7,2022,一軍-2,2022-11-05,季後賽,樂天桃猿,5WnxH,home,中信兄弟,3,5,5,0,0
U0hbW,CPBL-2022-o7,2022,一軍-2,2022-11-05,季後賽,中信兄弟,iIoLZ,away,樂天桃猿,5,3,10,0,1
H9ZHr,CPBL-2022-yt,2022,一軍-3,2022-10-31,挑戰賽,中信兄弟,8o4vU,home,味全龍,3,2,9,0,1
H9ZHr,CPBL-2022-yt,2022,一軍-3,2022-10-31,挑戰賽,味全龍,s1XZZ,away,中信兄弟,2,3,12,0,0
e42pf,CPBL-2022-yt,2022,一軍-3,2022-10-30,挑戰賽,味全龍,s1XZZ,home,中信兄弟,4,2,11,0,1
e42pf,CPBL-2022-yt,2022,一軍-3,2022-10-30,挑戰賽,中信兄弟,8o4vU,away,味全龍,2,4,8,0,0
rvET9,CPBL-2022-yt,2022,一軍-3,2022-10-29,挑戰賽,中信兄弟,8o4vU,home,味全龍,6,2,13,0,1
rvET9,CPBL-2022-yt,2022,一軍-3,2022-10-29,挑戰賽,味全龍,s1XZZ,away,中信兄弟,2,6,3,0,0
ry45o,CPBL-2022-s6,2022,一軍-4,2022-03-30,春訓,樂天桃猿,Ur6Ba,home,富邦悍將,3,3,9,0,
ry45o,CPBL-2022-s6,2022,一軍-4,2022-03-30,春訓,富邦悍將,xq7A6,away,樂天桃猿,3,3,8,0,
RoqXS,CPBL-2022-s6,2022,一軍-4,2022-03-30,春訓,中信兄弟,Fk72k,home,味全龍,8,7,13,0,1
RoqXS,CPBL-2022-s6,2022,一軍-4,2022-03-30,春訓,味全龍,HAhoZ,away,中信兄弟,7,8,9,0,0
PTQZo,CPBL-2022-s6,2022,一軍-4,2022-03-29,春訓,富邦悍將,xq7A6,home,味全龍,6,5,11,0,1
PTQZo,CPBL-2022-s6,2022,一軍-4,2022-03-29,春訓,味全龍,HAhoZ,away,富邦悍將,5,6,8,0,0
wrKye,CPBL-2022-s6,2022,一軍-4,2022-03-29,春訓,統一7-ELEVEn獅,dQCGM,home,中信兄弟,3,4,6,0,0
wrKye,CPBL-2022-s6,2022,一軍-4,2022-03-29,春訓,中信兄弟,Fk72k,away,統一7-ELEVEn獅,4,3,13,0,1
LVVQl,CPBL-2022-s6,2022,一軍-4,2022-03-26,春訓,味全龍,HAhoZ,home,統一7-ELEVEn獅,6,4,14,0,1
LVVQl,CPBL-2022-s6,2022,一軍-4,2022-03-26,春訓,統一7-ELEVEn獅,dQCGM,away,味全龍,4,6,9,0,0
ZWSp7,CPBL-2022-s6,2022,一軍-4,2022-03-26,春訓,樂天桃猿,Ur6Ba,home,中信兄弟,2,0,7,0,1
ZWSp7,CPBL-2022-s6,2022,一軍-4,2022-03-26,春訓,中信兄弟,Fk72k,away,樂天桃猿,0,2,4,0,0
BvI2P,CPBL-2022-s6,2022,一軍-4,2022-03-25,春訓,味全龍,HAhoZ,home,富邦悍將,5,1,12,0,1
BvI2P,CPBL-2022-s6,2022,一軍-4,2022-03-25,春訓,富邦悍將,xq7A6,away,味全龍,1,5,6,0,0
19Ifp,CPBL-2022-s6,2022,一軍-4,2022-03-25,春訓,樂天桃猿,Ur6Ba,home,統一7-ELEVEn獅,3,5,8,0,0
19Ifp,CPBL-2022-s6,2022,一軍-4,2022-03-25,春訓,統一7-ELEVEn獅,dQCGM,away,樂天桃猿,5,3,11,0,1
VEdG1,CPBL-2022-s6,2022,一軍-4,2022-03-24,春訓,中信兄弟,Fk72k,home,統一7-ELEVEn獅,5,5,8,0,
VEdG1,CPBL-2022-s6,2022,一軍-4,2022-03-24,春訓,統一7-ELEVEn獅,dQCGM,away,中信兄弟,5,5,10,0,
hHCYP,CPBL-2022-s6,2022,一軍-4,2022-03-22,春訓,富邦悍將,xq7A6,home,中信兄弟,6,1,10,0,1
hHCYP,CPBL-2022-s6,2022,一軍-4,2022-03-22,春訓,中信兄弟,Fk72k,away,富邦悍將,1,6,4,0,0
UNomL,CPBL-2022-s6,2022,一軍-4,2022-03-22,春訓,味全龍,HAhoZ,home,樂天桃猿,5,0,9,0,1
UNomL,CPBL-2022-s6,2022,一軍-4,2022-03-22,春訓,樂天桃猿,Ur6Ba,away,味全龍,0,5,7,0,0
eanHc,CPBL-2022-s6,2022,一軍-4,2022-03-20,春訓,中信兄弟,Fk72k,home,富邦悍將,10,6,12,0,1
eanHc,CPBL-2022-s6,2022,一軍-4,2022-03-20,春訓,富邦悍將,xq7A6,away,中信兄弟,6,10,10,0,0
0tU2d,CPBL-2022-s6,2022,一軍-4,2022-03-20,春訓,統一7-ELEVEn獅,dQCGM,home,樂天桃猿,4,4,12,0,
0tU2d,CPBL-2022-s6,2022,一軍-4,2022-03-20,春訓,樂天桃猿,Ur6Ba,away,統一7-ELEVEn獅,4,4,9,0,
jBK1N,CPBL-2022-s6,2022,一軍-4,2022-03-19,春訓,中信兄弟,Fk72k,home,樂天桃猿,4,6,7,0,0
jBK1N,CPBL-2022-s6,2022,一軍-4,2022-03-19,春訓,樂天桃猿,Ur6Ba,away,中信兄弟,6,4,13,0,1
OhSMW,CPBL-2022-s6,2022,一軍-4,2022-03-19,春訓,統一7-ELEVEn獅,dQCGM,home,味全龍,2,5,7,0,0
OhSMW,CPBL-2022-s6,2022,一軍-4,2022-03-19,春訓,味全龍,HAhoZ,away,統一7-ELEVEn獅,5,2,6,0,1
4PWG1,CPBL-2021-fi,2021,一軍,2021-11-21,例行賽,中信兄弟,4aYcq,home,樂天桃猿,6,4,8,0,1
4PWG1,CPBL-2021-fi,2021,一軍,2021-11-21,例行賽,樂天桃猿,SoR6H,away,中信兄弟,4,6,6,0,0
MZAap,CPBL-2021-fi,2021,一軍,2021-11-21,例行賽,味全龍,jgY4I,home,富邦悍將,1,5,7,0,0
MZAap,CPBL-2021-fi,2021,一軍,2021-11-21,例行賽,富邦悍將,uQIc3,away,味全龍,5,1,6,0,1
HOrPD,CPBL-2021-fi,2021,一軍,2021-11-20,例行賽,中信兄弟,4aYcq,home,樂天桃猿,7,6,11,0,1
HOrPD,CPBL-2021-fi,2021,一軍,2021-11-20,例行賽,樂天桃猿,SoR6H,away,中信兄弟,6,7,15,0,0
hHRDb,CPBL-2021-fi,2021,一軍,2021-11-20,例行賽,味全龍,jgY4I,home,統一7-ELEVEn獅,7,2,9,0,1
hHRDb,CPBL-2021-fi,2021,一軍,2021-11-20,例行賽,統一7-ELEVEn獅,oDGsG,away,味全龍,2,7,6,0,0
zyeK8,CPBL-2021-fi,2021,一軍,2021-11-19,例行賽,中信兄弟,4aYcq,home,樂天桃猿,4,2,4,0,1
zyeK8,CPBL-2021-fi,2021,一軍,2021-11-19,例行賽,樂天桃猿,SoR6H,away,中信兄弟,2,4,11,0,0
Sz4ij,CPBL-2021-fi,2021,一軍,2021-11-19,例行賽,富邦悍將,uQIc3,home,統一7-ELEVEn獅,6,4,12,0,1
Sz4ij,CPBL-2021-fi,2021,一軍,2021-11-19,例行賽,統一7-ELEVEn獅,oDGsG,away,富邦悍將,4,6,8,0,0
KAvSy,CPBL-2021-fi,2021,一軍,2021-11-18,例行賽,富邦悍將,uQIc3,home,統一7-ELEVEn獅,4,3,9,0,1
KAvSy,CPBL-2021-fi,2021,一軍,2021-11-18,例行賽,統一7-ELEVEn獅,oDGsG,away,富邦悍將,3,4,8,0,0
is20z,CPBL-2021-fi,2021,一軍,2021-11-18,例行賽,味全龍,jgY4I,home,中信兄弟,11,2,12,0,1
is20z,CPBL-2021-fi,2021,一軍,2021-11-18,例行賽,中信兄弟,4aYcq,away,味全龍,2,11,7,0,0
Ruk0m,CPBL-2021-fi,2021,一軍,2021-11-17,例行賽,富邦悍將,uQIc3,home,統一7-ELEVEn獅,0,7,5,0,0
Ruk0m,CPBL-2021-fi,2021,一軍,2021-11-17,例行賽,統一7-ELEVEn獅,oDGsG,away,富邦悍將,7,0,8,0,1
1UgMj,CPBL-2021-fi,2021,一軍,2021-11-17,例行賽,味全龍,jgY4I,home,樂天桃猿,3,9,6,0,0
1UgMj,CPBL-2021-fi,2021,一軍,2021-11-17,例行賽,樂天桃猿,SoR6H,away,味全龍,9,3,11,0,1
YY0MJ,CPBL-2021-fi,2021,一軍,2021-11-16,例行賽,富邦悍將,uQIc3,home,中信兄弟,1,0,9,0,1
YY0MJ,CPBL-2021-fi,2021,一軍,2021-11-16,例行賽,中信兄弟,4aYcq,away,富邦悍將,0,1,5,0,0
6ngAS,CPBL-2021-fi,2021,一軍,2021-11-16,例行賽,味全龍,jgY4I,home,樂天桃猿,5,3,11,0,1
6ngAS,CPBL-2021-fi,2021,一軍,2021-11-16,例行賽,樂天桃猿,SoR6H,away,味全龍,3,5,13,0,0
IJnNq,CPBL-2021-fi,2021,一軍,2021-11-14,例行賽,富邦悍將,uQIc3,home,樂天桃猿,9,10,15,0,0
IJnNq,CPBL-2021-fi,2021,一軍,2021-11-14,例行賽,樂天桃猿,SoR6H,away,富邦悍將,10,9,11,0,1
D50ve,CPBL-2021-fi,2021,一軍,2021-11-14,例行賽,味全龍,jgY4I,home,中信兄弟,3,6,11,0,0
D50ve,CPBL-2021-fi,2021,一軍,2021-11-14,例行賽,中信兄弟,4aYcq,away,味全龍,6,3,11,0,1
ueqYu,CPBL-2021-fi,2021,一軍,2021-11-13,例行賽,味全龍,jgY4I,home,中信兄弟,5,2,14,0,1
ueqYu,CPBL-2021-fi,2021,一軍,2021-11-13,例行賽,中信兄弟,4aYcq,away,味全龍,2,5,11,0,0
6e04f,CPBL-2021-fi,2021,一軍,2021-11-13,例行賽,樂天桃猿,SoR6H,home,統一7-ELEVEn獅,5,0,7,0,1
6e04f,CPBL-2021-fi,2021,一軍,2021-11-13,例行賽,統一7-ELEVEn獅,oDGsG,away,樂天桃猿,0,5,5,0,0
WEPsd,CPBL-2021-fi,2021,一軍,2021-11-12,例行賽,味全龍,jgY4I,home,統一7-ELEVEn獅,8,7,13,0,1
WEPsd,CPBL-2021-fi,2021,一軍,2021-11-12,例行賽,統一7-ELEVEn獅,oDGsG,away,味全龍,7,8,11,0,0
VzA7R,CPBL-2021-fi,2021,一軍,2021-11-11,例行賽,樂天桃猿,SoR6H,home,富邦悍將,7,6,17,0,1
VzA7R,CPBL-2021-fi,2021,一軍,2021-11-11,例行賽,富邦悍將,uQIc3,away,樂天桃猿,6,7,12,0,0
qCWIN,CPBL-2021-fi,2021,一軍,2021-11-11,例行賽,味全龍,jgY4I,home,統一7-ELEVEn獅,5,4,11,0,1
qCWIN,CPBL-2021-fi,2021,一軍,2021-11-11,例行賽,統一7-ELEVEn獅,oDGsG,away,味全龍,4,5,8,0,0
oXA0S,CPBL-2021-fi,2021,一軍,2021-11-10,例行賽,統一7-ELEVEn獅,oDGsG,home,中信兄弟,2,4,7,0,0
oXA0S,CPBL-2021-fi,2021,一軍,2021-11-10,例行賽,中信兄弟,4aYcq,away,統一7-ELEVEn獅,4,2,12,0,1
EopnS,CPBL-2021-fi,2021,一軍,2021-11-10,例行賽,樂天桃猿,SoR6H,home,富邦悍將,0,1,3,0,0
EopnS,CPBL-2021-fi,2021,一軍,2021-11-10,例行賽,富邦悍將,uQIc3,away,樂天桃猿,1,0,7,0,1
F9hVV,CPBL-2021-fi,2021,一軍,2021-11-09,例行賽,統一7-ELEVEn獅,oDGsG,home,樂天桃猿,6,2,8,0,1
F9hVV,CPBL-2021-fi,2021,一軍,2021-11-09,例行賽,樂天桃猿,SoR6H,away,統一7-ELEVEn獅,2,6,8,0,0
YpqmK,CPBL-2021-fi,2021,一軍,2021-11-09,例行賽,味全龍,jgY4I,home,富邦悍將,4,2,7,0,1
YpqmK,CPBL-2021-fi,2021,一軍,2021-11-09,例行賽,富邦悍將,uQIc3,away,味全龍,2,4,8,0,0
qF0RT,CPBL-2021-fi,2021,一軍,2021-11-07,例行賽,統一7-ELEVEn獅,oDGsG,home,樂天桃猿,3,1,7,0,1
qF0RT,CPBL-2021-fi,2021,一軍,2021-11-07,例行賽,樂天桃猿,SoR6H,away,統一7-ELEVEn獅,1,3,6,0,0
SLtBh,CPBL-2021-fi,2021,一軍,2021-11-07,例行賽,味全龍,jgY4I,home,富邦悍將,4,1,13,0,1
SLtBh,CPBL-2021-fi,2021,一軍,2021-11-07,例行賽,富邦悍將,uQIc3,away,味全龍,1,4,10,0,0
xyKgt,CPBL-2021-fi,2021,一軍,2021-11-06,例行賽,統一7-ELEVEn獅,oDGsG,home,味全龍,3,2,10,0,1
xyKgt,CPBL-2021-fi,2021,一軍,2021-11-06,例行賽,味全龍,jgY4I,away,統一7-ELEVEn獅,2,3,6,0,0
TGzBW,CPBL-2021-fi,2021,一軍,2021-11-06,例行賽,中信兄弟,4aYcq,home,富邦悍將,3,7,9,0,0
TGzBW,CPBL-2021-fi,2021,一軍,2021-11-06,例行賽,富邦悍將,uQIc3,away,中信兄弟,7,3,8,0,1
9AkaC,CPBL-2021-fi,2021,一軍,2021-11-05,例行賽,統一7-ELEVEn獅,oDGsG,home,味全龍,10,3,12,0,1
9AkaC,CPBL-2021-fi,2021,一軍,2021-11-05,例行賽,味全龍,jgY4I,away,統一7-ELEVEn獅,3,10,9,0,0
zspqO,CPBL-2021-fi,2021,一軍,2021-11-05,例行賽,中信兄弟,4aYcq,home,樂天桃猿,1,3,6,0,0
zspqO,CPBL-2021-fi,2021,一軍,2021-11-05,例行賽,樂天桃猿,SoR6H,away,中信兄弟,3,1,10,0,1
JFN1P,CPBL-2021-fi,2021,一軍,2021-11-04,例行賽,味全龍,jgY4I,home,富邦悍將,3,0,8,0,1
JFN1P,CPBL-2021-fi,2021,一軍,2021-11-04,例行賽,富邦悍將,uQIc3,away,味全龍,0,3,5,0,0
22V3q,CPBL-2021-fi,2021,一軍,2021-11-04,例行賽,中信兄弟,4aYcq,home,樂天桃猿,1,6,4,0,0
22V3q,CPBL-2021-fi,2021,一軍,2021-11-04,例行賽,樂天桃猿,SoR6H,away,中信兄弟,6,1,10,0,1
MMfbh,CPBL-2021-fi,2021,一軍,2021-11-03,例行賽,中信兄弟,4aYcq,home,富邦悍將,1,5,7,0,0
MMfbh,CPBL-2021-fi,2021,一軍,2021-11-03,例行賽,富邦悍將,uQIc3,away,中信兄弟,5,1,9,0,1
e9K3r,CPBL-2021-fi,2021,一軍,2021-11-02,例行賽,樂天桃猿,SoR6H,home,統一7-ELEVEn獅,3,5,11,0,0
e9K3r,CPBL-2021-fi,2021,一軍,2021-11-02,例行賽,統一7-ELEVEn獅,oDGsG,away,樂天桃猿,5,3,11,0,1
ZsLvp,CPBL-2021-fi,2021,一軍,2021-11-02,例行賽,富邦悍將,uQIc3,home,味全龍,3,1,4,0,1
ZsLvp,CPBL-2021-fi,2021,一軍,2021-11-02,例行賽,味全龍,jgY4I,away,富邦悍將,1,3,6,0,0
18V4N,CPBL-2021-fi,2021,一軍,2021-11-01,例行賽,樂天桃猿,SoR6H,home,味全龍,0,5,6,0,0
18V4N,CPBL-2021-fi,2021,一軍,2021-11-01,例行賽,味全龍,jgY4I,away,樂天桃猿,5,0,8,0,1
EnyFL,CPBL-2021-fi,2021,一軍,2021-10-31,例行賽,樂天桃猿,SoR6H,home,味全龍,3,4,7,0,0
EnyFL,CPBL-2021-fi,2021,一軍,2021-10-31,例行賽,味全龍,jgY4I,away,樂天桃猿,4,3,9,0,1
k61UX,CPBL-2021-fi,2021,一軍,2021-10-31,例行賽,中信兄弟,4aYcq,home,統一7-ELEVEn獅,4,2,6,0,1
k61UX,CPBL-2021-fi,2021,一軍,2021-10-31,例行賽,統一7-ELEVEn獅,oDGsG,away,中信兄弟,2,4,7,0,0
N5NHd,CPBL-2021-fi,2021,一軍,2021-10-30,例行賽,樂天桃猿,SoR6H,home,中信兄弟,6,4,7,0,1
N5NHd,CPBL-2021-fi,2021,一軍,2021-10-30,例行賽,中信兄弟,4aYcq,away,樂天桃猿,4,6,12,0,0
NDhKC,CPBL-2021-fi,2021,一軍,2021-10-30,例行賽,富邦悍將,uQIc3,home,統一7-ELEVEn獅,5,6,4,0,0
NDhKC,CPBL-2021-fi,2021,一軍,2021-10-30,例行賽,統一7-ELEVEn獅,oDGsG,away,富邦悍將,6,5,8,0,1
ZpcwW,CPBL-2021-fi,2021,一軍,2021-10-29,例行賽,樂天桃猿,SoR6H,home,中信兄弟,2,5,8,0,0
ZpcwW,CPBL-2021-fi,2021,一軍,2021-10-29,例行賽,中信兄弟,4aYcq,away,樂天桃猿,5,2,9,0,1
YZPRK,CPBL-2021-fi,2021,一軍,2021-10-29,例行賽,富邦悍將,uQIc3,home,統一7-ELEVEn獅,0,4,2,0,0
YZPRK,CPBL-2021-fi,2021,一軍,2021-10-29,例行賽,統一7-ELEVEn獅,oDGsG,away,富邦悍將,4,0,7,0,1
S0CDQ,CPBL-2021-fi,2021,一軍,2021-10-28,例行賽,富邦悍將,uQIc3,home,味全龍,0,2,5,0,0
S0CDQ,CPBL-2021-fi,2021,一軍,2021-10-28,例行賽,味全龍,jgY4I,away,富邦悍將,2,0,8,0,1
0nmSZ,CPBL-2021-fi,2021,一軍,2021-10-27,例行賽,統一7-ELEVEn獅,oDGsG,home,中信兄弟,4,2,6,0,1
0nmSZ,CPBL-2021-fi,2021,一軍,2021-10-27,例行賽,中信兄弟,4aYcq,away,統一7-ELEVEn獅,2,4,7,0,0
OCEbz,CPBL-2021-fi,2021,一軍,2021-10-27,例行賽,富邦悍將,uQIc3,home,味全龍,11,1,12,0,1
OCEbz,CPBL-2021-fi,2021,一軍,2021-10-27,例行賽,味全龍,jgY4I,away,富邦悍將,1,11,6,0,0
jLB54,CPBL-2021-fi,2021,一軍,2021-10-26,例行賽,富邦悍將,uQIc3,home,樂天桃猿,6,0,11,0,1
jLB54,CPBL-2021-fi,2021,一軍,2021-10-26,例行賽,樂天桃猿,SoR6H,away,富邦悍將,0,6,5,0,0
ZUi6D,CPBL-2021-fi,2021,一軍,2021-10-26,例行賽,味全龍,jgY4I,home,中信兄弟,7,5,14,0,1
ZUi6D,CPBL-2021-fi,2021,一軍,2021-10-26,例行賽,中信兄弟,4aYcq,away,味全龍,5,7,13,0,0
X1FSM,CPBL-2021-fi,2021,一軍,2021-10-25,例行賽,樂天桃猿,SoR6H,home,統一7-ELEVEn獅,4,3,10,0,1
X1FSM,CPBL-2021-fi,2021,一軍,2021-10-25,例行賽,統一7-ELEVEn獅,oDGsG,away,樂天桃猿,3,4,13,0,0
lZIY5,CPBL-2021-fi,2021,一軍,2021-10-24,例行賽,中信兄弟,4aYcq,home,味全龍,2,2,7,0,
lZIY5,CPBL-2021-fi,2021,一軍,2021-10-24,例行賽,味全龍,jgY4I,away,中信兄弟,2,2,9,0,
QJiWv,CPBL-2021-fi,2021,一軍,2021-10-23,例行賽,樂天桃猿,SoR6H,home,統一7-ELEVEn獅,0,0,3,0,
QJiWv,CPBL-2021-fi,2021,一軍,2021-10-23,例行賽,統一7-ELEVEn獅,oDGsG,away,樂天桃猿,0,0,3,0,
9vugZ,CPBL-2021-fi,2021,一軍,2021-10-23,例行賽,中信兄弟,4aYcq,home,富邦悍將,5,2,11,0,1
9vugZ,CPBL-2021-fi,2021,一軍,2021-10-23,例行賽,富邦悍將,uQIc3,away,中信兄弟,2,5,3,0,0
Ptonk,CPBL-2021-fi,2021,一軍,2021-10-22,例行賽,味全龍,jgY4I,home,富邦悍將,8,7,13,0,1
Ptonk,CPBL-2021-fi,2021,一軍,2021-10-22,例行賽,富邦悍將,uQIc3,away,味全龍,7,8,13,0,0
UiuBk,CPBL-2021-fi,2021,一軍,2021-10-21,例行賽,味全龍,jgY4I,home,富邦悍將,1,2,3,0,0
UiuBk,CPBL-2021-fi,2021,一軍,2021-10-21,例行賽,富邦悍將,uQIc3,away,味全龍,2,1,7,0,1
WAF93,CPBL-2021-fi,2021,一軍,2021-10-21,例行賽,中信兄弟,4aYcq,home,樂天桃猿,2,1,9,0,1
WAF93,CPBL-2021-fi,2021,一軍,2021-10-21,例行賽,樂天桃猿,SoR6H,away,中信兄弟,1,2,5,0,0
OwtCH,CPBL-2021-fi,2021,一軍,2021-10-20,例行賽,味全龍,jgY4I,home,富邦悍將,7,4,8,0,1
OwtCH,CPBL-2021-fi,2021,一軍,2021-10-20,例行賽,富邦悍將,uQIc3,away,味全龍,4,7,11,0,0
nOzT4,CPBL-2021-fi,2021,一軍,2021-10-20,例行賽,中信兄弟,4aYcq,home,統一7-ELEVEn獅,4,6,11,0,0
nOzT4,CPBL-2021-fi,2021,一軍,2021-10-20,例行賽,統一7-ELEVEn獅,oDGsG,away,中信兄弟,6,4,12,0,1
Npe1D,CPBL-2021-fi,2021,一軍,2021-10-19,例行賽,味全龍,jgY4I,home,樂天桃猿,8,7,10,0,1
Npe1D,CPBL-2021-fi,2021,一軍,2021-10-19,例行賽,樂天桃猿,SoR6H,away,味全龍,7,8,7,0,0
a1Uyr,CPBL-2021-fi,2021,一軍,2021-10-19,例行賽,中信兄弟,4aYcq,home,統一7-ELEVEn獅,6,5,2,0,1
a1Uyr,CPBL-2021-fi,2021,一軍,2021-10-19,例行賽,統一7-ELEVEn獅,oDGsG,away,中信兄弟,5,6,9,0,0
t4UlM,CPBL-2021-fi,2021,一軍,2021-10-17,例行賽,統一7-ELEVEn獅,oDGsG,home,富邦悍將,1,3,7,0,0
t4UlM,CPBL-2021-fi,2021,一軍,2021-10-17,例行賽,富邦悍將,uQIc3,away,統一7-ELEVEn獅,3,1,8,0,1
wQeRG,CPBL-2021-fi,2021,一軍,2021-10-17,例行賽,味全龍,jgY4I,home,樂天桃猿,0,3,4,0,0
wQeRG,CPBL-2021-fi,2021,一軍,2021-10-17,例行賽,樂天桃猿,SoR6H,away,味全龍,3,0,10,0,1
RJhfq,CPBL-2021-fi,2021,一軍,2021-10-16,例行賽,統一7-ELEVEn獅,oDGsG,home,富邦悍將,3,5,8,0,0
RJhfq,CPBL-2021-fi,2021,一軍,2021-10-16,例行賽,富邦悍將,uQIc3,away,統一7-ELEVEn獅,5,3,9,0,1
GrD3u,CPBL-2021-fi,2021,一軍,2021-10-15,例行賽,統一7-ELEVEn獅,oDGsG,home,富邦悍將,3,0,6,0,1
GrD3u,CPBL-2021-fi,2021,一軍,2021-10-15,例行賽,富邦悍將,uQIc3,away,統一7-ELEVEn獅,0,3,7,0,0
vbuBX,CPBL-2021-fi,2021,一軍,2021-10-15,例行賽,樂天桃猿,SoR6H,home,中信兄弟,3,6,9,0,0
vbuBX,CPBL-2021-fi,2021,一軍,2021-10-15,例行賽,中信兄弟,4aYcq,away,樂天桃猿,6,3,10,0,1
NzkHG,CPBL-2021-fi,2021,一軍,2021-10-14,例行賽,樂天桃猿,SoR6H,home,中信兄弟,5,1,9,0,1
NzkHG,CPBL-2021-fi,2021,一軍,2021-10-14,例行賽,中信兄弟,4aYcq,away,樂天桃猿,1,5,7,0,0
Ik9Wp,CPBL-2021-fi,2021,一軍,2021-10-14,例行賽,味全龍,jgY4I,home,統一7-ELEVEn獅,3,0,8,0,1
Ik9Wp,CPBL-2021-fi,2021,一軍,2021-10-14,例行賽,統一7-ELEVEn獅,oDGsG,away,味全龍,0,3,6,0,0
I4Fn9,CPBL-2021-fi,2021,一軍,2021-10-13,例行賽,樂天桃猿,SoR6H,home,中信兄弟,4,8,7,0,0
I4Fn9,CPBL-2021-fi,2021,一軍,2021-10-13,例行賽,中信兄弟,4aYcq,away,樂天桃猿,8,4,12,0,1
H3mJ4,CPBL-2021-fi,2021,一軍,2021-10-13,例行賽,味全龍,jgY4I,home,富邦悍將,1,7,5,0,0
H3mJ4,CPBL-2021-fi,2021,一軍,2021-10-13,例行賽,富邦悍將,uQIc3,away,味全龍,7,1,15,0,1
StIKz,CPBL-2021-fi,2021,一軍,2021-10-11,例行賽,中信兄弟,4aYcq,home,統一7-ELEVEn獅,6,5,8,0,1
StIKz,CPBL-2021-fi,2021,一軍,2021-10-11,例行賽,統一7-ELEVEn獅,oDGsG,away,中信兄弟,5,6,8,0,0
FOszY,CPBL-2021-fi,2021,一軍,2021-10-10,例行賽,富邦悍將,uQIc3,home,中信兄弟,2,6,8,0,0
FOszY,CPBL-2021-fi,2021,一軍,2021-10-10,例行賽,中信兄弟,4aYcq,away,富邦悍將,6,2,11,0,1
cHabj,CPBL-2021-fi,2021,一軍,2021-10-10,例行賽,樂天桃猿,SoR6H,home,統一7-ELEVEn獅,0,7,2,0,0
cHabj,CPBL-2021-fi,2021,一軍,2021-10-10,例行賽,統一7-ELEVEn獅,oDGsG,away,樂天桃猿,7,0,6,0,1
8ReRT,CPBL-2021-fi,2021,一軍,2021-10-09,例行賽,富邦悍將,uQIc3,home,中信兄弟,1,3,9,0,0
8ReRT,CPBL-2021-fi,2021,一軍,2021-10-09,例行賽,中信兄弟,4aYcq,away,富邦悍將,3,1,9,0,1
rOhpR,CPBL-2021-fi,2021,一軍,2021-10-09,例行賽,樂天桃猿,SoR6H,home,味全龍,6,9,11,0,0
rOhpR,CPBL-2021-fi,2021,一軍,2021-10-09,例行賽,味全龍,jgY4I,away,樂天桃猿,9,6,13,0,1
7i76s,CPBL-2021-fi,2021,一軍,2021-10-08,例行賽,富邦悍將,uQIc3,home,中信兄弟,4,5,9,0,0
7i76s,CPBL-2021-fi,2021,一軍,2021-10-08,例行賽,中信兄弟,4aYcq,away,富邦悍將,5,4,7,0,1
KIyz8,CPBL-2021-fi,2021,一軍,2021-10-08,例行賽,統一7-ELEVEn獅,oDGsG,home,味全龍,9,6,14,0,1
KIyz8,CPBL-2021-fi,2021,一軍,2021-10-08,例行賽,味全龍,jgY4I,away,統一7-ELEVEn獅,6,9,12,0,0
4oXXt,CPBL-2021-fi,2021,一軍,2021-10-07,例行賽,統一7-ELEVEn獅,oDGsG,home,味全龍,4,0,7,0,1
4oXXt,CPBL-2021-fi,2021,一軍,2021-10-07,例行賽,味全龍,jgY4I,away,統一7-ELEVEn獅,0,4,2,0,0
xCnyo,CPBL-2021-fi,2021,一軍,2021-10-07,例行賽,樂天桃猿,SoR6H,home,富邦悍將,6,7,8,0,0
xCnyo,CPBL-2021-fi,2021,一軍,2021-10-07,例行賽,富邦悍將,uQIc3,away,樂天桃猿,7,6,10,0,1
DZ2JZ,CPBL-2021-fi,2021,一軍,2021-10-06,例行賽,統一7-ELEVEn獅,oDGsG,home,味全龍,6,3,9,0,1
DZ2JZ,CPBL-2021-fi,2021,一軍,2021-10-06,例行賽,味全龍,jgY4I,away,統一7-ELEVEn獅,3,6,6,0,0
YOZip,CPBL-2021-fi,2021,一軍,2021-10-06,例行賽,樂天桃猿,SoR6H,home,中信兄弟,10,10,15,0,
YOZip,CPBL-2021-fi,2021,一軍,2021-10-06,例行賽,中信兄弟,4aYcq,away,樂天桃猿,10,10,15,0,
Gs2pB,CPBL-2021-fi,2021,一軍,2021-10-05,例行賽,統一7-ELEVEn獅,oDGsG,home,富邦悍將,1,2,5,0,0
Gs2pB,CPBL-2021-fi,2021,一軍,2021-10-05,例行賽,富邦悍將,uQIc3,away,統一7-ELEVEn獅,2,1,5,0,1
OknNs,CPBL-2021-fi,2021,一軍,2021-10-05,例行賽,樂天桃猿,SoR6H,home,中信兄弟,6,8,13,0,0
OknNs,CPBL-2021-fi,2021,一軍,2021-10-05,例行賽,中信兄弟,4aYcq,away,樂天桃猿,8,6,14,0,1
JfFn3,CPBL-2021-fi,2021,一軍,2021-10-03,例行賽,中信兄弟,4aYcq,home,味全龍,7,3,13,0,1
JfFn3,CPBL-2021-fi,2021,一軍,2021-10-03,例行賽,味全龍,jgY4I,away,中信兄弟,3,7,12,0,0
Mjmlz,CPBL-2021-fi,2021,一軍,2021-10-03,例行賽,統一7-ELEVEn獅,oDGsG,home,富邦悍將,8,3,9,0,1
Mjmlz,CPBL-2021-fi,2021,一軍,2021-10-03,例行賽,富邦悍將,uQIc3,away,統一7-ELEVEn獅,3,8,8,0,0
VWrbW,CPBL-2021-fi,2021,一軍,2021-10-02,例行賽,中信兄弟,4aYcq,home,味全龍,2,3,7,0,0
VWrbW,CPBL-2021-fi,2021,一軍,2021-10-02,例行賽,味全龍,jgY4I,away,中信兄弟,3,2,10,0,1
AfQXW,CPBL-2021-fi,2021,一軍,2021-10-02,例行賽,統一7-ELEVEn獅,oDGsG,home,樂天桃猿,10,5,14,0,1
AfQXW,CPBL-2021-fi,2021,一軍,2021-10-02,例行賽,樂天桃猿,SoR6H,away,統一7-ELEVEn獅,5,10,7,0,0
xy98z,CPBL-2021-fi,2021,一軍,2021-10-01,例行賽,中信兄弟,4aYcq,home,味全龍,3,5,7,0,0
xy98z,CPBL-2021-fi,2021,一軍,2021-10-01,例行賽,味全龍,jgY4I,away,中信兄弟,5,3,10,0,1
u75k5,CPBL-2021-fi,2021,一軍,2021-10-01,例行賽,富邦悍將,uQIc3,home,樂天桃猿,9,7,8,0,1
u75k5,CPBL-2021-fi,2021,一軍,2021-10-01,例行賽,樂天桃猿,SoR6H,away,富邦悍將,7,9,13,0,0
B3TcS,CPBL-2021-fi,2021,一軍,2021-09-30,例行賽,富邦悍將,uQIc3,home,樂天桃猿,1,2,7,0,0
B3TcS,CPBL-2021-fi,2021,一軍,2021-09-30,例行賽,樂天桃猿,SoR6H,away,富邦悍將,2,1,6,0,1
XgO3N,CPBL-2021-fi,2021,一軍,2021-09-30,例行賽,統一7-ELEVEn獅,oDGsG,home,中信兄弟,2,4,6,0,0
XgO3N,CPBL-2021-fi,2021,一軍,2021-09-30,例行賽,中信兄弟,4aYcq,away,統一7-ELEVEn獅,4,2,12,0,1
HaaEE,CPBL-2021-fi,2021,一軍,2021-09-29,例行賽,富邦悍將,uQIc3,home,樂天桃猿,3,6,10,0,0
HaaEE,CPBL-2021-fi,2021,一軍,2021-09-29,例行賽,樂天桃猿,SoR6H,away,富邦悍將,6,3,5,0,1
VN1eB,CPBL-2021-fi,2021,一軍,2021-09-29,例行賽,統一7-ELEVEn獅,oDGsG,home,味全龍,6,1,6,0,1
VN1eB,CPBL-2021-fi,2021,一軍,2021-09-29,例行賽,味全龍,jgY4I,away,統一7-ELEVEn獅,1,6,8,0,0
vL1Rk,CPBL-2021-fi,2021,一軍,2021-09-28,例行賽,富邦悍將,uQIc3,home,中信兄弟,6,3,13,0,1
vL1Rk,CPBL-2021-fi,2021,一軍,2021-09-28,例行賽,中信兄弟,4aYcq,away,富邦悍將,3,6,6,0,0
ZAYx2,CPBL-2021-fi,2021,一軍,2021-09-28,例行賽,統一7-ELEVEn獅,oDGsG,home,味全龍,3,1,5,0,1
ZAYx2,CPBL-2021-fi,2021,一軍,2021-09-28,例行賽,味全龍,jgY4I,away,統一7-ELEVEn獅,1,3,5,0,0
t8q7U,CPBL-2021-fi,2021,一軍,2021-09-26,例行賽,味全龍,jgY4I,home,樂天桃猿,0,6,5,0,0
t8q7U,CPBL-2021-fi,2021,一軍,2021-09-26,例行賽,樂天桃猿,SoR6H,away,味全龍,6,0,8,0,1
kp6TS,CPBL-2021-fi,2021,一軍,2021-09-26,例行賽,富邦悍將,uQIc3,home,中信兄弟,3,8,8,0,0
kp6TS,CPBL-2021-fi,2021,一軍,2021-09-26,例行賽,中信兄弟,4aYcq,away,富邦悍將,8,3,12,0,1
oOnsL,CPBL-2021-fi,2021,一軍,2021-09-25,例行賽,味全龍,jgY4I,home,樂天桃猿,3,2,11,0,1
oOnsL,CPBL-2021-fi,2021,一軍,2021-09-25,例行賽,樂天桃猿,SoR6H,away,味全龍,2,3,5,0,0
9PvCa,CPBL-2021-fi,2021,一軍,2021-09-25,例行賽,富邦悍將,uQIc3,home,統一7-ELEVEn獅,4,0,8,0,1
9PvCa,CPBL-2021-fi,2021,一軍,2021-09-25,例行賽,統一7-ELEVEn獅,oDGsG,away,富邦悍將,0,4,8,0,0
ji9fg,CPBL-2021-fi,2021,一軍,2021-09-24,例行賽,味全龍,jgY4I,home,樂天桃猿,6,8,10,0,0
ji9fg,CPBL-2021-fi,2021,一軍,2021-09-24,例行賽,樂天桃猿,SoR6H,away,味全龍,8,6,10,0,1
KPfKV,CPBL-2021-fi,2021,一軍,2021-09-24,例行賽,中信兄弟,4aYcq,home,統一7-ELEVEn獅,5,3,8,0,1
KPfKV,CPBL-2021-fi,2021,一軍,2021-09-24,例行賽,統一7-ELEVEn獅,oDGsG,away,中信兄弟,3,5,6,0,0
jB50r,CPBL-2021-fi,2021,一軍,2021-09-23,例行賽,中信兄弟,4aYcq,home,統一7-ELEVEn獅,6,2,10,0,1
jB50r,CPBL-2021-fi,2021,一軍,2021-09-23,例行賽,統一7-ELEVEn獅,oDGsG,away,中信兄弟,2,6,6,0,0
j0UAK,CPBL-2021-fi,2021,一軍,2021-09-23,例行賽,富邦悍將,uQIc3,home,味全龍,2,0,6,0,1
j0UAK,CPBL-2021-fi,2021,一軍,2021-09-23,例行賽,味全龍,jgY4I,away,富邦悍將,0,2,3,0,0
6aosa,CPBL-2021-fi,2021,一軍,2021-09-22,例行賽,中信兄弟,4aYcq,home,統一7-ELEVEn獅,3,9,9,0,0
6aosa,CPBL-2021-fi,2021,一軍,2021-09-22,例行賽,統一7-ELEVEn獅,oDGsG,away,中信兄弟,9,3,18,0,1
e4jCe,CPBL-2021-fi,2021,一軍,2021-09-22,例行賽,富邦悍將,uQIc3,home,樂天桃猿,3,4,8,0,0
e4jCe,CPBL-2021-fi,2021,一軍,2021-09-22,例行賽,樂天桃猿,SoR6H,away,富邦悍將,4,3,9,0,1
tS6JP,CPBL-2021-fi,2021,一軍,2021-09-21,例行賽,中信兄弟,4aYcq,home,味全龍,6,2,12,0,1
tS6JP,CPBL-2021-fi,2021,一軍,2021-09-21,例行賽,味全龍,jgY4I,away,中信兄弟,2,6,12,0,0
qQ3S7,CPBL-2021-fi,2021,一軍,2021-09-20,例行賽,富邦悍將,uQIc3,home,樂天桃猿,4,4,11,0,
qQ3S7,CPBL-2021-fi,2021,一軍,2021-09-20,例行賽,樂天桃猿,SoR6H,away,富邦悍將,4,4,7,0,
lULTM,CPBL-2021-fi,2021,一軍,2021-09-19,例行賽,樂天桃猿,SoR6H,home,富邦悍將,8,5,16,0,1
lULTM,CPBL-2021-fi,2021,一軍,2021-09-19,例行賽,富邦悍將,uQIc3,away,樂天桃猿,5,8,7,0,0
a5Bs3,CPBL-2021-fi,2021,一軍,2021-09-19,例行賽,統一7-ELEVEn獅,oDGsG,home,味全龍,9,2,14,0,1
a5Bs3,CPBL-2021-fi,2021,一軍,2021-09-19,例行賽,味全龍,jgY4I,away,統一7-ELEVEn獅,2,9,7,0,0
fwVfK,CPBL-2021-fi,2021,一軍,2021-09-18,例行賽,樂天桃猿,SoR6H,home,富邦悍將,6,5,13,0,1
fwVfK,CPBL-2021-fi,2021,一軍,2021-09-18,例行賽,富邦悍將,uQIc3,away,樂天桃猿,5,6,13,0,0
yMPIm,CPBL-2021-fi,2021,一軍,2021-09-18,例行賽,統一7-ELEVEn獅,oDGsG,home,中信兄弟,4,1,8,0,1
yMPIm,CPBL-2021-fi,2021,一軍,2021-09-18,例行賽,中信兄弟,4aYcq,away,統一7-ELEVEn獅,1,4,5,0,0
D3NSu,CPBL-2021-fi,2021,一軍,2021-09-17,例行賽,樂天桃猿,SoR6H,home,富邦悍將,11,5,18,0,1
D3NSu,CPBL-2021-fi,2021,一軍,2021-09-17,例行賽,富邦悍將,uQIc3,away,樂天桃猿,5,11,8,0,0
BfIJc,CPBL-2021-fi,2021,一軍,2021-09-17,例行賽,味全龍,jgY4I,home,中信兄弟,1,0,5,0,1
BfIJc,CPBL-2021-fi,2021,一軍,2021-09-17,例行賽,中信兄弟,4aYcq,away,味全龍,0,1,4,0,0
aTii0,CPBL-2021-fi,2021,一軍,2021-09-16,例行賽,味全龍,jgY4I,home,中信兄弟,4,8,10,0,0
aTii0,CPBL-2021-fi,2021,一軍,2021-09-16,例行賽,中信兄弟,4aYcq,away,味全龍,8,4,14,0,1
mZshe,CPBL-2021-fi,2021,一軍,2021-09-16,例行賽,統一7-ELEVEn獅,oDGsG,home,樂天桃猿,6,5,9,0,1
mZshe,CPBL-2021-fi,2021,一軍,2021-09-16,例行賽,樂天桃猿,SoR6H,away,統一7-ELEVEn獅,5,6,10,0,0
35YNT,CPBL-2021-fi,2021,一軍,2021-09-15,例行賽,味全龍,jgY4I,home,中信兄弟,1,5,3,0,0
35YNT,CPBL-2021-fi,2021,一軍,2021-09-15,例行賽,中信兄弟,4aYcq,away,味全龍,5,1,6,0,1
wtbeZ,CPBL-2021-fi,2021,一軍,2021-09-15,例行賽,統一7-ELEVEn獅,oDGsG,home,富邦悍將,7,7,16,0,
wtbeZ,CPBL-2021-fi,2021,一軍,2021-09-15,例行賽,富邦悍將,uQIc3,away,統一7-ELEVEn獅,7,7,14,0,
3wUTI,CPBL-2021-fi,2021,一軍,2021-09-14,例行賽,味全龍,jgY4I,home,樂天桃猿,0,5,7,0,0
3wUTI,CPBL-2021-fi,2021,一軍,2021-09-14,例行賽,樂天桃猿,SoR6H,away,味全龍,5,0,9,0,1
Zuzpw,CPBL-2021-fi,2021,一軍,2021-09-14,例行賽,統一7-ELEVEn獅,oDGsG,home,富邦悍將,0,5,4,0,0
Zuzpw,CPBL-2021-fi,2021,一軍,2021-09-14,例行賽,富邦悍將,uQIc3,away,統一7-ELEVEn獅,5,0,9,0,1
LHBvT,CPBL-2021-fi,2021,一軍,2021-09-12,例行賽,中信兄弟,4aYcq,home,統一7-ELEVEn獅,3,5,9,0,0
LHBvT,CPBL-2021-fi,2021,一軍,2021-09-12,例行賽,統一7-ELEVEn獅,oDGsG,away,中信兄弟,5,3,10,0,1
X2yU9,CPBL-2021-fi,2021,一軍,2021-09-11,例行賽,富邦悍將,uQIc3,home,味全龍,5,4,10,0,1
X2yU9,CPBL-2021-fi,2021,一軍,2021-09-11,例行賽,味全龍,jgY4I,away,富邦悍將,4,5,7,0,0
bOPjU,CPBL-2021-fi,2021,一軍,2021-09-11,例行賽,中信兄弟,4aYcq,home,樂天桃猿,5,2,7,0,1
bOPjU,CPBL-2021-fi,2021,一軍,2021-09-11,例行賽,樂天桃猿,SoR6H,away,中信兄弟,2,5,7,0,0
BlSTt,CPBL-2021-fi,2021,一軍,2021-09-10,例行賽,富邦悍將,uQIc3,home,味全龍,2,5,8,0,0
BlSTt,CPBL-2021-fi,2021,一軍,2021-09-10,例行賽,味全龍,jgY4I,away,富邦悍將,5,2,9,0,1
B9igN,CPBL-2021-fi,2021,一軍,2021-09-10,例行賽,統一7-ELEVEn獅,oDGsG,home,樂天桃猿,5,7,9,0,0
B9igN,CPBL-2021-fi,2021,一軍,2021-09-10,例行賽,樂天桃猿,SoR6H,away,統一7-ELEVEn獅,7,5,14,0,1
yGKXj,CPBL-2021-fi,2021,一軍,2021-09-09,例行賽,統一7-ELEVEn獅,oDGsG,home,樂天桃猿,5,3,10,0,1
yGKXj,CPBL-2021-fi,2021,一軍,2021-09-09,例行賽,樂天桃猿,SoR6H,away,統一7-ELEVEn獅,3,5,6,0,0
CZC6Y,CPBL-2021-fi,2021,一軍,2021-09-09,例行賽,中信兄弟,4aYcq,home,富邦悍將,0,3,6,0,0
CZC6Y,CPBL-2021-fi,2021,一軍,2021-09-09,例行賽,富邦悍將,uQIc3,away,中信兄弟,3,0,6,0,1
on89R,CPBL-2021-fi,2021,一軍,2021-09-08,例行賽,統一7-ELEVEn獅,oDGsG,home,樂天桃猿,9,6,13,0,1
on89R,CPBL-2021-fi,2021,一軍,2021-09-08,例行賽,樂天桃猿,SoR6H,away,統一7-ELEVEn獅,6,9,12,0,0
iO2kM,CPBL-2021-fi,2021,一軍,2021-09-08,例行賽,中信兄弟,4aYcq,home,味全龍,4,7,12,0,0
iO2kM,CPBL-2021-fi,2021,一軍,2021-09-08,例行賽,味全龍,jgY4I,away,中信兄弟,7,4,12,0,1
9mLiY,CPBL-2021-fi,2021,一軍,2021-09-07,例行賽,統一7-ELEVEn獅,oDGsG,home,富邦悍將,6,8,10,0,0
9mLiY,CPBL-2021-fi,2021,一軍,2021-09-07,例行賽,富邦悍將,uQIc3,away,統一7-ELEVEn獅,8,6,11,0,1
zbvrL,CPBL-2021-fi,2021,一軍,2021-09-07,例行賽,中信兄弟,4aYcq,home,味全龍,2,0,6,0,1
zbvrL,CPBL-2021-fi,2021,一軍,2021-09-07,例行賽,味全龍,jgY4I,away,中信兄弟,0,2,5,0,0
yiztw,CPBL-2021-fi,2021,一軍,2021-09-05,例行賽,味全龍,jgY4I,home,統一7-ELEVEn獅,4,1,8,0,1
yiztw,CPBL-2021-fi,2021,一軍,2021-09-05,例行賽,統一7-ELEVEn獅,oDGsG,away,味全龍,1,4,7,0,0
ovz7I,CPBL-2021-fi,2021,一軍,2021-09-05,例行賽,樂天桃猿,SoR6H,home,中信兄弟,3,7,6,0,0
ovz7I,CPBL-2021-fi,2021,一軍,2021-09-05,例行賽,中信兄弟,4aYcq,away,樂天桃猿,7,3,13,0,1
vR0Vz,CPBL-2021-fi,2021,一軍,2021-09-04,例行賽,味全龍,jgY4I,home,統一7-ELEVEn獅,4,1,13,0,1
vR0Vz,CPBL-2021-fi,2021,一軍,2021-09-04,例行賽,統一7-ELEVEn獅,oDGsG,away,味全龍,1,4,6,0,0
3ycPW,CPBL-2021-fi,2021,一軍,2021-09-04,例行賽,樂天桃猿,SoR6H,home,富邦悍將,4,3,9,0,1
3ycPW,CPBL-2021-fi,2021,一軍,2021-09-04,例行賽,富邦悍將,uQIc3,away,樂天桃猿,3,4,8,0,0
HxIrz,CPBL-2021-fi,2021,一軍,2021-09-03,例行賽,味全龍,jgY4I,home,統一7-ELEVEn獅,1,3,8,0,0
HxIrz,CPBL-2021-fi,2021,一軍,2021-09-03,例行賽,統一7-ELEVEn獅,oDGsG,away,味全龍,3,1,7,0,1
i2PsQ,CPBL-2021-fi,2021,一軍,2021-09-03,例行賽,中信兄弟,4aYcq,home,富邦悍將,2,2,6,0,
i2PsQ,CPBL-2021-fi,2021,一軍,2021-09-03,例行賽,富邦悍將,uQIc3,away,中信兄弟,2,2,7,0,
nZe3v,CPBL-2021-fi,2021,一軍,2021-09-02,例行賽,中信兄弟,4aYcq,home,富邦悍將,2,6,9,0,0
nZe3v,CPBL-2021-fi,2021,一軍,2021-09-02,例行賽,富邦悍將,uQIc3,away,中信兄弟,6,2,12,0,1
lYmOk,CPBL-2021-fi,2021,一軍,2021-09-02,例行賽,樂天桃猿,SoR6H,home,味全龍,13,2,16,0,1
lYmOk,CPBL-2021-fi,2021,一軍,2021-09-02,例行賽,味全龍,jgY4I,away,樂天桃猿,2,13,11,0,0
jKPmx,CPBL-2021-fi,2021,一軍,2021-09-01,例行賽,中信兄弟,4aYcq,home,富邦悍將,1,7,4,0,0
jKPmx,CPBL-2021-fi,2021,一軍,2021-09-01,例行賽,富邦悍將,uQIc3,away,中信兄弟,7,1,10,0,1
1GGDx,CPBL-2021-fi,2021,一軍,2021-09-01,例行賽,樂天桃猿,SoR6H,home,統一7-ELEVEn獅,7,12,14,0,0
1GGDx,CPBL-2021-fi,2021,一軍,2021-09-01,例行賽,統一7-ELEVEn獅,oDGsG,away,樂天桃猿,12,7,14,0,1
3Kh5T,CPBL-2021-fi,2021,一軍,2021-08-31,例行賽,中信兄弟,4aYcq,home,味全龍,5,4,9,0,1
3Kh5T,CPBL-2021-fi,2021,一軍,2021-08-31,例行賽,味全龍,jgY4I,away,中信兄弟,4,5,8,0,0
QaJ6u,CPBL-2021-fi,2021,一軍,2021-08-31,例行賽,樂天桃猿,SoR6H,home,統一7-ELEVEn獅,4,9,11,0,0
QaJ6u,CPBL-2021-fi,2021,一軍,2021-08-31,例行賽,統一7-ELEVEn獅,oDGsG,away,樂天桃猿,9,4,14,0,1
IiSUq,CPBL-2021-fi,2021,一軍,2021-08-29,例行賽,統一7-ELEVEn獅,oDGsG,home,中信兄弟,3,2,9,0,1
IiSUq,CPBL-2021-fi,2021,一軍,2021-08-29,例行賽,中信兄弟,4aYcq,away,統一7-ELEVEn獅,2,3,10,0,0
Qc03G,CPBL-2021-fi,2021,一軍,2021-08-29,例行賽,富邦悍將,uQIc3,home,樂天桃猿,5,7,12,0,0
Qc03G,CPBL-2021-fi,2021,一軍,2021-08-29,例行賽,樂天桃猿,SoR6H,away,富邦悍將,7,5,8,0,1
nwhZ4,CPBL-2021-fi,2021,一軍,2021-08-28,例行賽,統一7-ELEVEn獅,oDGsG,home,中信兄弟,1,1,8,0,
nwhZ4,CPBL-2021-fi,2021,一軍,2021-08-28,例行賽,中信兄弟,4aYcq,away,統一7-ELEVEn獅,1,1,6,0,
urxwB,CPBL-2021-fi,2021,一軍,2021-08-28,例行賽,富邦悍將,uQIc3,home,味全龍,2,5,7,0,0
urxwB,CPBL-2021-fi,2021,一軍,2021-08-28,例行賽,味全龍,jgY4I,away,富邦悍將,5,2,10,0,1
8LiKX,CPBL-2021-fi,2021,一軍,2021-08-27,例行賽,統一7-ELEVEn獅,oDGsG,home,中信兄弟,10,4,18,0,1
8LiKX,CPBL-2021-fi,2021,一軍,2021-08-27,例行賽,中信兄弟,4aYcq,away,統一7-ELEVEn獅,4,10,9,0,0
yzNpW,CPBL-2021-fi,2021,一軍,2021-08-27,例行賽,樂天桃猿,SoR6H,home,味全龍,8,3,13,0,1
yzNpW,CPBL-2021-fi,2021,一軍,2021-08-27,例行賽,味全龍,jgY4I,away,樂天桃猿,3,8,6,0,0
Up4jA,CPBL-2021-fi,2021,一軍,2021-08-26,例行賽,樂天桃猿,SoR6H,home,味全龍,21,3,22,0,1
Up4jA,CPBL-2021-fi,2021,一軍,2021-08-26,例行賽,味全龍,jgY4I,away,樂天桃猿,3,21,8,0,0
yqLFu,CPBL-2021-fi,2021,一軍,2021-08-26,例行賽,富邦悍將,uQIc3,home,統一7-ELEVEn獅,1,5,6,0,0
yqLFu,CPBL-2021-fi,2021,一軍,2021-08-26,例行賽,統一7-ELEVEn獅,oDGsG,away,富邦悍將,5,1,12,0,1
td0Ok,CPBL-2021-fi,2021,一軍,2021-08-25,例行賽,樂天桃猿,SoR6H,home,味全龍,8,9,13,0,0
td0Ok,CPBL-2021-fi,2021,一軍,2021-08-25,例行賽,味全龍,jgY4I,away,樂天桃猿,9,8,16,0,1
pf7un,CPBL-2021-fi,2021,一軍,2021-08-25,例行賽,富邦悍將,uQIc3,home,中信兄弟,2,5,6,0,0
pf7un,CPBL-2021-fi,2021,一軍,2021-08-25,例行賽,中信兄弟,4aYcq,away,富邦悍將,5,2,7,0,1
qWJeA,CPBL-2021-fi,2021,一軍,2021-08-24,例行賽,樂天桃猿,SoR6H,home,統一7-ELEVEn獅,12,4,15,0,1
qWJeA,CPBL-2021-fi,2021,一軍,2021-08-24,例行賽,統一7-ELEVEn獅,oDGsG,away,樂天桃猿,4,12,11,0,0
XdGcb,CPBL-2021-fi,2021,一軍,2021-08-24,例行賽,富邦悍將,uQIc3,home,中信兄弟,1,3,5,0,0
XdGcb,CPBL-2021-fi,2021,一軍,2021-08-24,例行賽,中信兄弟,4aYcq,away,富邦悍將,3,1,6,0,1
0GwVY,CPBL-2021-fi,2021,一軍,2021-08-20,例行賽,味全龍,jgY4I,home,中信兄弟,1,2,11,0,0
0GwVY,CPBL-2021-fi,2021,一軍,2021-08-20,例行賽,中信兄弟,4aYcq,away,味全龍,2,1,7,0,1
H18Sx,CPBL-2021-fi,2021,一軍,2021-08-19,例行賽,富邦悍將,uQIc3,home,中信兄弟,8,4,9,0,1
H18Sx,CPBL-2021-fi,2021,一軍,2021-08-19,例行賽,中信兄弟,4aYcq,away,富邦悍將,4,8,8,0,0
QpjHl,CPBL-2021-fi,2021,一軍,2021-08-18,例行賽,中信兄弟,4aYcq,home,樂天桃猿,6,5,13,0,1
QpjHl,CPBL-2021-fi,2021,一軍,2021-08-18,例行賽,樂天桃猿,SoR6H,away,中信兄弟,5,6,8,0,0
psOY2,CPBL-2021-fi,2021,一軍,2021-08-17,例行賽,樂天桃猿,SoR6H,home,中信兄弟,4,9,11,0,0
psOY2,CPBL-2021-fi,2021,一軍,2021-08-17,例行賽,中信兄弟,4aYcq,away,樂天桃猿,9,4,16,0,1
2csF9,CPBL-2021-fi,2021,一軍,2021-08-15,例行賽,富邦悍將,uQIc3,home,統一7-ELEVEn獅,5,4,10,0,1
2csF9,CPBL-2021-fi,2021,一軍,2021-08-15,例行賽,統一7-ELEVEn獅,oDGsG,away,富邦悍將,4,5,10,0,0
xfGBg,CPBL-2021-fi,2021,一軍,2021-08-15,例行賽,味全龍,jgY4I,home,中信兄弟,3,7,10,0,0
xfGBg,CPBL-2021-fi,2021,一軍,2021-08-15,例行賽,中信兄弟,4aYcq,away,味全龍,7,3,12,0,1
HYs94,CPBL-2021-fi,2021,一軍,2021-08-14,例行賽,味全龍,jgY4I,home,統一7-ELEVEn獅,1,2,6,0,0
HYs94,CPBL-2021-fi,2021,一軍,2021-08-14,例行賽,統一7-ELEVEn獅,oDGsG,away,味全龍,2,1,8,0,1
81KGe,CPBL-2021-fi,2021,一軍,2021-08-13,例行賽,樂天桃猿,SoR6H,home,統一7-ELEVEn獅,18,0,23,0,1
81KGe,CPBL-2021-fi,2021,一軍,2021-08-13,例行賽,統一7-ELEVEn獅,oDGsG,away,樂天桃猿,0,18,6,0,0
LJ1Tt,CPBL-2021-fi,2021,一軍,2021-08-13,例行賽,富邦悍將,uQIc3,home,中信兄弟,6,5,10,0,1
LJ1Tt,CPBL-2021-fi,2021,一軍,2021-08-13,例行賽,中信兄弟,4aYcq,away,富邦悍將,5,6,11,0,0
sMG8f,CPBL-2021-fi,2021,一軍,2021-08-12,例行賽,富邦悍將,uQIc3,home,樂天桃猿,2,12,6,0,0
sMG8f,CPBL-2021-fi,2021,一軍,2021-08-12,例行賽,樂天桃猿,SoR6H,away,富邦悍將,12,2,9,0,1
qaiKZ,CPBL-2021-fi,2021,一軍,2021-08-11,例行賽,統一7-ELEVEn獅,oDGsG,home,中信兄弟,1,1,8,0,
qaiKZ,CPBL-2021-fi,2021,一軍,2021-08-11,例行賽,中信兄弟,4aYcq,away,統一7-ELEVEn獅,1,1,7,0,
qDrtu,CPBL-2021-fi,2021,一軍,2021-08-11,例行賽,富邦悍將,uQIc3,home,樂天桃猿,5,3,9,0,1
qDrtu,CPBL-2021-fi,2021,一軍,2021-08-11,例行賽,樂天桃猿,SoR6H,away,富邦悍將,3,5,13,0,0
Gluea,CPBL-2021-fi,2021,一軍,2021-08-10,例行賽,統一7-ELEVEn獅,oDGsG,home,味全龍,3,2,7,0,1
Gluea,CPBL-2021-fi,2021,一軍,2021-08-10,例行賽,味全龍,jgY4I,away,統一7-ELEVEn獅,2,3,8,0,0
UzoJl,CPBL-2021-fi,2021,一軍,2021-08-09,例行賽,中信兄弟,4aYcq,home,統一7-ELEVEn獅,4,7,5,0,0
UzoJl,CPBL-2021-fi,2021,一軍,2021-08-09,例行賽,統一7-ELEVEn獅,oDGsG,away,中信兄弟,7,4,14,0,1
iGg1K,CPBL-2021-fi,2021,一軍,2021-08-08,例行賽,富邦悍將,uQIc3,home,味全龍,1,5,2,0,0
iGg1K,CPBL-2021-fi,2021,一軍,2021-08-08,例行賽,味全龍,jgY4I,away,富邦悍將,5,1,10,0,1
ZJdXP,CPBL-2021-fi,2021,一軍,2021-08-08,例行賽,樂天桃猿,SoR6H,home,統一7-ELEVEn獅,4,1,9,0,1
ZJdXP,CPBL-2021-fi,2021,一軍,2021-08-08,例行賽,統一7-ELEVEn獅,oDGsG,away,樂天桃猿,1,4,6,0,0
0UPlB,CPBL-2021-fi,2021,一軍,2021-08-06,例行賽,味全龍,jgY4I,home,富邦悍將,3,3,11,0,
0UPlB,CPBL-2021-fi,2021,一軍,2021-08-06,例行賽,富邦悍將,uQIc3,away,味全龍,3,3,7,0,
entd3,CPBL-2021-fi,2021,一軍,2021-08-05,例行賽,樂天桃猿,SoR6H,home,中信兄弟,4,7,9,0,0
entd3,CPBL-2021-fi,2021,一軍,2021-08-05,例行賽,中信兄弟,4aYcq,away,樂天桃猿,7,4,7,0,1
kx4CP,CPBL-2021-fi,2021,一軍,2021-08-04,例行賽,中信兄弟,4aYcq,home,統一7-ELEVEn獅,2,1,5,0,1
kx4CP,CPBL-2021-fi,2021,一軍,2021-08-04,例行賽,統一7-ELEVEn獅,oDGsG,away,中信兄弟,1,2,5,0,0
zFj9U,CPBL-2021-fi,2021,一軍,2021-08-04,例行賽,味全龍,jgY4I,home,富邦悍將,1,0,6,0,1
zFj9U,CPBL-2021-fi,2021,一軍,2021-08-04,例行賽,富邦悍將,uQIc3,away,味全龍,0,1,6,0,0
frYOh,CPBL-2021-fi,2021,一軍,2021-08-03,例行賽,味全龍,jgY4I,home,富邦悍將,5,9,9,0,0
frYOh,CPBL-2021-fi,2021,一軍,2021-08-03,例行賽,富邦悍將,uQIc3,away,味全龍,9,5,12,0,1
ZGoV2,CPBL-2021-fi,2021,一軍,2021-08-01,例行賽,味全龍,jgY4I,home,樂天桃猿,0,3,4,0,0
ZGoV2,CPBL-2021-fi,2021,一軍,2021-08-01,例行賽,樂天桃猿,SoR6H,away,味全龍,3,0,7,0,1
Z74Eg,CPBL-2021-fi,2021,一軍,2021-07-30,例行賽,味全龍,jgY4I,home,統一7-ELEVEn獅,6,9,13,0,0
Z74Eg,CPBL-2021-fi,2021,一軍,2021-07-30,例行賽,統一7-ELEVEn獅,oDGsG,away,味全龍,9,6,10,0,1
UnVuv,CPBL-2021-fi,2021,一軍,2021-07-30,例行賽,富邦悍將,uQIc3,home,樂天桃猿,16,1,14,0,1
UnVuv,CPBL-2021-fi,2021,一軍,2021-07-30,例行賽,樂天桃猿,SoR6H,away,富邦悍將,1,16,6,0,0
886Dr,CPBL-2021-fi,2021,一軍,2021-07-29,例行賽,統一7-ELEVEn獅,oDGsG,home,中信兄弟,1,5,7,0,0
886Dr,CPBL-2021-fi,2021,一軍,2021-07-29,例行賽,中信兄弟,4aYcq,away,統一7-ELEVEn獅,5,1,10,0,1
ZsGp7,CPBL-2021-fi,2021,一軍,2021-07-28,例行賽,味全龍,jgY4I,home,樂天桃猿,6,4,10,0,1
ZsGp7,CPBL-2021-fi,2021,一軍,2021-07-28,例行賽,樂天桃猿,SoR6H,away,味全龍,4,6,10,0,0
CN4ab,CPBL-2021-fi,2021,一軍,2021-07-28,例行賽,統一7-ELEVEn獅,oDGsG,home,中信兄弟,8,11,10,0,0
CN4ab,CPBL-2021-fi,2021,一軍,2021-07-28,例行賽,中信兄弟,4aYcq,away,統一7-ELEVEn獅,11,8,16,0,1
ZH1fr,CPBL-2021-fi,2021,一軍,2021-07-27,例行賽,樂天桃猿,SoR6H,home,富邦悍將,10,9,13,0,1
ZH1fr,CPBL-2021-fi,2021,一軍,2021-07-27,例行賽,富邦悍將,uQIc3,away,樂天桃猿,9,10,13,0,0
zXDfL,CPBL-2021-fi,2021,一軍,2021-07-27,例行賽,中信兄弟,4aYcq,home,味全龍,4,2,8,0,1
zXDfL,CPBL-2021-fi,2021,一軍,2021-07-27,例行賽,味全龍,jgY4I,away,中信兄弟,2,4,3,0,0
kqebj,CPBL-2021-fi,2021,一軍,2021-07-25,例行賽,中信兄弟,4aYcq,home,味全龍,6,0,12,0,1
kqebj,CPBL-2021-fi,2021,一軍,2021-07-25,例行賽,味全龍,jgY4I,away,中信兄弟,0,6,2,0,0
agccW,CPBL-2021-fi,2021,一軍,2021-07-25,例行賽,樂天桃猿,SoR6H,home,富邦悍將,12,3,18,0,1
agccW,CPBL-2021-fi,2021,一軍,2021-07-25,例行賽,富邦悍將,uQIc3,away,樂天桃猿,3,12,5,0,0
l9OIW,CPBL-2021-fi,2021,一軍,2021-07-24,例行賽,中信兄弟,4aYcq,home,樂天桃猿,5,11,10,0,0
l9OIW,CPBL-2021-fi,2021,一軍,2021-07-24,例行賽,樂天桃猿,SoR6H,away,中信兄弟,11,5,14,0,1
q63i5,CPBL-2021-fi,2021,一軍,2021-07-24,例行賽,統一7-ELEVEn獅,oDGsG,home,富邦悍將,7,12,12,0,0
q63i5,CPBL-2021-fi,2021,一軍,2021-07-24,例行賽,富邦悍將,uQIc3,away,統一7-ELEVEn獅,12,7,16,0,1
CzIZI,CPBL-2021-fi,2021,一軍,2021-07-23,例行賽,統一7-ELEVEn獅,oDGsG,home,富邦悍將,3,2,4,0,1
CzIZI,CPBL-2021-fi,2021,一軍,2021-07-23,例行賽,富邦悍將,uQIc3,away,統一7-ELEVEn獅,2,3,10,0,0
vffmo,CPBL-2021-fi,2021,一軍,2021-07-22,例行賽,統一7-ELEVEn獅,oDGsG,home,味全龍,1,0,1,0,1
vffmo,CPBL-2021-fi,2021,一軍,2021-07-22,例行賽,味全龍,jgY4I,away,統一7-ELEVEn獅,0,1,2,0,0
azONS,CPBL-2021-fi,2021,一軍,2021-07-21,例行賽,樂天桃猿,SoR6H,home,統一7-ELEVEn獅,4,8,4,0,0
azONS,CPBL-2021-fi,2021,一軍,2021-07-21,例行賽,統一7-ELEVEn獅,oDGsG,away,樂天桃猿,8,4,11,0,1
I2jVo,CPBL-2021-fi,2021,一軍,2021-07-20,例行賽,樂天桃猿,SoR6H,home,統一7-ELEVEn獅,1,4,9,0,0
I2jVo,CPBL-2021-fi,2021,一軍,2021-07-20,例行賽,統一7-ELEVEn獅,oDGsG,away,樂天桃猿,4,1,5,0,1
dJ36Q,CPBL-2021-fi,2021,一軍,2021-07-20,例行賽,富邦悍將,uQIc3,home,味全龍,2,3,7,0,0
dJ36Q,CPBL-2021-fi,2021,一軍,2021-07-20,例行賽,味全龍,jgY4I,away,富邦悍將,3,2,6,0,1
U1Jvp,CPBL-2021-fi,2021,一軍,2021-07-18,例行賽,樂天桃猿,SoR6H,home,味全龍,3,2,7,0,1
U1Jvp,CPBL-2021-fi,2021,一軍,2021-07-18,例行賽,味全龍,jgY4I,away,樂天桃猿,2,3,7,0,0
Lr2aL,CPBL-2021-fi,2021,一軍,2021-07-17,例行賽,樂天桃猿,SoR6H,home,味全龍,5,1,9,0,1
Lr2aL,CPBL-2021-fi,2021,一軍,2021-07-17,例行賽,味全龍,jgY4I,away,樂天桃猿,1,5,5,0,0
tCioh,CPBL-2021-fi,2021,一軍,2021-07-17,例行賽,富邦悍將,uQIc3,home,中信兄弟,13,5,17,0,1
tCioh,CPBL-2021-fi,2021,一軍,2021-07-17,例行賽,中信兄弟,4aYcq,away,富邦悍將,5,13,10,0,0
stvJR,CPBL-2021-fi,2021,一軍,2021-07-16,例行賽,樂天桃猿,SoR6H,home,味全龍,4,2,8,0,1
stvJR,CPBL-2021-fi,2021,一軍,2021-07-16,例行賽,味全龍,jgY4I,away,樂天桃猿,2,4,6,0,0
8Y1CP,CPBL-2021-fi,2021,一軍,2021-07-16,例行賽,統一7-ELEVEn獅,oDGsG,home,中信兄弟,3,8,7,0,0
8Y1CP,CPBL-2021-fi,2021,一軍,2021-07-16,例行賽,中信兄弟,4aYcq,away,統一7-ELEVEn獅,8,3,11,0,1
jNkhe,CPBL-2021-fi,2021,一軍,2021-07-14,例行賽,富邦悍將,uQIc3,home,味全龍,4,7,9,0,0
jNkhe,CPBL-2021-fi,2021,一軍,2021-07-14,例行賽,味全龍,jgY4I,away,富邦悍將,7,4,11,0,1
CCgJB,CPBL-2021-fi,2021,一軍,2021-07-13,例行賽,統一7-ELEVEn獅,oDGsG,home,樂天桃猿,8,1,8,0,1
CCgJB,CPBL-2021-fi,2021,一軍,2021-07-13,例行賽,樂天桃猿,SoR6H,away,統一7-ELEVEn獅,1,8,3,0,0
fFMtw,CPBL-2021-fi,2021,一軍,2021-07-13,例行賽,富邦悍將,uQIc3,home,味全龍,9,5,15,0,1
fFMtw,CPBL-2021-fi,2021,一軍,2021-07-13,例行賽,味全龍,jgY4I,away,富邦悍將,5,9,9,0,0
LEBZD,CPBL-2021-fi,2021,一軍,2021-05-16,例行賽,統一7-ELEVEn獅,oDGsG,home,樂天桃猿,0,5,8,0,0
LEBZD,CPBL-2021-fi,2021,一軍,2021-05-16,例行賽,樂天桃猿,SoR6H,away,統一7-ELEVEn獅,5,0,8,0,1
1SqGP,CPBL-2021-fi,2021,一軍,2021-05-15,例行賽,統一7-ELEVEn獅,oDGsG,home,富邦悍將,3,2,9,0,1
1SqGP,CPBL-2021-fi,2021,一軍,2021-05-15,例行賽,富邦悍將,uQIc3,away,統一7-ELEVEn獅,2,3,11,0,0
7eMfK,CPBL-2021-fi,2021,一軍,2021-05-14,例行賽,味全龍,jgY4I,home,中信兄弟,9,0,14,0,1
7eMfK,CPBL-2021-fi,2021,一軍,2021-05-14,例行賽,中信兄弟,4aYcq,away,味全龍,0,9,1,0,0
iAGBI,CPBL-2021-fi,2021,一軍,2021-05-14,例行賽,樂天桃猿,SoR6H,home,富邦悍將,2,4,6,0,0
iAGBI,CPBL-2021-fi,2021,一軍,2021-05-14,例行賽,富邦悍將,uQIc3,away,樂天桃猿,4,2,9,0,1
VLQ2g,CPBL-2021-fi,2021,一軍,2021-05-13,例行賽,樂天桃猿,SoR6H,home,富邦悍將,7,4,10,0,1
VLQ2g,CPBL-2021-fi,2021,一軍,2021-05-13,例行賽,富邦悍將,uQIc3,away,樂天桃猿,4,7,7,0,0
p2pCO,CPBL-2021-fi,2021,一軍,2021-05-12,例行賽,樂天桃猿,SoR6H,home,富邦悍將,5,4,9,0,1
p2pCO,CPBL-2021-fi,2021,一軍,2021-05-12,例行賽,富邦悍將,uQIc3,away,樂天桃猿,4,5,13,0,0
tkM9b,CPBL-2021-fi,2021,一軍,2021-05-12,例行賽,統一7-ELEVEn獅,oDGsG,home,中信兄弟,4,1,6,0,1
tkM9b,CPBL-2021-fi,2021,一軍,2021-05-12,例行賽,中信兄弟,4aYcq,away,統一7-ELEVEn獅,1,4,8,0,0
aLqyB,CPBL-2021-fi,2021,一軍,2021-05-11,例行賽,樂天桃猿,SoR6H,home,味全龍,1,4,7,0,0
aLqyB,CPBL-2021-fi,2021,一軍,2021-05-11,例行賽,味全龍,jgY4I,away,樂天桃猿,4,1,11,0,1
4ikDS,CPBL-2021-fi,2021,一軍,2021-05-11,例行賽,統一7-ELEVEn獅,oDGsG,home,中信兄弟,3,9,10,0,0
4ikDS,CPBL-2021-fi,2021,一軍,2021-05-11,例行賽,中信兄弟,4aYcq,away,統一7-ELEVEn獅,9,3,11,0,1
3tWA7,CPBL-2021-fi,2021,一軍,2021-05-09,例行賽,中信兄弟,4aYcq,home,富邦悍將,10,2,14,0,1
3tWA7,CPBL-2021-fi,2021,一軍,2021-05-09,例行賽,富邦悍將,uQIc3,away,中信兄弟,2,10,9,0,0
7zuzt,CPBL-2021-fi,2021,一軍,2021-05-09,例行賽,樂天桃猿,SoR6H,home,味全龍,2,3,7,0,0
7zuzt,CPBL-2021-fi,2021,一軍,2021-05-09,例行賽,味全龍,jgY4I,away,樂天桃猿,3,2,11,0,1
zxjbs,CPBL-2021-fi,2021,一軍,2021-05-08,例行賽,中信兄弟,4aYcq,home,富邦悍將,2,7,6,0,0
zxjbs,CPBL-2021-fi,2021,一軍,2021-05-08,例行賽,富邦悍將,uQIc3,away,中信兄弟,7,2,13,0,1
GFOUi,CPBL-2021-fi,2021,一軍,2021-05-08,例行賽,樂天桃猿,SoR6H,home,統一7-ELEVEn獅,2,6,8,0,0
GFOUi,CPBL-2021-fi,2021,一軍,2021-05-08,例行賽,統一7-ELEVEn獅,oDGsG,away,樂天桃猿,6,2,12,0,1
KIAfb,CPBL-2021-fi,2021,一軍,2021-05-07,例行賽,中信兄弟,4aYcq,home,富邦悍將,6,4,11,0,1
KIAfb,CPBL-2021-fi,2021,一軍,2021-05-07,例行賽,富邦悍將,uQIc3,away,中信兄弟,4,6,7,0,0
5RoJU,CPBL-2021-fi,2021,一軍,2021-05-07,例行賽,味全龍,jgY4I,home,統一7-ELEVEn獅,3,1,6,0,1
5RoJU,CPBL-2021-fi,2021,一軍,2021-05-07,例行賽,統一7-ELEVEn獅,oDGsG,away,味全龍,1,3,3,0,0
TsXL0,CPBL-2021-fi,2021,一軍,2021-05-06,例行賽,味全龍,jgY4I,home,統一7-ELEVEn獅,8,7,11,0,1
TsXL0,CPBL-2021-fi,2021,一軍,2021-05-06,例行賽,統一7-ELEVEn獅,oDGsG,away,味全龍,7,8,8,0,0
rhK38,CPBL-2021-fi,2021,一軍,2021-05-06,例行賽,樂天桃猿,SoR6H,home,中信兄弟,4,13,9,0,0
rhK38,CPBL-2021-fi,2021,一軍,2021-05-06,例行賽,中信兄弟,4aYcq,away,樂天桃猿,13,4,16,0,1
gqh2I,CPBL-2021-fi,2021,一軍,2021-05-05,例行賽,味全龍,jgY4I,home,統一7-ELEVEn獅,5,5,13,0,
gqh2I,CPBL-2021-fi,2021,一軍,2021-05-05,例行賽,統一7-ELEVEn獅,oDGsG,away,味全龍,5,5,9,0,
SaT3S,CPBL-2021-fi,2021,一軍,2021-05-05,例行賽,樂天桃猿,SoR6H,home,富邦悍將,2,1,6,0,1
SaT3S,CPBL-2021-fi,2021,一軍,2021-05-05,例行賽,富邦悍將,uQIc3,away,樂天桃猿,1,2,6,0,0
tjAso,CPBL-2021-fi,2021,一軍,2021-05-04,例行賽,味全龍,jgY4I,home,中信兄弟,2,7,5,0,0
tjAso,CPBL-2021-fi,2021,一軍,2021-05-04,例行賽,中信兄弟,4aYcq,away,味全龍,7,2,8,0,1
X9DtC,CPBL-2021-fi,2021,一軍,2021-05-04,例行賽,樂天桃猿,SoR6H,home,富邦悍將,6,8,12,0,0
X9DtC,CPBL-2021-fi,2021,一軍,2021-05-04,例行賽,富邦悍將,uQIc3,away,樂天桃猿,8,6,13,0,1
7WcJ3,CPBL-2021-fi,2021,一軍,2021-05-02,例行賽,富邦悍將,uQIc3,home,統一7-ELEVEn獅,6,4,5,0,1
7WcJ3,CPBL-2021-fi,2021,一軍,2021-05-02,例行賽,統一7-ELEVEn獅,oDGsG,away,富邦悍將,4,6,9,0,0
ok1Ez,CPBL-2021-fi,2021,一軍,2021-05-02,例行賽,味全龍,jgY4I,home,中信兄弟,0,4,5,0,0
ok1Ez,CPBL-2021-fi,2021,一軍,2021-05-02,例行賽,中信兄弟,4aYcq,away,味全龍,4,0,5,0,1
GjaIC,CPBL-2021-fi,2021,一軍,2021-05-01,例行賽,富邦悍將,uQIc3,home,統一7-ELEVEn獅,3,5,4,0,0
GjaIC,CPBL-2021-fi,2021,一軍,2021-05-01,例行賽,統一7-ELEVEn獅,oDGsG,away,富邦悍將,5,3,9,0,1
oOMAH,CPBL-2021-fi,2021,一軍,2021-05-01,例行賽,味全龍,jgY4I,home,樂天桃猿,7,5,10,0,1
oOMAH,CPBL-2021-fi,2021,一軍,2021-05-01,例行賽,樂天桃猿,SoR6H,away,味全龍,5,7,11,0,0
36QwU,CPBL-2021-fi,2021,一軍,2021-04-30,例行賽,富邦悍將,uQIc3,home,統一7-ELEVEn獅,1,12,6,0,0
36QwU,CPBL-2021-fi,2021,一軍,2021-04-30,例行賽,統一7-ELEVEn獅,oDGsG,away,富邦悍將,12,1,13,0,1
swf4Z,CPBL-2021-fi,2021,一軍,2021-04-30,例行賽,中信兄弟,4aYcq,home,樂天桃猿,2,0,10,0,1
swf4Z,CPBL-2021-fi,2021,一軍,2021-04-30,例行賽,樂天桃猿,SoR6H,away,中信兄弟,0,2,7,0,0
Wo6e6,CPBL-2021-fi,2021,一軍,2021-04-29,例行賽,中信兄弟,4aYcq,home,樂天桃猿,5,7,11,0,0
Wo6e6,CPBL-2021-fi,2021,一軍,2021-04-29,例行賽,樂天桃猿,SoR6H,away,中信兄弟,7,5,11,0,1
Kqwws,CPBL-2021-fi,2021,一軍,2021-04-28,例行賽,中信兄弟,4aYcq,home,樂天桃猿,8,7,10,0,1
Kqwws,CPBL-2021-fi,2021,一軍,2021-04-28,例行賽,樂天桃猿,SoR6H,away,中信兄弟,7,8,12,0,0
3Wmxz,CPBL-2021-fi,2021,一軍,2021-04-28,例行賽,味全龍,jgY4I,home,統一7-ELEVEn獅,2,8,4,0,0
3Wmxz,CPBL-2021-fi,2021,一軍,2021-04-28,例行賽,統一7-ELEVEn獅,oDGsG,away,味全龍,8,2,14,0,1
OGO36,CPBL-2021-fi,2021,一軍,2021-04-27,例行賽,中信兄弟,4aYcq,home,富邦悍將,5,3,13,0,1
OGO36,CPBL-2021-fi,2021,一軍,2021-04-27,例行賽,富邦悍將,uQIc3,away,中信兄弟,3,5,9,0,0
E61YJ,CPBL-2021-fi,2021,一軍,2021-04-27,例行賽,味全龍,jgY4I,home,統一7-ELEVEn獅,1,4,3,0,0
E61YJ,CPBL-2021-fi,2021,一軍,2021-04-27,例行賽,統一7-ELEVEn獅,oDGsG,away,味全龍,4,1,10,0,1
8wSbY,CPBL-2021-fi,2021,一軍,2021-04-25,例行賽,統一7-ELEVEn獅,oDGsG,home,樂天桃猿,5,7,8,0,0
8wSbY,CPBL-2021-fi,2021,一軍,2021-04-25,例行賽,樂天桃猿,SoR6H,away,統一7-ELEVEn獅,7,5,11,0,1
7n8v0,CPBL-2021-fi,2021,一軍,2021-04-25,例行賽,中信兄弟,4aYcq,home,富邦悍將,0,9,8,0,0
7n8v0,CPBL-2021-fi,2021,一軍,2021-04-25,例行賽,富邦悍將,uQIc3,away,中信兄弟,9,0,13,0,1
008hC,CPBL-2021-fi,2021,一軍,2021-04-24,例行賽,統一7-ELEVEn獅,oDGsG,home,樂天桃猿,3,2,6,0,1
008hC,CPBL-2021-fi,2021,一軍,2021-04-24,例行賽,樂天桃猿,SoR6H,away,統一7-ELEVEn獅,2,3,5,0,0
m7jCv,CPBL-2021-fi,2021,一軍,2021-04-24,例行賽,中信兄弟,4aYcq,home,味全龍,7,5,12,0,1
m7jCv,CPBL-2021-fi,2021,一軍,2021-04-24,例行賽,味全龍,jgY4I,away,中信兄弟,5,7,9,0,0
aZDYi,CPBL-2021-fi,2021,一軍,2021-04-23,例行賽,統一7-ELEVEn獅,oDGsG,home,樂天桃猿,1,3,6,0,0
aZDYi,CPBL-2021-fi,2021,一軍,2021-04-23,例行賽,樂天桃猿,SoR6H,away,統一7-ELEVEn獅,3,1,11,0,1
Z97Ez,CPBL-2021-fi,2021,一軍,2021-04-23,例行賽,富邦悍將,uQIc3,home,味全龍,2,0,8,0,1
Z97Ez,CPBL-2021-fi,2021,一軍,2021-04-23,例行賽,味全龍,jgY4I,away,富邦悍將,0,2,8,0,0
dBGmZ,CPBL-2021-fi,2021,一軍,2021-04-22,例行賽,富邦悍將,uQIc3,home,味全龍,2,3,7,0,0
dBGmZ,CPBL-2021-fi,2021,一軍,2021-04-22,例行賽,味全龍,jgY4I,away,富邦悍將,3,2,10,0,1
8bzZH,CPBL-2021-fi,2021,一軍,2021-04-22,例行賽,中信兄弟,4aYcq,home,統一7-ELEVEn獅,3,5,7,0,0
8bzZH,CPBL-2021-fi,2021,一軍,2021-04-22,例行賽,統一7-ELEVEn獅,oDGsG,away,中信兄弟,5,3,10,0,1
yIR8O,CPBL-2021-fi,2021,一軍,2021-04-21,例行賽,富邦悍將,uQIc3,home,味全龍,1,2,10,0,0
yIR8O,CPBL-2021-fi,2021,一軍,2021-04-21,例行賽,味全龍,jgY4I,away,富邦悍將,2,1,7,0,1
EJhnQ,CPBL-2021-fi,2021,一軍,2021-04-21,例行賽,中信兄弟,4aYcq,home,樂天桃猿,3,6,11,0,0
EJhnQ,CPBL-2021-fi,2021,一軍,2021-04-21,例行賽,樂天桃猿,SoR6H,away,中信兄弟,6,3,9,0,1
pJpJu,CPBL-2021-fi,2021,一軍,2021-04-20,例行賽,富邦悍將,uQIc3,home,統一7-ELEVEn獅,4,1,9,0,1
pJpJu,CPBL-2021-fi,2021,一軍,2021-04-20,例行賽,統一7-ELEVEn獅,oDGsG,away,富邦悍將,1,4,7,0,0
bSU94,CPBL-2021-fi,2021,一軍,2021-04-20,例行賽,中信兄弟,4aYcq,home,樂天桃猿,3,6,7,0,0
bSU94,CPBL-2021-fi,2021,一軍,2021-04-20,例行賽,樂天桃猿,SoR6H,away,中信兄弟,6,3,14,0,1
5ovxy,CPBL-2021-fi,2021,一軍,2021-04-18,例行賽,樂天桃猿,SoR6H,home,中信兄弟,5,2,13,0,1
5ovxy,CPBL-2021-fi,2021,一軍,2021-04-18,例行賽,中信兄弟,4aYcq,away,樂天桃猿,2,5,8,0,0
Rb27Q,CPBL-2021-fi,2021,一軍,2021-04-18,例行賽,味全龍,jgY4I,home,統一7-ELEVEn獅,0,3,2,0,0
Rb27Q,CPBL-2021-fi,2021,一軍,2021-04-18,例行賽,統一7-ELEVEn獅,oDGsG,away,味全龍,3,0,7,0,1
n2Q9H,CPBL-2021-fi,2021,一軍,2021-04-17,例行賽,樂天桃猿,SoR6H,home,中信兄弟,1,13,6,0,0
n2Q9H,CPBL-2021-fi,2021,一軍,2021-04-17,例行賽,中信兄弟,4aYcq,away,樂天桃猿,13,1,13,0,1
4jdVs,CPBL-2021-fi,2021,一軍,2021-04-17,例行賽,味全龍,jgY4I,home,富邦悍將,7,0,9,0,1
4jdVs,CPBL-2021-fi,2021,一軍,2021-04-17,例行賽,富邦悍將,uQIc3,away,味全龍,0,7,4,0,0
neDie,CPBL-2021-fi,2021,一軍,2021-04-16,例行賽,樂天桃猿,SoR6H,home,中信兄弟,4,5,13,0,0
neDie,CPBL-2021-fi,2021,一軍,2021-04-16,例行賽,中信兄弟,4aYcq,away,樂天桃猿,5,4,7,0,1
gD8BW,CPBL-2021-fi,2021,一軍,2021-04-16,例行賽,統一7-ELEVEn獅,oDGsG,home,富邦悍將,5,1,6,0,1
gD8BW,CPBL-2021-fi,2021,一軍,2021-04-16,例行賽,富邦悍將,uQIc3,away,統一7-ELEVEn獅,1,5,5,0,0
ix1nv,CPBL-2021-fi,2021,一軍,2021-04-15,例行賽,統一7-ELEVEn獅,oDGsG,home,富邦悍將,1,6,7,0,0
ix1nv,CPBL-2021-fi,2021,一軍,2021-04-15,例行賽,富邦悍將,uQIc3,away,統一7-ELEVEn獅,6,1,9,0,1
K08q8,CPBL-2021-fi,2021,一軍,2021-04-15,例行賽,味全龍,jgY4I,home,樂天桃猿,0,11,4,0,0
K08q8,CPBL-2021-fi,2021,一軍,2021-04-15,例行賽,樂天桃猿,SoR6H,away,味全龍,11,0,16,0,1
AMonZ,CPBL-2021-fi,2021,一軍,2021-04-14,例行賽,統一7-ELEVEn獅,oDGsG,home,富邦悍將,3,0,6,0,1
AMonZ,CPBL-2021-fi,2021,一軍,2021-04-14,例行賽,富邦悍將,uQIc3,away,統一7-ELEVEn獅,0,3,1,0,0
fHMfH,CPBL-2021-fi,2021,一軍,2021-04-14,例行賽,味全龍,jgY4I,home,中信兄弟,4,6,8,0,0
fHMfH,CPBL-2021-fi,2021,一軍,2021-04-14,例行賽,中信兄弟,4aYcq,away,味全龍,6,4,6,0,1
gugf6,CPBL-2021-fi,2021,一軍,2021-04-13,例行賽,統一7-ELEVEn獅,oDGsG,home,樂天桃猿,10,0,14,0,1
gugf6,CPBL-2021-fi,2021,一軍,2021-04-13,例行賽,樂天桃猿,SoR6H,away,統一7-ELEVEn獅,0,10,4,0,0
jSdGg,CPBL-2021-fi,2021,一軍,2021-04-13,例行賽,味全龍,jgY4I,home,中信兄弟,6,1,11,0,1
jSdGg,CPBL-2021-fi,2021,一軍,2021-04-13,例行賽,中信兄弟,4aYcq,away,味全龍,1,6,4,0,0
138Rw,CPBL-2021-fi,2021,一軍,2021-04-11,例行賽,中信兄弟,4aYcq,home,統一7-ELEVEn獅,3,6,12,0,0
138Rw,CPBL-2021-fi,2021,一軍,2021-04-11,例行賽,統一7-ELEVEn獅,oDGsG,away,中信兄弟,6,3,13,0,1
wnuTA,CPBL-2021-fi,2021,一軍,2021-04-11,例行賽,富邦悍將,uQIc3,home,味全龍,2,6,9,0,0
wnuTA,CPBL-2021-fi,2021,一軍,2021-04-11,例行賽,味全龍,jgY4I,away,富邦悍將,6,2,14,0,1
yyCVP,CPBL-2021-fi,2021,一軍,2021-04-10,例行賽,中信兄弟,4aYcq,home,統一7-ELEVEn獅,3,1,8,0,1
yyCVP,CPBL-2021-fi,2021,一軍,2021-04-10,例行賽,統一7-ELEVEn獅,oDGsG,away,中信兄弟,1,3,2,0,0
h2bXV,CPBL-2021-fi,2021,一軍,2021-04-10,例行賽,富邦悍將,uQIc3,home,樂天桃猿,7,6,13,0,1
h2bXV,CPBL-2021-fi,2021,一軍,2021-04-10,例行賽,樂天桃猿,SoR6H,away,富邦悍將,6,7,12,0,0
jDgKB,CPBL-2021-fi,2021,一軍,2021-04-09,例行賽,中信兄弟,4aYcq,home,統一7-ELEVEn獅,5,3,8,0,1
jDgKB,CPBL-2021-fi,2021,一軍,2021-04-09,例行賽,統一7-ELEVEn獅,oDGsG,away,中信兄弟,3,5,7,0,0
c1vz0,CPBL-2021-fi,2021,一軍,2021-04-09,例行賽,味全龍,jgY4I,home,樂天桃猿,2,5,8,0,0
c1vz0,CPBL-2021-fi,2021,一軍,2021-04-09,例行賽,樂天桃猿,SoR6H,away,味全龍,5,2,8,0,1
zoTmk,CPBL-2021-fi,2021,一軍,2021-04-08,例行賽,味全龍,jgY4I,home,樂天桃猿,5,9,8,0,0
zoTmk,CPBL-2021-fi,2021,一軍,2021-04-08,例行賽,樂天桃猿,SoR6H,away,味全龍,9,5,19,0,1
W4v6D,CPBL-2021-fi,2021,一軍,2021-04-08,例行賽,富邦悍將,uQIc3,home,中信兄弟,2,0,4,0,1
W4v6D,CPBL-2021-fi,2021,一軍,2021-04-08,例行賽,中信兄弟,4aYcq,away,富邦悍將,0,2,4,0,0
vOpGU,CPBL-2021-fi,2021,一軍,2021-04-07,例行賽,味全龍,jgY4I,home,樂天桃猿,1,4,8,0,0
vOpGU,CPBL-2021-fi,2021,一軍,2021-04-07,例行賽,樂天桃猿,SoR6H,away,味全龍,4,1,9,0,1
8Zda0,CPBL-2021-fi,2021,一軍,2021-04-07,例行賽,富邦悍將,uQIc3,home,統一7-ELEVEn獅,4,5,9,0,0
8Zda0,CPBL-2021-fi,2021,一軍,2021-04-07,例行賽,統一7-ELEVEn獅,oDGsG,away,富邦悍將,5,4,8,0,1
Y1ZWh,CPBL-2021-fi,2021,一軍,2021-04-06,例行賽,富邦悍將,uQIc3,home,統一7-ELEVEn獅,1,6,6,0,0
Y1ZWh,CPBL-2021-fi,2021,一軍,2021-04-06,例行賽,統一7-ELEVEn獅,oDGsG,away,富邦悍將,6,1,12,0,1
AdgIc,CPBL-2021-fi,2021,一軍,2021-04-05,例行賽,味全龍,jgY4I,home,中信兄弟,2,1,6,0,1
AdgIc,CPBL-2021-fi,2021,一軍,2021-04-05,例行賽,中信兄弟,4aYcq,away,味全龍,1,2,9,0,0
Ss10V,CPBL-2021-fi,2021,一軍,2021-04-04,例行賽,統一7-ELEVEn獅,oDGsG,home,味全龍,14,2,14,0,1
Ss10V,CPBL-2021-fi,2021,一軍,2021-04-04,例行賽,味全龍,jgY4I,away,統一7-ELEVEn獅,2,14,6,0,0
Y6D9A,CPBL-2021-fi,2021,一軍,2021-04-04,例行賽,樂天桃猿,SoR6H,home,富邦悍將,2,7,10,0,0
Y6D9A,CPBL-2021-fi,2021,一軍,2021-04-04,例行賽,富邦悍將,uQIc3,away,樂天桃猿,7,2,10,0,1
CqoML,CPBL-2021-fi,2021,一軍,2021-04-03,例行賽,統一7-ELEVEn獅,oDGsG,home,味全龍,9,2,14,0,1
CqoML,CPBL-2021-fi,2021,一軍,2021-04-03,例行賽,味全龍,jgY4I,away,統一7-ELEVEn獅,2,9,6,0,0
rdJ8q,CPBL-2021-fi,2021,一軍,2021-04-03,例行賽,樂天桃猿,SoR6H,home,中信兄弟,6,12,11,0,0
rdJ8q,CPBL-2021-fi,2021,一軍,2021-04-03,例行賽,中信兄弟,4aYcq,away,樂天桃猿,12,6,19,0,1
GD32O,CPBL-2021-fi,2021,一軍,2021-04-02,例行賽,統一7-ELEVEn獅,oDGsG,home,味全龍,13,0,15,0,1
GD32O,CPBL-2021-fi,2021,一軍,2021-04-02,例行賽,味全龍,jgY4I,away,統一7-ELEVEn獅,0,13,0,0,0
28Y17,CPBL-2021-fi,2021,一軍,2021-04-02,例行賽,富邦悍將,uQIc3,home,中信兄弟,1,6,5,0,0
28Y17,CPBL-2021-fi,2021,一軍,2021-04-02,例行賽,中信兄弟,4aYcq,away,富邦悍將,6,1,8,0,1
aVtqV,CPBL-2021-fi,2021,一軍,2021-04-01,例行賽,富邦悍將,uQIc3,home,中信兄弟,6,3,11,0,1
aVtqV,CPBL-2021-fi,2021,一軍,2021-04-01,例行賽,中信兄弟,4aYcq,away,富邦悍將,3,6,4,0,0
39E9B,CPBL-2021-fi,2021,一軍,2021-04-01,例行賽,樂天桃猿,SoR6H,home,統一7-ELEVEn獅,7,2,13,0,1
39E9B,CPBL-2021-fi,2021,一軍,2021-04-01,例行賽,統一7-ELEVEn獅,oDGsG,away,樂天桃猿,2,7,6,0,0
vJzfB,CPBL-2021-fi,2021,一軍,2021-03-31,例行賽,富邦悍將,uQIc3,home,中信兄弟,5,3,10,0,1
vJzfB,CPBL-2021-fi,2021,一軍,2021-03-31,例行賽,中信兄弟,4aYcq,away,富邦悍將,3,5,12,0,0
mRlI2,CPBL-2021-fi,2021,一軍,2021-03-31,例行賽,樂天桃猿,SoR6H,home,味全龍,3,2,6,0,1
mRlI2,CPBL-2021-fi,2021,一軍,2021-03-31,例行賽,味全龍,jgY4I,away,樂天桃猿,2,3,6,0,0
nouN0,CPBL-2021-fi,2021,一軍,2021-03-30,例行賽,富邦悍將,uQIc3,home,統一7-ELEVEn獅,3,4,2,0,0
nouN0,CPBL-2021-fi,2021,一軍,2021-03-30,例行賽,統一7-ELEVEn獅,oDGsG,away,富邦悍將,4,3,5,0,1
wPQSQ,CPBL-2021-fi,2021,一軍,2021-03-30,例行賽,樂天桃猿,SoR6H,home,味全龍,0,3,7,0,0
wPQSQ,CPBL-2021-fi,2021,一軍,2021-03-30,例行賽,味全龍,jgY4I,away,樂天桃猿,3,0,7,0,1
I69RK,CPBL-2021-fi,2021,一軍,2021-03-28,例行賽,味全龍,jgY4I,home,富邦悍將,2,5,4,0,0
I69RK,CPBL-2021-fi,2021,一軍,2021-03-28,例行賽,富邦悍將,uQIc3,away,味全龍,5,2,10,0,1
Nhj0H,CPBL-2021-fi,2021,一軍,2021-03-28,例行賽,中信兄弟,4aYcq,home,樂天桃猿,3,6,5,0,0
Nhj0H,CPBL-2021-fi,2021,一軍,2021-03-28,例行賽,樂天桃猿,SoR6H,away,中信兄弟,6,3,8,0,1
SBQtW,CPBL-2021-fi,2021,一軍,2021-03-27,例行賽,味全龍,jgY4I,home,富邦悍將,7,2,10,0,1
SBQtW,CPBL-2021-fi,2021,一軍,2021-03-27,例行賽,富邦悍將,uQIc3,away,味全龍,2,7,4,0,0
LHWn9,CPBL-2021-fi,2021,一軍,2021-03-27,例行賽,中信兄弟,4aYcq,home,統一7-ELEVEn獅,7,3,11,0,1
LHWn9,CPBL-2021-fi,2021,一軍,2021-03-27,例行賽,統一7-ELEVEn獅,oDGsG,away,中信兄弟,3,7,6,0,0
RYFgK,CPBL-2021-fi,2021,一軍,2021-03-26,例行賽,味全龍,jgY4I,home,富邦悍將,3,0,6,0,1
RYFgK,CPBL-2021-fi,2021,一軍,2021-03-26,例行賽,富邦悍將,uQIc3,away,味全龍,0,3,5,0,0
YTop2,CPBL-2021-fi,2021,一軍,2021-03-25,例行賽,樂天桃猿,SoR6H,home,統一7-ELEVEn獅,5,4,10,0,1
YTop2,CPBL-2021-fi,2021,一軍,2021-03-25,例行賽,統一7-ELEVEn獅,oDGsG,away,樂天桃猿,4,5,10,0,0
ikUEd,CPBL-2021-fi,2021,一軍,2021-03-25,例行賽,中信兄弟,4aYcq,home,味全龍,8,3,12,0,1
ikUEd,CPBL-2021-fi,2021,一軍,2021-03-25,例行賽,味全龍,jgY4I,away,中信兄弟,3,8,12,0,0
aMICm,CPBL-2021-fi,2021,一軍,2021-03-24,例行賽,中信兄弟,4aYcq,home,富邦悍將,3,5,12,0,0
aMICm,CPBL-2021-fi,2021,一軍,2021-03-24,例行賽,富邦悍將,uQIc3,away,中信兄弟,5,3,11,0,1
9A9N5,CPBL-2021-fi,2021,一軍,2021-03-23,例行賽,樂天桃猿,SoR6H,home,味全龍,4,7,10,0,0
9A9N5,CPBL-2021-fi,2021,一軍,2021-03-23,例行賽,味全龍,jgY4I,away,樂天桃猿,7,4,12,0,1
GRmJQ,CPBL-2021-fi,2021,一軍,2021-03-23,例行賽,中信兄弟,4aYcq,home,富邦悍將,3,2,8,0,1
GRmJQ,CPBL-2021-fi,2021,一軍,2021-03-23,例行賽,富邦悍將,uQIc3,away,中信兄弟,2,3,7,0,0
lnilr,CPBL-2021-fi,2021,一軍,2021-03-21,例行賽,富邦悍將,uQIc3,home,樂天桃猿,5,4,9,0,1
lnilr,CPBL-2021-fi,2021,一軍,2021-03-21,例行賽,樂天桃猿,SoR6H,away,富邦悍將,4,5,14,0,0
MfaI2,CPBL-2021-fi,2021,一軍,2021-03-21,例行賽,統一7-ELEVEn獅,oDGsG,home,中信兄弟,2,3,7,0,0
MfaI2,CPBL-2021-fi,2021,一軍,2021-03-21,例行賽,中信兄弟,4aYcq,away,統一7-ELEVEn獅,3,2,6,0,1
pakwA,CPBL-2021-fi,2021,一軍,2021-03-20,例行賽,富邦悍將,uQIc3,home,樂天桃猿,0,6,6,0,0
pakwA,CPBL-2021-fi,2021,一軍,2021-03-20,例行賽,樂天桃猿,SoR6H,away,富邦悍將,6,0,11,0,1
02Ci8,CPBL-2021-fi,2021,一軍,2021-03-20,例行賽,統一7-ELEVEn獅,oDGsG,home,味全龍,6,4,9,0,1
02Ci8,CPBL-2021-fi,2021,一軍,2021-03-20,例行賽,味全龍,jgY4I,away,統一7-ELEVEn獅,4,6,9,0,0
K0WIY,CPBL-2021-fi,2021,一軍,2021-03-19,例行賽,富邦悍將,uQIc3,home,樂天桃猿,5,0,13,0,1
K0WIY,CPBL-2021-fi,2021,一軍,2021-03-19,例行賽,樂天桃猿,SoR6H,away,富邦悍將,0,5,5,0,0
j5XyA,CPBL-2021-fi,2021,一軍,2021-03-19,例行賽,中信兄弟,4aYcq,home,味全龍,5,1,9,0,1
j5XyA,CPBL-2021-fi,2021,一軍,2021-03-19,例行賽,味全龍,jgY4I,away,中信兄弟,1,5,8,0,0
kedtJ,CPBL-2021-fi,2021,一軍,2021-03-18,例行賽,中信兄弟,4aYcq,home,味全龍,5,1,11,0,1
kedtJ,CPBL-2021-fi,2021,一軍,2021-03-18,例行賽,味全龍,jgY4I,away,中信兄弟,1,5,7,0,0
nk151,CPBL-2021-fi,2021,一軍,2021-03-18,例行賽,統一7-ELEVEn獅,oDGsG,home,富邦悍將,2,14,5,0,0
nk151,CPBL-2021-fi,2021,一軍,2021-03-18,例行賽,富邦悍將,uQIc3,away,統一7-ELEVEn獅,14,2,16,0,1
pXadi,CPBL-2021-fi,2021,一軍,2021-03-17,例行賽,中信兄弟,4aYcq,home,味全龍,0,4,9,0,0
pXadi,CPBL-2021-fi,2021,一軍,2021-03-17,例行賽,味全龍,jgY4I,away,中信兄弟,4,0,6,0,1
XzbIb,CPBL-2021-fi,2021,一軍,2021-03-17,例行賽,統一7-ELEVEn獅,oDGsG,home,樂天桃猿,4,2,5,0,1
XzbIb,CPBL-2021-fi,2021,一軍,2021-03-17,例行賽,樂天桃猿,SoR6H,away,統一7-ELEVEn獅,2,4,3,0,0
ufVcE,CPBL-2021-fi,2021,一軍,2021-03-16,例行賽,統一7-ELEVEn獅,oDGsG,home,樂天桃猿,4,12,10,0,0
ufVcE,CPBL-2021-fi,2021,一軍,2021-03-16,例行賽,樂天桃猿,SoR6H,away,統一7-ELEVEn獅,12,4,16,0,1
7Px47,CPBL-2021-fi,2021,一軍,2021-03-14,例行賽,中信兄弟,4aYcq,home,富邦悍將,6,10,11,0,0
7Px47,CPBL-2021-fi,2021,一軍,2021-03-14,例行賽,富邦悍將,uQIc3,away,中信兄弟,10,6,16,0,1
1nqvs,CPBL-2021-fi,2021,一軍,2021-03-14,例行賽,統一7-ELEVEn獅,oDGsG,home,味全龍,3,2,6,0,1
1nqvs,CPBL-2021-fi,2021,一軍,2021-03-14,例行賽,味全龍,jgY4I,away,統一7-ELEVEn獅,2,3,4,0,0
tol45,CPBL-2021-fi,2021,一軍,2021-03-13,例行賽,統一7-ELEVEn獅,oDGsG,home,中信兄弟,4,10,14,0,0
tol45,CPBL-2021-fi,2021,一軍,2021-03-13,例行賽,中信兄弟,4aYcq,away,統一7-ELEVEn獅,10,4,8,0,1
f4cIW,CPBL-2021-53,2021,一軍-2,2021-12-01,季後賽,統一7-ELEVEn獅,fZ0gg,home,中信兄弟,0,5,4,0,0
f4cIW,CPBL-2021-53,2021,一軍-2,2021-12-01,季後賽,中信兄弟,vOIp4,away,統一7-ELEVEn獅,5,0,11,0,1
YmJpm,CPBL-2021-53,2021,一軍-2,2021-11-30,季後賽,統一7-ELEVEn獅,fZ0gg,home,中信兄弟,4,7,8,0,0
YmJpm,CPBL-2021-53,2021,一軍-2,2021-11-30,季後賽,中信兄弟,vOIp4,away,統一7-ELEVEn獅,7,4,7,0,1
tHlei,CPBL-2021-53,2021,一軍-2,2021-11-28,季後賽,中信兄弟,vOIp4,home,統一7-ELEVEn獅,8,3,7,0,1
tHlei,CPBL-2021-53,2021,一軍-2,2021-11-28,季後賽,統一7-ELEVEn獅,fZ0gg,away,中信兄弟,3,8,11,0,0
IiKkD,CPBL-2021-53,2021,一軍-2,2021-11-27,季後賽,中信兄弟,vOIp4,home,統一7-ELEVEn獅,2,0,7,0,1
IiKkD,CPBL-2021-53,2021,一軍-2,2021-11-27,季後賽,統一7-ELEVEn獅,fZ0gg,away,中信兄弟,0,2,6,0,0
jBzjI,CPBL-2020-KS,2020,一軍,2020-10-24,例行賽,統一7-ELEVEn獅,ORcS5,home,中信兄弟,3,2,9,0,1
jBzjI,CPBL-2020-KS,2020,一軍,2020-10-24,例行賽,中信兄弟,n51lm,away,統一7-ELEVEn獅,2,3,10,0,0
YbyAz,CPBL-2020-KS,2020,一軍,2020-10-23,例行賽,富邦悍將,Bh3cW,home,統一7-ELEVEn獅,0,2,6,0,0
YbyAz,CPBL-2020-KS,2020,一軍,2020-10-23,例行賽,統一7-ELEVEn獅,ORcS5,away,富邦悍將,2,0,7,0,1
VIymp,CPBL-2020-KS,2020,一軍,2020-10-21,例行賽,富邦悍將,Bh3cW,home,樂天桃猿,4,2,11,0,1
VIymp,CPBL-2020-KS,2020,一軍,2020-10-21,例行賽,樂天桃猿,BCqA8,away,富邦悍將,2,4,6,0,0
miIOO,CPBL-2020-KS,2020,一軍,2020-10-20,例行賽,中信兄弟,n51lm,home,富邦悍將,6,1,8,0,1
miIOO,CPBL-2020-KS,2020,一軍,2020-10-20,例行賽,富邦悍將,Bh3cW,away,中信兄弟,1,6,8,0,0
sSVbf,CPBL-2020-KS,2020,一軍,2020-10-18,例行賽,樂天桃猿,BCqA8,home,中信兄弟,7,13,13,0,0
sSVbf,CPBL-2020-KS,2020,一軍,2020-10-18,例行賽,中信兄弟,n51lm,away,樂天桃猿,13,7,20,0,1
FWjm6,CPBL-2020-KS,2020,一軍,2020-10-17,例行賽,樂天桃猿,BCqA8,home,中信兄弟,1,11,8,0,0
FWjm6,CPBL-2020-KS,2020,一軍,2020-10-17,例行賽,中信兄弟,n51lm,away,樂天桃猿,11,1,11,0,1
O0R4c,CPBL-2020-KS,2020,一軍,2020-10-16,例行賽,統一7-ELEVEn獅,ORcS5,home,富邦悍將,3,4,9,0,0
O0R4c,CPBL-2020-KS,2020,一軍,2020-10-16,例行賽,富邦悍將,Bh3cW,away,統一7-ELEVEn獅,4,3,12,0,1
J8KRP,CPBL-2020-KS,2020,一軍,2020-10-14,例行賽,統一7-ELEVEn獅,ORcS5,home,樂天桃猿,6,13,9,0,0
J8KRP,CPBL-2020-KS,2020,一軍,2020-10-14,例行賽,樂天桃猿,BCqA8,away,統一7-ELEVEn獅,13,6,19,0,1
DxMV8,CPBL-2020-KS,2020,一軍,2020-10-14,例行賽,富邦悍將,Bh3cW,home,中信兄弟,7,7,10,0,
DxMV8,CPBL-2020-KS,2020,一軍,2020-10-14,例行賽,中信兄弟,n51lm,away,富邦悍將,7,7,13,0,
kyyy9,CPBL-2020-KS,2020,一軍,2020-10-13,例行賽,統一7-ELEVEn獅,ORcS5,home,樂天桃猿,4,3,7,0,1
kyyy9,CPBL-2020-KS,2020,一軍,2020-10-13,例行賽,樂天桃猿,BCqA8,away,統一7-ELEVEn獅,3,4,5,0,0
ttGZW,CPBL-2020-KS,2020,一軍,2020-10-13,例行賽,富邦悍將,Bh3cW,home,中信兄弟,3,5,7,0,0
ttGZW,CPBL-2020-KS,2020,一軍,2020-10-13,例行賽,中信兄弟,n51lm,away,富邦悍將,5,3,12,0,1
gQePX,CPBL-2020-KS,2020,一軍,2020-10-11,例行賽,中信兄弟,n51lm,home,統一7-ELEVEn獅,3,7,5,0,0
gQePX,CPBL-2020-KS,2020,一軍,2020-10-11,例行賽,統一7-ELEVEn獅,ORcS5,away,中信兄弟,7,3,8,0,1
CYaFe,CPBL-2020-KS,2020,一軍,2020-10-11,例行賽,樂天桃猿,BCqA8,home,富邦悍將,11,15,13,0,0
CYaFe,CPBL-2020-KS,2020,一軍,2020-10-11,例行賽,富邦悍將,Bh3cW,away,樂天桃猿,15,11,18,0,1
wZTTZ,CPBL-2020-KS,2020,一軍,2020-10-10,例行賽,中信兄弟,n51lm,home,統一7-ELEVEn獅,2,7,6,0,0
wZTTZ,CPBL-2020-KS,2020,一軍,2020-10-10,例行賽,統一7-ELEVEn獅,ORcS5,away,中信兄弟,7,2,10,0,1
6URdp,CPBL-2020-KS,2020,一軍,2020-10-10,例行賽,樂天桃猿,BCqA8,home,富邦悍將,2,6,9,0,0
6URdp,CPBL-2020-KS,2020,一軍,2020-10-10,例行賽,富邦悍將,Bh3cW,away,樂天桃猿,6,2,16,0,1
bj8G9,CPBL-2020-KS,2020,一軍,2020-10-09,例行賽,中信兄弟,n51lm,home,統一7-ELEVEn獅,5,2,8,0,1
bj8G9,CPBL-2020-KS,2020,一軍,2020-10-09,例行賽,統一7-ELEVEn獅,ORcS5,away,中信兄弟,2,5,9,0,0
YWWeT,CPBL-2020-KS,2020,一軍,2020-10-09,例行賽,樂天桃猿,BCqA8,home,富邦悍將,13,2,16,0,1
YWWeT,CPBL-2020-KS,2020,一軍,2020-10-09,例行賽,富邦悍將,Bh3cW,away,樂天桃猿,2,13,9,0,0
GevYb,CPBL-2020-KS,2020,一軍,2020-10-08,例行賽,中信兄弟,n51lm,home,樂天桃猿,8,5,11,0,1
GevYb,CPBL-2020-KS,2020,一軍,2020-10-08,例行賽,樂天桃猿,BCqA8,away,中信兄弟,5,8,13,0,0
FYyel,CPBL-2020-KS,2020,一軍,2020-10-07,例行賽,中信兄弟,n51lm,home,樂天桃猿,8,1,12,0,1
FYyel,CPBL-2020-KS,2020,一軍,2020-10-07,例行賽,樂天桃猿,BCqA8,away,中信兄弟,1,8,6,0,0
H0BQJ,CPBL-2020-KS,2020,一軍,2020-10-07,例行賽,富邦悍將,Bh3cW,home,統一7-ELEVEn獅,2,4,7,0,0
H0BQJ,CPBL-2020-KS,2020,一軍,2020-10-07,例行賽,統一7-ELEVEn獅,ORcS5,away,富邦悍將,4,2,9,0,1
VDxKt,CPBL-2020-KS,2020,一軍,2020-10-06,例行賽,富邦悍將,Bh3cW,home,統一7-ELEVEn獅,6,4,13,0,1
VDxKt,CPBL-2020-KS,2020,一軍,2020-10-06,例行賽,統一7-ELEVEn獅,ORcS5,away,富邦悍將,4,6,12,0,0
gojMU,CPBL-2020-KS,2020,一軍,2020-10-04,例行賽,富邦悍將,Bh3cW,home,中信兄弟,4,5,10,0,0
gojMU,CPBL-2020-KS,2020,一軍,2020-10-04,例行賽,中信兄弟,n51lm,away,富邦悍將,5,4,12,0,1
TTTnH,CPBL-2020-KS,2020,一軍,2020-10-04,例行賽,統一7-ELEVEn獅,ORcS5,home,樂天桃猿,9,3,15,0,1
TTTnH,CPBL-2020-KS,2020,一軍,2020-10-04,例行賽,樂天桃猿,BCqA8,away,統一7-ELEVEn獅,3,9,10,0,0
APGpI,CPBL-2020-KS,2020,一軍,2020-10-03,例行賽,富邦悍將,Bh3cW,home,中信兄弟,3,2,5,0,1
APGpI,CPBL-2020-KS,2020,一軍,2020-10-03,例行賽,中信兄弟,n51lm,away,富邦悍將,2,3,5,0,0
eBaL8,CPBL-2020-KS,2020,一軍,2020-10-03,例行賽,統一7-ELEVEn獅,ORcS5,home,樂天桃猿,10,8,15,0,1
eBaL8,CPBL-2020-KS,2020,一軍,2020-10-03,例行賽,樂天桃猿,BCqA8,away,統一7-ELEVEn獅,8,10,11,0,0
Ly1fO,CPBL-2020-KS,2020,一軍,2020-10-02,例行賽,富邦悍將,Bh3cW,home,中信兄弟,0,7,6,0,0
Ly1fO,CPBL-2020-KS,2020,一軍,2020-10-02,例行賽,中信兄弟,n51lm,away,富邦悍將,7,0,13,0,1
BkTTq,CPBL-2020-KS,2020,一軍,2020-10-02,例行賽,統一7-ELEVEn獅,ORcS5,home,樂天桃猿,2,15,11,0,0
BkTTq,CPBL-2020-KS,2020,一軍,2020-10-02,例行賽,樂天桃猿,BCqA8,away,統一7-ELEVEn獅,15,2,25,0,1
Ujjxo,CPBL-2020-KS,2020,一軍,2020-10-01,例行賽,富邦悍將,Bh3cW,home,樂天桃猿,2,7,8,0,0
Ujjxo,CPBL-2020-KS,2020,一軍,2020-10-01,例行賽,樂天桃猿,BCqA8,away,富邦悍將,7,2,14,0,1
iobg5,CPBL-2020-KS,2020,一軍,2020-09-30,例行賽,富邦悍將,Bh3cW,home,樂天桃猿,8,0,12,0,1
iobg5,CPBL-2020-KS,2020,一軍,2020-09-30,例行賽,樂天桃猿,BCqA8,away,富邦悍將,0,8,4,0,0
MK9O2,CPBL-2020-KS,2020,一軍,2020-09-30,例行賽,統一7-ELEVEn獅,ORcS5,home,中信兄弟,6,7,10,0,0
MK9O2,CPBL-2020-KS,2020,一軍,2020-09-30,例行賽,中信兄弟,n51lm,away,統一7-ELEVEn獅,7,6,14,0,1
tS30s,CPBL-2020-KS,2020,一軍,2020-09-29,例行賽,統一7-ELEVEn獅,ORcS5,home,中信兄弟,14,1,14,0,1
tS30s,CPBL-2020-KS,2020,一軍,2020-09-29,例行賽,中信兄弟,n51lm,away,統一7-ELEVEn獅,1,14,5,0,0
f08yT,CPBL-2020-KS,2020,一軍,2020-09-27,例行賽,統一7-ELEVEn獅,ORcS5,home,富邦悍將,15,20,16,0,0
f08yT,CPBL-2020-KS,2020,一軍,2020-09-27,例行賽,富邦悍將,Bh3cW,away,統一7-ELEVEn獅,20,15,27,0,1
XK9IP,CPBL-2020-KS,2020,一軍,2020-09-26,例行賽,統一7-ELEVEn獅,ORcS5,home,富邦悍將,3,5,10,0,0
XK9IP,CPBL-2020-KS,2020,一軍,2020-09-26,例行賽,富邦悍將,Bh3cW,away,統一7-ELEVEn獅,5,3,9,0,1
jQiny,CPBL-2020-KS,2020,一軍,2020-09-26,例行賽,樂天桃猿,BCqA8,home,中信兄弟,2,5,3,0,0
jQiny,CPBL-2020-KS,2020,一軍,2020-09-26,例行賽,中信兄弟,n51lm,away,樂天桃猿,5,2,11,0,1
IiUcI,CPBL-2020-KS,2020,一軍,2020-09-25,例行賽,統一7-ELEVEn獅,ORcS5,home,富邦悍將,7,0,5,0,1
IiUcI,CPBL-2020-KS,2020,一軍,2020-09-25,例行賽,富邦悍將,Bh3cW,away,統一7-ELEVEn獅,0,7,4,0,0
bmypz,CPBL-2020-KS,2020,一軍,2020-09-25,例行賽,樂天桃猿,BCqA8,home,中信兄弟,9,4,12,0,1
bmypz,CPBL-2020-KS,2020,一軍,2020-09-25,例行賽,中信兄弟,n51lm,away,樂天桃猿,4,9,9,0,0
al8YZ,CPBL-2020-KS,2020,一軍,2020-09-24,例行賽,中信兄弟,n51lm,home,富邦悍將,2,3,10,0,0
al8YZ,CPBL-2020-KS,2020,一軍,2020-09-24,例行賽,富邦悍將,Bh3cW,away,中信兄弟,3,2,6,0,1
0l5og,CPBL-2020-KS,2020,一軍,2020-09-23,例行賽,中信兄弟,n51lm,home,富邦悍將,5,16,9,0,0
0l5og,CPBL-2020-KS,2020,一軍,2020-09-23,例行賽,富邦悍將,Bh3cW,away,中信兄弟,16,5,18,0,1
rbUFJ,CPBL-2020-KS,2020,一軍,2020-09-23,例行賽,樂天桃猿,BCqA8,home,統一7-ELEVEn獅,9,12,16,0,0
rbUFJ,CPBL-2020-KS,2020,一軍,2020-09-23,例行賽,統一7-ELEVEn獅,ORcS5,away,樂天桃猿,12,9,18,0,1
OECvJ,CPBL-2020-KS,2020,一軍,2020-09-22,例行賽,樂天桃猿,BCqA8,home,統一7-ELEVEn獅,7,6,13,0,1
OECvJ,CPBL-2020-KS,2020,一軍,2020-09-22,例行賽,統一7-ELEVEn獅,ORcS5,away,樂天桃猿,6,7,9,0,0
98CPW,CPBL-2020-KS,2020,一軍,2020-09-20,例行賽,富邦悍將,Bh3cW,home,統一7-ELEVEn獅,8,4,12,0,1
98CPW,CPBL-2020-KS,2020,一軍,2020-09-20,例行賽,統一7-ELEVEn獅,ORcS5,away,富邦悍將,4,8,8,0,0
RuwmD,CPBL-2020-KS,2020,一軍,2020-09-20,例行賽,中信兄弟,n51lm,home,樂天桃猿,6,0,11,0,1
RuwmD,CPBL-2020-KS,2020,一軍,2020-09-20,例行賽,樂天桃猿,BCqA8,away,中信兄弟,0,6,2,0,0
6s0Dr,CPBL-2020-KS,2020,一軍,2020-09-19,例行賽,富邦悍將,Bh3cW,home,統一7-ELEVEn獅,6,7,12,0,0
6s0Dr,CPBL-2020-KS,2020,一軍,2020-09-19,例行賽,統一7-ELEVEn獅,ORcS5,away,富邦悍將,7,6,12,0,1
zWrpz,CPBL-2020-KS,2020,一軍,2020-09-19,例行賽,中信兄弟,n51lm,home,樂天桃猿,3,4,7,0,0
zWrpz,CPBL-2020-KS,2020,一軍,2020-09-19,例行賽,樂天桃猿,BCqA8,away,中信兄弟,4,3,9,0,1
4nLKA,CPBL-2020-KS,2020,一軍,2020-09-18,例行賽,富邦悍將,Bh3cW,home,統一7-ELEVEn獅,5,1,10,0,1
4nLKA,CPBL-2020-KS,2020,一軍,2020-09-18,例行賽,統一7-ELEVEn獅,ORcS5,away,富邦悍將,1,5,8,0,0
V6AWg,CPBL-2020-KS,2020,一軍,2020-09-18,例行賽,中信兄弟,n51lm,home,樂天桃猿,13,2,20,0,1
V6AWg,CPBL-2020-KS,2020,一軍,2020-09-18,例行賽,樂天桃猿,BCqA8,away,中信兄弟,2,13,6,0,0
kQkT3,CPBL-2020-KS,2020,一軍,2020-09-17,例行賽,富邦悍將,Bh3cW,home,中信兄弟,4,10,9,0,0
kQkT3,CPBL-2020-KS,2020,一軍,2020-09-17,例行賽,中信兄弟,n51lm,away,富邦悍將,10,4,11,0,1
Opf6v,CPBL-2020-KS,2020,一軍,2020-09-16,例行賽,富邦悍將,Bh3cW,home,中信兄弟,10,4,12,0,1
Opf6v,CPBL-2020-KS,2020,一軍,2020-09-16,例行賽,中信兄弟,n51lm,away,富邦悍將,4,10,11,0,0
RCbBw,CPBL-2020-KS,2020,一軍,2020-09-16,例行賽,統一7-ELEVEn獅,ORcS5,home,樂天桃猿,11,5,13,0,1
RCbBw,CPBL-2020-KS,2020,一軍,2020-09-16,例行賽,樂天桃猿,BCqA8,away,統一7-ELEVEn獅,5,11,13,0,0
rH9ip,CPBL-2020-KS,2020,一軍,2020-09-15,例行賽,統一7-ELEVEn獅,ORcS5,home,樂天桃猿,4,1,9,0,1
rH9ip,CPBL-2020-KS,2020,一軍,2020-09-15,例行賽,樂天桃猿,BCqA8,away,統一7-ELEVEn獅,1,4,4,0,0
fGx5f,CPBL-2020-KS,2020,一軍,2020-09-13,例行賽,富邦悍將,Bh3cW,home,樂天桃猿,5,4,9,0,1
fGx5f,CPBL-2020-KS,2020,一軍,2020-09-13,例行賽,樂天桃猿,BCqA8,away,富邦悍將,4,5,6,0,0
rBYMH,CPBL-2020-KS,2020,一軍,2020-09-13,例行賽,統一7-ELEVEn獅,ORcS5,home,中信兄弟,6,3,11,0,1
rBYMH,CPBL-2020-KS,2020,一軍,2020-09-13,例行賽,中信兄弟,n51lm,away,統一7-ELEVEn獅,3,6,9,0,0
Rvp1d,CPBL-2020-KS,2020,一軍,2020-09-12,例行賽,富邦悍將,Bh3cW,home,樂天桃猿,12,1,16,0,1
Rvp1d,CPBL-2020-KS,2020,一軍,2020-09-12,例行賽,樂天桃猿,BCqA8,away,富邦悍將,1,12,8,0,0
8esWi,CPBL-2020-KS,2020,一軍,2020-09-11,例行賽,富邦悍將,Bh3cW,home,樂天桃猿,4,7,11,0,0
8esWi,CPBL-2020-KS,2020,一軍,2020-09-11,例行賽,樂天桃猿,BCqA8,away,富邦悍將,7,4,14,0,1
myZs0,CPBL-2020-KS,2020,一軍,2020-09-11,例行賽,統一7-ELEVEn獅,ORcS5,home,中信兄弟,2,12,7,0,0
myZs0,CPBL-2020-KS,2020,一軍,2020-09-11,例行賽,中信兄弟,n51lm,away,統一7-ELEVEn獅,12,2,15,0,1
1sjWc,CPBL-2020-KS,2020,一軍,2020-09-10,例行賽,樂天桃猿,BCqA8,home,中信兄弟,5,4,10,0,1
1sjWc,CPBL-2020-KS,2020,一軍,2020-09-10,例行賽,中信兄弟,n51lm,away,樂天桃猿,4,5,9,0,0
JbonV,CPBL-2020-KS,2020,一軍,2020-09-09,例行賽,樂天桃猿,BCqA8,home,中信兄弟,1,8,11,0,0
JbonV,CPBL-2020-KS,2020,一軍,2020-09-09,例行賽,中信兄弟,n51lm,away,樂天桃猿,8,1,12,0,1
HAg56,CPBL-2020-KS,2020,一軍,2020-09-09,例行賽,統一7-ELEVEn獅,ORcS5,home,富邦悍將,6,0,10,0,1
HAg56,CPBL-2020-KS,2020,一軍,2020-09-09,例行賽,富邦悍將,Bh3cW,away,統一7-ELEVEn獅,0,6,6,0,0
OlZjC,CPBL-2020-KS,2020,一軍,2020-09-08,例行賽,統一7-ELEVEn獅,ORcS5,home,富邦悍將,8,7,16,0,1
OlZjC,CPBL-2020-KS,2020,一軍,2020-09-08,例行賽,富邦悍將,Bh3cW,away,統一7-ELEVEn獅,7,8,12,0,0
98pVk,CPBL-2020-KS,2020,一軍,2020-09-06,例行賽,中信兄弟,n51lm,home,富邦悍將,3,6,12,0,0
98pVk,CPBL-2020-KS,2020,一軍,2020-09-06,例行賽,富邦悍將,Bh3cW,away,中信兄弟,6,3,9,0,1
2d9rw,CPBL-2020-KS,2020,一軍,2020-09-06,例行賽,樂天桃猿,BCqA8,home,統一7-ELEVEn獅,12,5,11,0,1
2d9rw,CPBL-2020-KS,2020,一軍,2020-09-06,例行賽,統一7-ELEVEn獅,ORcS5,away,樂天桃猿,5,12,7,0,0
LTnIX,CPBL-2020-KS,2020,一軍,2020-09-05,例行賽,中信兄弟,n51lm,home,富邦悍將,1,0,5,0,1
LTnIX,CPBL-2020-KS,2020,一軍,2020-09-05,例行賽,富邦悍將,Bh3cW,away,中信兄弟,0,1,3,0,0
aveJ3,CPBL-2020-KS,2020,一軍,2020-09-05,例行賽,樂天桃猿,BCqA8,home,統一7-ELEVEn獅,5,4,9,0,1
aveJ3,CPBL-2020-KS,2020,一軍,2020-09-05,例行賽,統一7-ELEVEn獅,ORcS5,away,樂天桃猿,4,5,8,0,0
eaA1v,CPBL-2020-KS,2020,一軍,2020-09-04,例行賽,中信兄弟,n51lm,home,富邦悍將,5,3,15,0,1
eaA1v,CPBL-2020-KS,2020,一軍,2020-09-04,例行賽,富邦悍將,Bh3cW,away,中信兄弟,3,5,6,0,0
WXs57,CPBL-2020-KS,2020,一軍,2020-09-04,例行賽,樂天桃猿,BCqA8,home,統一7-ELEVEn獅,8,7,16,0,1
WXs57,CPBL-2020-KS,2020,一軍,2020-09-04,例行賽,統一7-ELEVEn獅,ORcS5,away,樂天桃猿,7,8,7,0,0
1Ax9d,CPBL-2020-KS,2020,一軍,2020-09-03,例行賽,中信兄弟,n51lm,home,統一7-ELEVEn獅,5,1,10,0,1
1Ax9d,CPBL-2020-KS,2020,一軍,2020-09-03,例行賽,統一7-ELEVEn獅,ORcS5,away,中信兄弟,1,5,6,0,0
zHmIr,CPBL-2020-KS,2020,一軍,2020-09-02,例行賽,中信兄弟,n51lm,home,統一7-ELEVEn獅,2,9,5,0,0
zHmIr,CPBL-2020-KS,2020,一軍,2020-09-02,例行賽,統一7-ELEVEn獅,ORcS5,away,中信兄弟,9,2,15,0,1
F9bMr,CPBL-2020-KS,2020,一軍,2020-09-02,例行賽,樂天桃猿,BCqA8,home,富邦悍將,10,3,14,0,1
F9bMr,CPBL-2020-KS,2020,一軍,2020-09-02,例行賽,富邦悍將,Bh3cW,away,樂天桃猿,3,10,10,0,0
zi89r,CPBL-2020-KS,2020,一軍,2020-09-01,例行賽,樂天桃猿,BCqA8,home,富邦悍將,2,14,9,0,0
zi89r,CPBL-2020-KS,2020,一軍,2020-09-01,例行賽,富邦悍將,Bh3cW,away,樂天桃猿,14,2,22,0,1
MOnzl,CPBL-2020-KS,2020,一軍,2020-08-30,例行賽,富邦悍將,Bh3cW,home,中信兄弟,5,4,10,0,1
MOnzl,CPBL-2020-KS,2020,一軍,2020-08-30,例行賽,中信兄弟,n51lm,away,富邦悍將,4,5,7,0,0
noH1r,CPBL-2020-KS,2020,一軍,2020-08-30,例行賽,統一7-ELEVEn獅,ORcS5,home,樂天桃猿,4,7,8,0,0
noH1r,CPBL-2020-KS,2020,一軍,2020-08-30,例行賽,樂天桃猿,BCqA8,away,統一7-ELEVEn獅,7,4,14,0,1
iaKAK,CPBL-2020-KS,2020,一軍,2020-08-29,例行賽,富邦悍將,Bh3cW,home,中信兄弟,4,3,6,0,1
iaKAK,CPBL-2020-KS,2020,一軍,2020-08-29,例行賽,中信兄弟,n51lm,away,富邦悍將,3,4,7,0,0
Q9TTv,CPBL-2020-KS,2020,一軍,2020-08-29,例行賽,統一7-ELEVEn獅,ORcS5,home,樂天桃猿,6,11,14,0,0
Q9TTv,CPBL-2020-KS,2020,一軍,2020-08-29,例行賽,樂天桃猿,BCqA8,away,統一7-ELEVEn獅,11,6,12,0,1
w25sy,CPBL-2020-KS,2020,一軍,2020-08-28,例行賽,富邦悍將,Bh3cW,home,中信兄弟,4,5,8,0,0
w25sy,CPBL-2020-KS,2020,一軍,2020-08-28,例行賽,中信兄弟,n51lm,away,富邦悍將,5,4,9,0,1
INp2Y,CPBL-2020-KS,2020,一軍,2020-08-28,例行賽,統一7-ELEVEn獅,ORcS5,home,樂天桃猿,8,3,11,0,1
INp2Y,CPBL-2020-KS,2020,一軍,2020-08-28,例行賽,樂天桃猿,BCqA8,away,統一7-ELEVEn獅,3,8,5,0,0
CXbQl,CPBL-2020-KS,2020,一軍,2020-08-26,例行賽,富邦悍將,Bh3cW,home,統一7-ELEVEn獅,3,6,7,0,0
CXbQl,CPBL-2020-KS,2020,一軍,2020-08-26,例行賽,統一7-ELEVEn獅,ORcS5,away,富邦悍將,6,3,10,0,1
U5dBt,CPBL-2020-KS,2020,一軍,2020-08-26,例行賽,中信兄弟,n51lm,home,樂天桃猿,5,3,8,0,1
U5dBt,CPBL-2020-KS,2020,一軍,2020-08-26,例行賽,樂天桃猿,BCqA8,away,中信兄弟,3,5,11,0,0
ekX48,CPBL-2020-KS,2020,一軍,2020-08-25,例行賽,中信兄弟,n51lm,home,樂天桃猿,4,1,7,0,1
ekX48,CPBL-2020-KS,2020,一軍,2020-08-25,例行賽,樂天桃猿,BCqA8,away,中信兄弟,1,4,6,0,0
PsDwG,CPBL-2020-KS,2020,一軍,2020-08-23,例行賽,樂天桃猿,BCqA8,home,富邦悍將,0,6,7,0,0
PsDwG,CPBL-2020-KS,2020,一軍,2020-08-23,例行賽,富邦悍將,Bh3cW,away,樂天桃猿,6,0,13,0,1
L3zyQ,CPBL-2020-KS,2020,一軍,2020-08-23,例行賽,中信兄弟,n51lm,home,統一7-ELEVEn獅,0,4,6,0,0
L3zyQ,CPBL-2020-KS,2020,一軍,2020-08-23,例行賽,統一7-ELEVEn獅,ORcS5,away,中信兄弟,4,0,11,0,1
P9a3H,CPBL-2020-KS,2020,一軍,2020-08-22,例行賽,樂天桃猿,BCqA8,home,富邦悍將,10,7,17,0,1
P9a3H,CPBL-2020-KS,2020,一軍,2020-08-22,例行賽,富邦悍將,Bh3cW,away,樂天桃猿,7,10,17,0,0
2XQgH,CPBL-2020-KS,2020,一軍,2020-08-22,例行賽,中信兄弟,n51lm,home,統一7-ELEVEn獅,19,3,22,0,1
2XQgH,CPBL-2020-KS,2020,一軍,2020-08-22,例行賽,統一7-ELEVEn獅,ORcS5,away,中信兄弟,3,19,8,0,0
W1tFT,CPBL-2020-KS,2020,一軍,2020-08-21,例行賽,樂天桃猿,BCqA8,home,富邦悍將,3,2,10,0,1
W1tFT,CPBL-2020-KS,2020,一軍,2020-08-21,例行賽,富邦悍將,Bh3cW,away,樂天桃猿,2,3,8,0,0
ZsfPV,CPBL-2020-KS,2020,一軍,2020-08-21,例行賽,中信兄弟,n51lm,home,統一7-ELEVEn獅,8,8,12,0,
ZsfPV,CPBL-2020-KS,2020,一軍,2020-08-21,例行賽,統一7-ELEVEn獅,ORcS5,away,中信兄弟,8,8,11,0,
ATmdH,CPBL-2020-KS,2020,一軍,2020-08-20,例行賽,樂天桃猿,BCqA8,home,統一7-ELEVEn獅,7,8,14,0,0
ATmdH,CPBL-2020-KS,2020,一軍,2020-08-20,例行賽,統一7-ELEVEn獅,ORcS5,away,樂天桃猿,8,7,11,0,1
VZmMU,CPBL-2020-KS,2020,一軍,2020-08-19,例行賽,樂天桃猿,BCqA8,home,統一7-ELEVEn獅,4,8,5,0,0
VZmMU,CPBL-2020-KS,2020,一軍,2020-08-19,例行賽,統一7-ELEVEn獅,ORcS5,away,樂天桃猿,8,4,7,0,1
ZHh8K,CPBL-2020-KS,2020,一軍,2020-08-19,例行賽,中信兄弟,n51lm,home,富邦悍將,2,8,10,0,0
ZHh8K,CPBL-2020-KS,2020,一軍,2020-08-19,例行賽,富邦悍將,Bh3cW,away,中信兄弟,8,2,13,0,1
3H6JC,CPBL-2020-KS,2020,一軍,2020-08-16,例行賽,統一7-ELEVEn獅,ORcS5,home,富邦悍將,4,7,7,0,0
3H6JC,CPBL-2020-KS,2020,一軍,2020-08-16,例行賽,富邦悍將,Bh3cW,away,統一7-ELEVEn獅,7,4,15,0,1
xIJae,CPBL-2020-KS,2020,一軍,2020-08-16,例行賽,樂天桃猿,BCqA8,home,中信兄弟,1,4,6,0,0
xIJae,CPBL-2020-KS,2020,一軍,2020-08-16,例行賽,中信兄弟,n51lm,away,樂天桃猿,4,1,9,0,1
NzNay,CPBL-2020-KS,2020,一軍,2020-08-15,例行賽,統一7-ELEVEn獅,ORcS5,home,富邦悍將,9,11,15,0,0
NzNay,CPBL-2020-KS,2020,一軍,2020-08-15,例行賽,富邦悍將,Bh3cW,away,統一7-ELEVEn獅,11,9,18,0,1
D3cqr,CPBL-2020-KS,2020,一軍,2020-08-14,例行賽,統一7-ELEVEn獅,ORcS5,home,富邦悍將,3,15,8,0,0
D3cqr,CPBL-2020-KS,2020,一軍,2020-08-14,例行賽,富邦悍將,Bh3cW,away,統一7-ELEVEn獅,15,3,20,0,1
wD9lX,CPBL-2020-KS,2020,一軍,2020-08-14,例行賽,樂天桃猿,BCqA8,home,中信兄弟,11,6,13,0,1
wD9lX,CPBL-2020-KS,2020,一軍,2020-08-14,例行賽,中信兄弟,n51lm,away,樂天桃猿,6,11,11,0,0
qflBX,CPBL-2020-KS,2020,一軍,2020-08-13,例行賽,統一7-ELEVEn獅,ORcS5,home,中信兄弟,5,3,10,0,1
qflBX,CPBL-2020-KS,2020,一軍,2020-08-13,例行賽,中信兄弟,n51lm,away,統一7-ELEVEn獅,3,5,10,0,0
aPtWG,CPBL-2020-KS,2020,一軍,2020-08-12,例行賽,統一7-ELEVEn獅,ORcS5,home,中信兄弟,10,0,15,0,1
aPtWG,CPBL-2020-KS,2020,一軍,2020-08-12,例行賽,中信兄弟,n51lm,away,統一7-ELEVEn獅,0,10,1,0,0
JGEeW,CPBL-2020-KS,2020,一軍,2020-08-12,例行賽,富邦悍將,Bh3cW,home,樂天桃猿,10,6,14,0,1
JGEeW,CPBL-2020-KS,2020,一軍,2020-08-12,例行賽,樂天桃猿,BCqA8,away,富邦悍將,6,10,14,0,0
XmZ8R,CPBL-2020-KS,2020,一軍,2020-08-09,例行賽,富邦悍將,Bh3cW,home,統一7-ELEVEn獅,1,2,4,0,0
XmZ8R,CPBL-2020-KS,2020,一軍,2020-08-09,例行賽,統一7-ELEVEn獅,ORcS5,away,富邦悍將,2,1,10,0,1
O5ZuS,CPBL-2020-KS,2020,一軍,2020-08-09,例行賽,中信兄弟,n51lm,home,樂天桃猿,10,5,11,0,1
O5ZuS,CPBL-2020-KS,2020,一軍,2020-08-09,例行賽,樂天桃猿,BCqA8,away,中信兄弟,5,10,11,0,0
2JUld,CPBL-2020-KS,2020,一軍,2020-08-08,例行賽,富邦悍將,Bh3cW,home,統一7-ELEVEn獅,4,0,2,0,1
2JUld,CPBL-2020-KS,2020,一軍,2020-08-08,例行賽,統一7-ELEVEn獅,ORcS5,away,富邦悍將,0,4,6,0,0
61AwW,CPBL-2020-KS,2020,一軍,2020-08-08,例行賽,中信兄弟,n51lm,home,樂天桃猿,11,0,17,0,1
61AwW,CPBL-2020-KS,2020,一軍,2020-08-08,例行賽,樂天桃猿,BCqA8,away,中信兄弟,0,11,6,0,0
7Vr6C,CPBL-2020-KS,2020,一軍,2020-08-07,例行賽,富邦悍將,Bh3cW,home,統一7-ELEVEn獅,2,7,8,0,0
7Vr6C,CPBL-2020-KS,2020,一軍,2020-08-07,例行賽,統一7-ELEVEn獅,ORcS5,away,富邦悍將,7,2,9,0,1
h0fxr,CPBL-2020-KS,2020,一軍,2020-08-07,例行賽,中信兄弟,n51lm,home,樂天桃猿,1,4,4,0,0
h0fxr,CPBL-2020-KS,2020,一軍,2020-08-07,例行賽,樂天桃猿,BCqA8,away,中信兄弟,4,1,9,0,1
YJdCE,CPBL-2020-KS,2020,一軍,2020-08-06,例行賽,樂天桃猿,BCqA8,home,富邦悍將,8,3,16,0,1
YJdCE,CPBL-2020-KS,2020,一軍,2020-08-06,例行賽,富邦悍將,Bh3cW,away,樂天桃猿,3,8,6,0,0
EsoXO,CPBL-2020-KS,2020,一軍,2020-08-05,例行賽,樂天桃猿,BCqA8,home,富邦悍將,4,3,8,0,1
EsoXO,CPBL-2020-KS,2020,一軍,2020-08-05,例行賽,富邦悍將,Bh3cW,away,樂天桃猿,3,4,9,0,0
vhzak,CPBL-2020-KS,2020,一軍,2020-08-05,例行賽,中信兄弟,n51lm,home,統一7-ELEVEn獅,4,5,11,0,0
vhzak,CPBL-2020-KS,2020,一軍,2020-08-05,例行賽,統一7-ELEVEn獅,ORcS5,away,中信兄弟,5,4,12,0,1
s03oh,CPBL-2020-KS,2020,一軍,2020-08-04,例行賽,中信兄弟,n51lm,home,統一7-ELEVEn獅,5,6,9,0,0
s03oh,CPBL-2020-KS,2020,一軍,2020-08-04,例行賽,統一7-ELEVEn獅,ORcS5,away,中信兄弟,6,5,12,0,1
GkW3X,CPBL-2020-KS,2020,一軍,2020-08-02,例行賽,中信兄弟,n51lm,home,富邦悍將,3,6,14,0,0
GkW3X,CPBL-2020-KS,2020,一軍,2020-08-02,例行賽,富邦悍將,Bh3cW,away,中信兄弟,6,3,12,0,1
d55wI,CPBL-2020-KS,2020,一軍,2020-08-02,例行賽,樂天桃猿,BCqA8,home,統一7-ELEVEn獅,4,10,11,0,0
d55wI,CPBL-2020-KS,2020,一軍,2020-08-02,例行賽,統一7-ELEVEn獅,ORcS5,away,樂天桃猿,10,4,12,0,1
yoyO1,CPBL-2020-KS,2020,一軍,2020-08-01,例行賽,中信兄弟,n51lm,home,富邦悍將,3,2,10,0,1
yoyO1,CPBL-2020-KS,2020,一軍,2020-08-01,例行賽,富邦悍將,Bh3cW,away,中信兄弟,2,3,6,0,0
njXYw,CPBL-2020-KS,2020,一軍,2020-08-01,例行賽,樂天桃猿,BCqA8,home,統一7-ELEVEn獅,5,3,10,0,1
njXYw,CPBL-2020-KS,2020,一軍,2020-08-01,例行賽,統一7-ELEVEn獅,ORcS5,away,樂天桃猿,3,5,10,0,0
wRPrt,CPBL-2020-KS,2020,一軍,2020-07-31,例行賽,中信兄弟,n51lm,home,富邦悍將,4,3,9,0,1
wRPrt,CPBL-2020-KS,2020,一軍,2020-07-31,例行賽,富邦悍將,Bh3cW,away,中信兄弟,3,4,9,0,0
7zoFc,CPBL-2020-KS,2020,一軍,2020-07-31,例行賽,樂天桃猿,BCqA8,home,統一7-ELEVEn獅,3,2,7,0,1
7zoFc,CPBL-2020-KS,2020,一軍,2020-07-31,例行賽,統一7-ELEVEn獅,ORcS5,away,樂天桃猿,2,3,9,0,0
m0z22,CPBL-2020-KS,2020,一軍,2020-07-30,例行賽,統一7-ELEVEn獅,ORcS5,home,富邦悍將,3,5,6,0,0
m0z22,CPBL-2020-KS,2020,一軍,2020-07-30,例行賽,富邦悍將,Bh3cW,away,統一7-ELEVEn獅,5,3,10,0,1
O0WNj,CPBL-2020-KS,2020,一軍,2020-07-29,例行賽,樂天桃猿,BCqA8,home,中信兄弟,8,7,10,0,1
O0WNj,CPBL-2020-KS,2020,一軍,2020-07-29,例行賽,中信兄弟,n51lm,away,樂天桃猿,7,8,10,0,0
Dv99S,CPBL-2020-KS,2020,一軍,2020-07-28,例行賽,樂天桃猿,BCqA8,home,中信兄弟,1,4,7,0,0
Dv99S,CPBL-2020-KS,2020,一軍,2020-07-28,例行賽,中信兄弟,n51lm,away,樂天桃猿,4,1,10,0,1
I1N9X,CPBL-2020-KS,2020,一軍,2020-07-26,例行賽,統一7-ELEVEn獅,ORcS5,home,中信兄弟,7,6,12,0,1
I1N9X,CPBL-2020-KS,2020,一軍,2020-07-26,例行賽,中信兄弟,n51lm,away,統一7-ELEVEn獅,6,7,10,0,0
dEfCZ,CPBL-2020-KS,2020,一軍,2020-07-26,例行賽,富邦悍將,Bh3cW,home,樂天桃猿,5,10,13,0,0
dEfCZ,CPBL-2020-KS,2020,一軍,2020-07-26,例行賽,樂天桃猿,BCqA8,away,富邦悍將,10,5,15,0,1
PNaV6,CPBL-2020-KS,2020,一軍,2020-07-25,例行賽,統一7-ELEVEn獅,ORcS5,home,中信兄弟,0,6,4,0,0
PNaV6,CPBL-2020-KS,2020,一軍,2020-07-25,例行賽,中信兄弟,n51lm,away,統一7-ELEVEn獅,6,0,7,0,1
9tye3,CPBL-2020-KS,2020,一軍,2020-07-25,例行賽,富邦悍將,Bh3cW,home,樂天桃猿,8,5,12,0,1
9tye3,CPBL-2020-KS,2020,一軍,2020-07-25,例行賽,樂天桃猿,BCqA8,away,富邦悍將,5,8,12,0,0
roWkG,CPBL-2020-KS,2020,一軍,2020-07-24,例行賽,統一7-ELEVEn獅,ORcS5,home,中信兄弟,8,4,12,0,1
roWkG,CPBL-2020-KS,2020,一軍,2020-07-24,例行賽,中信兄弟,n51lm,away,統一7-ELEVEn獅,4,8,11,0,0
ZOrKp,CPBL-2020-KS,2020,一軍,2020-07-24,例行賽,富邦悍將,Bh3cW,home,樂天桃猿,8,7,19,0,1
ZOrKp,CPBL-2020-KS,2020,一軍,2020-07-24,例行賽,樂天桃猿,BCqA8,away,富邦悍將,7,8,16,0,0
lG0qH,CPBL-2020-KS,2020,一軍,2020-07-19,例行賽,樂天桃猿,BCqA8,home,富邦悍將,14,3,19,0,1
lG0qH,CPBL-2020-KS,2020,一軍,2020-07-19,例行賽,富邦悍將,Bh3cW,away,樂天桃猿,3,14,8,0,0
Ihskv,CPBL-2020-KS,2020,一軍,2020-07-18,例行賽,富邦悍將,Bh3cW,home,樂天桃猿,12,6,17,0,1
Ihskv,CPBL-2020-KS,2020,一軍,2020-07-18,例行賽,樂天桃猿,BCqA8,away,富邦悍將,6,12,16,0,0
8wCD0,CPBL-2020-KS,2020,一軍,2020-07-16,例行賽,富邦悍將,Bh3cW,home,中信兄弟,3,4,10,0,0
8wCD0,CPBL-2020-KS,2020,一軍,2020-07-16,例行賽,中信兄弟,n51lm,away,富邦悍將,4,3,13,0,1
q6K39,CPBL-2020-KS,2020,一軍,2020-07-15,例行賽,樂天桃猿,BCqA8,home,富邦悍將,14,3,17,0,1
q6K39,CPBL-2020-KS,2020,一軍,2020-07-15,例行賽,富邦悍將,Bh3cW,away,樂天桃猿,3,14,9,0,0
1qfYR,CPBL-2020-KS,2020,一軍,2020-07-14,例行賽,富邦悍將,Bh3cW,home,樂天桃猿,1,5,4,0,0
1qfYR,CPBL-2020-KS,2020,一軍,2020-07-14,例行賽,樂天桃猿,BCqA8,away,富邦悍將,5,1,11,0,1
TIfIp,CPBL-2020-KS,2020,一軍,2020-07-14,例行賽,統一7-ELEVEn獅,ORcS5,home,中信兄弟,1,6,5,0,0
TIfIp,CPBL-2020-KS,2020,一軍,2020-07-14,例行賽,中信兄弟,n51lm,away,統一7-ELEVEn獅,6,1,9,0,1
PNya4,CPBL-2020-KS,2020,一軍,2020-07-12,例行賽,樂天桃猿,BCqA8,home,中信兄弟,4,3,7,0,1
PNya4,CPBL-2020-KS,2020,一軍,2020-07-12,例行賽,中信兄弟,n51lm,away,樂天桃猿,3,4,8,0,0
UGX7f,CPBL-2020-KS,2020,一軍,2020-07-11,例行賽,樂天桃猿,BCqA8,home,統一7-ELEVEn獅,9,2,13,0,1
UGX7f,CPBL-2020-KS,2020,一軍,2020-07-11,例行賽,統一7-ELEVEn獅,ORcS5,away,樂天桃猿,2,9,6,0,0
Q0Nu5,CPBL-2020-KS,2020,一軍,2020-07-11,例行賽,中信兄弟,n51lm,home,富邦悍將,17,0,19,0,1
Q0Nu5,CPBL-2020-KS,2020,一軍,2020-07-11,例行賽,富邦悍將,Bh3cW,away,中信兄弟,0,17,4,0,0
OmuCg,CPBL-2020-KS,2020,一軍,2020-07-10,例行賽,樂天桃猿,BCqA8,home,統一7-ELEVEn獅,3,7,12,0,0
OmuCg,CPBL-2020-KS,2020,一軍,2020-07-10,例行賽,統一7-ELEVEn獅,ORcS5,away,樂天桃猿,7,3,12,0,1
2jEiy,CPBL-2020-KS,2020,一軍,2020-07-10,例行賽,中信兄弟,n51lm,home,富邦悍將,3,4,7,0,0
2jEiy,CPBL-2020-KS,2020,一軍,2020-07-10,例行賽,富邦悍將,Bh3cW,away,中信兄弟,4,3,8,0,1
UnP62,CPBL-2020-KS,2020,一軍,2020-07-08,例行賽,統一7-ELEVEn獅,ORcS5,home,富邦悍將,7,1,9,0,1
UnP62,CPBL-2020-KS,2020,一軍,2020-07-08,例行賽,富邦悍將,Bh3cW,away,統一7-ELEVEn獅,1,7,5,0,0
woiXC,CPBL-2020-KS,2020,一軍,2020-07-08,例行賽,中信兄弟,n51lm,home,樂天桃猿,5,6,14,0,0
woiXC,CPBL-2020-KS,2020,一軍,2020-07-08,例行賽,樂天桃猿,BCqA8,away,中信兄弟,6,5,10,0,1
0PJLe,CPBL-2020-KS,2020,一軍,2020-07-07,例行賽,樂天桃猿,BCqA8,home,中信兄弟,7,9,10,0,0
0PJLe,CPBL-2020-KS,2020,一軍,2020-07-07,例行賽,中信兄弟,n51lm,away,樂天桃猿,9,7,12,0,1
I2xwc,CPBL-2020-KS,2020,一軍,2020-07-07,例行賽,統一7-ELEVEn獅,ORcS5,home,富邦悍將,5,3,12,0,1
I2xwc,CPBL-2020-KS,2020,一軍,2020-07-07,例行賽,富邦悍將,Bh3cW,away,統一7-ELEVEn獅,3,5,10,0,0
MpXMj,CPBL-2020-KS,2020,一軍,2020-07-05,例行賽,統一7-ELEVEn獅,ORcS5,home,中信兄弟,2,11,4,0,0
MpXMj,CPBL-2020-KS,2020,一軍,2020-07-05,例行賽,中信兄弟,n51lm,away,統一7-ELEVEn獅,11,2,14,0,1
2x15P,CPBL-2020-KS,2020,一軍,2020-07-05,例行賽,富邦悍將,Bh3cW,home,樂天桃猿,9,4,13,0,1
2x15P,CPBL-2020-KS,2020,一軍,2020-07-05,例行賽,樂天桃猿,BCqA8,away,富邦悍將,4,9,9,0,0
UG2z2,CPBL-2020-KS,2020,一軍,2020-07-04,例行賽,統一7-ELEVEn獅,ORcS5,home,中信兄弟,2,7,8,0,0
UG2z2,CPBL-2020-KS,2020,一軍,2020-07-04,例行賽,中信兄弟,n51lm,away,統一7-ELEVEn獅,7,2,10,0,1
sfC9H,CPBL-2020-KS,2020,一軍,2020-07-04,例行賽,富邦悍將,Bh3cW,home,樂天桃猿,7,6,13,0,1
sfC9H,CPBL-2020-KS,2020,一軍,2020-07-04,例行賽,樂天桃猿,BCqA8,away,富邦悍將,6,7,10,0,0
xoXuv,CPBL-2020-KS,2020,一軍,2020-07-03,例行賽,統一7-ELEVEn獅,ORcS5,home,中信兄弟,3,9,10,0,0
xoXuv,CPBL-2020-KS,2020,一軍,2020-07-03,例行賽,中信兄弟,n51lm,away,統一7-ELEVEn獅,9,3,16,0,1
CMLIR,CPBL-2020-KS,2020,一軍,2020-07-03,例行賽,富邦悍將,Bh3cW,home,樂天桃猿,8,15,12,0,0
CMLIR,CPBL-2020-KS,2020,一軍,2020-07-03,例行賽,樂天桃猿,BCqA8,away,富邦悍將,15,8,21,0,1
OI0pE,CPBL-2020-KS,2020,一軍,2020-07-02,例行賽,統一7-ELEVEn獅,ORcS5,home,富邦悍將,3,4,11,0,0
OI0pE,CPBL-2020-KS,2020,一軍,2020-07-02,例行賽,富邦悍將,Bh3cW,away,統一7-ELEVEn獅,4,3,12,0,1
4SG2J,CPBL-2020-KS,2020,一軍,2020-07-01,例行賽,統一7-ELEVEn獅,ORcS5,home,富邦悍將,7,2,9,0,1
4SG2J,CPBL-2020-KS,2020,一軍,2020-07-01,例行賽,富邦悍將,Bh3cW,away,統一7-ELEVEn獅,2,7,11,0,0
Vx3sh,CPBL-2020-KS,2020,一軍,2020-07-01,例行賽,樂天桃猿,BCqA8,home,中信兄弟,0,20,4,0,0
Vx3sh,CPBL-2020-KS,2020,一軍,2020-07-01,例行賽,中信兄弟,n51lm,away,樂天桃猿,20,0,24,0,1
EvCBY,CPBL-2020-KS,2020,一軍,2020-06-30,例行賽,樂天桃猿,BCqA8,home,中信兄弟,7,2,6,0,1
EvCBY,CPBL-2020-KS,2020,一軍,2020-06-30,例行賽,中信兄弟,n51lm,away,樂天桃猿,2,7,6,0,0
iT3AK,CPBL-2020-KS,2020,一軍,2020-06-28,例行賽,中信兄弟,n51lm,home,富邦悍將,4,3,9,0,1
iT3AK,CPBL-2020-KS,2020,一軍,2020-06-28,例行賽,富邦悍將,Bh3cW,away,中信兄弟,3,4,9,0,0
LBkVx,CPBL-2020-KS,2020,一軍,2020-06-28,例行賽,樂天桃猿,BCqA8,home,統一7-ELEVEn獅,2,10,7,0,0
LBkVx,CPBL-2020-KS,2020,一軍,2020-06-28,例行賽,統一7-ELEVEn獅,ORcS5,away,樂天桃猿,10,2,13,0,1
33hWO,CPBL-2020-KS,2020,一軍,2020-06-27,例行賽,中信兄弟,n51lm,home,富邦悍將,6,3,12,0,1
33hWO,CPBL-2020-KS,2020,一軍,2020-06-27,例行賽,富邦悍將,Bh3cW,away,中信兄弟,3,6,6,0,0
5fp4g,CPBL-2020-KS,2020,一軍,2020-06-27,例行賽,樂天桃猿,BCqA8,home,統一7-ELEVEn獅,5,21,10,0,0
5fp4g,CPBL-2020-KS,2020,一軍,2020-06-27,例行賽,統一7-ELEVEn獅,ORcS5,away,樂天桃猿,21,5,26,0,1
eDaEh,CPBL-2020-KS,2020,一軍,2020-06-26,例行賽,中信兄弟,n51lm,home,富邦悍將,3,1,10,0,1
eDaEh,CPBL-2020-KS,2020,一軍,2020-06-26,例行賽,富邦悍將,Bh3cW,away,中信兄弟,1,3,11,0,0
bU83s,CPBL-2020-KS,2020,一軍,2020-06-26,例行賽,樂天桃猿,BCqA8,home,統一7-ELEVEn獅,8,6,12,0,1
bU83s,CPBL-2020-KS,2020,一軍,2020-06-26,例行賽,統一7-ELEVEn獅,ORcS5,away,樂天桃猿,6,8,11,0,0
cT7ri,CPBL-2020-KS,2020,一軍,2020-06-25,例行賽,中信兄弟,n51lm,home,統一7-ELEVEn獅,13,6,17,0,1
cT7ri,CPBL-2020-KS,2020,一軍,2020-06-25,例行賽,統一7-ELEVEn獅,ORcS5,away,中信兄弟,6,13,12,0,0
5GEnC,CPBL-2020-KS,2020,一軍,2020-06-24,例行賽,樂天桃猿,BCqA8,home,富邦悍將,10,3,11,0,1
5GEnC,CPBL-2020-KS,2020,一軍,2020-06-24,例行賽,富邦悍將,Bh3cW,away,樂天桃猿,3,10,11,0,0
jvkTS,CPBL-2020-KS,2020,一軍,2020-06-23,例行賽,樂天桃猿,BCqA8,home,富邦悍將,4,11,12,0,0
jvkTS,CPBL-2020-KS,2020,一軍,2020-06-23,例行賽,富邦悍將,Bh3cW,away,樂天桃猿,11,4,13,0,1
KKXMf,CPBL-2020-KS,2020,一軍,2020-06-21,例行賽,富邦悍將,Bh3cW,home,統一7-ELEVEn獅,6,13,6,0,0
KKXMf,CPBL-2020-KS,2020,一軍,2020-06-21,例行賽,統一7-ELEVEn獅,ORcS5,away,富邦悍將,13,6,19,0,1
fKoBp,CPBL-2020-KS,2020,一軍,2020-06-21,例行賽,中信兄弟,n51lm,home,樂天桃猿,1,8,6,0,0
fKoBp,CPBL-2020-KS,2020,一軍,2020-06-21,例行賽,樂天桃猿,BCqA8,away,中信兄弟,8,1,10,0,1
AblpD,CPBL-2020-KS,2020,一軍,2020-06-20,例行賽,富邦悍將,Bh3cW,home,統一7-ELEVEn獅,4,13,9,0,0
AblpD,CPBL-2020-KS,2020,一軍,2020-06-20,例行賽,統一7-ELEVEn獅,ORcS5,away,富邦悍將,13,4,17,0,1
gqZlx,CPBL-2020-KS,2020,一軍,2020-06-20,例行賽,中信兄弟,n51lm,home,樂天桃猿,1,11,3,0,0
gqZlx,CPBL-2020-KS,2020,一軍,2020-06-20,例行賽,樂天桃猿,BCqA8,away,中信兄弟,11,1,14,0,1
r1BOn,CPBL-2020-KS,2020,一軍,2020-06-19,例行賽,富邦悍將,Bh3cW,home,統一7-ELEVEn獅,6,5,15,0,1
r1BOn,CPBL-2020-KS,2020,一軍,2020-06-19,例行賽,統一7-ELEVEn獅,ORcS5,away,富邦悍將,5,6,12,0,0
f2Y5x,CPBL-2020-KS,2020,一軍,2020-06-19,例行賽,中信兄弟,n51lm,home,樂天桃猿,7,4,9,0,1
f2Y5x,CPBL-2020-KS,2020,一軍,2020-06-19,例行賽,樂天桃猿,BCqA8,away,中信兄弟,4,7,8,0,0
mFneu,CPBL-2020-KS,2020,一軍,2020-06-18,例行賽,統一7-ELEVEn獅,ORcS5,home,樂天桃猿,10,5,13,0,1
mFneu,CPBL-2020-KS,2020,一軍,2020-06-18,例行賽,樂天桃猿,BCqA8,away,統一7-ELEVEn獅,5,10,11,0,0
TARjP,CPBL-2020-KS,2020,一軍,2020-06-17,例行賽,統一7-ELEVEn獅,ORcS5,home,樂天桃猿,3,5,5,0,0
TARjP,CPBL-2020-KS,2020,一軍,2020-06-17,例行賽,樂天桃猿,BCqA8,away,統一7-ELEVEn獅,5,3,12,0,1
srTvl,CPBL-2020-KS,2020,一軍,2020-06-17,例行賽,富邦悍將,Bh3cW,home,中信兄弟,1,15,5,0,0
srTvl,CPBL-2020-KS,2020,一軍,2020-06-17,例行賽,中信兄弟,n51lm,away,富邦悍將,15,1,18,0,1
wKP0i,CPBL-2020-KS,2020,一軍,2020-06-16,例行賽,富邦悍將,Bh3cW,home,中信兄弟,2,11,9,0,0
wKP0i,CPBL-2020-KS,2020,一軍,2020-06-16,例行賽,中信兄弟,n51lm,away,富邦悍將,11,2,10,0,1
Je7sR,CPBL-2020-KS,2020,一軍,2020-06-14,例行賽,統一7-ELEVEn獅,ORcS5,home,富邦悍將,2,6,7,0,0
Je7sR,CPBL-2020-KS,2020,一軍,2020-06-14,例行賽,富邦悍將,Bh3cW,away,統一7-ELEVEn獅,6,2,14,0,1
E4qBM,CPBL-2020-KS,2020,一軍,2020-06-14,例行賽,樂天桃猿,BCqA8,home,中信兄弟,4,1,7,0,1
E4qBM,CPBL-2020-KS,2020,一軍,2020-06-14,例行賽,中信兄弟,n51lm,away,樂天桃猿,1,4,7,0,0
5WCWH,CPBL-2020-KS,2020,一軍,2020-06-13,例行賽,統一7-ELEVEn獅,ORcS5,home,富邦悍將,3,2,6,0,1
5WCWH,CPBL-2020-KS,2020,一軍,2020-06-13,例行賽,富邦悍將,Bh3cW,away,統一7-ELEVEn獅,2,3,5,0,0
U1FfY,CPBL-2020-KS,2020,一軍,2020-06-13,例行賽,樂天桃猿,BCqA8,home,中信兄弟,5,8,15,0,0
U1FfY,CPBL-2020-KS,2020,一軍,2020-06-13,例行賽,中信兄弟,n51lm,away,樂天桃猿,8,5,13,0,1
VZ36e,CPBL-2020-KS,2020,一軍,2020-06-12,例行賽,統一7-ELEVEn獅,ORcS5,home,富邦悍將,10,4,15,0,1
VZ36e,CPBL-2020-KS,2020,一軍,2020-06-12,例行賽,富邦悍將,Bh3cW,away,統一7-ELEVEn獅,4,10,8,0,0
IBkqg,CPBL-2020-KS,2020,一軍,2020-06-12,例行賽,樂天桃猿,BCqA8,home,中信兄弟,4,0,9,0,1
IBkqg,CPBL-2020-KS,2020,一軍,2020-06-12,例行賽,中信兄弟,n51lm,away,樂天桃猿,0,4,8,0,0
5uxif,CPBL-2020-KS,2020,一軍,2020-06-11,例行賽,中信兄弟,n51lm,home,富邦悍將,4,3,12,0,1
5uxif,CPBL-2020-KS,2020,一軍,2020-06-11,例行賽,富邦悍將,Bh3cW,away,中信兄弟,3,4,7,0,0
lqy8V,CPBL-2020-KS,2020,一軍,2020-06-10,例行賽,中信兄弟,n51lm,home,富邦悍將,6,5,10,0,1
lqy8V,CPBL-2020-KS,2020,一軍,2020-06-10,例行賽,富邦悍將,Bh3cW,away,中信兄弟,5,6,5,0,0
k8D2P,CPBL-2020-KS,2020,一軍,2020-06-10,例行賽,樂天桃猿,BCqA8,home,統一7-ELEVEn獅,2,11,10,0,0
k8D2P,CPBL-2020-KS,2020,一軍,2020-06-10,例行賽,統一7-ELEVEn獅,ORcS5,away,樂天桃猿,11,2,14,0,1
76O12,CPBL-2020-KS,2020,一軍,2020-06-09,例行賽,樂天桃猿,BCqA8,home,統一7-ELEVEn獅,6,7,13,0,0
76O12,CPBL-2020-KS,2020,一軍,2020-06-09,例行賽,統一7-ELEVEn獅,ORcS5,away,樂天桃猿,7,6,12,0,1
hk9mN,CPBL-2020-KS,2020,一軍,2020-06-07,例行賽,中信兄弟,n51lm,home,統一7-ELEVEn獅,9,8,17,0,1
hk9mN,CPBL-2020-KS,2020,一軍,2020-06-07,例行賽,統一7-ELEVEn獅,ORcS5,away,中信兄弟,8,9,14,0,0
8c48l,CPBL-2020-KS,2020,一軍,2020-06-06,例行賽,樂天桃猿,BCqA8,home,富邦悍將,6,9,12,0,0
8c48l,CPBL-2020-KS,2020,一軍,2020-06-06,例行賽,富邦悍將,Bh3cW,away,樂天桃猿,9,6,13,0,1
6BsfA,CPBL-2020-KS,2020,一軍,2020-06-06,例行賽,中信兄弟,n51lm,home,統一7-ELEVEn獅,14,3,14,0,1
6BsfA,CPBL-2020-KS,2020,一軍,2020-06-06,例行賽,統一7-ELEVEn獅,ORcS5,away,中信兄弟,3,14,8,0,0
D9AFm,CPBL-2020-KS,2020,一軍,2020-06-05,例行賽,樂天桃猿,BCqA8,home,富邦悍將,6,5,12,0,1
D9AFm,CPBL-2020-KS,2020,一軍,2020-06-05,例行賽,富邦悍將,Bh3cW,away,樂天桃猿,5,6,11,0,0
2fhQq,CPBL-2020-KS,2020,一軍,2020-06-05,例行賽,中信兄弟,n51lm,home,統一7-ELEVEn獅,8,7,13,0,1
2fhQq,CPBL-2020-KS,2020,一軍,2020-06-05,例行賽,統一7-ELEVEn獅,ORcS5,away,中信兄弟,7,8,10,0,0
Zw0i7,CPBL-2020-KS,2020,一軍,2020-06-04,例行賽,富邦悍將,Bh3cW,home,統一7-ELEVEn獅,5,4,10,0,1
Zw0i7,CPBL-2020-KS,2020,一軍,2020-06-04,例行賽,統一7-ELEVEn獅,ORcS5,away,富邦悍將,4,5,8,0,0
qj0Dr,CPBL-2020-KS,2020,一軍,2020-06-03,例行賽,富邦悍將,Bh3cW,home,統一7-ELEVEn獅,3,12,8,0,0
qj0Dr,CPBL-2020-KS,2020,一軍,2020-06-03,例行賽,統一7-ELEVEn獅,ORcS5,away,富邦悍將,12,3,17,0,1
n6Mpz,CPBL-2020-KS,2020,一軍,2020-06-03,例行賽,中信兄弟,n51lm,home,樂天桃猿,8,4,14,0,1
n6Mpz,CPBL-2020-KS,2020,一軍,2020-06-03,例行賽,樂天桃猿,BCqA8,away,中信兄弟,4,8,8,0,0
AMJdT,CPBL-2020-KS,2020,一軍,2020-06-02,例行賽,中信兄弟,n51lm,home,樂天桃猿,10,5,14,0,1
AMJdT,CPBL-2020-KS,2020,一軍,2020-06-02,例行賽,樂天桃猿,BCqA8,away,中信兄弟,5,10,13,0,0
0wotI,CPBL-2020-KS,2020,一軍,2020-05-31,例行賽,富邦悍將,Bh3cW,home,中信兄弟,4,2,10,0,1
0wotI,CPBL-2020-KS,2020,一軍,2020-05-31,例行賽,中信兄弟,n51lm,away,富邦悍將,2,4,7,0,0
G70Kt,CPBL-2020-KS,2020,一軍,2020-05-31,例行賽,統一7-ELEVEn獅,ORcS5,home,樂天桃猿,8,9,13,0,0
G70Kt,CPBL-2020-KS,2020,一軍,2020-05-31,例行賽,樂天桃猿,BCqA8,away,統一7-ELEVEn獅,9,8,21,0,1
xcmHi,CPBL-2020-KS,2020,一軍,2020-05-30,例行賽,富邦悍將,Bh3cW,home,中信兄弟,3,4,8,0,0
xcmHi,CPBL-2020-KS,2020,一軍,2020-05-30,例行賽,中信兄弟,n51lm,away,富邦悍將,4,3,13,0,1
gBTpq,CPBL-2020-KS,2020,一軍,2020-05-30,例行賽,統一7-ELEVEn獅,ORcS5,home,樂天桃猿,7,5,11,0,1
gBTpq,CPBL-2020-KS,2020,一軍,2020-05-30,例行賽,樂天桃猿,BCqA8,away,統一7-ELEVEn獅,5,7,14,0,0
k7LyC,CPBL-2020-KS,2020,一軍,2020-05-29,例行賽,統一7-ELEVEn獅,ORcS5,home,樂天桃猿,1,3,5,0,0
k7LyC,CPBL-2020-KS,2020,一軍,2020-05-29,例行賽,樂天桃猿,BCqA8,away,統一7-ELEVEn獅,3,1,4,0,1
icu8h,CPBL-2020-KS,2020,一軍,2020-05-27,例行賽,富邦悍將,Bh3cW,home,樂天桃猿,5,2,7,0,1
icu8h,CPBL-2020-KS,2020,一軍,2020-05-27,例行賽,樂天桃猿,BCqA8,away,富邦悍將,2,5,7,0,0
Jyey5,CPBL-2020-KS,2020,一軍,2020-05-27,例行賽,統一7-ELEVEn獅,ORcS5,home,中信兄弟,10,11,11,0,0
Jyey5,CPBL-2020-KS,2020,一軍,2020-05-27,例行賽,中信兄弟,n51lm,away,統一7-ELEVEn獅,11,10,14,0,1
06BHJ,CPBL-2020-KS,2020,一軍,2020-05-24,例行賽,樂天桃猿,BCqA8,home,統一7-ELEVEn獅,5,7,13,0,0
06BHJ,CPBL-2020-KS,2020,一軍,2020-05-24,例行賽,統一7-ELEVEn獅,ORcS5,away,樂天桃猿,7,5,13,0,1
V6NOw,CPBL-2020-KS,2020,一軍,2020-05-24,例行賽,中信兄弟,n51lm,home,富邦悍將,3,7,9,0,0
V6NOw,CPBL-2020-KS,2020,一軍,2020-05-24,例行賽,富邦悍將,Bh3cW,away,中信兄弟,7,3,9,0,1
NNPIv,CPBL-2020-KS,2020,一軍,2020-05-17,例行賽,富邦悍將,Bh3cW,home,樂天桃猿,9,7,15,0,1
NNPIv,CPBL-2020-KS,2020,一軍,2020-05-17,例行賽,樂天桃猿,BCqA8,away,富邦悍將,7,9,13,0,0
pVaVx,CPBL-2020-KS,2020,一軍,2020-05-17,例行賽,統一7-ELEVEn獅,ORcS5,home,中信兄弟,9,19,15,0,0
pVaVx,CPBL-2020-KS,2020,一軍,2020-05-17,例行賽,中信兄弟,n51lm,away,統一7-ELEVEn獅,19,9,19,0,1
hEia8,CPBL-2020-KS,2020,一軍,2020-05-16,例行賽,統一7-ELEVEn獅,ORcS5,home,中信兄弟,2,9,5,0,0
hEia8,CPBL-2020-KS,2020,一軍,2020-05-16,例行賽,中信兄弟,n51lm,away,統一7-ELEVEn獅,9,2,16,0,1
v2Znl,CPBL-2020-KS,2020,一軍,2020-05-15,例行賽,富邦悍將,Bh3cW,home,樂天桃猿,6,7,9,0,0
v2Znl,CPBL-2020-KS,2020,一軍,2020-05-15,例行賽,樂天桃猿,BCqA8,away,富邦悍將,7,6,15,0,1
wiyqp,CPBL-2020-KS,2020,一軍,2020-05-15,例行賽,統一7-ELEVEn獅,ORcS5,home,中信兄弟,2,1,8,0,1
wiyqp,CPBL-2020-KS,2020,一軍,2020-05-15,例行賽,中信兄弟,n51lm,away,統一7-ELEVEn獅,1,2,8,0,0
vR25k,CPBL-2020-KS,2020,一軍,2020-05-14,例行賽,富邦悍將,Bh3cW,home,中信兄弟,5,11,10,0,0
vR25k,CPBL-2020-KS,2020,一軍,2020-05-14,例行賽,中信兄弟,n51lm,away,富邦悍將,11,5,18,0,1
gnS2D,CPBL-2020-KS,2020,一軍,2020-05-13,例行賽,富邦悍將,Bh3cW,home,中信兄弟,9,3,15,0,1
gnS2D,CPBL-2020-KS,2020,一軍,2020-05-13,例行賽,中信兄弟,n51lm,away,富邦悍將,3,9,8,0,0
vezqg,CPBL-2020-KS,2020,一軍,2020-05-13,例行賽,統一7-ELEVEn獅,ORcS5,home,樂天桃猿,15,11,15,0,1
vezqg,CPBL-2020-KS,2020,一軍,2020-05-13,例行賽,樂天桃猿,BCqA8,away,統一7-ELEVEn獅,11,15,16,0,0
zi9KV,CPBL-2020-KS,2020,一軍,2020-05-12,例行賽,統一7-ELEVEn獅,ORcS5,home,樂天桃猿,10,17,18,0,0
zi9KV,CPBL-2020-KS,2020,一軍,2020-05-12,例行賽,樂天桃猿,BCqA8,away,統一7-ELEVEn獅,17,10,18,0,1
qAprh,CPBL-2020-KS,2020,一軍,2020-05-10,例行賽,富邦悍將,Bh3cW,home,統一7-ELEVEn獅,2,10,7,0,0
qAprh,CPBL-2020-KS,2020,一軍,2020-05-10,例行賽,統一7-ELEVEn獅,ORcS5,away,富邦悍將,10,2,17,0,1
CV76A,CPBL-2020-KS,2020,一軍,2020-05-10,例行賽,中信兄弟,n51lm,home,樂天桃猿,4,5,9,0,0
CV76A,CPBL-2020-KS,2020,一軍,2020-05-10,例行賽,樂天桃猿,BCqA8,away,中信兄弟,5,4,5,0,1
M3fzq,CPBL-2020-KS,2020,一軍,2020-05-09,例行賽,富邦悍將,Bh3cW,home,統一7-ELEVEn獅,7,4,11,0,1
M3fzq,CPBL-2020-KS,2020,一軍,2020-05-09,例行賽,統一7-ELEVEn獅,ORcS5,away,富邦悍將,4,7,8,0,0
TvWty,CPBL-2020-KS,2020,一軍,2020-05-09,例行賽,中信兄弟,n51lm,home,樂天桃猿,3,6,9,0,0
TvWty,CPBL-2020-KS,2020,一軍,2020-05-09,例行賽,樂天桃猿,BCqA8,away,中信兄弟,6,3,8,0,1
3p0ll,CPBL-2020-KS,2020,一軍,2020-05-08,例行賽,富邦悍將,Bh3cW,home,統一7-ELEVEn獅,7,6,9,0,1
3p0ll,CPBL-2020-KS,2020,一軍,2020-05-08,例行賽,統一7-ELEVEn獅,ORcS5,away,富邦悍將,6,7,8,0,0
EWStd,CPBL-2020-KS,2020,一軍,2020-05-08,例行賽,中信兄弟,n51lm,home,樂天桃猿,6,4,8,0,1
EWStd,CPBL-2020-KS,2020,一軍,2020-05-08,例行賽,樂天桃猿,BCqA8,away,中信兄弟,4,6,10,0,0
rEvlw,CPBL-2020-KS,2020,一軍,2020-05-07,例行賽,樂天桃猿,BCqA8,home,富邦悍將,15,6,22,0,1
rEvlw,CPBL-2020-KS,2020,一軍,2020-05-07,例行賽,富邦悍將,Bh3cW,away,樂天桃猿,6,15,13,0,0
dKfDx,CPBL-2020-KS,2020,一軍,2020-05-06,例行賽,中信兄弟,n51lm,home,統一7-ELEVEn獅,18,8,22,0,1
dKfDx,CPBL-2020-KS,2020,一軍,2020-05-06,例行賽,統一7-ELEVEn獅,ORcS5,away,中信兄弟,8,18,14,0,0
0iLnV,CPBL-2020-KS,2020,一軍,2020-05-05,例行賽,中信兄弟,n51lm,home,統一7-ELEVEn獅,8,5,11,0,1
0iLnV,CPBL-2020-KS,2020,一軍,2020-05-05,例行賽,統一7-ELEVEn獅,ORcS5,away,中信兄弟,5,8,12,0,0
1GIKa,CPBL-2020-KS,2020,一軍,2020-05-03,例行賽,統一7-ELEVEn獅,ORcS5,home,富邦悍將,7,12,6,0,0
1GIKa,CPBL-2020-KS,2020,一軍,2020-05-03,例行賽,富邦悍將,Bh3cW,away,統一7-ELEVEn獅,12,7,15,0,1
aABnJ,CPBL-2020-KS,2020,一軍,2020-05-03,例行賽,樂天桃猿,BCqA8,home,中信兄弟,9,3,15,0,1
aABnJ,CPBL-2020-KS,2020,一軍,2020-05-03,例行賽,中信兄弟,n51lm,away,樂天桃猿,3,9,6,0,0
m6N6k,CPBL-2020-KS,2020,一軍,2020-05-02,例行賽,統一7-ELEVEn獅,ORcS5,home,富邦悍將,2,11,5,0,0
m6N6k,CPBL-2020-KS,2020,一軍,2020-05-02,例行賽,富邦悍將,Bh3cW,away,統一7-ELEVEn獅,11,2,15,0,1
7xvi1,CPBL-2020-KS,2020,一軍,2020-05-02,例行賽,樂天桃猿,BCqA8,home,中信兄弟,16,11,21,0,1
7xvi1,CPBL-2020-KS,2020,一軍,2020-05-02,例行賽,中信兄弟,n51lm,away,樂天桃猿,11,16,16,0,0
B53TE,CPBL-2020-KS,2020,一軍,2020-05-01,例行賽,統一7-ELEVEn獅,ORcS5,home,富邦悍將,15,6,17,0,1
B53TE,CPBL-2020-KS,2020,一軍,2020-05-01,例行賽,富邦悍將,Bh3cW,away,統一7-ELEVEn獅,6,15,16,0,0
p7aTa,CPBL-2020-KS,2020,一軍,2020-05-01,例行賽,樂天桃猿,BCqA8,home,中信兄弟,8,10,13,0,0
p7aTa,CPBL-2020-KS,2020,一軍,2020-05-01,例行賽,中信兄弟,n51lm,away,樂天桃猿,10,8,16,0,1
5pub7,CPBL-2020-KS,2020,一軍,2020-04-30,例行賽,統一7-ELEVEn獅,ORcS5,home,中信兄弟,12,6,11,0,1
5pub7,CPBL-2020-KS,2020,一軍,2020-04-30,例行賽,中信兄弟,n51lm,away,統一7-ELEVEn獅,6,12,11,0,0
6KOQl,CPBL-2020-KS,2020,一軍,2020-04-29,例行賽,統一7-ELEVEn獅,ORcS5,home,中信兄弟,8,9,10,0,0
6KOQl,CPBL-2020-KS,2020,一軍,2020-04-29,例行賽,中信兄弟,n51lm,away,統一7-ELEVEn獅,9,8,14,0,1
9smy3,CPBL-2020-KS,2020,一軍,2020-04-29,例行賽,富邦悍將,Bh3cW,home,樂天桃猿,3,5,8,0,0
9smy3,CPBL-2020-KS,2020,一軍,2020-04-29,例行賽,樂天桃猿,BCqA8,away,富邦悍將,5,3,10,0,1
diJpv,CPBL-2020-KS,2020,一軍,2020-04-28,例行賽,富邦悍將,Bh3cW,home,樂天桃猿,0,3,2,0,0
diJpv,CPBL-2020-KS,2020,一軍,2020-04-28,例行賽,樂天桃猿,BCqA8,away,富邦悍將,3,0,12,0,1
opU3v,CPBL-2020-KS,2020,一軍,2020-04-26,例行賽,統一7-ELEVEn獅,ORcS5,home,樂天桃猿,12,5,17,0,1
opU3v,CPBL-2020-KS,2020,一軍,2020-04-26,例行賽,樂天桃猿,BCqA8,away,統一7-ELEVEn獅,5,12,12,0,0
apLVs,CPBL-2020-KS,2020,一軍,2020-04-26,例行賽,富邦悍將,Bh3cW,home,中信兄弟,5,4,7,0,1
apLVs,CPBL-2020-KS,2020,一軍,2020-04-26,例行賽,中信兄弟,n51lm,away,富邦悍將,4,5,12,0,0
DsQaJ,CPBL-2020-KS,2020,一軍,2020-04-25,例行賽,統一7-ELEVEn獅,ORcS5,home,樂天桃猿,8,7,12,0,1
DsQaJ,CPBL-2020-KS,2020,一軍,2020-04-25,例行賽,樂天桃猿,BCqA8,away,統一7-ELEVEn獅,7,8,14,0,0
3WZdP,CPBL-2020-KS,2020,一軍,2020-04-25,例行賽,富邦悍將,Bh3cW,home,中信兄弟,5,6,6,0,0
3WZdP,CPBL-2020-KS,2020,一軍,2020-04-25,例行賽,中信兄弟,n51lm,away,富邦悍將,6,5,12,0,1
2xIWV,CPBL-2020-KS,2020,一軍,2020-04-24,例行賽,統一7-ELEVEn獅,ORcS5,home,樂天桃猿,4,14,8,0,0
2xIWV,CPBL-2020-KS,2020,一軍,2020-04-24,例行賽,樂天桃猿,BCqA8,away,統一7-ELEVEn獅,14,4,17,0,1
VHh25,CPBL-2020-KS,2020,一軍,2020-04-24,例行賽,富邦悍將,Bh3cW,home,中信兄弟,0,11,6,0,0
VHh25,CPBL-2020-KS,2020,一軍,2020-04-24,例行賽,中信兄弟,n51lm,away,富邦悍將,11,0,21,0,1
awb22,CPBL-2020-KS,2020,一軍,2020-04-22,例行賽,中信兄弟,n51lm,home,樂天桃猿,2,3,10,0,0
awb22,CPBL-2020-KS,2020,一軍,2020-04-22,例行賽,樂天桃猿,BCqA8,away,中信兄弟,3,2,13,0,1
dW7xJ,CPBL-2020-KS,2020,一軍,2020-04-22,例行賽,富邦悍將,Bh3cW,home,統一7-ELEVEn獅,5,9,10,0,0
dW7xJ,CPBL-2020-KS,2020,一軍,2020-04-22,例行賽,統一7-ELEVEn獅,ORcS5,away,富邦悍將,9,5,10,0,1
s7xrD,CPBL-2020-KS,2020,一軍,2020-04-21,例行賽,富邦悍將,Bh3cW,home,統一7-ELEVEn獅,13,2,15,0,1
s7xrD,CPBL-2020-KS,2020,一軍,2020-04-21,例行賽,統一7-ELEVEn獅,ORcS5,away,富邦悍將,2,13,6,0,0
KU7Rv,CPBL-2020-KS,2020,一軍,2020-04-19,例行賽,樂天桃猿,BCqA8,home,富邦悍將,3,1,7,0,1
KU7Rv,CPBL-2020-KS,2020,一軍,2020-04-19,例行賽,富邦悍將,Bh3cW,away,樂天桃猿,1,3,6,0,0
HqNho,CPBL-2020-KS,2020,一軍,2020-04-19,例行賽,中信兄弟,n51lm,home,統一7-ELEVEn獅,4,7,9,0,0
HqNho,CPBL-2020-KS,2020,一軍,2020-04-19,例行賽,統一7-ELEVEn獅,ORcS5,away,中信兄弟,7,4,12,0,1
nRgKV,CPBL-2020-KS,2020,一軍,2020-04-18,例行賽,樂天桃猿,BCqA8,home,富邦悍將,12,9,16,0,1
nRgKV,CPBL-2020-KS,2020,一軍,2020-04-18,例行賽,富邦悍將,Bh3cW,away,樂天桃猿,9,12,12,0,0
ekWYc,CPBL-2020-KS,2020,一軍,2020-04-18,例行賽,中信兄弟,n51lm,home,統一7-ELEVEn獅,6,2,9,0,1
ekWYc,CPBL-2020-KS,2020,一軍,2020-04-18,例行賽,統一7-ELEVEn獅,ORcS5,away,中信兄弟,2,6,3,0,0
WkOep,CPBL-2020-KS,2020,一軍,2020-04-17,例行賽,樂天桃猿,BCqA8,home,富邦悍將,11,10,14,0,1
WkOep,CPBL-2020-KS,2020,一軍,2020-04-17,例行賽,富邦悍將,Bh3cW,away,樂天桃猿,10,11,13,0,0
bbVUT,CPBL-2020-KS,2020,一軍,2020-04-17,例行賽,中信兄弟,n51lm,home,統一7-ELEVEn獅,6,1,8,0,1
bbVUT,CPBL-2020-KS,2020,一軍,2020-04-17,例行賽,統一7-ELEVEn獅,ORcS5,away,中信兄弟,1,6,7,0,0
xjlKP,CPBL-2020-KS,2020,一軍,2020-04-16,例行賽,樂天桃猿,BCqA8,home,統一7-ELEVEn獅,15,3,14,0,1
xjlKP,CPBL-2020-KS,2020,一軍,2020-04-16,例行賽,統一7-ELEVEn獅,ORcS5,away,樂天桃猿,3,15,6,0,0
oSaGR,CPBL-2020-KS,2020,一軍,2020-04-15,例行賽,樂天桃猿,BCqA8,home,統一7-ELEVEn獅,9,8,16,0,1
oSaGR,CPBL-2020-KS,2020,一軍,2020-04-15,例行賽,統一7-ELEVEn獅,ORcS5,away,樂天桃猿,8,9,15,0,0
jWeyI,CPBL-2020-KS,2020,一軍,2020-04-15,例行賽,中信兄弟,n51lm,home,富邦悍將,6,7,17,0,0
jWeyI,CPBL-2020-KS,2020,一軍,2020-04-15,例行賽,富邦悍將,Bh3cW,away,中信兄弟,7,6,15,0,1
3NLNC,CPBL-2020-KS,2020,一軍,2020-04-14,例行賽,中信兄弟,n51lm,home,富邦悍將,1,3,5,0,0
3NLNC,CPBL-2020-KS,2020,一軍,2020-04-14,例行賽,富邦悍將,Bh3cW,away,中信兄弟,3,1,7,0,1
bCeWc,CPBL-2020-KS,2020,一軍,2020-04-12,例行賽,中信兄弟,n51lm,home,統一7-ELEVEn獅,1,4,6,0,0
bCeWc,CPBL-2020-KS,2020,一軍,2020-04-12,例行賽,統一7-ELEVEn獅,ORcS5,away,中信兄弟,4,1,9,0,1
zMzSP,CPBL-2019-Sf,2019,一軍,2019-10-05,例行賽,Lamigo,vmujw,home,中信兄弟,5,14,12,0,0
zMzSP,CPBL-2019-Sf,2019,一軍,2019-10-05,例行賽,中信兄弟,rTz1A,away,Lamigo,14,5,12,0,1
WVsRj,CPBL-2019-Sf,2019,一軍,2019-10-04,例行賽,Lamigo,vmujw,home,中信兄弟,15,4,14,0,1
WVsRj,CPBL-2019-Sf,2019,一軍,2019-10-04,例行賽,中信兄弟,rTz1A,away,Lamigo,4,15,9,0,0
d4Jp0,CPBL-2019-Sf,2019,一軍,2019-10-03,例行賽,富邦悍將,8hU45,home,統一7-ELEVEn獅,18,4,19,0,1
d4Jp0,CPBL-2019-Sf,2019,一軍,2019-10-03,例行賽,統一7-ELEVEn獅,aB3r1,away,富邦悍將,4,18,6,0,0
WMrcN,CPBL-2019-Sf,2019,一軍,2019-10-02,例行賽,Lamigo,vmujw,home,中信兄弟,3,5,5,0,0
WMrcN,CPBL-2019-Sf,2019,一軍,2019-10-02,例行賽,中信兄弟,rTz1A,away,Lamigo,5,3,9,0,1
JdQrS,CPBL-2019-Sf,2019,一軍,2019-10-01,例行賽,中信兄弟,rTz1A,home,富邦悍將,8,3,11,0,1
JdQrS,CPBL-2019-Sf,2019,一軍,2019-10-01,例行賽,富邦悍將,8hU45,away,中信兄弟,3,8,10,0,0
L1BQ1,CPBL-2019-Sf,2019,一軍,2019-09-29,例行賽,中信兄弟,rTz1A,home,富邦悍將,1,2,5,0,0
L1BQ1,CPBL-2019-Sf,2019,一軍,2019-09-29,例行賽,富邦悍將,8hU45,away,中信兄弟,2,1,9,0,1
qQZOe,CPBL-2019-Sf,2019,一軍,2019-09-29,例行賽,統一7-ELEVEn獅,aB3r1,home,Lamigo,5,17,10,0,0
qQZOe,CPBL-2019-Sf,2019,一軍,2019-09-29,例行賽,Lamigo,vmujw,away,統一7-ELEVEn獅,17,5,19,0,1
4Wwa0,CPBL-2019-Sf,2019,一軍,2019-09-28,例行賽,中信兄弟,rTz1A,home,富邦悍將,5,2,8,0,1
4Wwa0,CPBL-2019-Sf,2019,一軍,2019-09-28,例行賽,富邦悍將,8hU45,away,中信兄弟,2,5,6,0,0
LXdGY,CPBL-2019-Sf,2019,一軍,2019-09-28,例行賽,統一7-ELEVEn獅,aB3r1,home,Lamigo,3,19,6,0,0
LXdGY,CPBL-2019-Sf,2019,一軍,2019-09-28,例行賽,Lamigo,vmujw,away,統一7-ELEVEn獅,19,3,16,0,1
zlHbS,CPBL-2019-Sf,2019,一軍,2019-09-27,例行賽,中信兄弟,rTz1A,home,富邦悍將,2,1,5,0,1
zlHbS,CPBL-2019-Sf,2019,一軍,2019-09-27,例行賽,富邦悍將,8hU45,away,中信兄弟,1,2,8,0,0
5VGlr,CPBL-2019-Sf,2019,一軍,2019-09-27,例行賽,統一7-ELEVEn獅,aB3r1,home,Lamigo,1,6,4,0,0
5VGlr,CPBL-2019-Sf,2019,一軍,2019-09-27,例行賽,Lamigo,vmujw,away,統一7-ELEVEn獅,6,1,10,0,1
PmfAY,CPBL-2019-Sf,2019,一軍,2019-09-26,例行賽,中信兄弟,rTz1A,home,統一7-ELEVEn獅,8,12,9,0,0
PmfAY,CPBL-2019-Sf,2019,一軍,2019-09-26,例行賽,統一7-ELEVEn獅,aB3r1,away,中信兄弟,12,8,16,0,1
4xSys,CPBL-2019-Sf,2019,一軍,2019-09-25,例行賽,中信兄弟,rTz1A,home,統一7-ELEVEn獅,7,1,13,0,1
4xSys,CPBL-2019-Sf,2019,一軍,2019-09-25,例行賽,統一7-ELEVEn獅,aB3r1,away,中信兄弟,1,7,5,0,0
O3y06,CPBL-2019-Sf,2019,一軍,2019-09-25,例行賽,Lamigo,vmujw,home,富邦悍將,2,6,11,0,0
O3y06,CPBL-2019-Sf,2019,一軍,2019-09-25,例行賽,富邦悍將,8hU45,away,Lamigo,6,2,12,0,1
Weti4,CPBL-2019-Sf,2019,一軍,2019-09-24,例行賽,Lamigo,vmujw,home,富邦悍將,7,13,11,0,0
Weti4,CPBL-2019-Sf,2019,一軍,2019-09-24,例行賽,富邦悍將,8hU45,away,Lamigo,13,7,20,0,1
ejfkQ,CPBL-2019-Sf,2019,一軍,2019-09-22,例行賽,Lamigo,vmujw,home,中信兄弟,6,4,10,0,1
ejfkQ,CPBL-2019-Sf,2019,一軍,2019-09-22,例行賽,中信兄弟,rTz1A,away,Lamigo,4,6,10,0,0
0Nt48,CPBL-2019-Sf,2019,一軍,2019-09-22,例行賽,富邦悍將,8hU45,home,統一7-ELEVEn獅,3,5,7,0,0
0Nt48,CPBL-2019-Sf,2019,一軍,2019-09-22,例行賽,統一7-ELEVEn獅,aB3r1,away,富邦悍將,5,3,4,0,1
B1oup,CPBL-2019-Sf,2019,一軍,2019-09-22,例行賽,富邦悍將,8hU45,home,統一7-ELEVEn獅,15,2,16,0,1
B1oup,CPBL-2019-Sf,2019,一軍,2019-09-22,例行賽,統一7-ELEVEn獅,aB3r1,away,富邦悍將,2,15,10,0,0
itxN0,CPBL-2019-Sf,2019,一軍,2019-09-19,例行賽,Lamigo,vmujw,home,統一7-ELEVEn獅,18,6,23,0,1
itxN0,CPBL-2019-Sf,2019,一軍,2019-09-19,例行賽,統一7-ELEVEn獅,aB3r1,away,Lamigo,6,18,11,0,0
1vySI,CPBL-2019-Sf,2019,一軍,2019-09-18,例行賽,Lamigo,vmujw,home,統一7-ELEVEn獅,3,3,7,0,
1vySI,CPBL-2019-Sf,2019,一軍,2019-09-18,例行賽,統一7-ELEVEn獅,aB3r1,away,Lamigo,3,3,11,0,
NytLy,CPBL-2019-Sf,2019,一軍,2019-09-18,例行賽,富邦悍將,8hU45,home,中信兄弟,1,3,7,0,0
NytLy,CPBL-2019-Sf,2019,一軍,2019-09-18,例行賽,中信兄弟,rTz1A,away,富邦悍將,3,1,4,0,1
Xn7Je,CPBL-2019-Sf,2019,一軍,2019-09-17,例行賽,富邦悍將,8hU45,home,中信兄弟,3,4,8,0,0
Xn7Je,CPBL-2019-Sf,2019,一軍,2019-09-17,例行賽,中信兄弟,rTz1A,away,富邦悍將,4,3,9,0,1
W5hw0,CPBL-2019-Sf,2019,一軍,2019-09-15,例行賽,富邦悍將,8hU45,home,Lamigo,7,6,9,0,1
W5hw0,CPBL-2019-Sf,2019,一軍,2019-09-15,例行賽,Lamigo,vmujw,away,富邦悍將,6,7,9,0,0
7A9f3,CPBL-2019-Sf,2019,一軍,2019-09-15,例行賽,統一7-ELEVEn獅,aB3r1,home,中信兄弟,2,3,11,0,0
7A9f3,CPBL-2019-Sf,2019,一軍,2019-09-15,例行賽,中信兄弟,rTz1A,away,統一7-ELEVEn獅,3,2,7,0,1
Rx0Wb,CPBL-2019-Sf,2019,一軍,2019-09-14,例行賽,富邦悍將,8hU45,home,Lamigo,3,1,10,0,1
Rx0Wb,CPBL-2019-Sf,2019,一軍,2019-09-14,例行賽,Lamigo,vmujw,away,富邦悍將,1,3,9,0,0
RGfsn,CPBL-2019-Sf,2019,一軍,2019-09-14,例行賽,統一7-ELEVEn獅,aB3r1,home,中信兄弟,11,10,11,0,1
RGfsn,CPBL-2019-Sf,2019,一軍,2019-09-14,例行賽,中信兄弟,rTz1A,away,統一7-ELEVEn獅,10,11,13,0,0
zx0eM,CPBL-2019-Sf,2019,一軍,2019-09-13,例行賽,富邦悍將,8hU45,home,Lamigo,13,0,19,0,1
zx0eM,CPBL-2019-Sf,2019,一軍,2019-09-13,例行賽,Lamigo,vmujw,away,富邦悍將,0,13,6,0,0
71GUW,CPBL-2019-Sf,2019,一軍,2019-09-13,例行賽,統一7-ELEVEn獅,aB3r1,home,中信兄弟,2,16,9,0,0
71GUW,CPBL-2019-Sf,2019,一軍,2019-09-13,例行賽,中信兄弟,rTz1A,away,統一7-ELEVEn獅,16,2,15,0,1
UsRdw,CPBL-2019-Sf,2019,一軍,2019-09-12,例行賽,中信兄弟,rTz1A,home,Lamigo,9,3,10,0,1
UsRdw,CPBL-2019-Sf,2019,一軍,2019-09-12,例行賽,Lamigo,vmujw,away,中信兄弟,3,9,9,0,0
Y2VZx,CPBL-2019-Sf,2019,一軍,2019-09-11,例行賽,中信兄弟,rTz1A,home,Lamigo,9,2,14,0,1
Y2VZx,CPBL-2019-Sf,2019,一軍,2019-09-11,例行賽,Lamigo,vmujw,away,中信兄弟,2,9,7,0,0
XrC7a,CPBL-2019-Sf,2019,一軍,2019-09-11,例行賽,統一7-ELEVEn獅,aB3r1,home,富邦悍將,9,7,12,0,1
XrC7a,CPBL-2019-Sf,2019,一軍,2019-09-11,例行賽,富邦悍將,8hU45,away,統一7-ELEVEn獅,7,9,15,0,0
QbohY,CPBL-2019-Sf,2019,一軍,2019-09-10,例行賽,統一7-ELEVEn獅,aB3r1,home,富邦悍將,8,2,17,0,1
QbohY,CPBL-2019-Sf,2019,一軍,2019-09-10,例行賽,富邦悍將,8hU45,away,統一7-ELEVEn獅,2,8,4,0,0
Ma3OW,CPBL-2019-Sf,2019,一軍,2019-09-08,例行賽,Lamigo,vmujw,home,富邦悍將,3,16,6,0,0
Ma3OW,CPBL-2019-Sf,2019,一軍,2019-09-08,例行賽,富邦悍將,8hU45,away,Lamigo,16,3,21,0,1
oiEL9,CPBL-2019-Sf,2019,一軍,2019-09-08,例行賽,中信兄弟,rTz1A,home,統一7-ELEVEn獅,8,11,16,0,0
oiEL9,CPBL-2019-Sf,2019,一軍,2019-09-08,例行賽,統一7-ELEVEn獅,aB3r1,away,中信兄弟,11,8,16,0,1
Okvbl,CPBL-2019-Sf,2019,一軍,2019-09-07,例行賽,Lamigo,vmujw,home,富邦悍將,3,6,10,0,0
Okvbl,CPBL-2019-Sf,2019,一軍,2019-09-07,例行賽,富邦悍將,8hU45,away,Lamigo,6,3,14,0,1
bDVYf,CPBL-2019-Sf,2019,一軍,2019-09-07,例行賽,中信兄弟,rTz1A,home,統一7-ELEVEn獅,11,3,15,0,1
bDVYf,CPBL-2019-Sf,2019,一軍,2019-09-07,例行賽,統一7-ELEVEn獅,aB3r1,away,中信兄弟,3,11,8,0,0
7nppt,CPBL-2019-Sf,2019,一軍,2019-09-06,例行賽,Lamigo,vmujw,home,富邦悍將,7,3,9,0,1
7nppt,CPBL-2019-Sf,2019,一軍,2019-09-06,例行賽,富邦悍將,8hU45,away,Lamigo,3,7,11,0,0
CY4c8,CPBL-2019-Sf,2019,一軍,2019-09-06,例行賽,中信兄弟,rTz1A,home,統一7-ELEVEn獅,1,2,12,0,0
CY4c8,CPBL-2019-Sf,2019,一軍,2019-09-06,例行賽,統一7-ELEVEn獅,aB3r1,away,中信兄弟,2,1,13,0,1
fulI7,CPBL-2019-Sf,2019,一軍,2019-09-04,例行賽,Lamigo,vmujw,home,中信兄弟,14,15,19,0,0
fulI7,CPBL-2019-Sf,2019,一軍,2019-09-04,例行賽,中信兄弟,rTz1A,away,Lamigo,15,14,14,0,1
2QPo7,CPBL-2019-Sf,2019,一軍,2019-09-04,例行賽,富邦悍將,8hU45,home,統一7-ELEVEn獅,1,0,5,0,1
2QPo7,CPBL-2019-Sf,2019,一軍,2019-09-04,例行賽,統一7-ELEVEn獅,aB3r1,away,富邦悍將,0,1,2,0,0
DPCfB,CPBL-2019-Sf,2019,一軍,2019-09-03,例行賽,富邦悍將,8hU45,home,統一7-ELEVEn獅,6,5,17,0,1
DPCfB,CPBL-2019-Sf,2019,一軍,2019-09-03,例行賽,統一7-ELEVEn獅,aB3r1,away,富邦悍將,5,6,10,0,0
6JSgq,CPBL-2019-Sf,2019,一軍,2019-09-01,例行賽,Lamigo,vmujw,home,統一7-ELEVEn獅,11,3,16,0,1
6JSgq,CPBL-2019-Sf,2019,一軍,2019-09-01,例行賽,統一7-ELEVEn獅,aB3r1,away,Lamigo,3,11,9,0,0
cmH9t,CPBL-2019-Sf,2019,一軍,2019-09-01,例行賽,富邦悍將,8hU45,home,中信兄弟,5,3,8,0,1
cmH9t,CPBL-2019-Sf,2019,一軍,2019-09-01,例行賽,中信兄弟,rTz1A,away,富邦悍將,3,5,8,0,0
R41VH,CPBL-2019-Sf,2019,一軍,2019-08-31,例行賽,Lamigo,vmujw,home,統一7-ELEVEn獅,7,8,14,0,0
R41VH,CPBL-2019-Sf,2019,一軍,2019-08-31,例行賽,統一7-ELEVEn獅,aB3r1,away,Lamigo,8,7,13,0,1
RuQFF,CPBL-2019-Sf,2019,一軍,2019-08-31,例行賽,富邦悍將,8hU45,home,中信兄弟,5,4,8,0,1
RuQFF,CPBL-2019-Sf,2019,一軍,2019-08-31,例行賽,中信兄弟,rTz1A,away,富邦悍將,4,5,10,0,0
lvjvH,CPBL-2019-Sf,2019,一軍,2019-08-30,例行賽,Lamigo,vmujw,home,統一7-ELEVEn獅,6,10,11,0,0
lvjvH,CPBL-2019-Sf,2019,一軍,2019-08-30,例行賽,統一7-ELEVEn獅,aB3r1,away,Lamigo,10,6,13,0,1
w6vo5,CPBL-2019-Sf,2019,一軍,2019-08-30,例行賽,富邦悍將,8hU45,home,中信兄弟,2,4,6,0,0
w6vo5,CPBL-2019-Sf,2019,一軍,2019-08-30,例行賽,中信兄弟,rTz1A,away,富邦悍將,4,2,8,0,1
NHwAC,CPBL-2019-Sf,2019,一軍,2019-08-29,例行賽,統一7-ELEVEn獅,aB3r1,home,中信兄弟,4,2,9,0,1
NHwAC,CPBL-2019-Sf,2019,一軍,2019-08-29,例行賽,中信兄弟,rTz1A,away,統一7-ELEVEn獅,2,4,6,0,0
e0jJ0,CPBL-2019-Sf,2019,一軍,2019-08-28,例行賽,統一7-ELEVEn獅,aB3r1,home,中信兄弟,0,7,6,0,0
e0jJ0,CPBL-2019-Sf,2019,一軍,2019-08-28,例行賽,中信兄弟,rTz1A,away,統一7-ELEVEn獅,7,0,11,0,1
zfNeI,CPBL-2019-Sf,2019,一軍,2019-08-28,例行賽,富邦悍將,8hU45,home,Lamigo,6,12,12,0,0
zfNeI,CPBL-2019-Sf,2019,一軍,2019-08-28,例行賽,Lamigo,vmujw,away,富邦悍將,12,6,15,0,1
o9Zrq,CPBL-2019-Sf,2019,一軍,2019-08-27,例行賽,富邦悍將,8hU45,home,Lamigo,2,0,7,0,1
o9Zrq,CPBL-2019-Sf,2019,一軍,2019-08-27,例行賽,Lamigo,vmujw,away,富邦悍將,0,2,8,0,0
2PqzM,CPBL-2019-Sf,2019,一軍,2019-08-25,例行賽,中信兄弟,rTz1A,home,Lamigo,1,2,6,0,0
2PqzM,CPBL-2019-Sf,2019,一軍,2019-08-25,例行賽,Lamigo,vmujw,away,中信兄弟,2,1,10,0,1
jshL0,CPBL-2019-Sf,2019,一軍,2019-08-25,例行賽,統一7-ELEVEn獅,aB3r1,home,富邦悍將,4,2,11,0,1
jshL0,CPBL-2019-Sf,2019,一軍,2019-08-25,例行賽,富邦悍將,8hU45,away,統一7-ELEVEn獅,2,4,12,0,0
tU4gD,CPBL-2019-Sf,2019,一軍,2019-08-24,例行賽,中信兄弟,rTz1A,home,Lamigo,9,1,11,0,1
tU4gD,CPBL-2019-Sf,2019,一軍,2019-08-24,例行賽,Lamigo,vmujw,away,中信兄弟,1,9,10,0,0
7bHZ0,CPBL-2019-Sf,2019,一軍,2019-08-24,例行賽,統一7-ELEVEn獅,aB3r1,home,富邦悍將,10,8,11,0,1
7bHZ0,CPBL-2019-Sf,2019,一軍,2019-08-24,例行賽,富邦悍將,8hU45,away,統一7-ELEVEn獅,8,10,14,0,0
QYwhV,CPBL-2019-Sf,2019,一軍,2019-08-23,例行賽,中信兄弟,rTz1A,home,Lamigo,11,3,11,0,1
QYwhV,CPBL-2019-Sf,2019,一軍,2019-08-23,例行賽,Lamigo,vmujw,away,中信兄弟,3,11,12,0,0
NqqA6,CPBL-2019-Sf,2019,一軍,2019-08-23,例行賽,統一7-ELEVEn獅,aB3r1,home,富邦悍將,2,11,5,0,0
NqqA6,CPBL-2019-Sf,2019,一軍,2019-08-23,例行賽,富邦悍將,8hU45,away,統一7-ELEVEn獅,11,2,16,0,1
QyRYr,CPBL-2019-Sf,2019,一軍,2019-08-22,例行賽,中信兄弟,rTz1A,home,富邦悍將,6,4,7,0,1
QyRYr,CPBL-2019-Sf,2019,一軍,2019-08-22,例行賽,富邦悍將,8hU45,away,中信兄弟,4,6,10,0,0
YCUMh,CPBL-2019-Sf,2019,一軍,2019-08-22,例行賽,統一7-ELEVEn獅,aB3r1,home,Lamigo,8,7,12,0,1
YCUMh,CPBL-2019-Sf,2019,一軍,2019-08-22,例行賽,Lamigo,vmujw,away,統一7-ELEVEn獅,7,8,11,0,0
85Ia5,CPBL-2019-Sf,2019,一軍,2019-08-21,例行賽,統一7-ELEVEn獅,aB3r1,home,Lamigo,4,2,10,0,1
85Ia5,CPBL-2019-Sf,2019,一軍,2019-08-21,例行賽,Lamigo,vmujw,away,統一7-ELEVEn獅,2,4,5,0,0
xG4lt,CPBL-2019-Sf,2019,一軍,2019-08-20,例行賽,統一7-ELEVEn獅,aB3r1,home,Lamigo,2,7,6,0,0
xG4lt,CPBL-2019-Sf,2019,一軍,2019-08-20,例行賽,Lamigo,vmujw,away,統一7-ELEVEn獅,7,2,14,0,1
xHHS7,CPBL-2019-Sf,2019,一軍,2019-08-18,例行賽,富邦悍將,8hU45,home,統一7-ELEVEn獅,6,2,11,0,1
xHHS7,CPBL-2019-Sf,2019,一軍,2019-08-18,例行賽,統一7-ELEVEn獅,aB3r1,away,富邦悍將,2,6,4,0,0
cPHnv,CPBL-2019-Sf,2019,一軍,2019-08-18,例行賽,Lamigo,vmujw,home,中信兄弟,4,9,8,0,0
cPHnv,CPBL-2019-Sf,2019,一軍,2019-08-18,例行賽,中信兄弟,rTz1A,away,Lamigo,9,4,9,0,1
UlXVg,CPBL-2019-Sf,2019,一軍,2019-08-17,例行賽,富邦悍將,8hU45,home,統一7-ELEVEn獅,3,1,12,0,1
UlXVg,CPBL-2019-Sf,2019,一軍,2019-08-17,例行賽,統一7-ELEVEn獅,aB3r1,away,富邦悍將,1,3,6,0,0
8GYWL,CPBL-2019-Sf,2019,一軍,2019-08-17,例行賽,Lamigo,vmujw,home,中信兄弟,7,8,7,0,0
8GYWL,CPBL-2019-Sf,2019,一軍,2019-08-17,例行賽,中信兄弟,rTz1A,away,Lamigo,8,7,13,0,1
aFfZH,CPBL-2019-Sf,2019,一軍,2019-08-16,例行賽,富邦悍將,8hU45,home,統一7-ELEVEn獅,3,4,8,0,0
aFfZH,CPBL-2019-Sf,2019,一軍,2019-08-16,例行賽,統一7-ELEVEn獅,aB3r1,away,富邦悍將,4,3,8,0,1
qk0uF,CPBL-2019-Sf,2019,一軍,2019-08-16,例行賽,Lamigo,vmujw,home,中信兄弟,5,1,11,0,1
qk0uF,CPBL-2019-Sf,2019,一軍,2019-08-16,例行賽,中信兄弟,rTz1A,away,Lamigo,1,5,14,0,0
Aq9rc,CPBL-2019-Sf,2019,一軍,2019-08-15,例行賽,Lamigo,vmujw,home,富邦悍將,7,5,7,0,1
Aq9rc,CPBL-2019-Sf,2019,一軍,2019-08-15,例行賽,富邦悍將,8hU45,away,Lamigo,5,7,14,0,0
HspFL,CPBL-2019-Sf,2019,一軍,2019-08-14,例行賽,Lamigo,vmujw,home,富邦悍將,11,7,16,0,1
HspFL,CPBL-2019-Sf,2019,一軍,2019-08-14,例行賽,富邦悍將,8hU45,away,Lamigo,7,11,10,0,0
RqJA4,CPBL-2019-Sf,2019,一軍,2019-08-14,例行賽,中信兄弟,rTz1A,home,統一7-ELEVEn獅,7,4,13,0,1
RqJA4,CPBL-2019-Sf,2019,一軍,2019-08-14,例行賽,統一7-ELEVEn獅,aB3r1,away,中信兄弟,4,7,12,0,0
dQoVV,CPBL-2019-Sf,2019,一軍,2019-08-13,例行賽,中信兄弟,rTz1A,home,統一7-ELEVEn獅,5,2,7,0,1
dQoVV,CPBL-2019-Sf,2019,一軍,2019-08-13,例行賽,統一7-ELEVEn獅,aB3r1,away,中信兄弟,2,5,11,0,0
Q7sY2,CPBL-2019-Sf,2019,一軍,2019-08-11,例行賽,統一7-ELEVEn獅,aB3r1,home,Lamigo,19,8,22,0,1
Q7sY2,CPBL-2019-Sf,2019,一軍,2019-08-11,例行賽,Lamigo,vmujw,away,統一7-ELEVEn獅,8,19,15,0,0
T5qC5,CPBL-2019-Sf,2019,一軍,2019-08-11,例行賽,中信兄弟,rTz1A,home,富邦悍將,1,8,10,0,0
T5qC5,CPBL-2019-Sf,2019,一軍,2019-08-11,例行賽,富邦悍將,8hU45,away,中信兄弟,8,1,15,0,1
tJyIf,CPBL-2019-Sf,2019,一軍,2019-08-11,例行賽,中信兄弟,rTz1A,home,富邦悍將,5,0,8,0,1
tJyIf,CPBL-2019-Sf,2019,一軍,2019-08-11,例行賽,富邦悍將,8hU45,away,中信兄弟,0,5,3,0,0
TaAGU,CPBL-2019-Sf,2019,一軍,2019-08-10,例行賽,統一7-ELEVEn獅,aB3r1,home,Lamigo,0,10,6,0,0
TaAGU,CPBL-2019-Sf,2019,一軍,2019-08-10,例行賽,Lamigo,vmujw,away,統一7-ELEVEn獅,10,0,15,0,1
YuqgK,CPBL-2019-Sf,2019,一軍,2019-08-10,例行賽,中信兄弟,rTz1A,home,富邦悍將,8,1,11,0,1
YuqgK,CPBL-2019-Sf,2019,一軍,2019-08-10,例行賽,富邦悍將,8hU45,away,中信兄弟,1,8,5,0,0
7gutz,CPBL-2019-Sf,2019,一軍,2019-08-09,例行賽,統一7-ELEVEn獅,aB3r1,home,Lamigo,5,10,11,0,0
7gutz,CPBL-2019-Sf,2019,一軍,2019-08-09,例行賽,Lamigo,vmujw,away,統一7-ELEVEn獅,10,5,12,0,1
omB37,CPBL-2019-Sf,2019,一軍,2019-08-08,例行賽,統一7-ELEVEn獅,aB3r1,home,富邦悍將,7,6,10,0,1
omB37,CPBL-2019-Sf,2019,一軍,2019-08-08,例行賽,富邦悍將,8hU45,away,統一7-ELEVEn獅,6,7,10,0,0
S9LYT,CPBL-2019-Sf,2019,一軍,2019-08-07,例行賽,統一7-ELEVEn獅,aB3r1,home,富邦悍將,5,10,10,0,0
S9LYT,CPBL-2019-Sf,2019,一軍,2019-08-07,例行賽,富邦悍將,8hU45,away,統一7-ELEVEn獅,10,5,10,0,1
gF1fx,CPBL-2019-Sf,2019,一軍,2019-08-07,例行賽,中信兄弟,rTz1A,home,Lamigo,2,3,6,0,0
gF1fx,CPBL-2019-Sf,2019,一軍,2019-08-07,例行賽,Lamigo,vmujw,away,中信兄弟,3,2,7,0,1
4CN4N,CPBL-2019-Sf,2019,一軍,2019-08-06,例行賽,中信兄弟,rTz1A,home,Lamigo,12,6,15,0,1
4CN4N,CPBL-2019-Sf,2019,一軍,2019-08-06,例行賽,Lamigo,vmujw,away,中信兄弟,6,12,8,0,0
vZgXW,CPBL-2019-Sf,2019,一軍,2019-08-04,例行賽,統一7-ELEVEn獅,aB3r1,home,中信兄弟,10,4,15,0,1
vZgXW,CPBL-2019-Sf,2019,一軍,2019-08-04,例行賽,中信兄弟,rTz1A,away,統一7-ELEVEn獅,4,10,9,0,0
OV4Wo,CPBL-2019-Sf,2019,一軍,2019-08-04,例行賽,富邦悍將,8hU45,home,Lamigo,4,3,7,0,1
OV4Wo,CPBL-2019-Sf,2019,一軍,2019-08-04,例行賽,Lamigo,vmujw,away,富邦悍將,3,4,9,0,0
Zrmiq,CPBL-2019-Sf,2019,一軍,2019-08-04,例行賽,統一7-ELEVEn獅,aB3r1,home,中信兄弟,4,9,16,0,0
Zrmiq,CPBL-2019-Sf,2019,一軍,2019-08-04,例行賽,中信兄弟,rTz1A,away,統一7-ELEVEn獅,9,4,13,0,1
yTGqf,CPBL-2019-Sf,2019,一軍,2019-08-03,例行賽,統一7-ELEVEn獅,aB3r1,home,中信兄弟,1,6,8,0,0
yTGqf,CPBL-2019-Sf,2019,一軍,2019-08-03,例行賽,中信兄弟,rTz1A,away,統一7-ELEVEn獅,6,1,12,0,1
XWCVV,CPBL-2019-Sf,2019,一軍,2019-08-03,例行賽,富邦悍將,8hU45,home,Lamigo,2,5,6,0,0
XWCVV,CPBL-2019-Sf,2019,一軍,2019-08-03,例行賽,Lamigo,vmujw,away,富邦悍將,5,2,9,0,1
Mtm6L,CPBL-2019-Sf,2019,一軍,2019-08-02,例行賽,富邦悍將,8hU45,home,Lamigo,5,14,11,0,0
Mtm6L,CPBL-2019-Sf,2019,一軍,2019-08-02,例行賽,Lamigo,vmujw,away,富邦悍將,14,5,17,0,1
feUvI,CPBL-2019-Sf,2019,一軍,2019-08-01,例行賽,富邦悍將,8hU45,home,中信兄弟,5,0,10,0,1
feUvI,CPBL-2019-Sf,2019,一軍,2019-08-01,例行賽,中信兄弟,rTz1A,away,富邦悍將,0,5,3,0,0
J1X8I,CPBL-2019-Sf,2019,一軍,2019-07-31,例行賽,富邦悍將,8hU45,home,中信兄弟,7,2,9,0,1
J1X8I,CPBL-2019-Sf,2019,一軍,2019-07-31,例行賽,中信兄弟,rTz1A,away,富邦悍將,2,7,4,0,0
2RLUY,CPBL-2019-Sf,2019,一軍,2019-07-31,例行賽,Lamigo,vmujw,home,統一7-ELEVEn獅,7,3,9,0,1
2RLUY,CPBL-2019-Sf,2019,一軍,2019-07-31,例行賽,統一7-ELEVEn獅,aB3r1,away,Lamigo,3,7,10,0,0
WFQRl,CPBL-2019-Sf,2019,一軍,2019-07-30,例行賽,Lamigo,vmujw,home,統一7-ELEVEn獅,3,2,6,0,1
WFQRl,CPBL-2019-Sf,2019,一軍,2019-07-30,例行賽,統一7-ELEVEn獅,aB3r1,away,Lamigo,2,3,6,0,0
8tOE4,CPBL-2019-Sf,2019,一軍,2019-07-25,例行賽,富邦悍將,8hU45,home,統一7-ELEVEn獅,1,8,5,0,0
8tOE4,CPBL-2019-Sf,2019,一軍,2019-07-25,例行賽,統一7-ELEVEn獅,aB3r1,away,富邦悍將,8,1,8,0,1
E2lyG,CPBL-2019-Sf,2019,一軍,2019-07-24,例行賽,富邦悍將,8hU45,home,統一7-ELEVEn獅,1,0,3,0,1
E2lyG,CPBL-2019-Sf,2019,一軍,2019-07-24,例行賽,統一7-ELEVEn獅,aB3r1,away,富邦悍將,0,1,5,0,0
UAITr,CPBL-2019-Sf,2019,一軍,2019-07-24,例行賽,Lamigo,vmujw,home,中信兄弟,12,5,17,0,1
UAITr,CPBL-2019-Sf,2019,一軍,2019-07-24,例行賽,中信兄弟,rTz1A,away,Lamigo,5,12,8,0,0
mIjyA,CPBL-2019-Sf,2019,一軍,2019-07-23,例行賽,Lamigo,vmujw,home,中信兄弟,5,20,10,0,0
mIjyA,CPBL-2019-Sf,2019,一軍,2019-07-23,例行賽,中信兄弟,rTz1A,away,Lamigo,20,5,21,0,1
JlKJF,CPBL-2019-Sf,2019,一軍,2019-07-21,例行賽,Lamigo,vmujw,home,富邦悍將,11,3,15,0,1
JlKJF,CPBL-2019-Sf,2019,一軍,2019-07-21,例行賽,富邦悍將,8hU45,away,Lamigo,3,11,10,0,0
dfcf0,CPBL-2019-Sf,2019,一軍,2019-07-21,例行賽,中信兄弟,rTz1A,home,統一7-ELEVEn獅,16,0,15,0,1
dfcf0,CPBL-2019-Sf,2019,一軍,2019-07-21,例行賽,統一7-ELEVEn獅,aB3r1,away,中信兄弟,0,16,5,0,0
W5nnn,CPBL-2019-Sf,2019,一軍,2019-07-20,例行賽,Lamigo,vmujw,home,富邦悍將,8,3,15,0,1
W5nnn,CPBL-2019-Sf,2019,一軍,2019-07-20,例行賽,富邦悍將,8hU45,away,Lamigo,3,8,9,0,0
VIvwZ,CPBL-2019-Sf,2019,一軍,2019-07-20,例行賽,中信兄弟,rTz1A,home,統一7-ELEVEn獅,10,6,13,0,1
VIvwZ,CPBL-2019-Sf,2019,一軍,2019-07-20,例行賽,統一7-ELEVEn獅,aB3r1,away,中信兄弟,6,10,10,0,0
HO6j9,CPBL-2019-Sf,2019,一軍,2019-07-19,例行賽,Lamigo,vmujw,home,富邦悍將,11,3,12,0,1
HO6j9,CPBL-2019-Sf,2019,一軍,2019-07-19,例行賽,富邦悍將,8hU45,away,Lamigo,3,11,10,0,0
hIOBs,CPBL-2019-Sf,2019,一軍,2019-07-19,例行賽,中信兄弟,rTz1A,home,統一7-ELEVEn獅,4,0,11,0,1
hIOBs,CPBL-2019-Sf,2019,一軍,2019-07-19,例行賽,統一7-ELEVEn獅,aB3r1,away,中信兄弟,0,4,3,0,0
tAT7T,CPBL-2019-Sf,2019,一軍,2019-07-17,例行賽,統一7-ELEVEn獅,aB3r1,home,Lamigo,9,4,12,0,1
tAT7T,CPBL-2019-Sf,2019,一軍,2019-07-17,例行賽,Lamigo,vmujw,away,統一7-ELEVEn獅,4,9,11,0,0
FA8NT,CPBL-2019-Sf,2019,一軍,2019-07-17,例行賽,中信兄弟,rTz1A,home,富邦悍將,7,8,10,0,0
FA8NT,CPBL-2019-Sf,2019,一軍,2019-07-17,例行賽,富邦悍將,8hU45,away,中信兄弟,8,7,19,0,1
Z7833,CPBL-2019-Sf,2019,一軍,2019-07-16,例行賽,中信兄弟,rTz1A,home,富邦悍將,6,1,11,0,1
Z7833,CPBL-2019-Sf,2019,一軍,2019-07-16,例行賽,富邦悍將,8hU45,away,中信兄弟,1,6,8,0,0
HLr3l,CPBL-2019-Sf,2019,一軍,2019-07-14,例行賽,中信兄弟,rTz1A,home,Lamigo,4,6,11,0,0
HLr3l,CPBL-2019-Sf,2019,一軍,2019-07-14,例行賽,Lamigo,vmujw,away,中信兄弟,6,4,14,0,1
eY3aD,CPBL-2019-Sf,2019,一軍,2019-07-14,例行賽,統一7-ELEVEn獅,aB3r1,home,富邦悍將,1,2,6,0,0
eY3aD,CPBL-2019-Sf,2019,一軍,2019-07-14,例行賽,富邦悍將,8hU45,away,統一7-ELEVEn獅,2,1,10,0,1
d1972,CPBL-2019-Sf,2019,一軍,2019-07-13,例行賽,中信兄弟,rTz1A,home,Lamigo,10,6,10,0,1
d1972,CPBL-2019-Sf,2019,一軍,2019-07-13,例行賽,Lamigo,vmujw,away,中信兄弟,6,10,16,0,0
Cclyq,CPBL-2019-Sf,2019,一軍,2019-07-13,例行賽,統一7-ELEVEn獅,aB3r1,home,富邦悍將,1,5,2,0,0
Cclyq,CPBL-2019-Sf,2019,一軍,2019-07-13,例行賽,富邦悍將,8hU45,away,統一7-ELEVEn獅,5,1,8,0,1
Cu0F7,CPBL-2019-Sf,2019,一軍,2019-07-12,例行賽,中信兄弟,rTz1A,home,Lamigo,9,7,12,0,1
Cu0F7,CPBL-2019-Sf,2019,一軍,2019-07-12,例行賽,Lamigo,vmujw,away,中信兄弟,7,9,16,0,0
8UEyo,CPBL-2019-Sf,2019,一軍,2019-07-12,例行賽,統一7-ELEVEn獅,aB3r1,home,富邦悍將,6,4,11,0,1
8UEyo,CPBL-2019-Sf,2019,一軍,2019-07-12,例行賽,富邦悍將,8hU45,away,統一7-ELEVEn獅,4,6,11,0,0
dbmsa,CPBL-2019-Sf,2019,一軍,2019-07-11,例行賽,富邦悍將,8hU45,home,Lamigo,8,3,8,0,1
dbmsa,CPBL-2019-Sf,2019,一軍,2019-07-11,例行賽,Lamigo,vmujw,away,富邦悍將,3,8,8,0,0
rOeLj,CPBL-2019-Sf,2019,一軍,2019-07-11,例行賽,統一7-ELEVEn獅,aB3r1,home,中信兄弟,6,7,13,0,0
rOeLj,CPBL-2019-Sf,2019,一軍,2019-07-11,例行賽,中信兄弟,rTz1A,away,統一7-ELEVEn獅,7,6,13,0,1
0Ib4T,CPBL-2019-Sf,2019,一軍,2019-07-10,例行賽,富邦悍將,8hU45,home,Lamigo,8,7,14,0,1
0Ib4T,CPBL-2019-Sf,2019,一軍,2019-07-10,例行賽,Lamigo,vmujw,away,富邦悍將,7,8,14,0,0
7dEyu,CPBL-2019-Sf,2019,一軍,2019-07-09,例行賽,統一7-ELEVEn獅,aB3r1,home,中信兄弟,9,1,13,0,1
7dEyu,CPBL-2019-Sf,2019,一軍,2019-07-09,例行賽,中信兄弟,rTz1A,away,統一7-ELEVEn獅,1,9,5,0,0
PgtQ7,CPBL-2019-Sf,2019,一軍,2019-07-07,例行賽,Lamigo,vmujw,home,統一7-ELEVEn獅,2,4,5,0,0
PgtQ7,CPBL-2019-Sf,2019,一軍,2019-07-07,例行賽,統一7-ELEVEn獅,aB3r1,away,Lamigo,4,2,7,0,1
SxQpN,CPBL-2019-Sf,2019,一軍,2019-07-07,例行賽,富邦悍將,8hU45,home,中信兄弟,8,6,14,0,1
SxQpN,CPBL-2019-Sf,2019,一軍,2019-07-07,例行賽,中信兄弟,rTz1A,away,富邦悍將,6,8,8,0,0
uo9mU,CPBL-2019-Sf,2019,一軍,2019-07-06,例行賽,Lamigo,vmujw,home,統一7-ELEVEn獅,12,2,12,0,1
uo9mU,CPBL-2019-Sf,2019,一軍,2019-07-06,例行賽,統一7-ELEVEn獅,aB3r1,away,Lamigo,2,12,7,0,0
PTu9h,CPBL-2019-Sf,2019,一軍,2019-07-06,例行賽,富邦悍將,8hU45,home,中信兄弟,2,1,3,0,1
PTu9h,CPBL-2019-Sf,2019,一軍,2019-07-06,例行賽,中信兄弟,rTz1A,away,富邦悍將,1,2,5,0,0
08d4k,CPBL-2019-Sf,2019,一軍,2019-07-05,例行賽,Lamigo,vmujw,home,統一7-ELEVEn獅,7,4,8,0,1
08d4k,CPBL-2019-Sf,2019,一軍,2019-07-05,例行賽,統一7-ELEVEn獅,aB3r1,away,Lamigo,4,7,12,0,0
LHHom,CPBL-2019-Sf,2019,一軍,2019-07-05,例行賽,富邦悍將,8hU45,home,中信兄弟,5,4,7,0,1
LHHom,CPBL-2019-Sf,2019,一軍,2019-07-05,例行賽,中信兄弟,rTz1A,away,富邦悍將,4,5,8,0,0
xDEiH,CPBL-2019-Sf,2019,一軍,2019-06-30,例行賽,中信兄弟,rTz1A,home,富邦悍將,5,9,12,0,0
xDEiH,CPBL-2019-Sf,2019,一軍,2019-06-30,例行賽,富邦悍將,8hU45,away,中信兄弟,9,5,13,0,1
8pXvx,CPBL-2019-Sf,2019,一軍,2019-06-29,例行賽,富邦悍將,8hU45,home,Lamigo,4,11,9,0,0
8pXvx,CPBL-2019-Sf,2019,一軍,2019-06-29,例行賽,Lamigo,vmujw,away,富邦悍將,11,4,15,0,1
xCRpn,CPBL-2019-Sf,2019,一軍,2019-06-28,例行賽,富邦悍將,8hU45,home,Lamigo,5,2,12,0,1
xCRpn,CPBL-2019-Sf,2019,一軍,2019-06-28,例行賽,Lamigo,vmujw,away,富邦悍將,2,5,9,0,0
PK5ri,CPBL-2019-Sf,2019,一軍,2019-06-27,例行賽,富邦悍將,8hU45,home,Lamigo,10,7,8,0,1
PK5ri,CPBL-2019-Sf,2019,一軍,2019-06-27,例行賽,Lamigo,vmujw,away,富邦悍將,7,10,11,0,0
2hii5,CPBL-2019-Sf,2019,一軍,2019-06-26,例行賽,統一7-ELEVEn獅,aB3r1,home,Lamigo,4,7,7,0,0
2hii5,CPBL-2019-Sf,2019,一軍,2019-06-26,例行賽,Lamigo,vmujw,away,統一7-ELEVEn獅,7,4,10,0,1
cQXX1,CPBL-2019-Sf,2019,一軍,2019-06-25,例行賽,統一7-ELEVEn獅,aB3r1,home,Lamigo,4,5,7,0,0
cQXX1,CPBL-2019-Sf,2019,一軍,2019-06-25,例行賽,Lamigo,vmujw,away,統一7-ELEVEn獅,5,4,7,0,1
kB1X7,CPBL-2019-Sf,2019,一軍,2019-06-25,例行賽,中信兄弟,rTz1A,home,富邦悍將,4,4,12,0,
kB1X7,CPBL-2019-Sf,2019,一軍,2019-06-25,例行賽,富邦悍將,8hU45,away,中信兄弟,4,4,14,0,
qrFxh,CPBL-2019-Sf,2019,一軍,2019-06-22,例行賽,統一7-ELEVEn獅,aB3r1,home,中信兄弟,3,6,6,0,0
qrFxh,CPBL-2019-Sf,2019,一軍,2019-06-22,例行賽,中信兄弟,rTz1A,away,統一7-ELEVEn獅,6,3,10,0,1
dOrJ9,CPBL-2019-Sf,2019,一軍,2019-06-22,例行賽,Lamigo,vmujw,home,富邦悍將,12,7,15,0,1
dOrJ9,CPBL-2019-Sf,2019,一軍,2019-06-22,例行賽,富邦悍將,8hU45,away,Lamigo,7,12,10,0,0
nQ4KX,CPBL-2019-Sf,2019,一軍,2019-06-21,例行賽,Lamigo,vmujw,home,富邦悍將,6,1,12,0,1
nQ4KX,CPBL-2019-Sf,2019,一軍,2019-06-21,例行賽,富邦悍將,8hU45,away,Lamigo,1,6,4,0,0
dSdJy,CPBL-2019-Sf,2019,一軍,2019-06-20,例行賽,Lamigo,vmujw,home,中信兄弟,10,5,14,0,1
dSdJy,CPBL-2019-Sf,2019,一軍,2019-06-20,例行賽,中信兄弟,rTz1A,away,Lamigo,5,10,13,0,0
wlqlF,CPBL-2019-Sf,2019,一軍,2019-06-19,例行賽,富邦悍將,8hU45,home,中信兄弟,8,7,12,0,1
wlqlF,CPBL-2019-Sf,2019,一軍,2019-06-19,例行賽,中信兄弟,rTz1A,away,富邦悍將,7,8,12,0,0
SeqZv,CPBL-2019-Sf,2019,一軍,2019-06-18,例行賽,Lamigo,vmujw,home,統一7-ELEVEn獅,6,5,13,0,1
SeqZv,CPBL-2019-Sf,2019,一軍,2019-06-18,例行賽,統一7-ELEVEn獅,aB3r1,away,Lamigo,5,6,9,0,0
naHsr,CPBL-2019-Sf,2019,一軍,2019-06-16,例行賽,Lamigo,vmujw,home,統一7-ELEVEn獅,12,4,18,0,1
naHsr,CPBL-2019-Sf,2019,一軍,2019-06-16,例行賽,統一7-ELEVEn獅,aB3r1,away,Lamigo,4,12,8,0,0
uM4yQ,CPBL-2019-Sf,2019,一軍,2019-06-16,例行賽,富邦悍將,8hU45,home,中信兄弟,5,0,10,0,1
uM4yQ,CPBL-2019-Sf,2019,一軍,2019-06-16,例行賽,中信兄弟,rTz1A,away,富邦悍將,0,5,8,0,0
5eq72,CPBL-2019-Sf,2019,一軍,2019-06-15,例行賽,Lamigo,vmujw,home,統一7-ELEVEn獅,8,5,16,0,1
5eq72,CPBL-2019-Sf,2019,一軍,2019-06-15,例行賽,統一7-ELEVEn獅,aB3r1,away,Lamigo,5,8,8,0,0
lcFIz,CPBL-2019-Sf,2019,一軍,2019-06-15,例行賽,富邦悍將,8hU45,home,中信兄弟,4,3,9,0,1
lcFIz,CPBL-2019-Sf,2019,一軍,2019-06-15,例行賽,中信兄弟,rTz1A,away,富邦悍將,3,4,12,0,0
OOjMk,CPBL-2019-Sf,2019,一軍,2019-06-14,例行賽,Lamigo,vmujw,home,統一7-ELEVEn獅,17,8,19,0,1
OOjMk,CPBL-2019-Sf,2019,一軍,2019-06-14,例行賽,統一7-ELEVEn獅,aB3r1,away,Lamigo,8,17,14,0,0
Iv5Ap,CPBL-2019-Sf,2019,一軍,2019-06-14,例行賽,富邦悍將,8hU45,home,中信兄弟,5,8,8,0,0
Iv5Ap,CPBL-2019-Sf,2019,一軍,2019-06-14,例行賽,中信兄弟,rTz1A,away,富邦悍將,8,5,12,0,1
ncIFj,CPBL-2019-Sf,2019,一軍,2019-06-12,例行賽,統一7-ELEVEn獅,aB3r1,home,中信兄弟,14,9,18,0,1
ncIFj,CPBL-2019-Sf,2019,一軍,2019-06-12,例行賽,中信兄弟,rTz1A,away,統一7-ELEVEn獅,9,14,14,0,0
BaIlP,CPBL-2019-Sf,2019,一軍,2019-06-09,例行賽,中信兄弟,rTz1A,home,Lamigo,7,6,12,0,1
BaIlP,CPBL-2019-Sf,2019,一軍,2019-06-09,例行賽,Lamigo,vmujw,away,中信兄弟,6,7,12,0,0
OaFtn,CPBL-2019-Sf,2019,一軍,2019-06-09,例行賽,統一7-ELEVEn獅,aB3r1,home,富邦悍將,4,8,7,0,0
OaFtn,CPBL-2019-Sf,2019,一軍,2019-06-09,例行賽,富邦悍將,8hU45,away,統一7-ELEVEn獅,8,4,14,0,1
cNw7h,CPBL-2019-Sf,2019,一軍,2019-06-08,例行賽,中信兄弟,rTz1A,home,Lamigo,8,6,12,0,1
cNw7h,CPBL-2019-Sf,2019,一軍,2019-06-08,例行賽,Lamigo,vmujw,away,中信兄弟,6,8,14,0,0
TV5zj,CPBL-2019-Sf,2019,一軍,2019-06-08,例行賽,統一7-ELEVEn獅,aB3r1,home,富邦悍將,9,2,8,0,1
TV5zj,CPBL-2019-Sf,2019,一軍,2019-06-08,例行賽,富邦悍將,8hU45,away,統一7-ELEVEn獅,2,9,5,0,0
P3l3Z,CPBL-2019-Sf,2019,一軍,2019-06-07,例行賽,中信兄弟,rTz1A,home,Lamigo,2,7,10,0,0
P3l3Z,CPBL-2019-Sf,2019,一軍,2019-06-07,例行賽,Lamigo,vmujw,away,中信兄弟,7,2,13,0,1
Jmf6z,CPBL-2019-Sf,2019,一軍,2019-06-07,例行賽,統一7-ELEVEn獅,aB3r1,home,富邦悍將,1,7,5,0,0
Jmf6z,CPBL-2019-Sf,2019,一軍,2019-06-07,例行賽,富邦悍將,8hU45,away,統一7-ELEVEn獅,7,1,14,0,1
pSSsg,CPBL-2019-Sf,2019,一軍,2019-06-06,例行賽,中信兄弟,rTz1A,home,富邦悍將,4,7,9,0,0
pSSsg,CPBL-2019-Sf,2019,一軍,2019-06-06,例行賽,富邦悍將,8hU45,away,中信兄弟,7,4,12,0,1
fw4Ky,CPBL-2019-Sf,2019,一軍,2019-06-05,例行賽,中信兄弟,rTz1A,home,富邦悍將,5,3,10,0,1
fw4Ky,CPBL-2019-Sf,2019,一軍,2019-06-05,例行賽,富邦悍將,8hU45,away,中信兄弟,3,5,8,0,0
jp9sl,CPBL-2019-Sf,2019,一軍,2019-06-05,例行賽,統一7-ELEVEn獅,aB3r1,home,Lamigo,0,8,4,0,0
jp9sl,CPBL-2019-Sf,2019,一軍,2019-06-05,例行賽,Lamigo,vmujw,away,統一7-ELEVEn獅,8,0,13,0,1
aGtNp,CPBL-2019-Sf,2019,一軍,2019-06-02,例行賽,Lamigo,vmujw,home,富邦悍將,0,5,2,0,0
aGtNp,CPBL-2019-Sf,2019,一軍,2019-06-02,例行賽,富邦悍將,8hU45,away,Lamigo,5,0,9,0,1
9gmhO,CPBL-2019-Sf,2019,一軍,2019-06-02,例行賽,中信兄弟,rTz1A,home,統一7-ELEVEn獅,3,4,7,0,0
9gmhO,CPBL-2019-Sf,2019,一軍,2019-06-02,例行賽,統一7-ELEVEn獅,aB3r1,away,中信兄弟,4,3,12,0,1
Ru9en,CPBL-2019-Sf,2019,一軍,2019-06-01,例行賽,Lamigo,vmujw,home,富邦悍將,16,10,23,0,1
Ru9en,CPBL-2019-Sf,2019,一軍,2019-06-01,例行賽,富邦悍將,8hU45,away,Lamigo,10,16,14,0,0
uSngF,CPBL-2019-Sf,2019,一軍,2019-06-01,例行賽,中信兄弟,rTz1A,home,統一7-ELEVEn獅,19,7,17,0,1
uSngF,CPBL-2019-Sf,2019,一軍,2019-06-01,例行賽,統一7-ELEVEn獅,aB3r1,away,中信兄弟,7,19,12,0,0
mhBTk,CPBL-2019-Sf,2019,一軍,2019-05-31,例行賽,Lamigo,vmujw,home,富邦悍將,2,5,7,0,0
mhBTk,CPBL-2019-Sf,2019,一軍,2019-05-31,例行賽,富邦悍將,8hU45,away,Lamigo,5,2,15,0,1
aHCum,CPBL-2019-Sf,2019,一軍,2019-05-31,例行賽,中信兄弟,rTz1A,home,統一7-ELEVEn獅,2,6,6,0,0
aHCum,CPBL-2019-Sf,2019,一軍,2019-05-31,例行賽,統一7-ELEVEn獅,aB3r1,away,中信兄弟,6,2,9,0,1
KWjJ4,CPBL-2019-Sf,2019,一軍,2019-05-30,例行賽,富邦悍將,8hU45,home,統一7-ELEVEn獅,8,5,11,0,1
KWjJ4,CPBL-2019-Sf,2019,一軍,2019-05-30,例行賽,統一7-ELEVEn獅,aB3r1,away,富邦悍將,5,8,7,0,0
f49aj,CPBL-2019-Sf,2019,一軍,2019-05-29,例行賽,富邦悍將,8hU45,home,統一7-ELEVEn獅,4,10,10,0,0
f49aj,CPBL-2019-Sf,2019,一軍,2019-05-29,例行賽,統一7-ELEVEn獅,aB3r1,away,富邦悍將,10,4,14,0,1
mhQBw,CPBL-2019-Sf,2019,一軍,2019-05-29,例行賽,Lamigo,vmujw,home,中信兄弟,3,2,7,0,1
mhQBw,CPBL-2019-Sf,2019,一軍,2019-05-29,例行賽,中信兄弟,rTz1A,away,Lamigo,2,3,9,0,0
qJz9N,CPBL-2019-Sf,2019,一軍,2019-05-26,例行賽,富邦悍將,8hU45,home,Lamigo,5,6,8,0,0
qJz9N,CPBL-2019-Sf,2019,一軍,2019-05-26,例行賽,Lamigo,vmujw,away,富邦悍將,6,5,10,0,1
OXvCC,CPBL-2019-Sf,2019,一軍,2019-05-26,例行賽,統一7-ELEVEn獅,aB3r1,home,中信兄弟,6,2,6,0,1
OXvCC,CPBL-2019-Sf,2019,一軍,2019-05-26,例行賽,中信兄弟,rTz1A,away,統一7-ELEVEn獅,2,6,6,0,0
XOOfI,CPBL-2019-Sf,2019,一軍,2019-05-25,例行賽,富邦悍將,8hU45,home,Lamigo,7,1,16,0,1
XOOfI,CPBL-2019-Sf,2019,一軍,2019-05-25,例行賽,Lamigo,vmujw,away,富邦悍將,1,7,5,0,0
b5pk4,CPBL-2019-Sf,2019,一軍,2019-05-25,例行賽,統一7-ELEVEn獅,aB3r1,home,中信兄弟,10,6,6,0,1
b5pk4,CPBL-2019-Sf,2019,一軍,2019-05-25,例行賽,中信兄弟,rTz1A,away,統一7-ELEVEn獅,6,10,8,0,0
dSLrg,CPBL-2019-Sf,2019,一軍,2019-05-24,例行賽,富邦悍將,8hU45,home,Lamigo,9,4,15,0,1
dSLrg,CPBL-2019-Sf,2019,一軍,2019-05-24,例行賽,Lamigo,vmujw,away,富邦悍將,4,9,9,0,0
sFa2e,CPBL-2019-Sf,2019,一軍,2019-05-24,例行賽,統一7-ELEVEn獅,aB3r1,home,中信兄弟,2,5,6,0,0
sFa2e,CPBL-2019-Sf,2019,一軍,2019-05-24,例行賽,中信兄弟,rTz1A,away,統一7-ELEVEn獅,5,2,8,0,1
rqv4V,CPBL-2019-Sf,2019,一軍,2019-05-23,例行賽,中信兄弟,rTz1A,home,Lamigo,0,7,5,0,0
rqv4V,CPBL-2019-Sf,2019,一軍,2019-05-23,例行賽,Lamigo,vmujw,away,中信兄弟,7,0,10,0,1
3ILxB,CPBL-2019-Sf,2019,一軍,2019-05-22,例行賽,中信兄弟,rTz1A,home,Lamigo,2,3,9,0,0
3ILxB,CPBL-2019-Sf,2019,一軍,2019-05-22,例行賽,Lamigo,vmujw,away,中信兄弟,3,2,7,0,1
k8RZ8,CPBL-2019-Sf,2019,一軍,2019-05-22,例行賽,統一7-ELEVEn獅,aB3r1,home,富邦悍將,0,1,2,0,0
k8RZ8,CPBL-2019-Sf,2019,一軍,2019-05-22,例行賽,富邦悍將,8hU45,away,統一7-ELEVEn獅,1,0,8,0,1
RXosr,CPBL-2019-Sf,2019,一軍,2019-05-21,例行賽,統一7-ELEVEn獅,aB3r1,home,富邦悍將,1,11,8,0,0
RXosr,CPBL-2019-Sf,2019,一軍,2019-05-21,例行賽,富邦悍將,8hU45,away,統一7-ELEVEn獅,11,1,14,0,1
TrhQq,CPBL-2019-Sf,2019,一軍,2019-05-19,例行賽,統一7-ELEVEn獅,aB3r1,home,Lamigo,10,9,18,0,1
TrhQq,CPBL-2019-Sf,2019,一軍,2019-05-19,例行賽,Lamigo,vmujw,away,統一7-ELEVEn獅,9,10,14,0,0
Z3aha,CPBL-2019-Sf,2019,一軍,2019-05-18,例行賽,統一7-ELEVEn獅,aB3r1,home,Lamigo,8,1,9,0,1
Z3aha,CPBL-2019-Sf,2019,一軍,2019-05-18,例行賽,Lamigo,vmujw,away,統一7-ELEVEn獅,1,8,8,0,0
eNlSl,CPBL-2019-Sf,2019,一軍,2019-05-18,例行賽,中信兄弟,rTz1A,home,富邦悍將,4,7,10,0,0
eNlSl,CPBL-2019-Sf,2019,一軍,2019-05-18,例行賽,富邦悍將,8hU45,away,中信兄弟,7,4,10,0,1
B8ggp,CPBL-2019-Sf,2019,一軍,2019-05-17,例行賽,中信兄弟,rTz1A,home,富邦悍將,8,2,11,0,1
B8ggp,CPBL-2019-Sf,2019,一軍,2019-05-17,例行賽,富邦悍將,8hU45,away,中信兄弟,2,8,8,0,0
6D1ru,CPBL-2019-Sf,2019,一軍,2019-05-16,例行賽,Lamigo,vmujw,home,富邦悍將,10,4,15,0,1
6D1ru,CPBL-2019-Sf,2019,一軍,2019-05-16,例行賽,富邦悍將,8hU45,away,Lamigo,4,10,11,0,0
jQTBy,CPBL-2019-Sf,2019,一軍,2019-05-15,例行賽,Lamigo,vmujw,home,富邦悍將,5,5,12,0,
jQTBy,CPBL-2019-Sf,2019,一軍,2019-05-15,例行賽,富邦悍將,8hU45,away,Lamigo,5,5,12,0,
XOJOQ,CPBL-2019-Sf,2019,一軍,2019-05-15,例行賽,中信兄弟,rTz1A,home,統一7-ELEVEn獅,1,3,8,0,0
XOJOQ,CPBL-2019-Sf,2019,一軍,2019-05-15,例行賽,統一7-ELEVEn獅,aB3r1,away,中信兄弟,3,1,11,0,1
EtdRo,CPBL-2019-Sf,2019,一軍,2019-05-14,例行賽,中信兄弟,rTz1A,home,統一7-ELEVEn獅,2,3,7,0,0
EtdRo,CPBL-2019-Sf,2019,一軍,2019-05-14,例行賽,統一7-ELEVEn獅,aB3r1,away,中信兄弟,3,2,6,0,1
nsVtS,CPBL-2019-Sf,2019,一軍,2019-05-12,例行賽,Lamigo,vmujw,home,中信兄弟,9,4,13,0,1
nsVtS,CPBL-2019-Sf,2019,一軍,2019-05-12,例行賽,中信兄弟,rTz1A,away,Lamigo,4,9,11,0,0
jlwf2,CPBL-2019-Sf,2019,一軍,2019-05-12,例行賽,富邦悍將,8hU45,home,統一7-ELEVEn獅,5,0,9,0,1
jlwf2,CPBL-2019-Sf,2019,一軍,2019-05-12,例行賽,統一7-ELEVEn獅,aB3r1,away,富邦悍將,0,5,7,0,0
Rnl63,CPBL-2019-Sf,2019,一軍,2019-05-11,例行賽,Lamigo,vmujw,home,中信兄弟,7,5,11,0,1
Rnl63,CPBL-2019-Sf,2019,一軍,2019-05-11,例行賽,中信兄弟,rTz1A,away,Lamigo,5,7,11,0,0
17gDA,CPBL-2019-Sf,2019,一軍,2019-05-11,例行賽,富邦悍將,8hU45,home,統一7-ELEVEn獅,0,2,7,0,0
17gDA,CPBL-2019-Sf,2019,一軍,2019-05-11,例行賽,統一7-ELEVEn獅,aB3r1,away,富邦悍將,2,0,8,0,1
KGebl,CPBL-2019-Sf,2019,一軍,2019-05-10,例行賽,Lamigo,vmujw,home,中信兄弟,8,3,12,0,1
KGebl,CPBL-2019-Sf,2019,一軍,2019-05-10,例行賽,中信兄弟,rTz1A,away,Lamigo,3,8,11,0,0
vmRXx,CPBL-2019-Sf,2019,一軍,2019-05-10,例行賽,富邦悍將,8hU45,home,統一7-ELEVEn獅,3,4,13,0,0
vmRXx,CPBL-2019-Sf,2019,一軍,2019-05-10,例行賽,統一7-ELEVEn獅,aB3r1,away,富邦悍將,4,3,7,0,1
ujxEh,CPBL-2019-Sf,2019,一軍,2019-05-08,例行賽,富邦悍將,8hU45,home,中信兄弟,6,1,11,0,1
ujxEh,CPBL-2019-Sf,2019,一軍,2019-05-08,例行賽,中信兄弟,rTz1A,away,富邦悍將,1,6,7,0,0
VJjws,CPBL-2019-Sf,2019,一軍,2019-05-07,例行賽,富邦悍將,8hU45,home,中信兄弟,4,0,10,0,1
VJjws,CPBL-2019-Sf,2019,一軍,2019-05-07,例行賽,中信兄弟,rTz1A,away,富邦悍將,0,4,2,0,0
GAaxr,CPBL-2019-Sf,2019,一軍,2019-05-05,例行賽,統一7-ELEVEn獅,aB3r1,home,富邦悍將,4,2,10,0,1
GAaxr,CPBL-2019-Sf,2019,一軍,2019-05-05,例行賽,富邦悍將,8hU45,away,統一7-ELEVEn獅,2,4,7,0,0
KXL2V,CPBL-2019-Sf,2019,一軍,2019-05-05,例行賽,中信兄弟,rTz1A,home,Lamigo,7,6,10,0,1
KXL2V,CPBL-2019-Sf,2019,一軍,2019-05-05,例行賽,Lamigo,vmujw,away,中信兄弟,6,7,12,0,0
yWdYC,CPBL-2019-Sf,2019,一軍,2019-05-04,例行賽,統一7-ELEVEn獅,aB3r1,home,富邦悍將,1,2,4,0,0
yWdYC,CPBL-2019-Sf,2019,一軍,2019-05-04,例行賽,富邦悍將,8hU45,away,統一7-ELEVEn獅,2,1,9,0,1
fP06F,CPBL-2019-Sf,2019,一軍,2019-05-04,例行賽,中信兄弟,rTz1A,home,Lamigo,8,3,15,0,1
fP06F,CPBL-2019-Sf,2019,一軍,2019-05-04,例行賽,Lamigo,vmujw,away,中信兄弟,3,8,10,0,0
ivIab,CPBL-2019-Sf,2019,一軍,2019-05-03,例行賽,統一7-ELEVEn獅,aB3r1,home,富邦悍將,1,0,1,0,1
ivIab,CPBL-2019-Sf,2019,一軍,2019-05-03,例行賽,富邦悍將,8hU45,away,統一7-ELEVEn獅,0,1,4,0,0
elmQx,CPBL-2019-Sf,2019,一軍,2019-05-03,例行賽,中信兄弟,rTz1A,home,Lamigo,10,9,13,0,1
elmQx,CPBL-2019-Sf,2019,一軍,2019-05-03,例行賽,Lamigo,vmujw,away,中信兄弟,9,10,15,0,0
anWaV,CPBL-2019-Sf,2019,一軍,2019-05-02,例行賽,統一7-ELEVEn獅,aB3r1,home,中信兄弟,2,7,6,0,0
anWaV,CPBL-2019-Sf,2019,一軍,2019-05-02,例行賽,中信兄弟,rTz1A,away,統一7-ELEVEn獅,7,2,12,0,1
2aSZ3,CPBL-2019-Sf,2019,一軍,2019-05-01,例行賽,統一7-ELEVEn獅,aB3r1,home,中信兄弟,1,6,4,0,0
2aSZ3,CPBL-2019-Sf,2019,一軍,2019-05-01,例行賽,中信兄弟,rTz1A,away,統一7-ELEVEn獅,6,1,9,0,1
4wjTO,CPBL-2019-Sf,2019,一軍,2019-04-30,例行賽,富邦悍將,8hU45,home,Lamigo,5,4,9,0,1
4wjTO,CPBL-2019-Sf,2019,一軍,2019-04-30,例行賽,Lamigo,vmujw,away,富邦悍將,4,5,8,0,0
uw3qj,CPBL-2019-Sf,2019,一軍,2019-04-28,例行賽,Lamigo,vmujw,home,統一7-ELEVEn獅,11,3,18,0,1
uw3qj,CPBL-2019-Sf,2019,一軍,2019-04-28,例行賽,統一7-ELEVEn獅,aB3r1,away,Lamigo,3,11,9,0,0
MGze8,CPBL-2019-Sf,2019,一軍,2019-04-28,例行賽,富邦悍將,8hU45,home,中信兄弟,4,14,7,0,0
MGze8,CPBL-2019-Sf,2019,一軍,2019-04-28,例行賽,中信兄弟,rTz1A,away,富邦悍將,14,4,19,0,1
Vd9Kq,CPBL-2019-Sf,2019,一軍,2019-04-27,例行賽,Lamigo,vmujw,home,統一7-ELEVEn獅,6,3,10,0,1
Vd9Kq,CPBL-2019-Sf,2019,一軍,2019-04-27,例行賽,統一7-ELEVEn獅,aB3r1,away,Lamigo,3,6,11,0,0
k1az1,CPBL-2019-Sf,2019,一軍,2019-04-27,例行賽,富邦悍將,8hU45,home,中信兄弟,13,2,16,0,1
k1az1,CPBL-2019-Sf,2019,一軍,2019-04-27,例行賽,中信兄弟,rTz1A,away,富邦悍將,2,13,7,0,0
5qAOC,CPBL-2019-Sf,2019,一軍,2019-04-26,例行賽,Lamigo,vmujw,home,統一7-ELEVEn獅,9,3,13,0,1
5qAOC,CPBL-2019-Sf,2019,一軍,2019-04-26,例行賽,統一7-ELEVEn獅,aB3r1,away,Lamigo,3,9,13,0,0
prBfg,CPBL-2019-Sf,2019,一軍,2019-04-26,例行賽,富邦悍將,8hU45,home,中信兄弟,4,2,10,0,1
prBfg,CPBL-2019-Sf,2019,一軍,2019-04-26,例行賽,中信兄弟,rTz1A,away,富邦悍將,2,4,5,0,0
WxCvo,CPBL-2019-Sf,2019,一軍,2019-04-25,例行賽,Lamigo,vmujw,home,中信兄弟,10,0,14,0,1
WxCvo,CPBL-2019-Sf,2019,一軍,2019-04-25,例行賽,中信兄弟,rTz1A,away,Lamigo,0,10,6,0,0
9DQQN,CPBL-2019-Sf,2019,一軍,2019-04-24,例行賽,富邦悍將,8hU45,home,統一7-ELEVEn獅,5,1,9,0,1
9DQQN,CPBL-2019-Sf,2019,一軍,2019-04-24,例行賽,統一7-ELEVEn獅,aB3r1,away,富邦悍將,1,5,7,0,0
zmX3s,CPBL-2019-Sf,2019,一軍,2019-04-23,例行賽,富邦悍將,8hU45,home,統一7-ELEVEn獅,0,2,5,0,0
zmX3s,CPBL-2019-Sf,2019,一軍,2019-04-23,例行賽,統一7-ELEVEn獅,aB3r1,away,富邦悍將,2,0,8,0,1
q6AQM,CPBL-2019-Sf,2019,一軍,2019-04-21,例行賽,中信兄弟,rTz1A,home,統一7-ELEVEn獅,3,0,8,0,1
q6AQM,CPBL-2019-Sf,2019,一軍,2019-04-21,例行賽,統一7-ELEVEn獅,aB3r1,away,中信兄弟,0,3,8,0,0
0ZCGS,CPBL-2019-Sf,2019,一軍,2019-04-20,例行賽,中信兄弟,rTz1A,home,統一7-ELEVEn獅,3,3,5,0,
0ZCGS,CPBL-2019-Sf,2019,一軍,2019-04-20,例行賽,統一7-ELEVEn獅,aB3r1,away,中信兄弟,3,3,5,0,
109Tj,CPBL-2019-Sf,2019,一軍,2019-04-20,例行賽,Lamigo,vmujw,home,富邦悍將,12,5,13,0,1
109Tj,CPBL-2019-Sf,2019,一軍,2019-04-20,例行賽,富邦悍將,8hU45,away,Lamigo,5,12,8,0,0
31aRX,CPBL-2019-Sf,2019,一軍,2019-04-20,例行賽,中信兄弟,rTz1A,home,統一7-ELEVEn獅,9,8,12,0,1
31aRX,CPBL-2019-Sf,2019,一軍,2019-04-20,例行賽,統一7-ELEVEn獅,aB3r1,away,中信兄弟,8,9,11,0,0
V0Hnj,CPBL-2019-Sf,2019,一軍,2019-04-18,例行賽,統一7-ELEVEn獅,aB3r1,home,Lamigo,8,9,13,0,0
V0Hnj,CPBL-2019-Sf,2019,一軍,2019-04-18,例行賽,Lamigo,vmujw,away,統一7-ELEVEn獅,9,8,10,0,1
GEV4A,CPBL-2019-Sf,2019,一軍,2019-04-17,例行賽,統一7-ELEVEn獅,aB3r1,home,Lamigo,8,6,7,0,1
GEV4A,CPBL-2019-Sf,2019,一軍,2019-04-17,例行賽,Lamigo,vmujw,away,統一7-ELEVEn獅,6,8,11,0,0
fL5gW,CPBL-2019-Sf,2019,一軍,2019-04-17,例行賽,中信兄弟,rTz1A,home,富邦悍將,1,14,3,0,0
fL5gW,CPBL-2019-Sf,2019,一軍,2019-04-17,例行賽,富邦悍將,8hU45,away,中信兄弟,14,1,25,0,1
nS8Dk,CPBL-2019-Sf,2019,一軍,2019-04-14,例行賽,富邦悍將,8hU45,home,Lamigo,8,4,8,0,1
nS8Dk,CPBL-2019-Sf,2019,一軍,2019-04-14,例行賽,Lamigo,vmujw,away,富邦悍將,4,8,6,0,0
KcnWX,CPBL-2019-Sf,2019,一軍,2019-04-14,例行賽,統一7-ELEVEn獅,aB3r1,home,中信兄弟,5,3,10,0,1
KcnWX,CPBL-2019-Sf,2019,一軍,2019-04-14,例行賽,中信兄弟,rTz1A,away,統一7-ELEVEn獅,3,5,6,0,0
i7zzI,CPBL-2019-Sf,2019,一軍,2019-04-13,例行賽,富邦悍將,8hU45,home,Lamigo,1,4,6,0,0
i7zzI,CPBL-2019-Sf,2019,一軍,2019-04-13,例行賽,Lamigo,vmujw,away,富邦悍將,4,1,12,0,1
Yn82o,CPBL-2019-Sf,2019,一軍,2019-04-13,例行賽,統一7-ELEVEn獅,aB3r1,home,中信兄弟,9,6,14,0,1
Yn82o,CPBL-2019-Sf,2019,一軍,2019-04-13,例行賽,中信兄弟,rTz1A,away,統一7-ELEVEn獅,6,9,11,0,0
kx64D,CPBL-2019-Sf,2019,一軍,2019-04-12,例行賽,富邦悍將,8hU45,home,Lamigo,1,3,3,0,0
kx64D,CPBL-2019-Sf,2019,一軍,2019-04-12,例行賽,Lamigo,vmujw,away,富邦悍將,3,1,14,0,1
ozepT,CPBL-2019-Sf,2019,一軍,2019-04-12,例行賽,統一7-ELEVEn獅,aB3r1,home,中信兄弟,8,11,10,0,0
ozepT,CPBL-2019-Sf,2019,一軍,2019-04-12,例行賽,中信兄弟,rTz1A,away,統一7-ELEVEn獅,11,8,10,0,1
X3Vur,CPBL-2019-Sf,2019,一軍,2019-04-10,例行賽,富邦悍將,8hU45,home,中信兄弟,3,4,5,0,0
X3Vur,CPBL-2019-Sf,2019,一軍,2019-04-10,例行賽,中信兄弟,rTz1A,away,富邦悍將,4,3,11,0,1
bJQFp,CPBL-2019-Sf,2019,一軍,2019-04-10,例行賽,Lamigo,vmujw,home,統一7-ELEVEn獅,18,4,24,0,1
bJQFp,CPBL-2019-Sf,2019,一軍,2019-04-10,例行賽,統一7-ELEVEn獅,aB3r1,away,Lamigo,4,18,8,0,0
oVvU4,CPBL-2019-Sf,2019,一軍,2019-04-09,例行賽,Lamigo,vmujw,home,統一7-ELEVEn獅,8,7,12,0,1
oVvU4,CPBL-2019-Sf,2019,一軍,2019-04-09,例行賽,統一7-ELEVEn獅,aB3r1,away,Lamigo,7,8,8,0,0
KMWmt,CPBL-2019-Sf,2019,一軍,2019-04-07,例行賽,富邦悍將,8hU45,home,統一7-ELEVEn獅,4,5,9,0,0
KMWmt,CPBL-2019-Sf,2019,一軍,2019-04-07,例行賽,統一7-ELEVEn獅,aB3r1,away,富邦悍將,5,4,11,0,1
o85YR,CPBL-2019-Sf,2019,一軍,2019-04-07,例行賽,Lamigo,vmujw,home,中信兄弟,1,2,9,0,0
o85YR,CPBL-2019-Sf,2019,一軍,2019-04-07,例行賽,中信兄弟,rTz1A,away,Lamigo,2,1,4,0,1
RDHjY,CPBL-2019-Sf,2019,一軍,2019-04-06,例行賽,富邦悍將,8hU45,home,統一7-ELEVEn獅,2,10,6,0,0
RDHjY,CPBL-2019-Sf,2019,一軍,2019-04-06,例行賽,統一7-ELEVEn獅,aB3r1,away,富邦悍將,10,2,12,0,1
hRnQx,CPBL-2019-Sf,2019,一軍,2019-04-06,例行賽,Lamigo,vmujw,home,中信兄弟,1,6,8,0,0
hRnQx,CPBL-2019-Sf,2019,一軍,2019-04-06,例行賽,中信兄弟,rTz1A,away,Lamigo,6,1,10,0,1
i5Dno,CPBL-2019-Sf,2019,一軍,2019-04-05,例行賽,富邦悍將,8hU45,home,統一7-ELEVEn獅,9,3,16,0,1
i5Dno,CPBL-2019-Sf,2019,一軍,2019-04-05,例行賽,統一7-ELEVEn獅,aB3r1,away,富邦悍將,3,9,8,0,0
DAL2m,CPBL-2019-Sf,2019,一軍,2019-04-05,例行賽,Lamigo,vmujw,home,中信兄弟,1,3,9,0,0
DAL2m,CPBL-2019-Sf,2019,一軍,2019-04-05,例行賽,中信兄弟,rTz1A,away,Lamigo,3,1,9,0,1
7SLrV,CPBL-2019-Sf,2019,一軍,2019-04-04,例行賽,中信兄弟,rTz1A,home,統一7-ELEVEn獅,2,0,4,0,1
7SLrV,CPBL-2019-Sf,2019,一軍,2019-04-04,例行賽,統一7-ELEVEn獅,aB3r1,away,中信兄弟,0,2,3,0,0
HO69b,CPBL-2019-Sf,2019,一軍,2019-04-04,例行賽,Lamigo,vmujw,home,富邦悍將,9,2,16,0,1
HO69b,CPBL-2019-Sf,2019,一軍,2019-04-04,例行賽,富邦悍將,8hU45,away,Lamigo,2,9,10,0,0
a0Roh,CPBL-2019-Sf,2019,一軍,2019-04-03,例行賽,中信兄弟,rTz1A,home,統一7-ELEVEn獅,10,3,15,0,1
a0Roh,CPBL-2019-Sf,2019,一軍,2019-04-03,例行賽,統一7-ELEVEn獅,aB3r1,away,中信兄弟,3,10,9,0,0
PMGmZ,CPBL-2019-Sf,2019,一軍,2019-04-02,例行賽,Lamigo,vmujw,home,富邦悍將,6,9,12,0,0
PMGmZ,CPBL-2019-Sf,2019,一軍,2019-04-02,例行賽,富邦悍將,8hU45,away,Lamigo,9,6,14,0,1
bRcpx,CPBL-2019-Sf,2019,一軍,2019-03-31,例行賽,統一7-ELEVEn獅,aB3r1,home,Lamigo,3,8,6,0,0
bRcpx,CPBL-2019-Sf,2019,一軍,2019-03-31,例行賽,Lamigo,vmujw,away,統一7-ELEVEn獅,8,3,14,0,1
iHwhx,CPBL-2019-Sf,2019,一軍,2019-03-31,例行賽,中信兄弟,rTz1A,home,富邦悍將,3,6,7,0,0
iHwhx,CPBL-2019-Sf,2019,一軍,2019-03-31,例行賽,富邦悍將,8hU45,away,中信兄弟,6,3,7,0,1
ccaQN,CPBL-2019-Sf,2019,一軍,2019-03-30,例行賽,統一7-ELEVEn獅,aB3r1,home,Lamigo,9,6,13,0,1
ccaQN,CPBL-2019-Sf,2019,一軍,2019-03-30,例行賽,Lamigo,vmujw,away,統一7-ELEVEn獅,6,9,10,0,0
jqxuv,CPBL-2019-Sf,2019,一軍,2019-03-30,例行賽,中信兄弟,rTz1A,home,富邦悍將,3,7,4,0,0
jqxuv,CPBL-2019-Sf,2019,一軍,2019-03-30,例行賽,富邦悍將,8hU45,away,中信兄弟,7,3,12,0,1
MAsYU,CPBL-2019-Sf,2019,一軍,2019-03-29,例行賽,統一7-ELEVEn獅,aB3r1,home,Lamigo,5,4,8,0,1
MAsYU,CPBL-2019-Sf,2019,一軍,2019-03-29,例行賽,Lamigo,vmujw,away,統一7-ELEVEn獅,4,5,10,0,0
sUytZ,CPBL-2019-Sf,2019,一軍,2019-03-29,例行賽,中信兄弟,rTz1A,home,富邦悍將,6,5,8,0,1
sUytZ,CPBL-2019-Sf,2019,一軍,2019-03-29,例行賽,富邦悍將,8hU45,away,中信兄弟,5,6,12,0,0
e3Ej1,CPBL-2019-Sf,2019,一軍,2019-03-28,例行賽,統一7-ELEVEn獅,aB3r1,home,富邦悍將,4,2,7,0,1
e3Ej1,CPBL-2019-Sf,2019,一軍,2019-03-28,例行賽,富邦悍將,8hU45,away,統一7-ELEVEn獅,2,4,4,0,0
feqM3,CPBL-2019-Sf,2019,一軍,2019-03-27,例行賽,中信兄弟,rTz1A,home,Lamigo,7,6,10,0,1
feqM3,CPBL-2019-Sf,2019,一軍,2019-03-27,例行賽,Lamigo,vmujw,away,中信兄弟,6,7,12,0,0
aGfbl,CPBL-2019-Sf,2019,一軍,2019-03-26,例行賽,中信兄弟,rTz1A,home,Lamigo,3,4,9,0,0
aGfbl,CPBL-2019-Sf,2019,一軍,2019-03-26,例行賽,Lamigo,vmujw,away,中信兄弟,4,3,13,0,1
c9uau,CPBL-2019-Sf,2019,一軍,2019-03-24,例行賽,統一7-ELEVEn獅,aB3r1,home,富邦悍將,1,0,5,0,1
c9uau,CPBL-2019-Sf,2019,一軍,2019-03-24,例行賽,富邦悍將,8hU45,away,統一7-ELEVEn獅,0,1,4,0,0
xS8AW,CPBL-2019-Sf,2019,一軍,2019-03-24,例行賽,Lamigo,vmujw,home,中信兄弟,2,6,6,0,0
xS8AW,CPBL-2019-Sf,2019,一軍,2019-03-24,例行賽,中信兄弟,rTz1A,away,Lamigo,6,2,9,0,1
Xdh0S,CPBL-2019-Sf,2019,一軍,2019-03-23,例行賽,Lamigo,vmujw,home,統一7-ELEVEn獅,6,2,13,0,1
Xdh0S,CPBL-2019-Sf,2019,一軍,2019-03-23,例行賽,統一7-ELEVEn獅,aB3r1,away,Lamigo,2,6,6,0,0
CMVb4,CPBL-2018-Fq,2018,一軍,2018-10-14,例行賽,Lamigo,Eje2S,home,統一7-ELEVEn獅,5,6,14,0,0
CMVb4,CPBL-2018-Fq,2018,一軍,2018-10-14,例行賽,統一7-ELEVEn獅,xny2X,away,Lamigo,6,5,11,0,1
veGkQ,CPBL-2018-Fq,2018,一軍,2018-10-13,例行賽,Lamigo,Eje2S,home,統一7-ELEVEn獅,13,1,20,0,1
veGkQ,CPBL-2018-Fq,2018,一軍,2018-10-13,例行賽,統一7-ELEVEn獅,xny2X,away,Lamigo,1,13,8,0,0
WFCmP,CPBL-2018-Fq,2018,一軍,2018-10-13,例行賽,富邦悍將,Gnbsa,home,中信兄弟,6,5,11,0,1
WFCmP,CPBL-2018-Fq,2018,一軍,2018-10-13,例行賽,中信兄弟,pa1PZ,away,富邦悍將,5,6,12,0,0
dHmRh,CPBL-2018-Fq,2018,一軍,2018-10-12,例行賽,統一7-ELEVEn獅,xny2X,home,Lamigo,10,16,15,0,0
dHmRh,CPBL-2018-Fq,2018,一軍,2018-10-12,例行賽,Lamigo,Eje2S,away,統一7-ELEVEn獅,16,10,23,0,1
I9LnW,CPBL-2018-Fq,2018,一軍,2018-10-11,例行賽,中信兄弟,pa1PZ,home,Lamigo,5,1,11,0,1
I9LnW,CPBL-2018-Fq,2018,一軍,2018-10-11,例行賽,Lamigo,Eje2S,away,中信兄弟,1,5,9,0,0
Bo9Ov,CPBL-2018-Fq,2018,一軍,2018-10-09,例行賽,中信兄弟,pa1PZ,home,Lamigo,5,4,8,0,1
Bo9Ov,CPBL-2018-Fq,2018,一軍,2018-10-09,例行賽,Lamigo,Eje2S,away,中信兄弟,4,5,9,0,0
Auh4F,CPBL-2018-Fq,2018,一軍,2018-10-07,例行賽,Lamigo,Eje2S,home,富邦悍將,7,5,8,0,1
Auh4F,CPBL-2018-Fq,2018,一軍,2018-10-07,例行賽,富邦悍將,Gnbsa,away,Lamigo,5,7,7,0,0
p8zul,CPBL-2018-Fq,2018,一軍,2018-10-07,例行賽,統一7-ELEVEn獅,xny2X,home,中信兄弟,1,0,5,0,1
p8zul,CPBL-2018-Fq,2018,一軍,2018-10-07,例行賽,中信兄弟,pa1PZ,away,統一7-ELEVEn獅,0,1,0,0,0
65arb,CPBL-2018-Fq,2018,一軍,2018-10-06,例行賽,中信兄弟,pa1PZ,home,統一7-ELEVEn獅,6,10,16,0,0
65arb,CPBL-2018-Fq,2018,一軍,2018-10-06,例行賽,統一7-ELEVEn獅,xny2X,away,中信兄弟,10,6,16,0,1
Y2ICk,CPBL-2018-Fq,2018,一軍,2018-10-06,例行賽,富邦悍將,Gnbsa,home,Lamigo,11,5,13,0,1
Y2ICk,CPBL-2018-Fq,2018,一軍,2018-10-06,例行賽,Lamigo,Eje2S,away,富邦悍將,5,11,14,0,0
jGecD,CPBL-2018-Fq,2018,一軍,2018-10-05,例行賽,Lamigo,Eje2S,home,富邦悍將,8,5,17,0,1
jGecD,CPBL-2018-Fq,2018,一軍,2018-10-05,例行賽,富邦悍將,Gnbsa,away,Lamigo,5,8,7,0,0
hC8FP,CPBL-2018-Fq,2018,一軍,2018-10-04,例行賽,富邦悍將,Gnbsa,home,中信兄弟,5,2,7,0,1
hC8FP,CPBL-2018-Fq,2018,一軍,2018-10-04,例行賽,中信兄弟,pa1PZ,away,富邦悍將,2,5,6,0,0
T20WW,CPBL-2018-Fq,2018,一軍,2018-10-04,例行賽,統一7-ELEVEn獅,xny2X,home,Lamigo,13,4,15,0,1
T20WW,CPBL-2018-Fq,2018,一軍,2018-10-04,例行賽,Lamigo,Eje2S,away,統一7-ELEVEn獅,4,13,10,0,0
dUbIq,CPBL-2018-Fq,2018,一軍,2018-10-03,例行賽,統一7-ELEVEn獅,xny2X,home,Lamigo,6,7,14,0,0
dUbIq,CPBL-2018-Fq,2018,一軍,2018-10-03,例行賽,Lamigo,Eje2S,away,統一7-ELEVEn獅,7,6,13,0,1
LNjjg,CPBL-2018-Fq,2018,一軍,2018-10-02,例行賽,統一7-ELEVEn獅,xny2X,home,中信兄弟,10,1,12,0,1
LNjjg,CPBL-2018-Fq,2018,一軍,2018-10-02,例行賽,中信兄弟,pa1PZ,away,統一7-ELEVEn獅,1,10,2,0,0
oIxvV,CPBL-2018-Fq,2018,一軍,2018-10-02,例行賽,Lamigo,Eje2S,home,富邦悍將,5,4,8,0,1
oIxvV,CPBL-2018-Fq,2018,一軍,2018-10-02,例行賽,富邦悍將,Gnbsa,away,Lamigo,4,5,8,0,0
mqVp9,CPBL-2018-Fq,2018,一軍,2018-09-30,例行賽,富邦悍將,Gnbsa,home,統一7-ELEVEn獅,4,5,9,0,0
mqVp9,CPBL-2018-Fq,2018,一軍,2018-09-30,例行賽,統一7-ELEVEn獅,xny2X,away,富邦悍將,5,4,11,0,1
dUuzC,CPBL-2018-Fq,2018,一軍,2018-09-30,例行賽,中信兄弟,pa1PZ,home,Lamigo,11,6,14,0,1
dUuzC,CPBL-2018-Fq,2018,一軍,2018-09-30,例行賽,Lamigo,Eje2S,away,中信兄弟,6,11,12,0,0
qeRg4,CPBL-2018-Fq,2018,一軍,2018-09-30,例行賽,富邦悍將,Gnbsa,home,統一7-ELEVEn獅,3,1,10,0,1
qeRg4,CPBL-2018-Fq,2018,一軍,2018-09-30,例行賽,統一7-ELEVEn獅,xny2X,away,富邦悍將,1,3,8,0,0
mdYeB,CPBL-2018-Fq,2018,一軍,2018-09-29,例行賽,富邦悍將,Gnbsa,home,統一7-ELEVEn獅,6,3,11,0,1
mdYeB,CPBL-2018-Fq,2018,一軍,2018-09-29,例行賽,統一7-ELEVEn獅,xny2X,away,富邦悍將,3,6,5,0,0
EwA8w,CPBL-2018-Fq,2018,一軍,2018-09-29,例行賽,中信兄弟,pa1PZ,home,Lamigo,2,4,8,0,0
EwA8w,CPBL-2018-Fq,2018,一軍,2018-09-29,例行賽,Lamigo,Eje2S,away,中信兄弟,4,2,7,0,1
YeAOE,CPBL-2018-Fq,2018,一軍,2018-09-28,例行賽,中信兄弟,pa1PZ,home,Lamigo,1,0,6,0,1
YeAOE,CPBL-2018-Fq,2018,一軍,2018-09-28,例行賽,Lamigo,Eje2S,away,中信兄弟,0,1,0,0,0
Ub8HY,CPBL-2018-Fq,2018,一軍,2018-09-27,例行賽,富邦悍將,Gnbsa,home,中信兄弟,5,7,12,0,0
Ub8HY,CPBL-2018-Fq,2018,一軍,2018-09-27,例行賽,中信兄弟,pa1PZ,away,富邦悍將,7,5,13,0,1
b9f9J,CPBL-2018-Fq,2018,一軍,2018-09-27,例行賽,Lamigo,Eje2S,home,統一7-ELEVEn獅,7,1,12,0,1
b9f9J,CPBL-2018-Fq,2018,一軍,2018-09-27,例行賽,統一7-ELEVEn獅,xny2X,away,Lamigo,1,7,6,0,0
57rk9,CPBL-2018-Fq,2018,一軍,2018-09-26,例行賽,富邦悍將,Gnbsa,home,中信兄弟,5,4,6,0,1
57rk9,CPBL-2018-Fq,2018,一軍,2018-09-26,例行賽,中信兄弟,pa1PZ,away,富邦悍將,4,5,10,0,0
mLMkW,CPBL-2018-Fq,2018,一軍,2018-09-25,例行賽,Lamigo,Eje2S,home,統一7-ELEVEn獅,4,3,10,0,1
mLMkW,CPBL-2018-Fq,2018,一軍,2018-09-25,例行賽,統一7-ELEVEn獅,xny2X,away,Lamigo,3,4,9,0,0
PnADO,CPBL-2018-Fq,2018,一軍,2018-09-23,例行賽,Lamigo,Eje2S,home,富邦悍將,4,2,9,0,1
PnADO,CPBL-2018-Fq,2018,一軍,2018-09-23,例行賽,富邦悍將,Gnbsa,away,Lamigo,2,4,6,0,0
9zA2m,CPBL-2018-Fq,2018,一軍,2018-09-23,例行賽,統一7-ELEVEn獅,xny2X,home,中信兄弟,10,2,19,0,1
9zA2m,CPBL-2018-Fq,2018,一軍,2018-09-23,例行賽,中信兄弟,pa1PZ,away,統一7-ELEVEn獅,2,10,1,0,0
yCcgr,CPBL-2018-Fq,2018,一軍,2018-09-22,例行賽,Lamigo,Eje2S,home,富邦悍將,5,3,12,0,1
yCcgr,CPBL-2018-Fq,2018,一軍,2018-09-22,例行賽,富邦悍將,Gnbsa,away,Lamigo,3,5,14,0,0
CjaE8,CPBL-2018-Fq,2018,一軍,2018-09-22,例行賽,統一7-ELEVEn獅,xny2X,home,中信兄弟,5,4,8,0,1
CjaE8,CPBL-2018-Fq,2018,一軍,2018-09-22,例行賽,中信兄弟,pa1PZ,away,統一7-ELEVEn獅,4,5,10,0,0
NzhHI,CPBL-2018-Fq,2018,一軍,2018-09-21,例行賽,Lamigo,Eje2S,home,富邦悍將,6,4,11,0,1
NzhHI,CPBL-2018-Fq,2018,一軍,2018-09-21,例行賽,富邦悍將,Gnbsa,away,Lamigo,4,6,12,0,0
kHTnt,CPBL-2018-Fq,2018,一軍,2018-09-21,例行賽,統一7-ELEVEn獅,xny2X,home,中信兄弟,4,5,11,0,0
kHTnt,CPBL-2018-Fq,2018,一軍,2018-09-21,例行賽,中信兄弟,pa1PZ,away,統一7-ELEVEn獅,5,4,13,0,1
T0RnK,CPBL-2018-Fq,2018,一軍,2018-09-20,例行賽,Lamigo,Eje2S,home,中信兄弟,6,0,12,0,1
T0RnK,CPBL-2018-Fq,2018,一軍,2018-09-20,例行賽,中信兄弟,pa1PZ,away,Lamigo,0,6,5,0,0
YvSjZ,CPBL-2018-Fq,2018,一軍,2018-09-20,例行賽,統一7-ELEVEn獅,xny2X,home,富邦悍將,8,6,14,0,1
YvSjZ,CPBL-2018-Fq,2018,一軍,2018-09-20,例行賽,富邦悍將,Gnbsa,away,統一7-ELEVEn獅,6,8,11,0,0
RU5DN,CPBL-2018-Fq,2018,一軍,2018-09-19,例行賽,Lamigo,Eje2S,home,中信兄弟,5,1,14,0,1
RU5DN,CPBL-2018-Fq,2018,一軍,2018-09-19,例行賽,中信兄弟,pa1PZ,away,Lamigo,1,5,8,0,0
sSU53,CPBL-2018-Fq,2018,一軍,2018-09-18,例行賽,統一7-ELEVEn獅,xny2X,home,富邦悍將,9,7,15,0,1
sSU53,CPBL-2018-Fq,2018,一軍,2018-09-18,例行賽,富邦悍將,Gnbsa,away,統一7-ELEVEn獅,7,9,11,0,0
Tx4uR,CPBL-2018-Fq,2018,一軍,2018-09-16,例行賽,統一7-ELEVEn獅,xny2X,home,Lamigo,3,11,8,0,0
Tx4uR,CPBL-2018-Fq,2018,一軍,2018-09-16,例行賽,Lamigo,Eje2S,away,統一7-ELEVEn獅,11,3,21,0,1
K1Mte,CPBL-2018-Fq,2018,一軍,2018-09-16,例行賽,中信兄弟,pa1PZ,home,富邦悍將,3,8,10,0,0
K1Mte,CPBL-2018-Fq,2018,一軍,2018-09-16,例行賽,富邦悍將,Gnbsa,away,中信兄弟,8,3,13,0,1
E0EFe,CPBL-2018-Fq,2018,一軍,2018-09-15,例行賽,統一7-ELEVEn獅,xny2X,home,Lamigo,0,1,3,0,0
E0EFe,CPBL-2018-Fq,2018,一軍,2018-09-15,例行賽,Lamigo,Eje2S,away,統一7-ELEVEn獅,1,0,7,0,1
C12x4,CPBL-2018-Fq,2018,一軍,2018-09-15,例行賽,中信兄弟,pa1PZ,home,富邦悍將,1,16,7,0,0
C12x4,CPBL-2018-Fq,2018,一軍,2018-09-15,例行賽,富邦悍將,Gnbsa,away,中信兄弟,16,1,21,0,1
qEQcR,CPBL-2018-Fq,2018,一軍,2018-09-14,例行賽,統一7-ELEVEn獅,xny2X,home,Lamigo,6,11,13,0,0
qEQcR,CPBL-2018-Fq,2018,一軍,2018-09-14,例行賽,Lamigo,Eje2S,away,統一7-ELEVEn獅,11,6,16,0,1
VeO5e,CPBL-2018-Fq,2018,一軍,2018-09-14,例行賽,中信兄弟,pa1PZ,home,富邦悍將,2,5,4,0,0
VeO5e,CPBL-2018-Fq,2018,一軍,2018-09-14,例行賽,富邦悍將,Gnbsa,away,中信兄弟,5,2,9,0,1
Cpoov,CPBL-2018-Fq,2018,一軍,2018-09-13,例行賽,富邦悍將,Gnbsa,home,Lamigo,7,4,5,0,1
Cpoov,CPBL-2018-Fq,2018,一軍,2018-09-13,例行賽,Lamigo,Eje2S,away,富邦悍將,4,7,10,0,0
Qb276,CPBL-2018-Fq,2018,一軍,2018-09-13,例行賽,中信兄弟,pa1PZ,home,統一7-ELEVEn獅,4,0,13,0,1
Qb276,CPBL-2018-Fq,2018,一軍,2018-09-13,例行賽,統一7-ELEVEn獅,xny2X,away,中信兄弟,0,4,4,0,0
9KzLI,CPBL-2018-Fq,2018,一軍,2018-09-12,例行賽,中信兄弟,pa1PZ,home,統一7-ELEVEn獅,6,5,12,0,1
9KzLI,CPBL-2018-Fq,2018,一軍,2018-09-12,例行賽,統一7-ELEVEn獅,xny2X,away,中信兄弟,5,6,7,0,0
439oF,CPBL-2018-Fq,2018,一軍,2018-09-11,例行賽,富邦悍將,Gnbsa,home,Lamigo,1,7,8,0,0
439oF,CPBL-2018-Fq,2018,一軍,2018-09-11,例行賽,Lamigo,Eje2S,away,富邦悍將,7,1,12,0,1
fNrDH,CPBL-2018-Fq,2018,一軍,2018-09-09,例行賽,富邦悍將,Gnbsa,home,中信兄弟,0,1,5,0,0
fNrDH,CPBL-2018-Fq,2018,一軍,2018-09-09,例行賽,中信兄弟,pa1PZ,away,富邦悍將,1,0,9,0,1
cnOJR,CPBL-2018-Fq,2018,一軍,2018-09-07,例行賽,Lamigo,Eje2S,home,統一7-ELEVEn獅,10,14,18,0,0
cnOJR,CPBL-2018-Fq,2018,一軍,2018-09-07,例行賽,統一7-ELEVEn獅,xny2X,away,Lamigo,14,10,25,0,1
sunk8,CPBL-2018-Fq,2018,一軍,2018-09-07,例行賽,富邦悍將,Gnbsa,home,中信兄弟,3,6,10,0,0
sunk8,CPBL-2018-Fq,2018,一軍,2018-09-07,例行賽,中信兄弟,pa1PZ,away,富邦悍將,6,3,14,0,1
wAEBD,CPBL-2018-Fq,2018,一軍,2018-09-06,例行賽,Lamigo,Eje2S,home,富邦悍將,2,5,6,0,0
wAEBD,CPBL-2018-Fq,2018,一軍,2018-09-06,例行賽,富邦悍將,Gnbsa,away,Lamigo,5,2,15,0,1
rmjxd,CPBL-2018-Fq,2018,一軍,2018-09-06,例行賽,統一7-ELEVEn獅,xny2X,home,中信兄弟,9,0,14,0,1
rmjxd,CPBL-2018-Fq,2018,一軍,2018-09-06,例行賽,中信兄弟,pa1PZ,away,統一7-ELEVEn獅,0,9,4,0,0
yJEBZ,CPBL-2018-Fq,2018,一軍,2018-09-05,例行賽,Lamigo,Eje2S,home,富邦悍將,5,1,9,0,1
yJEBZ,CPBL-2018-Fq,2018,一軍,2018-09-05,例行賽,富邦悍將,Gnbsa,away,Lamigo,1,5,7,0,0
H9Pfz,CPBL-2018-Fq,2018,一軍,2018-09-04,例行賽,統一7-ELEVEn獅,xny2X,home,中信兄弟,2,6,7,0,0
H9Pfz,CPBL-2018-Fq,2018,一軍,2018-09-04,例行賽,中信兄弟,pa1PZ,away,統一7-ELEVEn獅,6,2,7,0,1
DLhuP,CPBL-2018-Fq,2018,一軍,2018-09-02,例行賽,Lamigo,Eje2S,home,中信兄弟,13,5,19,0,1
DLhuP,CPBL-2018-Fq,2018,一軍,2018-09-02,例行賽,中信兄弟,pa1PZ,away,Lamigo,5,13,8,0,0
XCkLH,CPBL-2018-Fq,2018,一軍,2018-09-02,例行賽,統一7-ELEVEn獅,xny2X,home,富邦悍將,2,11,9,0,0
XCkLH,CPBL-2018-Fq,2018,一軍,2018-09-02,例行賽,富邦悍將,Gnbsa,away,統一7-ELEVEn獅,11,2,16,0,1
7Mh1s,CPBL-2018-Fq,2018,一軍,2018-09-01,例行賽,Lamigo,Eje2S,home,中信兄弟,10,1,17,0,1
7Mh1s,CPBL-2018-Fq,2018,一軍,2018-09-01,例行賽,中信兄弟,pa1PZ,away,Lamigo,1,10,5,0,0
eTopj,CPBL-2018-Fq,2018,一軍,2018-09-01,例行賽,統一7-ELEVEn獅,xny2X,home,富邦悍將,5,4,9,0,1
eTopj,CPBL-2018-Fq,2018,一軍,2018-09-01,例行賽,富邦悍將,Gnbsa,away,統一7-ELEVEn獅,4,5,11,0,0
KSK8I,CPBL-2018-Fq,2018,一軍,2018-08-31,例行賽,Lamigo,Eje2S,home,中信兄弟,4,1,11,0,1
KSK8I,CPBL-2018-Fq,2018,一軍,2018-08-31,例行賽,中信兄弟,pa1PZ,away,Lamigo,1,4,6,0,0
VvBT4,CPBL-2018-Fq,2018,一軍,2018-08-31,例行賽,統一7-ELEVEn獅,xny2X,home,富邦悍將,3,6,9,0,0
VvBT4,CPBL-2018-Fq,2018,一軍,2018-08-31,例行賽,富邦悍將,Gnbsa,away,統一7-ELEVEn獅,6,3,10,0,1
fJLHe,CPBL-2018-Fq,2018,一軍,2018-08-30,例行賽,中信兄弟,pa1PZ,home,富邦悍將,3,0,6,0,1
fJLHe,CPBL-2018-Fq,2018,一軍,2018-08-30,例行賽,富邦悍將,Gnbsa,away,中信兄弟,0,3,8,0,0
xjdql,CPBL-2018-Fq,2018,一軍,2018-08-29,例行賽,中信兄弟,pa1PZ,home,富邦悍將,0,9,2,0,0
xjdql,CPBL-2018-Fq,2018,一軍,2018-08-29,例行賽,富邦悍將,Gnbsa,away,中信兄弟,9,0,16,0,1
uWFRM,CPBL-2018-Fq,2018,一軍,2018-08-26,例行賽,富邦悍將,Gnbsa,home,Lamigo,14,1,15,0,1
uWFRM,CPBL-2018-Fq,2018,一軍,2018-08-26,例行賽,Lamigo,Eje2S,away,富邦悍將,1,14,5,0,0
1dXYO,CPBL-2018-Fq,2018,一軍,2018-08-26,例行賽,中信兄弟,pa1PZ,home,統一7-ELEVEn獅,7,5,12,0,1
1dXYO,CPBL-2018-Fq,2018,一軍,2018-08-26,例行賽,統一7-ELEVEn獅,xny2X,away,中信兄弟,5,7,9,0,0
MuvQh,CPBL-2018-Fq,2018,一軍,2018-08-25,例行賽,富邦悍將,Gnbsa,home,Lamigo,9,7,9,0,1
MuvQh,CPBL-2018-Fq,2018,一軍,2018-08-25,例行賽,Lamigo,Eje2S,away,富邦悍將,7,9,10,0,0
Ts0U2,CPBL-2018-Fq,2018,一軍,2018-08-25,例行賽,中信兄弟,pa1PZ,home,統一7-ELEVEn獅,3,5,5,0,0
Ts0U2,CPBL-2018-Fq,2018,一軍,2018-08-25,例行賽,統一7-ELEVEn獅,xny2X,away,中信兄弟,5,3,10,0,1
4yfxP,CPBL-2018-Fq,2018,一軍,2018-08-25,例行賽,中信兄弟,pa1PZ,home,統一7-ELEVEn獅,4,0,10,0,1
4yfxP,CPBL-2018-Fq,2018,一軍,2018-08-25,例行賽,統一7-ELEVEn獅,xny2X,away,中信兄弟,0,4,4,0,0
7brDe,CPBL-2018-Fq,2018,一軍,2018-08-24,例行賽,富邦悍將,Gnbsa,home,Lamigo,5,8,13,0,0
7brDe,CPBL-2018-Fq,2018,一軍,2018-08-24,例行賽,Lamigo,Eje2S,away,富邦悍將,8,5,12,0,1
XzSsc,CPBL-2018-Fq,2018,一軍,2018-08-23,例行賽,富邦悍將,Gnbsa,home,統一7-ELEVEn獅,6,3,9,0,1
XzSsc,CPBL-2018-Fq,2018,一軍,2018-08-23,例行賽,統一7-ELEVEn獅,xny2X,away,富邦悍將,3,6,8,0,0
TPXgG,CPBL-2018-Fq,2018,一軍,2018-08-22,例行賽,富邦悍將,Gnbsa,home,統一7-ELEVEn獅,13,3,18,0,1
TPXgG,CPBL-2018-Fq,2018,一軍,2018-08-22,例行賽,統一7-ELEVEn獅,xny2X,away,富邦悍將,3,13,8,0,0
mUI2r,CPBL-2018-Fq,2018,一軍,2018-08-19,例行賽,統一7-ELEVEn獅,xny2X,home,中信兄弟,3,5,5,0,0
mUI2r,CPBL-2018-Fq,2018,一軍,2018-08-19,例行賽,中信兄弟,pa1PZ,away,統一7-ELEVEn獅,5,3,11,0,1
MVrFD,CPBL-2018-Fq,2018,一軍,2018-08-18,例行賽,Lamigo,Eje2S,home,富邦悍將,4,6,10,0,0
MVrFD,CPBL-2018-Fq,2018,一軍,2018-08-18,例行賽,富邦悍將,Gnbsa,away,Lamigo,6,4,9,0,1
a1h4p,CPBL-2018-Fq,2018,一軍,2018-08-18,例行賽,統一7-ELEVEn獅,xny2X,home,中信兄弟,7,5,8,0,1
a1h4p,CPBL-2018-Fq,2018,一軍,2018-08-18,例行賽,中信兄弟,pa1PZ,away,統一7-ELEVEn獅,5,7,9,0,0
vf26Z,CPBL-2018-Fq,2018,一軍,2018-08-16,例行賽,Lamigo,Eje2S,home,統一7-ELEVEn獅,10,6,18,0,1
vf26Z,CPBL-2018-Fq,2018,一軍,2018-08-16,例行賽,統一7-ELEVEn獅,xny2X,away,Lamigo,6,10,7,0,0
mAvpB,CPBL-2018-Fq,2018,一軍,2018-08-16,例行賽,富邦悍將,Gnbsa,home,中信兄弟,4,6,12,0,0
mAvpB,CPBL-2018-Fq,2018,一軍,2018-08-16,例行賽,中信兄弟,pa1PZ,away,富邦悍將,6,4,15,0,1
jy9gj,CPBL-2018-Fq,2018,一軍,2018-08-15,例行賽,Lamigo,Eje2S,home,統一7-ELEVEn獅,7,11,13,0,0
jy9gj,CPBL-2018-Fq,2018,一軍,2018-08-15,例行賽,統一7-ELEVEn獅,xny2X,away,Lamigo,11,7,13,0,1
qkqkg,CPBL-2018-Fq,2018,一軍,2018-08-12,例行賽,中信兄弟,pa1PZ,home,Lamigo,4,3,10,0,1
qkqkg,CPBL-2018-Fq,2018,一軍,2018-08-12,例行賽,Lamigo,Eje2S,away,中信兄弟,3,4,7,0,0
AZWLo,CPBL-2018-Fq,2018,一軍,2018-08-12,例行賽,富邦悍將,Gnbsa,home,統一7-ELEVEn獅,7,13,21,0,0
AZWLo,CPBL-2018-Fq,2018,一軍,2018-08-12,例行賽,統一7-ELEVEn獅,xny2X,away,富邦悍將,13,7,16,0,1
i9XLV,CPBL-2018-Fq,2018,一軍,2018-08-11,例行賽,中信兄弟,pa1PZ,home,Lamigo,1,3,9,0,0
i9XLV,CPBL-2018-Fq,2018,一軍,2018-08-11,例行賽,Lamigo,Eje2S,away,中信兄弟,3,1,6,0,1
dEOyZ,CPBL-2018-Fq,2018,一軍,2018-08-11,例行賽,富邦悍將,Gnbsa,home,統一7-ELEVEn獅,5,14,11,0,0
dEOyZ,CPBL-2018-Fq,2018,一軍,2018-08-11,例行賽,統一7-ELEVEn獅,xny2X,away,富邦悍將,14,5,21,0,1
IeLVV,CPBL-2018-Fq,2018,一軍,2018-08-10,例行賽,中信兄弟,pa1PZ,home,Lamigo,6,14,11,0,0
IeLVV,CPBL-2018-Fq,2018,一軍,2018-08-10,例行賽,Lamigo,Eje2S,away,中信兄弟,14,6,21,0,1
03jtX,CPBL-2018-Fq,2018,一軍,2018-08-10,例行賽,富邦悍將,Gnbsa,home,統一7-ELEVEn獅,6,10,10,0,0
03jtX,CPBL-2018-Fq,2018,一軍,2018-08-10,例行賽,統一7-ELEVEn獅,xny2X,away,富邦悍將,10,6,13,0,1
5Xzzn,CPBL-2018-Fq,2018,一軍,2018-08-09,例行賽,中信兄弟,pa1PZ,home,統一7-ELEVEn獅,14,16,17,0,0
5Xzzn,CPBL-2018-Fq,2018,一軍,2018-08-09,例行賽,統一7-ELEVEn獅,xny2X,away,中信兄弟,16,14,18,0,1
z4iHW,CPBL-2018-Fq,2018,一軍,2018-08-09,例行賽,富邦悍將,Gnbsa,home,Lamigo,1,5,9,0,0
z4iHW,CPBL-2018-Fq,2018,一軍,2018-08-09,例行賽,Lamigo,Eje2S,away,富邦悍將,5,1,9,0,1
UWxpN,CPBL-2018-Fq,2018,一軍,2018-08-08,例行賽,富邦悍將,Gnbsa,home,Lamigo,1,0,8,0,1
UWxpN,CPBL-2018-Fq,2018,一軍,2018-08-08,例行賽,Lamigo,Eje2S,away,富邦悍將,0,1,8,0,0
HkW84,CPBL-2018-Fq,2018,一軍,2018-08-07,例行賽,中信兄弟,pa1PZ,home,統一7-ELEVEn獅,7,5,11,0,1
HkW84,CPBL-2018-Fq,2018,一軍,2018-08-07,例行賽,統一7-ELEVEn獅,xny2X,away,中信兄弟,5,7,14,0,0
hhXe9,CPBL-2018-Fq,2018,一軍,2018-08-05,例行賽,統一7-ELEVEn獅,xny2X,home,Lamigo,3,1,6,0,1
hhXe9,CPBL-2018-Fq,2018,一軍,2018-08-05,例行賽,Lamigo,Eje2S,away,統一7-ELEVEn獅,1,3,7,0,0
TOO8N,CPBL-2018-Fq,2018,一軍,2018-08-05,例行賽,中信兄弟,pa1PZ,home,富邦悍將,2,5,10,0,0
TOO8N,CPBL-2018-Fq,2018,一軍,2018-08-05,例行賽,富邦悍將,Gnbsa,away,中信兄弟,5,2,12,0,1
41BPR,CPBL-2018-Fq,2018,一軍,2018-08-04,例行賽,統一7-ELEVEn獅,xny2X,home,Lamigo,3,2,10,0,1
41BPR,CPBL-2018-Fq,2018,一軍,2018-08-04,例行賽,Lamigo,Eje2S,away,統一7-ELEVEn獅,2,3,8,0,0
ajm5L,CPBL-2018-Fq,2018,一軍,2018-08-04,例行賽,中信兄弟,pa1PZ,home,富邦悍將,10,2,16,0,1
ajm5L,CPBL-2018-Fq,2018,一軍,2018-08-04,例行賽,富邦悍將,Gnbsa,away,中信兄弟,2,10,12,0,0
LnQG0,CPBL-2018-Fq,2018,一軍,2018-08-03,例行賽,統一7-ELEVEn獅,xny2X,home,Lamigo,4,2,14,0,1
LnQG0,CPBL-2018-Fq,2018,一軍,2018-08-03,例行賽,Lamigo,Eje2S,away,統一7-ELEVEn獅,2,4,6,0,0
44hhL,CPBL-2018-Fq,2018,一軍,2018-08-03,例行賽,中信兄弟,pa1PZ,home,富邦悍將,6,9,7,0,0
44hhL,CPBL-2018-Fq,2018,一軍,2018-08-03,例行賽,富邦悍將,Gnbsa,away,中信兄弟,9,6,19,0,1
p0uyM,CPBL-2018-Fq,2018,一軍,2018-08-02,例行賽,統一7-ELEVEn獅,xny2X,home,富邦悍將,4,8,7,0,0
p0uyM,CPBL-2018-Fq,2018,一軍,2018-08-02,例行賽,富邦悍將,Gnbsa,away,統一7-ELEVEn獅,8,4,9,0,1
MTCDs,CPBL-2018-Fq,2018,一軍,2018-08-02,例行賽,Lamigo,Eje2S,home,中信兄弟,6,15,10,0,0
MTCDs,CPBL-2018-Fq,2018,一軍,2018-08-02,例行賽,中信兄弟,pa1PZ,away,Lamigo,15,6,19,0,1
0ZERC,CPBL-2018-Fq,2018,一軍,2018-08-01,例行賽,統一7-ELEVEn獅,xny2X,home,富邦悍將,6,3,10,0,1
0ZERC,CPBL-2018-Fq,2018,一軍,2018-08-01,例行賽,富邦悍將,Gnbsa,away,統一7-ELEVEn獅,3,6,9,0,0
AfvJk,CPBL-2018-Fq,2018,一軍,2018-07-31,例行賽,Lamigo,Eje2S,home,中信兄弟,4,7,13,0,0
AfvJk,CPBL-2018-Fq,2018,一軍,2018-07-31,例行賽,中信兄弟,pa1PZ,away,Lamigo,7,4,12,0,1
CdbNC,CPBL-2018-Fq,2018,一軍,2018-07-29,例行賽,Lamigo,Eje2S,home,統一7-ELEVEn獅,9,5,19,0,1
CdbNC,CPBL-2018-Fq,2018,一軍,2018-07-29,例行賽,統一7-ELEVEn獅,xny2X,away,Lamigo,5,9,8,0,0
mcbrP,CPBL-2018-Fq,2018,一軍,2018-07-29,例行賽,富邦悍將,Gnbsa,home,中信兄弟,1,3,8,0,0
mcbrP,CPBL-2018-Fq,2018,一軍,2018-07-29,例行賽,中信兄弟,pa1PZ,away,富邦悍將,3,1,6,0,1
XUCdd,CPBL-2018-Fq,2018,一軍,2018-07-28,例行賽,Lamigo,Eje2S,home,統一7-ELEVEn獅,1,3,5,0,0
XUCdd,CPBL-2018-Fq,2018,一軍,2018-07-28,例行賽,統一7-ELEVEn獅,xny2X,away,Lamigo,3,1,8,0,1
qcT4y,CPBL-2018-Fq,2018,一軍,2018-07-28,例行賽,富邦悍將,Gnbsa,home,中信兄弟,3,6,5,0,0
qcT4y,CPBL-2018-Fq,2018,一軍,2018-07-28,例行賽,中信兄弟,pa1PZ,away,富邦悍將,6,3,12,0,1
ZyOQf,CPBL-2018-Fq,2018,一軍,2018-07-27,例行賽,Lamigo,Eje2S,home,統一7-ELEVEn獅,6,3,13,0,1
ZyOQf,CPBL-2018-Fq,2018,一軍,2018-07-27,例行賽,統一7-ELEVEn獅,xny2X,away,Lamigo,3,6,7,0,0
2yNVr,CPBL-2018-Fq,2018,一軍,2018-07-27,例行賽,富邦悍將,Gnbsa,home,中信兄弟,1,0,8,0,1
2yNVr,CPBL-2018-Fq,2018,一軍,2018-07-27,例行賽,中信兄弟,pa1PZ,away,富邦悍將,0,1,3,0,0
D31Cr,CPBL-2018-Fq,2018,一軍,2018-07-26,例行賽,中信兄弟,pa1PZ,home,Lamigo,8,15,10,0,0
D31Cr,CPBL-2018-Fq,2018,一軍,2018-07-26,例行賽,Lamigo,Eje2S,away,中信兄弟,15,8,20,0,1
I1kKK,CPBL-2018-Fq,2018,一軍,2018-07-26,例行賽,富邦悍將,Gnbsa,home,統一7-ELEVEn獅,6,11,13,0,0
I1kKK,CPBL-2018-Fq,2018,一軍,2018-07-26,例行賽,統一7-ELEVEn獅,xny2X,away,富邦悍將,11,6,11,0,1
xHLMH,CPBL-2018-Fq,2018,一軍,2018-07-25,例行賽,中信兄弟,pa1PZ,home,Lamigo,5,3,9,0,1
xHLMH,CPBL-2018-Fq,2018,一軍,2018-07-25,例行賽,Lamigo,Eje2S,away,中信兄弟,3,5,9,0,0
0NLvp,CPBL-2018-Fq,2018,一軍,2018-07-24,例行賽,富邦悍將,Gnbsa,home,統一7-ELEVEn獅,1,6,8,0,0
0NLvp,CPBL-2018-Fq,2018,一軍,2018-07-24,例行賽,統一7-ELEVEn獅,xny2X,away,富邦悍將,6,1,11,0,1
w9wlp,CPBL-2018-Fq,2018,一軍,2018-07-22,例行賽,富邦悍將,Gnbsa,home,Lamigo,0,10,2,0,0
w9wlp,CPBL-2018-Fq,2018,一軍,2018-07-22,例行賽,Lamigo,Eje2S,away,富邦悍將,10,0,16,0,1
bmFvF,CPBL-2018-Fq,2018,一軍,2018-07-21,例行賽,中信兄弟,pa1PZ,home,統一7-ELEVEn獅,4,2,7,0,1
bmFvF,CPBL-2018-Fq,2018,一軍,2018-07-21,例行賽,統一7-ELEVEn獅,xny2X,away,中信兄弟,2,4,9,0,0
SFEi4,CPBL-2018-Fq,2018,一軍,2018-07-20,例行賽,富邦悍將,Gnbsa,home,Lamigo,6,7,14,0,0
SFEi4,CPBL-2018-Fq,2018,一軍,2018-07-20,例行賽,Lamigo,Eje2S,away,富邦悍將,7,6,12,0,1
uIS5X,CPBL-2018-Fq,2018,一軍,2018-07-20,例行賽,中信兄弟,pa1PZ,home,統一7-ELEVEn獅,3,5,10,0,0
uIS5X,CPBL-2018-Fq,2018,一軍,2018-07-20,例行賽,統一7-ELEVEn獅,xny2X,away,中信兄弟,5,3,9,0,1
2BqT1,CPBL-2018-Fq,2018,一軍,2018-07-19,例行賽,中信兄弟,pa1PZ,home,富邦悍將,6,4,7,0,1
2BqT1,CPBL-2018-Fq,2018,一軍,2018-07-19,例行賽,富邦悍將,Gnbsa,away,中信兄弟,4,6,7,0,0
1IdQS,CPBL-2018-Fq,2018,一軍,2018-07-18,例行賽,統一7-ELEVEn獅,xny2X,home,Lamigo,5,4,13,0,1
1IdQS,CPBL-2018-Fq,2018,一軍,2018-07-18,例行賽,Lamigo,Eje2S,away,統一7-ELEVEn獅,4,5,8,0,0
DnE6o,CPBL-2018-Fq,2018,一軍,2018-07-17,例行賽,中信兄弟,pa1PZ,home,富邦悍將,8,6,15,0,1
DnE6o,CPBL-2018-Fq,2018,一軍,2018-07-17,例行賽,富邦悍將,Gnbsa,away,中信兄弟,6,8,9,0,0
9Pawx,CPBL-2018-Fq,2018,一軍,2018-07-15,例行賽,統一7-ELEVEn獅,xny2X,home,富邦悍將,5,7,14,0,0
9Pawx,CPBL-2018-Fq,2018,一軍,2018-07-15,例行賽,富邦悍將,Gnbsa,away,統一7-ELEVEn獅,7,5,14,0,1
pbRYZ,CPBL-2018-Fq,2018,一軍,2018-07-15,例行賽,Lamigo,Eje2S,home,中信兄弟,6,5,9,0,1
pbRYZ,CPBL-2018-Fq,2018,一軍,2018-07-15,例行賽,中信兄弟,pa1PZ,away,Lamigo,5,6,15,0,0
cX68T,CPBL-2018-Fq,2018,一軍,2018-07-14,例行賽,統一7-ELEVEn獅,xny2X,home,富邦悍將,4,8,10,0,0
cX68T,CPBL-2018-Fq,2018,一軍,2018-07-14,例行賽,富邦悍將,Gnbsa,away,統一7-ELEVEn獅,8,4,12,0,1
STDrQ,CPBL-2018-Fq,2018,一軍,2018-07-14,例行賽,Lamigo,Eje2S,home,中信兄弟,2,10,7,0,0
STDrQ,CPBL-2018-Fq,2018,一軍,2018-07-14,例行賽,中信兄弟,pa1PZ,away,Lamigo,10,2,13,0,1
gA2F4,CPBL-2018-Fq,2018,一軍,2018-07-13,例行賽,統一7-ELEVEn獅,xny2X,home,富邦悍將,0,3,5,0,0
gA2F4,CPBL-2018-Fq,2018,一軍,2018-07-13,例行賽,富邦悍將,Gnbsa,away,統一7-ELEVEn獅,3,0,8,0,1
DKWRa,CPBL-2018-Fq,2018,一軍,2018-07-13,例行賽,Lamigo,Eje2S,home,中信兄弟,8,5,11,0,1
DKWRa,CPBL-2018-Fq,2018,一軍,2018-07-13,例行賽,中信兄弟,pa1PZ,away,Lamigo,5,8,10,0,0
71Zq0,CPBL-2018-Fq,2018,一軍,2018-07-12,例行賽,統一7-ELEVEn獅,xny2X,home,中信兄弟,0,0,6,0,
71Zq0,CPBL-2018-Fq,2018,一軍,2018-07-12,例行賽,中信兄弟,pa1PZ,away,統一7-ELEVEn獅,0,0,6,0,
EogTA,CPBL-2018-Fq,2018,一軍,2018-07-12,例行賽,Lamigo,Eje2S,home,富邦悍將,5,3,9,0,1
EogTA,CPBL-2018-Fq,2018,一軍,2018-07-12,例行賽,富邦悍將,Gnbsa,away,Lamigo,3,5,12,0,0
LbgaG,CPBL-2018-Fq,2018,一軍,2018-06-24,例行賽,統一7-ELEVEn獅,xny2X,home,富邦悍將,10,2,11,0,1
LbgaG,CPBL-2018-Fq,2018,一軍,2018-06-24,例行賽,富邦悍將,Gnbsa,away,統一7-ELEVEn獅,2,10,6,0,0
EIt7c,CPBL-2018-Fq,2018,一軍,2018-06-23,例行賽,統一7-ELEVEn獅,xny2X,home,富邦悍將,12,9,13,0,1
EIt7c,CPBL-2018-Fq,2018,一軍,2018-06-23,例行賽,富邦悍將,Gnbsa,away,統一7-ELEVEn獅,9,12,14,0,0
gPCxS,CPBL-2018-Fq,2018,一軍,2018-06-21,例行賽,統一7-ELEVEn獅,xny2X,home,Lamigo,4,0,13,0,1
gPCxS,CPBL-2018-Fq,2018,一軍,2018-06-21,例行賽,Lamigo,Eje2S,away,統一7-ELEVEn獅,0,4,2,0,0
Shk78,CPBL-2018-Fq,2018,一軍,2018-06-19,例行賽,Lamigo,Eje2S,home,中信兄弟,9,5,15,0,1
Shk78,CPBL-2018-Fq,2018,一軍,2018-06-19,例行賽,中信兄弟,pa1PZ,away,Lamigo,5,9,11,0,0
aqXAS,CPBL-2018-Fq,2018,一軍,2018-06-19,例行賽,富邦悍將,Gnbsa,home,統一7-ELEVEn獅,10,3,11,0,1
aqXAS,CPBL-2018-Fq,2018,一軍,2018-06-19,例行賽,統一7-ELEVEn獅,xny2X,away,富邦悍將,3,10,6,0,0
QnHpp,CPBL-2018-Fq,2018,一軍,2018-06-17,例行賽,Lamigo,Eje2S,home,中信兄弟,3,1,7,0,1
QnHpp,CPBL-2018-Fq,2018,一軍,2018-06-17,例行賽,中信兄弟,pa1PZ,away,Lamigo,1,3,3,0,0
LrYSn,CPBL-2018-Fq,2018,一軍,2018-06-16,例行賽,Lamigo,Eje2S,home,中信兄弟,7,6,13,0,1
LrYSn,CPBL-2018-Fq,2018,一軍,2018-06-16,例行賽,中信兄弟,pa1PZ,away,Lamigo,6,7,10,0,0
AJYfc,CPBL-2018-Fq,2018,一軍,2018-06-15,例行賽,統一7-ELEVEn獅,xny2X,home,富邦悍將,1,12,5,0,0
AJYfc,CPBL-2018-Fq,2018,一軍,2018-06-15,例行賽,富邦悍將,Gnbsa,away,統一7-ELEVEn獅,12,1,17,0,1
4SYaO,CPBL-2018-Fq,2018,一軍,2018-06-14,例行賽,中信兄弟,pa1PZ,home,富邦悍將,3,1,6,0,1
4SYaO,CPBL-2018-Fq,2018,一軍,2018-06-14,例行賽,富邦悍將,Gnbsa,away,中信兄弟,1,3,8,0,0
QlQGq,CPBL-2018-Fq,2018,一軍,2018-06-13,例行賽,統一7-ELEVEn獅,xny2X,home,Lamigo,5,6,7,0,0
QlQGq,CPBL-2018-Fq,2018,一軍,2018-06-13,例行賽,Lamigo,Eje2S,away,統一7-ELEVEn獅,6,5,8,0,1
NJOLZ,CPBL-2018-Fq,2018,一軍,2018-06-12,例行賽,中信兄弟,pa1PZ,home,富邦悍將,9,4,11,0,1
NJOLZ,CPBL-2018-Fq,2018,一軍,2018-06-12,例行賽,富邦悍將,Gnbsa,away,中信兄弟,4,9,8,0,0
at0Ql,CPBL-2018-Fq,2018,一軍,2018-06-10,例行賽,富邦悍將,Gnbsa,home,Lamigo,1,12,6,0,0
at0Ql,CPBL-2018-Fq,2018,一軍,2018-06-10,例行賽,Lamigo,Eje2S,away,富邦悍將,12,1,18,0,1
bUy3X,CPBL-2018-Fq,2018,一軍,2018-06-10,例行賽,中信兄弟,pa1PZ,home,統一7-ELEVEn獅,6,8,13,0,0
bUy3X,CPBL-2018-Fq,2018,一軍,2018-06-10,例行賽,統一7-ELEVEn獅,xny2X,away,中信兄弟,8,6,10,0,1
Zfayv,CPBL-2018-Fq,2018,一軍,2018-06-09,例行賽,富邦悍將,Gnbsa,home,Lamigo,5,4,11,0,1
Zfayv,CPBL-2018-Fq,2018,一軍,2018-06-09,例行賽,Lamigo,Eje2S,away,富邦悍將,4,5,8,0,0
yqg9o,CPBL-2018-Fq,2018,一軍,2018-06-09,例行賽,中信兄弟,pa1PZ,home,統一7-ELEVEn獅,11,0,17,0,1
yqg9o,CPBL-2018-Fq,2018,一軍,2018-06-09,例行賽,統一7-ELEVEn獅,xny2X,away,中信兄弟,0,11,0,0,0
s1le0,CPBL-2018-Fq,2018,一軍,2018-06-08,例行賽,富邦悍將,Gnbsa,home,Lamigo,5,1,9,0,1
s1le0,CPBL-2018-Fq,2018,一軍,2018-06-08,例行賽,Lamigo,Eje2S,away,富邦悍將,1,5,7,0,0
PYWzC,CPBL-2018-Fq,2018,一軍,2018-06-08,例行賽,中信兄弟,pa1PZ,home,統一7-ELEVEn獅,7,10,9,0,0
PYWzC,CPBL-2018-Fq,2018,一軍,2018-06-08,例行賽,統一7-ELEVEn獅,xny2X,away,中信兄弟,10,7,14,0,1
sscgs,CPBL-2018-Fq,2018,一軍,2018-06-07,例行賽,富邦悍將,Gnbsa,home,統一7-ELEVEn獅,4,2,9,0,1
sscgs,CPBL-2018-Fq,2018,一軍,2018-06-07,例行賽,統一7-ELEVEn獅,xny2X,away,富邦悍將,2,4,6,0,0
Q2I6z,CPBL-2018-Fq,2018,一軍,2018-06-07,例行賽,中信兄弟,pa1PZ,home,Lamigo,6,9,11,0,0
Q2I6z,CPBL-2018-Fq,2018,一軍,2018-06-07,例行賽,Lamigo,Eje2S,away,中信兄弟,9,6,16,0,1
eqXbA,CPBL-2018-Fq,2018,一軍,2018-06-05,例行賽,中信兄弟,pa1PZ,home,Lamigo,9,4,13,0,1
eqXbA,CPBL-2018-Fq,2018,一軍,2018-06-05,例行賽,Lamigo,Eje2S,away,中信兄弟,4,9,9,0,0
Oe7TH,CPBL-2018-Fq,2018,一軍,2018-06-03,例行賽,富邦悍將,Gnbsa,home,中信兄弟,1,3,7,0,0
Oe7TH,CPBL-2018-Fq,2018,一軍,2018-06-03,例行賽,中信兄弟,pa1PZ,away,富邦悍將,3,1,14,0,1
ujeNG,CPBL-2018-Fq,2018,一軍,2018-06-03,例行賽,Lamigo,Eje2S,home,統一7-ELEVEn獅,8,2,18,0,1
ujeNG,CPBL-2018-Fq,2018,一軍,2018-06-03,例行賽,統一7-ELEVEn獅,xny2X,away,Lamigo,2,8,11,0,0
qdPi4,CPBL-2018-Fq,2018,一軍,2018-06-02,例行賽,富邦悍將,Gnbsa,home,中信兄弟,4,2,8,0,1
qdPi4,CPBL-2018-Fq,2018,一軍,2018-06-02,例行賽,中信兄弟,pa1PZ,away,富邦悍將,2,4,6,0,0
tsBzZ,CPBL-2018-Fq,2018,一軍,2018-06-02,例行賽,Lamigo,Eje2S,home,統一7-ELEVEn獅,10,9,16,0,1
tsBzZ,CPBL-2018-Fq,2018,一軍,2018-06-02,例行賽,統一7-ELEVEn獅,xny2X,away,Lamigo,9,10,13,0,0
x81bD,CPBL-2018-Fq,2018,一軍,2018-06-01,例行賽,富邦悍將,Gnbsa,home,中信兄弟,8,3,11,0,1
x81bD,CPBL-2018-Fq,2018,一軍,2018-06-01,例行賽,中信兄弟,pa1PZ,away,富邦悍將,3,8,10,0,0
nM9jM,CPBL-2018-Fq,2018,一軍,2018-06-01,例行賽,Lamigo,Eje2S,home,統一7-ELEVEn獅,2,5,11,0,0
nM9jM,CPBL-2018-Fq,2018,一軍,2018-06-01,例行賽,統一7-ELEVEn獅,xny2X,away,Lamigo,5,2,10,0,1
ey0aZ,CPBL-2018-Fq,2018,一軍,2018-05-31,例行賽,統一7-ELEVEn獅,xny2X,home,中信兄弟,9,3,9,0,1
ey0aZ,CPBL-2018-Fq,2018,一軍,2018-05-31,例行賽,中信兄弟,pa1PZ,away,統一7-ELEVEn獅,3,9,8,0,0
PbwX5,CPBL-2018-Fq,2018,一軍,2018-05-31,例行賽,Lamigo,Eje2S,home,富邦悍將,5,6,13,0,0
PbwX5,CPBL-2018-Fq,2018,一軍,2018-05-31,例行賽,富邦悍將,Gnbsa,away,Lamigo,6,5,13,0,1
UOlod,CPBL-2018-Fq,2018,一軍,2018-05-30,例行賽,統一7-ELEVEn獅,xny2X,home,中信兄弟,6,8,13,0,0
UOlod,CPBL-2018-Fq,2018,一軍,2018-05-30,例行賽,中信兄弟,pa1PZ,away,統一7-ELEVEn獅,8,6,10,0,1
RePuM,CPBL-2018-Fq,2018,一軍,2018-05-29,例行賽,Lamigo,Eje2S,home,富邦悍將,6,4,10,0,1
RePuM,CPBL-2018-Fq,2018,一軍,2018-05-29,例行賽,富邦悍將,Gnbsa,away,Lamigo,4,6,7,0,0
wH9W8,CPBL-2018-Fq,2018,一軍,2018-05-27,例行賽,統一7-ELEVEn獅,xny2X,home,Lamigo,4,9,10,0,0
wH9W8,CPBL-2018-Fq,2018,一軍,2018-05-27,例行賽,Lamigo,Eje2S,away,統一7-ELEVEn獅,9,4,12,0,1
Ez0sq,CPBL-2018-Fq,2018,一軍,2018-05-27,例行賽,中信兄弟,pa1PZ,home,富邦悍將,4,7,8,0,0
Ez0sq,CPBL-2018-Fq,2018,一軍,2018-05-27,例行賽,富邦悍將,Gnbsa,away,中信兄弟,7,4,15,0,1
deXJ6,CPBL-2018-Fq,2018,一軍,2018-05-26,例行賽,統一7-ELEVEn獅,xny2X,home,Lamigo,8,5,11,0,1
deXJ6,CPBL-2018-Fq,2018,一軍,2018-05-26,例行賽,Lamigo,Eje2S,away,統一7-ELEVEn獅,5,8,10,0,0
GvtLq,CPBL-2018-Fq,2018,一軍,2018-05-26,例行賽,中信兄弟,pa1PZ,home,富邦悍將,2,12,6,0,0
GvtLq,CPBL-2018-Fq,2018,一軍,2018-05-26,例行賽,富邦悍將,Gnbsa,away,中信兄弟,12,2,17,0,1
WNwpI,CPBL-2018-Fq,2018,一軍,2018-05-25,例行賽,統一7-ELEVEn獅,xny2X,home,Lamigo,6,0,9,0,1
WNwpI,CPBL-2018-Fq,2018,一軍,2018-05-25,例行賽,Lamigo,Eje2S,away,統一7-ELEVEn獅,0,6,7,0,0
1joXR,CPBL-2018-Fq,2018,一軍,2018-05-25,例行賽,中信兄弟,pa1PZ,home,富邦悍將,7,8,16,0,0
1joXR,CPBL-2018-Fq,2018,一軍,2018-05-25,例行賽,富邦悍將,Gnbsa,away,中信兄弟,8,7,12,0,1
ux3qJ,CPBL-2018-Fq,2018,一軍,2018-05-24,例行賽,富邦悍將,Gnbsa,home,Lamigo,8,11,15,0,0
ux3qJ,CPBL-2018-Fq,2018,一軍,2018-05-24,例行賽,Lamigo,Eje2S,away,富邦悍將,11,8,12,0,1
NFkOh,CPBL-2018-Fq,2018,一軍,2018-05-24,例行賽,中信兄弟,pa1PZ,home,統一7-ELEVEn獅,5,4,10,0,1
NFkOh,CPBL-2018-Fq,2018,一軍,2018-05-24,例行賽,統一7-ELEVEn獅,xny2X,away,中信兄弟,4,5,8,0,0
SUblH,CPBL-2018-Fq,2018,一軍,2018-05-23,例行賽,富邦悍將,Gnbsa,home,Lamigo,2,3,9,0,0
SUblH,CPBL-2018-Fq,2018,一軍,2018-05-23,例行賽,Lamigo,Eje2S,away,富邦悍將,3,2,6,0,1
z6977,CPBL-2018-Fq,2018,一軍,2018-05-22,例行賽,中信兄弟,pa1PZ,home,統一7-ELEVEn獅,1,4,6,0,0
z6977,CPBL-2018-Fq,2018,一軍,2018-05-22,例行賽,統一7-ELEVEn獅,xny2X,away,中信兄弟,4,1,10,0,1
PA1Vj,CPBL-2018-Fq,2018,一軍,2018-05-20,例行賽,中信兄弟,pa1PZ,home,Lamigo,5,4,13,0,1
PA1Vj,CPBL-2018-Fq,2018,一軍,2018-05-20,例行賽,Lamigo,Eje2S,away,中信兄弟,4,5,12,0,0
M3UQQ,CPBL-2018-Fq,2018,一軍,2018-05-20,例行賽,富邦悍將,Gnbsa,home,統一7-ELEVEn獅,4,6,10,0,0
M3UQQ,CPBL-2018-Fq,2018,一軍,2018-05-20,例行賽,統一7-ELEVEn獅,xny2X,away,富邦悍將,6,4,16,0,1
F2qo1,CPBL-2018-Fq,2018,一軍,2018-05-19,例行賽,中信兄弟,pa1PZ,home,Lamigo,13,2,15,0,1
F2qo1,CPBL-2018-Fq,2018,一軍,2018-05-19,例行賽,Lamigo,Eje2S,away,中信兄弟,2,13,8,0,0
j1o1l,CPBL-2018-Fq,2018,一軍,2018-05-19,例行賽,富邦悍將,Gnbsa,home,統一7-ELEVEn獅,5,9,13,0,0
j1o1l,CPBL-2018-Fq,2018,一軍,2018-05-19,例行賽,統一7-ELEVEn獅,xny2X,away,富邦悍將,9,5,10,0,1
ttSHB,CPBL-2018-Fq,2018,一軍,2018-05-18,例行賽,中信兄弟,pa1PZ,home,Lamigo,10,12,17,0,0
ttSHB,CPBL-2018-Fq,2018,一軍,2018-05-18,例行賽,Lamigo,Eje2S,away,中信兄弟,12,10,11,0,1
XCvKi,CPBL-2018-Fq,2018,一軍,2018-05-18,例行賽,富邦悍將,Gnbsa,home,統一7-ELEVEn獅,5,16,9,0,0
XCvKi,CPBL-2018-Fq,2018,一軍,2018-05-18,例行賽,統一7-ELEVEn獅,xny2X,away,富邦悍將,16,5,23,0,1
oIy2e,CPBL-2018-Fq,2018,一軍,2018-05-17,例行賽,Lamigo,Eje2S,home,統一7-ELEVEn獅,6,5,11,0,1
oIy2e,CPBL-2018-Fq,2018,一軍,2018-05-17,例行賽,統一7-ELEVEn獅,xny2X,away,Lamigo,5,6,7,0,0
BkbOo,CPBL-2018-Fq,2018,一軍,2018-05-17,例行賽,富邦悍將,Gnbsa,home,中信兄弟,7,10,5,0,0
BkbOo,CPBL-2018-Fq,2018,一軍,2018-05-17,例行賽,中信兄弟,pa1PZ,away,富邦悍將,10,7,16,0,1
wHvVo,CPBL-2018-Fq,2018,一軍,2018-05-16,例行賽,Lamigo,Eje2S,home,統一7-ELEVEn獅,16,2,19,0,1
wHvVo,CPBL-2018-Fq,2018,一軍,2018-05-16,例行賽,統一7-ELEVEn獅,xny2X,away,Lamigo,2,16,9,0,0
VTmuu,CPBL-2018-Fq,2018,一軍,2018-05-15,例行賽,富邦悍將,Gnbsa,home,中信兄弟,9,8,12,0,1
VTmuu,CPBL-2018-Fq,2018,一軍,2018-05-15,例行賽,中信兄弟,pa1PZ,away,富邦悍將,8,9,12,0,0
kpm4Q,CPBL-2018-Fq,2018,一軍,2018-05-13,例行賽,Lamigo,Eje2S,home,富邦悍將,15,2,14,0,1
kpm4Q,CPBL-2018-Fq,2018,一軍,2018-05-13,例行賽,富邦悍將,Gnbsa,away,Lamigo,2,15,4,0,0
iO1nE,CPBL-2018-Fq,2018,一軍,2018-05-13,例行賽,統一7-ELEVEn獅,xny2X,home,中信兄弟,7,3,11,0,1
iO1nE,CPBL-2018-Fq,2018,一軍,2018-05-13,例行賽,中信兄弟,pa1PZ,away,統一7-ELEVEn獅,3,7,9,0,0
eryVz,CPBL-2018-Fq,2018,一軍,2018-05-12,例行賽,Lamigo,Eje2S,home,富邦悍將,4,3,9,0,1
eryVz,CPBL-2018-Fq,2018,一軍,2018-05-12,例行賽,富邦悍將,Gnbsa,away,Lamigo,3,4,7,0,0
WiBXb,CPBL-2018-Fq,2018,一軍,2018-05-12,例行賽,統一7-ELEVEn獅,xny2X,home,中信兄弟,9,3,13,0,1
WiBXb,CPBL-2018-Fq,2018,一軍,2018-05-12,例行賽,中信兄弟,pa1PZ,away,統一7-ELEVEn獅,3,9,7,0,0
QhcyJ,CPBL-2018-Fq,2018,一軍,2018-05-11,例行賽,Lamigo,Eje2S,home,富邦悍將,6,10,15,0,0
QhcyJ,CPBL-2018-Fq,2018,一軍,2018-05-11,例行賽,富邦悍將,Gnbsa,away,Lamigo,10,6,14,0,1
byBIi,CPBL-2018-Fq,2018,一軍,2018-05-11,例行賽,統一7-ELEVEn獅,xny2X,home,中信兄弟,9,3,14,0,1
byBIi,CPBL-2018-Fq,2018,一軍,2018-05-11,例行賽,中信兄弟,pa1PZ,away,統一7-ELEVEn獅,3,9,10,0,0
bDkaT,CPBL-2018-Fq,2018,一軍,2018-05-10,例行賽,統一7-ELEVEn獅,xny2X,home,富邦悍將,10,1,16,0,1
bDkaT,CPBL-2018-Fq,2018,一軍,2018-05-10,例行賽,富邦悍將,Gnbsa,away,統一7-ELEVEn獅,1,10,7,0,0
kxjRL,CPBL-2018-Fq,2018,一軍,2018-05-09,例行賽,Lamigo,Eje2S,home,中信兄弟,1,2,6,0,0
kxjRL,CPBL-2018-Fq,2018,一軍,2018-05-09,例行賽,中信兄弟,pa1PZ,away,Lamigo,2,1,10,0,1
MudPP,CPBL-2018-Fq,2018,一軍,2018-05-06,例行賽,中信兄弟,pa1PZ,home,統一7-ELEVEn獅,4,9,11,0,0
MudPP,CPBL-2018-Fq,2018,一軍,2018-05-06,例行賽,統一7-ELEVEn獅,xny2X,away,中信兄弟,9,4,9,0,1
JCSR7,CPBL-2018-Fq,2018,一軍,2018-05-06,例行賽,富邦悍將,Gnbsa,home,Lamigo,2,5,8,0,0
JCSR7,CPBL-2018-Fq,2018,一軍,2018-05-06,例行賽,Lamigo,Eje2S,away,富邦悍將,5,2,8,0,1
fSOQj,CPBL-2018-Fq,2018,一軍,2018-05-05,例行賽,中信兄弟,pa1PZ,home,統一7-ELEVEn獅,10,4,10,0,1
fSOQj,CPBL-2018-Fq,2018,一軍,2018-05-05,例行賽,統一7-ELEVEn獅,xny2X,away,中信兄弟,4,10,13,0,0
TvB2m,CPBL-2018-Fq,2018,一軍,2018-05-05,例行賽,富邦悍將,Gnbsa,home,Lamigo,7,4,11,0,1
TvB2m,CPBL-2018-Fq,2018,一軍,2018-05-05,例行賽,Lamigo,Eje2S,away,富邦悍將,4,7,10,0,0
kK07a,CPBL-2018-Fq,2018,一軍,2018-05-04,例行賽,中信兄弟,pa1PZ,home,統一7-ELEVEn獅,5,4,8,0,1
kK07a,CPBL-2018-Fq,2018,一軍,2018-05-04,例行賽,統一7-ELEVEn獅,xny2X,away,中信兄弟,4,5,8,0,0
LHmWW,CPBL-2018-Fq,2018,一軍,2018-05-04,例行賽,富邦悍將,Gnbsa,home,Lamigo,10,5,18,0,1
LHmWW,CPBL-2018-Fq,2018,一軍,2018-05-04,例行賽,Lamigo,Eje2S,away,富邦悍將,5,10,10,0,0
8ywi6,CPBL-2018-Fq,2018,一軍,2018-05-03,例行賽,中信兄弟,pa1PZ,home,富邦悍將,2,4,8,0,0
8ywi6,CPBL-2018-Fq,2018,一軍,2018-05-03,例行賽,富邦悍將,Gnbsa,away,中信兄弟,4,2,9,0,1
tXahC,CPBL-2018-Fq,2018,一軍,2018-05-03,例行賽,統一7-ELEVEn獅,xny2X,home,Lamigo,2,0,7,0,1
tXahC,CPBL-2018-Fq,2018,一軍,2018-05-03,例行賽,Lamigo,Eje2S,away,統一7-ELEVEn獅,0,2,7,0,0
bdg8R,CPBL-2018-Fq,2018,一軍,2018-05-02,例行賽,中信兄弟,pa1PZ,home,富邦悍將,2,1,5,0,1
bdg8R,CPBL-2018-Fq,2018,一軍,2018-05-02,例行賽,富邦悍將,Gnbsa,away,中信兄弟,1,2,7,0,0
6nRUO,CPBL-2018-Fq,2018,一軍,2018-05-01,例行賽,統一7-ELEVEn獅,xny2X,home,Lamigo,6,5,9,0,1
6nRUO,CPBL-2018-Fq,2018,一軍,2018-05-01,例行賽,Lamigo,Eje2S,away,統一7-ELEVEn獅,5,6,9,0,0
YHbxk,CPBL-2018-Fq,2018,一軍,2018-04-29,例行賽,Lamigo,Eje2S,home,中信兄弟,5,4,8,0,1
YHbxk,CPBL-2018-Fq,2018,一軍,2018-04-29,例行賽,中信兄弟,pa1PZ,away,Lamigo,4,5,10,0,0
xA2fm,CPBL-2018-Fq,2018,一軍,2018-04-29,例行賽,統一7-ELEVEn獅,xny2X,home,富邦悍將,8,3,9,0,1
xA2fm,CPBL-2018-Fq,2018,一軍,2018-04-29,例行賽,富邦悍將,Gnbsa,away,統一7-ELEVEn獅,3,8,8,0,0
tLXI4,CPBL-2018-Fq,2018,一軍,2018-04-28,例行賽,Lamigo,Eje2S,home,中信兄弟,11,4,12,0,1
tLXI4,CPBL-2018-Fq,2018,一軍,2018-04-28,例行賽,中信兄弟,pa1PZ,away,Lamigo,4,11,6,0,0
3QvxF,CPBL-2018-Fq,2018,一軍,2018-04-28,例行賽,統一7-ELEVEn獅,xny2X,home,富邦悍將,5,1,9,0,1
3QvxF,CPBL-2018-Fq,2018,一軍,2018-04-28,例行賽,富邦悍將,Gnbsa,away,統一7-ELEVEn獅,1,5,6,0,0
009Ut,CPBL-2018-Fq,2018,一軍,2018-04-27,例行賽,Lamigo,Eje2S,home,中信兄弟,9,5,15,0,1
009Ut,CPBL-2018-Fq,2018,一軍,2018-04-27,例行賽,中信兄弟,pa1PZ,away,Lamigo,5,9,7,0,0
PgV5P,CPBL-2018-Fq,2018,一軍,2018-04-27,例行賽,統一7-ELEVEn獅,xny2X,home,富邦悍將,7,6,7,0,1
PgV5P,CPBL-2018-Fq,2018,一軍,2018-04-27,例行賽,富邦悍將,Gnbsa,away,統一7-ELEVEn獅,6,7,9,0,0
4AyNm,CPBL-2018-Fq,2018,一軍,2018-04-26,例行賽,Lamigo,Eje2S,home,富邦悍將,5,14,15,0,0
4AyNm,CPBL-2018-Fq,2018,一軍,2018-04-26,例行賽,富邦悍將,Gnbsa,away,Lamigo,14,5,19,0,1
HHGis,CPBL-2018-Fq,2018,一軍,2018-04-26,例行賽,統一7-ELEVEn獅,xny2X,home,中信兄弟,6,9,9,0,0
HHGis,CPBL-2018-Fq,2018,一軍,2018-04-26,例行賽,中信兄弟,pa1PZ,away,統一7-ELEVEn獅,9,6,8,0,1
4jErW,CPBL-2018-Fq,2018,一軍,2018-04-25,例行賽,Lamigo,Eje2S,home,富邦悍將,8,7,13,0,1
4jErW,CPBL-2018-Fq,2018,一軍,2018-04-25,例行賽,富邦悍將,Gnbsa,away,Lamigo,7,8,11,0,0
AP3w4,CPBL-2018-Fq,2018,一軍,2018-04-24,例行賽,統一7-ELEVEn獅,xny2X,home,中信兄弟,12,2,11,0,1
AP3w4,CPBL-2018-Fq,2018,一軍,2018-04-24,例行賽,中信兄弟,pa1PZ,away,統一7-ELEVEn獅,2,12,11,0,0
NFITt,CPBL-2018-Fq,2018,一軍,2018-04-22,例行賽,Lamigo,Eje2S,home,統一7-ELEVEn獅,4,5,11,0,0
NFITt,CPBL-2018-Fq,2018,一軍,2018-04-22,例行賽,統一7-ELEVEn獅,xny2X,away,Lamigo,5,4,7,0,1
SegTT,CPBL-2018-Fq,2018,一軍,2018-04-22,例行賽,富邦悍將,Gnbsa,home,中信兄弟,1,0,3,0,1
SegTT,CPBL-2018-Fq,2018,一軍,2018-04-22,例行賽,中信兄弟,pa1PZ,away,富邦悍將,0,1,7,0,0
bQpfN,CPBL-2018-Fq,2018,一軍,2018-04-21,例行賽,Lamigo,Eje2S,home,統一7-ELEVEn獅,15,14,20,0,1
bQpfN,CPBL-2018-Fq,2018,一軍,2018-04-21,例行賽,統一7-ELEVEn獅,xny2X,away,Lamigo,14,15,13,0,0
107WJ,CPBL-2018-Fq,2018,一軍,2018-04-21,例行賽,富邦悍將,Gnbsa,home,中信兄弟,4,15,10,0,0
107WJ,CPBL-2018-Fq,2018,一軍,2018-04-21,例行賽,中信兄弟,pa1PZ,away,富邦悍將,15,4,19,0,1
OUFGD,CPBL-2018-Fq,2018,一軍,2018-04-20,例行賽,Lamigo,Eje2S,home,統一7-ELEVEn獅,5,4,14,0,1
OUFGD,CPBL-2018-Fq,2018,一軍,2018-04-20,例行賽,統一7-ELEVEn獅,xny2X,away,Lamigo,4,5,10,0,0
iMbhG,CPBL-2018-Fq,2018,一軍,2018-04-20,例行賽,富邦悍將,Gnbsa,home,中信兄弟,7,2,11,0,1
iMbhG,CPBL-2018-Fq,2018,一軍,2018-04-20,例行賽,中信兄弟,pa1PZ,away,富邦悍將,2,7,6,0,0
XooPJ,CPBL-2018-Fq,2018,一軍,2018-04-19,例行賽,中信兄弟,pa1PZ,home,Lamigo,7,10,12,0,0
XooPJ,CPBL-2018-Fq,2018,一軍,2018-04-19,例行賽,Lamigo,Eje2S,away,中信兄弟,10,7,17,0,1
KFL68,CPBL-2018-Fq,2018,一軍,2018-04-19,例行賽,富邦悍將,Gnbsa,home,統一7-ELEVEn獅,0,5,3,0,0
KFL68,CPBL-2018-Fq,2018,一軍,2018-04-19,例行賽,統一7-ELEVEn獅,xny2X,away,富邦悍將,5,0,8,0,1
Z2sG4,CPBL-2018-Fq,2018,一軍,2018-04-18,例行賽,中信兄弟,pa1PZ,home,Lamigo,4,6,7,0,0
Z2sG4,CPBL-2018-Fq,2018,一軍,2018-04-18,例行賽,Lamigo,Eje2S,away,中信兄弟,6,4,12,0,1
kMu6X,CPBL-2018-Fq,2018,一軍,2018-04-17,例行賽,富邦悍將,Gnbsa,home,統一7-ELEVEn獅,3,5,5,0,0
kMu6X,CPBL-2018-Fq,2018,一軍,2018-04-17,例行賽,統一7-ELEVEn獅,xny2X,away,富邦悍將,5,3,9,0,1
VngEN,CPBL-2018-Fq,2018,一軍,2018-04-15,例行賽,中信兄弟,pa1PZ,home,富邦悍將,2,12,6,0,0
VngEN,CPBL-2018-Fq,2018,一軍,2018-04-15,例行賽,富邦悍將,Gnbsa,away,中信兄弟,12,2,9,0,1
j6jL6,CPBL-2018-Fq,2018,一軍,2018-04-15,例行賽,統一7-ELEVEn獅,xny2X,home,Lamigo,4,8,14,0,0
j6jL6,CPBL-2018-Fq,2018,一軍,2018-04-15,例行賽,Lamigo,Eje2S,away,統一7-ELEVEn獅,8,4,15,0,1
AzmpU,CPBL-2018-Fq,2018,一軍,2018-04-14,例行賽,中信兄弟,pa1PZ,home,富邦悍將,3,11,5,0,0
AzmpU,CPBL-2018-Fq,2018,一軍,2018-04-14,例行賽,富邦悍將,Gnbsa,away,中信兄弟,11,3,15,0,1
D5Bdk,CPBL-2018-Fq,2018,一軍,2018-04-14,例行賽,統一7-ELEVEn獅,xny2X,home,Lamigo,2,9,5,0,0
D5Bdk,CPBL-2018-Fq,2018,一軍,2018-04-14,例行賽,Lamigo,Eje2S,away,統一7-ELEVEn獅,9,2,14,0,1
iz83y,CPBL-2018-Fq,2018,一軍,2018-04-13,例行賽,中信兄弟,pa1PZ,home,富邦悍將,19,2,23,0,1
iz83y,CPBL-2018-Fq,2018,一軍,2018-04-13,例行賽,富邦悍將,Gnbsa,away,中信兄弟,2,19,9,0,0
bstTf,CPBL-2018-Fq,2018,一軍,2018-04-13,例行賽,統一7-ELEVEn獅,xny2X,home,Lamigo,3,6,7,0,0
bstTf,CPBL-2018-Fq,2018,一軍,2018-04-13,例行賽,Lamigo,Eje2S,away,統一7-ELEVEn獅,6,3,8,0,1
LPfO5,CPBL-2018-Fq,2018,一軍,2018-04-12,例行賽,統一7-ELEVEn獅,xny2X,home,富邦悍將,9,7,11,0,1
LPfO5,CPBL-2018-Fq,2018,一軍,2018-04-12,例行賽,富邦悍將,Gnbsa,away,統一7-ELEVEn獅,7,9,5,0,0
2S1Un,CPBL-2018-Fq,2018,一軍,2018-04-11,例行賽,統一7-ELEVEn獅,xny2X,home,富邦悍將,6,2,9,0,1
2S1Un,CPBL-2018-Fq,2018,一軍,2018-04-11,例行賽,富邦悍將,Gnbsa,away,統一7-ELEVEn獅,2,6,4,0,0
qLDMi,CPBL-2018-Fq,2018,一軍,2018-04-10,例行賽,Lamigo,Eje2S,home,中信兄弟,11,1,16,0,1
qLDMi,CPBL-2018-Fq,2018,一軍,2018-04-10,例行賽,中信兄弟,pa1PZ,away,Lamigo,1,11,5,0,0
q34rp,CPBL-2018-Fq,2018,一軍,2018-04-08,例行賽,統一7-ELEVEn獅,xny2X,home,中信兄弟,10,4,11,0,1
q34rp,CPBL-2018-Fq,2018,一軍,2018-04-08,例行賽,中信兄弟,pa1PZ,away,統一7-ELEVEn獅,4,10,9,0,0
eaz8W,CPBL-2018-Fq,2018,一軍,2018-04-08,例行賽,Lamigo,Eje2S,home,富邦悍將,9,1,11,0,1
eaz8W,CPBL-2018-Fq,2018,一軍,2018-04-08,例行賽,富邦悍將,Gnbsa,away,Lamigo,1,9,7,0,0
AkwpK,CPBL-2018-Fq,2018,一軍,2018-04-07,例行賽,統一7-ELEVEn獅,xny2X,home,中信兄弟,8,7,15,0,1
AkwpK,CPBL-2018-Fq,2018,一軍,2018-04-07,例行賽,中信兄弟,pa1PZ,away,統一7-ELEVEn獅,7,8,11,0,0
bDseq,CPBL-2018-Fq,2018,一軍,2018-04-07,例行賽,Lamigo,Eje2S,home,富邦悍將,7,11,11,0,0
bDseq,CPBL-2018-Fq,2018,一軍,2018-04-07,例行賽,富邦悍將,Gnbsa,away,Lamigo,11,7,17,0,1
IWfwY,CPBL-2018-Fq,2018,一軍,2018-04-06,例行賽,統一7-ELEVEn獅,xny2X,home,中信兄弟,2,7,4,0,0
IWfwY,CPBL-2018-Fq,2018,一軍,2018-04-06,例行賽,中信兄弟,pa1PZ,away,統一7-ELEVEn獅,7,2,11,0,1
4t1te,CPBL-2018-Fq,2018,一軍,2018-04-06,例行賽,Lamigo,Eje2S,home,富邦悍將,2,12,4,0,0
4t1te,CPBL-2018-Fq,2018,一軍,2018-04-06,例行賽,富邦悍將,Gnbsa,away,Lamigo,12,2,14,0,1
hJghG,CPBL-2018-Fq,2018,一軍,2018-04-05,例行賽,富邦悍將,Gnbsa,home,中信兄弟,7,6,10,0,1
hJghG,CPBL-2018-Fq,2018,一軍,2018-04-05,例行賽,中信兄弟,pa1PZ,away,富邦悍將,6,7,9,0,0
WMbAk,CPBL-2018-Fq,2018,一軍,2018-04-05,例行賽,Lamigo,Eje2S,home,統一7-ELEVEn獅,7,6,12,0,1
WMbAk,CPBL-2018-Fq,2018,一軍,2018-04-05,例行賽,統一7-ELEVEn獅,xny2X,away,Lamigo,6,7,11,0,0
55nVJ,CPBL-2018-Fq,2018,一軍,2018-04-04,例行賽,富邦悍將,Gnbsa,home,中信兄弟,6,0,11,0,1
55nVJ,CPBL-2018-Fq,2018,一軍,2018-04-04,例行賽,中信兄弟,pa1PZ,away,富邦悍將,0,6,3,0,0
yZcqf,CPBL-2018-Fq,2018,一軍,2018-04-03,例行賽,Lamigo,Eje2S,home,統一7-ELEVEn獅,8,7,12,0,1
yZcqf,CPBL-2018-Fq,2018,一軍,2018-04-03,例行賽,統一7-ELEVEn獅,xny2X,away,Lamigo,7,8,15,0,0
E1EOd,CPBL-2018-Fq,2018,一軍,2018-04-01,例行賽,中信兄弟,pa1PZ,home,Lamigo,2,12,7,0,0
E1EOd,CPBL-2018-Fq,2018,一軍,2018-04-01,例行賽,Lamigo,Eje2S,away,中信兄弟,12,2,16,0,1
HWG4M,CPBL-2018-Fq,2018,一軍,2018-04-01,例行賽,富邦悍將,Gnbsa,home,統一7-ELEVEn獅,0,3,7,0,0
HWG4M,CPBL-2018-Fq,2018,一軍,2018-04-01,例行賽,統一7-ELEVEn獅,xny2X,away,富邦悍將,3,0,8,0,1
wG6f4,CPBL-2018-Fq,2018,一軍,2018-03-31,例行賽,中信兄弟,pa1PZ,home,Lamigo,3,6,11,0,0
wG6f4,CPBL-2018-Fq,2018,一軍,2018-03-31,例行賽,Lamigo,Eje2S,away,中信兄弟,6,3,13,0,1
txYQC,CPBL-2018-Fq,2018,一軍,2018-03-31,例行賽,富邦悍將,Gnbsa,home,統一7-ELEVEn獅,5,0,10,0,1
txYQC,CPBL-2018-Fq,2018,一軍,2018-03-31,例行賽,統一7-ELEVEn獅,xny2X,away,富邦悍將,0,5,5,0,0
50KB7,CPBL-2018-Fq,2018,一軍,2018-03-30,例行賽,中信兄弟,pa1PZ,home,Lamigo,4,3,9,0,1
50KB7,CPBL-2018-Fq,2018,一軍,2018-03-30,例行賽,Lamigo,Eje2S,away,中信兄弟,3,4,6,0,0
JFlTv,CPBL-2018-Fq,2018,一軍,2018-03-30,例行賽,富邦悍將,Gnbsa,home,統一7-ELEVEn獅,1,3,5,0,0
JFlTv,CPBL-2018-Fq,2018,一軍,2018-03-30,例行賽,統一7-ELEVEn獅,xny2X,away,富邦悍將,3,1,8,0,1
txUyE,CPBL-2018-Fq,2018,一軍,2018-03-29,例行賽,中信兄弟,pa1PZ,home,統一7-ELEVEn獅,8,9,13,0,0
txUyE,CPBL-2018-Fq,2018,一軍,2018-03-29,例行賽,統一7-ELEVEn獅,xny2X,away,中信兄弟,9,8,15,0,1
YBhbi,CPBL-2018-Fq,2018,一軍,2018-03-29,例行賽,富邦悍將,Gnbsa,home,Lamigo,5,16,11,0,0
YBhbi,CPBL-2018-Fq,2018,一軍,2018-03-29,例行賽,Lamigo,Eje2S,away,富邦悍將,16,5,17,0,1
QaInE,CPBL-2018-Fq,2018,一軍,2018-03-28,例行賽,中信兄弟,pa1PZ,home,統一7-ELEVEn獅,6,3,9,0,1
QaInE,CPBL-2018-Fq,2018,一軍,2018-03-28,例行賽,統一7-ELEVEn獅,xny2X,away,中信兄弟,3,6,7,0,0
XnMXJ,CPBL-2018-Fq,2018,一軍,2018-03-27,例行賽,富邦悍將,Gnbsa,home,Lamigo,12,5,16,0,1
XnMXJ,CPBL-2018-Fq,2018,一軍,2018-03-27,例行賽,Lamigo,Eje2S,away,富邦悍將,5,12,15,0,0
YLGyk,CPBL-2018-Fq,2018,一軍,2018-03-25,例行賽,統一7-ELEVEn獅,xny2X,home,富邦悍將,3,1,8,0,1
YLGyk,CPBL-2018-Fq,2018,一軍,2018-03-25,例行賽,富邦悍將,Gnbsa,away,統一7-ELEVEn獅,1,3,1,0,0
q4P5t,CPBL-2018-Fq,2018,一軍,2018-03-25,例行賽,Lamigo,Eje2S,home,中信兄弟,5,1,11,0,1
q4P5t,CPBL-2018-Fq,2018,一軍,2018-03-25,例行賽,中信兄弟,pa1PZ,away,Lamigo,1,5,11,0,0
mSj6d,CPBL-2018-Fq,2018,一軍,2018-03-24,例行賽,Lamigo,Eje2S,home,中信兄弟,6,4,12,0,1
mSj6d,CPBL-2018-Fq,2018,一軍,2018-03-24,例行賽,中信兄弟,pa1PZ,away,Lamigo,4,6,11,0,0
HvxJD,CPBLmi-2026-Jn,2026,二軍,2026-05-24,例行賽,味全龍二軍,rCOyo,home,統一7-ELEVEn獅二軍,3,3,7,0,
HvxJD,CPBLmi-2026-Jn,2026,二軍,2026-05-24,例行賽,統一7-ELEVEn獅二軍,VNZYp,away,味全龍二軍,3,3,10,0,
sEVlx,CPBLmi-2026-Jn,2026,二軍,2026-05-23,例行賽,富邦悍將二軍,BdfPY,home,台鋼雄鷹二軍,3,7,8,0,0
sEVlx,CPBLmi-2026-Jn,2026,二軍,2026-05-23,例行賽,台鋼雄鷹二軍,PFPC8,away,富邦悍將二軍,7,3,14,0,1
4yDHE,CPBLmi-2026-Jn,2026,二軍,2026-05-22,例行賽,中信兄弟二軍,L8U8L,home,台鋼雄鷹二軍,3,11,9,1,0
4yDHE,CPBLmi-2026-Jn,2026,二軍,2026-05-22,例行賽,台鋼雄鷹二軍,PFPC8,away,中信兄弟二軍,11,3,12,0,1
8Houi,CPBLmi-2026-Jn,2026,二軍,2026-05-22,例行賽,富邦悍將二軍,BdfPY,home,樂天桃猿二軍,4,5,6,1,0
8Houi,CPBLmi-2026-Jn,2026,二軍,2026-05-22,例行賽,樂天桃猿二軍,vuKtM,away,富邦悍將二軍,5,4,11,1,1
2Cd8V,CPBLmi-2026-Jn,2026,二軍,2026-05-21,例行賽,中信兄弟二軍,L8U8L,home,台鋼雄鷹二軍,1,5,7,0,0
2Cd8V,CPBLmi-2026-Jn,2026,二軍,2026-05-21,例行賽,台鋼雄鷹二軍,PFPC8,away,中信兄弟二軍,5,1,10,2,1
gmKqv,CPBLmi-2026-Jn,2026,二軍,2026-05-21,例行賽,富邦悍將二軍,BdfPY,home,樂天桃猿二軍,4,10,13,0,0
gmKqv,CPBLmi-2026-Jn,2026,二軍,2026-05-21,例行賽,樂天桃猿二軍,vuKtM,away,富邦悍將二軍,10,4,11,1,1
bqWkm,CPBLmi-2026-Jn,2026,二軍,2026-05-20,例行賽,統一7-ELEVEn獅二軍,VNZYp,home,中信兄弟二軍,4,16,5,1,0
bqWkm,CPBLmi-2026-Jn,2026,二軍,2026-05-20,例行賽,中信兄弟二軍,L8U8L,away,統一7-ELEVEn獅二軍,16,4,18,1,1
C10mw,CPBLmi-2026-Jn,2026,二軍,2026-05-20,例行賽,樂天桃猿二軍,vuKtM,home,味全龍二軍,4,3,9,2,1
C10mw,CPBLmi-2026-Jn,2026,二軍,2026-05-20,例行賽,味全龍二軍,rCOyo,away,樂天桃猿二軍,3,4,8,1,0
wM9BN,CPBLmi-2026-Jn,2026,二軍,2026-05-19,例行賽,統一7-ELEVEn獅二軍,VNZYp,home,中信兄弟二軍,0,5,3,0,0
wM9BN,CPBLmi-2026-Jn,2026,二軍,2026-05-19,例行賽,中信兄弟二軍,L8U8L,away,統一7-ELEVEn獅二軍,5,0,5,0,1
sAT9Q,CPBLmi-2026-Jn,2026,二軍,2026-05-19,例行賽,樂天桃猿二軍,vuKtM,home,味全龍二軍,1,5,4,0,0
sAT9Q,CPBLmi-2026-Jn,2026,二軍,2026-05-19,例行賽,味全龍二軍,rCOyo,away,樂天桃猿二軍,5,1,7,0,1
KWIJY,CPBLmi-2026-Jn,2026,二軍,2026-05-17,例行賽,富邦悍將二軍,BdfPY,home,台鋼雄鷹二軍,4,6,7,0,0
KWIJY,CPBLmi-2026-Jn,2026,二軍,2026-05-17,例行賽,台鋼雄鷹二軍,PFPC8,away,富邦悍將二軍,6,4,8,2,1
4ZIrQ,CPBLmi-2026-Jn,2026,二軍,2026-05-16,例行賽,樂天桃猿二軍,vuKtM,home,中信兄弟二軍,3,12,8,0,0
4ZIrQ,CPBLmi-2026-Jn,2026,二軍,2026-05-16,例行賽,中信兄弟二軍,L8U8L,away,樂天桃猿二軍,12,3,14,1,1
Boupq,CPBLmi-2026-Jn,2026,二軍,2026-05-15,例行賽,統一7-ELEVEn獅二軍,VNZYp,home,樂天桃猿二軍,4,1,10,0,1
Boupq,CPBLmi-2026-Jn,2026,二軍,2026-05-15,例行賽,樂天桃猿二軍,vuKtM,away,統一7-ELEVEn獅二軍,1,4,6,2,0
zPMrM,CPBLmi-2026-Jn,2026,二軍,2026-05-15,例行賽,味全龍二軍,rCOyo,home,台鋼雄鷹二軍,6,7,10,1,0
zPMrM,CPBLmi-2026-Jn,2026,二軍,2026-05-15,例行賽,台鋼雄鷹二軍,PFPC8,away,味全龍二軍,7,6,10,2,1
IJi12,CPBLmi-2026-Jn,2026,二軍,2026-05-14,例行賽,統一7-ELEVEn獅二軍,VNZYp,home,樂天桃猿二軍,10,9,13,1,1
IJi12,CPBLmi-2026-Jn,2026,二軍,2026-05-14,例行賽,樂天桃猿二軍,vuKtM,away,統一7-ELEVEn獅二軍,9,10,12,1,0
fUd1H,CPBLmi-2026-Jn,2026,二軍,2026-05-13,例行賽,統一7-ELEVEn獅二軍,VNZYp,home,富邦悍將二軍,5,9,10,2,0
fUd1H,CPBLmi-2026-Jn,2026,二軍,2026-05-13,例行賽,富邦悍將二軍,BdfPY,away,統一7-ELEVEn獅二軍,9,5,13,0,1
nI8BZ,CPBLmi-2026-Jn,2026,二軍,2026-05-13,例行賽,味全龍二軍,rCOyo,home,中信兄弟二軍,3,4,6,3,0
nI8BZ,CPBLmi-2026-Jn,2026,二軍,2026-05-13,例行賽,中信兄弟二軍,L8U8L,away,味全龍二軍,4,3,9,2,1
Xkbhr,CPBLmi-2026-Jn,2026,二軍,2026-05-12,例行賽,統一7-ELEVEn獅二軍,VNZYp,home,富邦悍將二軍,8,5,14,0,1
Xkbhr,CPBLmi-2026-Jn,2026,二軍,2026-05-12,例行賽,富邦悍將二軍,BdfPY,away,統一7-ELEVEn獅二軍,5,8,11,0,0
lQ5KA,CPBLmi-2026-Jn,2026,二軍,2026-05-12,例行賽,味全龍二軍,rCOyo,home,中信兄弟二軍,1,4,6,1,0
lQ5KA,CPBLmi-2026-Jn,2026,二軍,2026-05-12,例行賽,中信兄弟二軍,L8U8L,away,味全龍二軍,4,1,9,1,1
B42BN,CPBLmi-2026-Jn,2026,二軍,2026-05-10,例行賽,樂天桃猿二軍,vuKtM,home,統一7-ELEVEn獅二軍,0,2,2,2,0
B42BN,CPBLmi-2026-Jn,2026,二軍,2026-05-10,例行賽,統一7-ELEVEn獅二軍,VNZYp,away,樂天桃猿二軍,2,0,8,0,1
qgqOr,CPBLmi-2026-Jn,2026,二軍,2026-05-10,例行賽,富邦悍將二軍,BdfPY,home,味全龍二軍,5,7,8,0,0
qgqOr,CPBLmi-2026-Jn,2026,二軍,2026-05-10,例行賽,味全龍二軍,rCOyo,away,富邦悍將二軍,7,5,11,2,1
mhicu,CPBLmi-2026-Jn,2026,二軍,2026-05-09,例行賽,台鋼雄鷹二軍,PFPC8,home,味全龍二軍,3,3,6,1,
mhicu,CPBLmi-2026-Jn,2026,二軍,2026-05-09,例行賽,味全龍二軍,rCOyo,away,台鋼雄鷹二軍,3,3,8,0,
OTHpw,CPBLmi-2026-Jn,2026,二軍,2026-05-08,例行賽,富邦悍將二軍,BdfPY,home,樂天桃猿二軍,6,3,4,0,1
OTHpw,CPBLmi-2026-Jn,2026,二軍,2026-05-08,例行賽,樂天桃猿二軍,vuKtM,away,富邦悍將二軍,3,6,9,3,0
la7v9,CPBLmi-2026-Jn,2026,二軍,2026-05-08,例行賽,中信兄弟二軍,L8U8L,home,統一7-ELEVEn獅二軍,8,2,9,1,1
la7v9,CPBLmi-2026-Jn,2026,二軍,2026-05-08,例行賽,統一7-ELEVEn獅二軍,VNZYp,away,中信兄弟二軍,2,8,8,1,0
kAIeX,CPBLmi-2026-Jn,2026,二軍,2026-05-07,例行賽,富邦悍將二軍,BdfPY,home,樂天桃猿二軍,2,9,5,1,0
kAIeX,CPBLmi-2026-Jn,2026,二軍,2026-05-07,例行賽,樂天桃猿二軍,vuKtM,away,富邦悍將二軍,9,2,14,0,1
tm50h,CPBLmi-2026-Jn,2026,二軍,2026-05-07,例行賽,中信兄弟二軍,L8U8L,home,統一7-ELEVEn獅二軍,6,12,10,1,0
tm50h,CPBLmi-2026-Jn,2026,二軍,2026-05-07,例行賽,統一7-ELEVEn獅二軍,VNZYp,away,中信兄弟二軍,12,6,17,1,1
ge8Jr,CPBLmi-2026-Jn,2026,二軍,2026-05-06,例行賽,台鋼雄鷹二軍,PFPC8,home,富邦悍將二軍,1,3,9,0,0
ge8Jr,CPBLmi-2026-Jn,2026,二軍,2026-05-06,例行賽,富邦悍將二軍,BdfPY,away,台鋼雄鷹二軍,3,1,5,0,1
V2PPx,CPBLmi-2026-Jn,2026,二軍,2026-05-06,例行賽,中信兄弟二軍,L8U8L,home,味全龍二軍,1,10,4,1,0
V2PPx,CPBLmi-2026-Jn,2026,二軍,2026-05-06,例行賽,味全龍二軍,rCOyo,away,中信兄弟二軍,10,1,13,0,1
MvaS1,CPBLmi-2026-Jn,2026,二軍,2026-05-05,例行賽,台鋼雄鷹二軍,PFPC8,home,富邦悍將二軍,4,4,9,0,
MvaS1,CPBLmi-2026-Jn,2026,二軍,2026-05-05,例行賽,富邦悍將二軍,BdfPY,away,台鋼雄鷹二軍,4,4,7,2,
DDU8Z,CPBLmi-2026-Jn,2026,二軍,2026-05-05,例行賽,中信兄弟二軍,L8U8L,home,味全龍二軍,10,4,11,0,1
DDU8Z,CPBLmi-2026-Jn,2026,二軍,2026-05-05,例行賽,味全龍二軍,rCOyo,away,中信兄弟二軍,4,10,11,0,0
h3en0,CPBLmi-2026-Jn,2026,二軍,2026-05-03,例行賽,富邦悍將二軍,BdfPY,home,中信兄弟二軍,7,0,12,0,1
h3en0,CPBLmi-2026-Jn,2026,二軍,2026-05-03,例行賽,中信兄弟二軍,L8U8L,away,富邦悍將二軍,0,7,5,1,0
zgYQA,CPBLmi-2026-Jn,2026,二軍,2026-05-03,例行賽,台鋼雄鷹二軍,PFPC8,home,樂天桃猿二軍,5,4,13,0,1
zgYQA,CPBLmi-2026-Jn,2026,二軍,2026-05-03,例行賽,樂天桃猿二軍,vuKtM,away,台鋼雄鷹二軍,4,5,11,0,0
1vlia,CPBLmi-2026-Jn,2026,二軍,2026-05-02,例行賽,味全龍二軍,rCOyo,home,台鋼雄鷹二軍,0,1,3,0,0
1vlia,CPBLmi-2026-Jn,2026,二軍,2026-05-02,例行賽,台鋼雄鷹二軍,PFPC8,away,味全龍二軍,1,0,8,0,1
Ai36r,CPBLmi-2026-Jn,2026,二軍,2026-05-01,例行賽,富邦悍將二軍,BdfPY,home,統一7-ELEVEn獅二軍,9,2,12,1,1
Ai36r,CPBLmi-2026-Jn,2026,二軍,2026-05-01,例行賽,統一7-ELEVEn獅二軍,VNZYp,away,富邦悍將二軍,2,9,7,1,0
h4lSR,CPBLmi-2026-Jn,2026,二軍,2026-05-01,例行賽,樂天桃猿二軍,vuKtM,home,中信兄弟二軍,2,8,5,2,0
h4lSR,CPBLmi-2026-Jn,2026,二軍,2026-05-01,例行賽,中信兄弟二軍,L8U8L,away,樂天桃猿二軍,8,2,9,0,1
CiGCs,CPBLmi-2026-Jn,2026,二軍,2026-04-29,例行賽,統一7-ELEVEn獅二軍,VNZYp,home,味全龍二軍,4,3,7,0,1
CiGCs,CPBLmi-2026-Jn,2026,二軍,2026-04-29,例行賽,味全龍二軍,rCOyo,away,統一7-ELEVEn獅二軍,3,4,7,2,0
ypFJx,CPBLmi-2026-Jn,2026,二軍,2026-04-29,例行賽,樂天桃猿二軍,vuKtM,home,台鋼雄鷹二軍,9,3,9,0,1
ypFJx,CPBLmi-2026-Jn,2026,二軍,2026-04-29,例行賽,台鋼雄鷹二軍,PFPC8,away,樂天桃猿二軍,3,9,9,0,0
BGehm,CPBLmi-2026-Jn,2026,二軍,2026-04-28,例行賽,統一7-ELEVEn獅二軍,VNZYp,home,味全龍二軍,7,11,11,2,0
BGehm,CPBLmi-2026-Jn,2026,二軍,2026-04-28,例行賽,味全龍二軍,rCOyo,away,統一7-ELEVEn獅二軍,11,7,14,2,1
Ol0z1,CPBLmi-2026-Jn,2026,二軍,2026-04-28,例行賽,樂天桃猿二軍,vuKtM,home,台鋼雄鷹二軍,0,8,4,1,0
Ol0z1,CPBLmi-2026-Jn,2026,二軍,2026-04-28,例行賽,台鋼雄鷹二軍,PFPC8,away,樂天桃猿二軍,8,0,11,0,1
n1DYn,CPBLmi-2026-Jn,2026,二軍,2026-04-26,例行賽,富邦悍將二軍,BdfPY,home,中信兄弟二軍,4,6,6,1,0
n1DYn,CPBLmi-2026-Jn,2026,二軍,2026-04-26,例行賽,中信兄弟二軍,L8U8L,away,富邦悍將二軍,6,4,13,0,1
MOtw6,CPBLmi-2026-Jn,2026,二軍,2026-04-26,例行賽,樂天桃猿二軍,vuKtM,home,味全龍二軍,1,6,3,0,0
MOtw6,CPBLmi-2026-Jn,2026,二軍,2026-04-26,例行賽,味全龍二軍,rCOyo,away,樂天桃猿二軍,6,1,11,1,1
Z9t94,CPBLmi-2026-Jn,2026,二軍,2026-04-25,例行賽,樂天桃猿二軍,vuKtM,home,統一7-ELEVEn獅二軍,3,2,7,0,1
Z9t94,CPBLmi-2026-Jn,2026,二軍,2026-04-25,例行賽,統一7-ELEVEn獅二軍,VNZYp,away,樂天桃猿二軍,2,3,6,0,0
IPInH,CPBLmi-2026-Jn,2026,二軍,2026-04-23,例行賽,中信兄弟二軍,L8U8L,home,台鋼雄鷹二軍,4,9,8,2,0
IPInH,CPBLmi-2026-Jn,2026,二軍,2026-04-23,例行賽,台鋼雄鷹二軍,PFPC8,away,中信兄弟二軍,9,4,15,0,1
FKyRH,CPBLmi-2026-Jn,2026,二軍,2026-04-23,例行賽,富邦悍將二軍,BdfPY,home,味全龍二軍,5,1,6,0,1
FKyRH,CPBLmi-2026-Jn,2026,二軍,2026-04-23,例行賽,味全龍二軍,rCOyo,away,富邦悍將二軍,1,5,6,0,0
E9oAm,CPBLmi-2026-Jn,2026,二軍,2026-04-22,例行賽,台鋼雄鷹二軍,PFPC8,home,統一7-ELEVEn獅二軍,7,10,10,2,0
E9oAm,CPBLmi-2026-Jn,2026,二軍,2026-04-22,例行賽,統一7-ELEVEn獅二軍,VNZYp,away,台鋼雄鷹二軍,10,7,16,2,1
6OSb1,CPBLmi-2026-Jn,2026,二軍,2026-04-22,例行賽,味全龍二軍,rCOyo,home,樂天桃猿二軍,8,4,11,1,1
6OSb1,CPBLmi-2026-Jn,2026,二軍,2026-04-22,例行賽,樂天桃猿二軍,vuKtM,away,味全龍二軍,4,8,10,0,0
tufYa,CPBLmi-2026-Jn,2026,二軍,2026-04-21,例行賽,台鋼雄鷹二軍,PFPC8,home,統一7-ELEVEn獅二軍,5,7,9,2,0
tufYa,CPBLmi-2026-Jn,2026,二軍,2026-04-21,例行賽,統一7-ELEVEn獅二軍,VNZYp,away,台鋼雄鷹二軍,7,5,11,1,1
1qypg,CPBLmi-2026-Jn,2026,二軍,2026-04-21,例行賽,味全龍二軍,rCOyo,home,樂天桃猿二軍,6,1,10,1,1
1qypg,CPBLmi-2026-Jn,2026,二軍,2026-04-21,例行賽,樂天桃猿二軍,vuKtM,away,味全龍二軍,1,6,5,2,0
Mv58y,CPBLmi-2026-Jn,2026,二軍,2026-04-19,例行賽,中信兄弟二軍,L8U8L,home,統一7-ELEVEn獅二軍,7,6,8,0,1
Mv58y,CPBLmi-2026-Jn,2026,二軍,2026-04-19,例行賽,統一7-ELEVEn獅二軍,VNZYp,away,中信兄弟二軍,6,7,11,2,0
ymMKZ,CPBLmi-2026-Jn,2026,二軍,2026-04-19,例行賽,富邦悍將二軍,BdfPY,home,台鋼雄鷹二軍,5,6,7,0,0
ymMKZ,CPBLmi-2026-Jn,2026,二軍,2026-04-19,例行賽,台鋼雄鷹二軍,PFPC8,away,富邦悍將二軍,6,5,12,2,1
COVS3,CPBLmi-2026-Jn,2026,二軍,2026-04-18,例行賽,統一7-ELEVEn獅二軍,VNZYp,home,中信兄弟二軍,15,8,13,0,1
COVS3,CPBLmi-2026-Jn,2026,二軍,2026-04-18,例行賽,中信兄弟二軍,L8U8L,away,統一7-ELEVEn獅二軍,8,15,11,1,0
Djof2,CPBLmi-2026-Jn,2026,二軍,2026-04-18,例行賽,味全龍二軍,rCOyo,home,富邦悍將二軍,5,7,8,0,0
Djof2,CPBLmi-2026-Jn,2026,二軍,2026-04-18,例行賽,富邦悍將二軍,BdfPY,away,味全龍二軍,7,5,9,4,1
sDFlW,CPBLmi-2026-Jn,2026,二軍,2026-04-17,例行賽,台鋼雄鷹二軍,PFPC8,home,味全龍二軍,2,9,6,1,0
sDFlW,CPBLmi-2026-Jn,2026,二軍,2026-04-17,例行賽,味全龍二軍,rCOyo,away,台鋼雄鷹二軍,9,2,14,0,1
aSLuF,CPBLmi-2026-Jn,2026,二軍,2026-04-17,例行賽,樂天桃猿二軍,vuKtM,home,富邦悍將二軍,6,9,12,0,0
aSLuF,CPBLmi-2026-Jn,2026,二軍,2026-04-17,例行賽,富邦悍將二軍,BdfPY,away,樂天桃猿二軍,9,6,10,3,1
VNhqZ,CPBLmi-2026-Jn,2026,二軍,2026-04-16,例行賽,台鋼雄鷹二軍,PFPC8,home,味全龍二軍,13,0,18,1,1
VNhqZ,CPBLmi-2026-Jn,2026,二軍,2026-04-16,例行賽,味全龍二軍,rCOyo,away,台鋼雄鷹二軍,0,13,5,4,0
84wzi,CPBLmi-2026-Jn,2026,二軍,2026-04-16,例行賽,樂天桃猿二軍,vuKtM,home,富邦悍將二軍,4,3,9,3,1
84wzi,CPBLmi-2026-Jn,2026,二軍,2026-04-16,例行賽,富邦悍將二軍,BdfPY,away,樂天桃猿二軍,3,4,6,0,0
5KHP3,CPBLmi-2026-Jn,2026,二軍,2026-04-15,例行賽,統一7-ELEVEn獅二軍,VNZYp,home,台鋼雄鷹二軍,2,9,7,3,0
5KHP3,CPBLmi-2026-Jn,2026,二軍,2026-04-15,例行賽,台鋼雄鷹二軍,PFPC8,away,統一7-ELEVEn獅二軍,9,2,11,1,1
U7bHD,CPBLmi-2026-Jn,2026,二軍,2026-04-15,例行賽,中信兄弟二軍,L8U8L,home,樂天桃猿二軍,3,20,6,3,0
U7bHD,CPBLmi-2026-Jn,2026,二軍,2026-04-15,例行賽,樂天桃猿二軍,vuKtM,away,中信兄弟二軍,20,3,18,0,1
5o9Rv,CPBLmi-2026-Jn,2026,二軍,2026-04-14,例行賽,統一7-ELEVEn獅二軍,VNZYp,home,台鋼雄鷹二軍,5,0,10,0,1
5o9Rv,CPBLmi-2026-Jn,2026,二軍,2026-04-14,例行賽,台鋼雄鷹二軍,PFPC8,away,統一7-ELEVEn獅二軍,0,5,3,1,0
jmKEE,CPBLmi-2026-Jn,2026,二軍,2026-04-14,例行賽,中信兄弟二軍,L8U8L,home,樂天桃猿二軍,6,9,13,0,0
jmKEE,CPBLmi-2026-Jn,2026,二軍,2026-04-14,例行賽,樂天桃猿二軍,vuKtM,away,中信兄弟二軍,9,6,17,2,1
KsaEH,CPBLmi-2026-Jn,2026,二軍,2026-04-12,例行賽,味全龍二軍,rCOyo,home,富邦悍將二軍,4,14,7,3,0
KsaEH,CPBLmi-2026-Jn,2026,二軍,2026-04-12,例行賽,富邦悍將二軍,BdfPY,away,味全龍二軍,14,4,17,1,1
4outb,CPBLmi-2026-Jn,2026,二軍,2026-04-11,例行賽,樂天桃猿二軍,vuKtM,home,台鋼雄鷹二軍,4,9,9,2,0
4outb,CPBLmi-2026-Jn,2026,二軍,2026-04-11,例行賽,台鋼雄鷹二軍,PFPC8,away,樂天桃猿二軍,9,4,12,2,1
1MQtK,CPBLmi-2026-Jn,2026,二軍,2026-04-10,例行賽,統一7-ELEVEn獅二軍,VNZYp,home,樂天桃猿二軍,0,1,3,0,0
1MQtK,CPBLmi-2026-Jn,2026,二軍,2026-04-10,例行賽,樂天桃猿二軍,vuKtM,away,統一7-ELEVEn獅二軍,1,0,4,1,1
QtIDJ,CPBLmi-2026-Jn,2026,二軍,2026-04-10,例行賽,中信兄弟二軍,L8U8L,home,台鋼雄鷹二軍,7,9,10,0,0
QtIDJ,CPBLmi-2026-Jn,2026,二軍,2026-04-10,例行賽,台鋼雄鷹二軍,PFPC8,away,中信兄弟二軍,9,7,11,1,1
m4UF2,CPBLmi-2026-Jn,2026,二軍,2026-04-09,例行賽,統一7-ELEVEn獅二軍,VNZYp,home,樂天桃猿二軍,5,6,11,1,0
m4UF2,CPBLmi-2026-Jn,2026,二軍,2026-04-09,例行賽,樂天桃猿二軍,vuKtM,away,統一7-ELEVEn獅二軍,6,5,10,1,1
QsC5F,CPBLmi-2026-Jn,2026,二軍,2026-04-09,例行賽,中信兄弟二軍,L8U8L,home,台鋼雄鷹二軍,2,10,5,1,0
QsC5F,CPBLmi-2026-Jn,2026,二軍,2026-04-09,例行賽,台鋼雄鷹二軍,PFPC8,away,中信兄弟二軍,10,2,17,0,1
1cicW,CPBLmi-2026-Jn,2026,二軍,2026-04-08,例行賽,統一7-ELEVEn獅二軍,VNZYp,home,富邦悍將二軍,1,2,4,0,0
1cicW,CPBLmi-2026-Jn,2026,二軍,2026-04-08,例行賽,富邦悍將二軍,BdfPY,away,統一7-ELEVEn獅二軍,2,1,4,0,1
9TJpL,CPBLmi-2026-Jn,2026,二軍,2026-04-08,例行賽,中信兄弟二軍,L8U8L,home,味全龍二軍,6,4,7,0,1
9TJpL,CPBLmi-2026-Jn,2026,二軍,2026-04-08,例行賽,味全龍二軍,rCOyo,away,中信兄弟二軍,4,6,8,0,0
Geq8P,CPBLmi-2026-Jn,2026,二軍,2026-04-07,例行賽,統一7-ELEVEn獅二軍,VNZYp,home,富邦悍將二軍,5,0,11,1,1
Geq8P,CPBLmi-2026-Jn,2026,二軍,2026-04-07,例行賽,富邦悍將二軍,BdfPY,away,統一7-ELEVEn獅二軍,0,5,3,2,0
VtXjB,CPBLmi-2026-Jn,2026,二軍,2026-04-07,例行賽,中信兄弟二軍,L8U8L,home,味全龍二軍,7,10,9,1,0
VtXjB,CPBLmi-2026-Jn,2026,二軍,2026-04-07,例行賽,味全龍二軍,rCOyo,away,中信兄弟二軍,10,7,10,1,1
xSxnV,CPBLmi-2026-Jn,2026,二軍,2026-04-05,例行賽,台鋼雄鷹二軍,PFPC8,home,樂天桃猿二軍,10,0,15,2,1
xSxnV,CPBLmi-2026-Jn,2026,二軍,2026-04-05,例行賽,樂天桃猿二軍,vuKtM,away,台鋼雄鷹二軍,0,10,4,2,0
QQvFq,CPBLmi-2026-Jn,2026,二軍,2026-04-03,例行賽,味全龍二軍,rCOyo,home,統一7-ELEVEn獅二軍,7,6,10,0,1
QQvFq,CPBLmi-2026-Jn,2026,二軍,2026-04-03,例行賽,統一7-ELEVEn獅二軍,VNZYp,away,味全龍二軍,6,7,12,0,0
93L3t,CPBLmi-2026-Jn,2026,二軍,2026-04-03,例行賽,中信兄弟二軍,L8U8L,home,富邦悍將二軍,0,7,6,1,0
93L3t,CPBLmi-2026-Jn,2026,二軍,2026-04-03,例行賽,富邦悍將二軍,BdfPY,away,中信兄弟二軍,7,0,9,1,1
xBKgM,CPBLmi-2026-Jn,2026,二軍,2026-04-02,例行賽,味全龍二軍,rCOyo,home,統一7-ELEVEn獅二軍,5,4,7,0,1
xBKgM,CPBLmi-2026-Jn,2026,二軍,2026-04-02,例行賽,統一7-ELEVEn獅二軍,VNZYp,away,味全龍二軍,4,5,9,3,0
pmGtR,CPBLmi-2026-Jn,2026,二軍,2026-04-02,例行賽,中信兄弟二軍,L8U8L,home,富邦悍將二軍,1,2,7,2,0
pmGtR,CPBLmi-2026-Jn,2026,二軍,2026-04-02,例行賽,富邦悍將二軍,BdfPY,away,中信兄弟二軍,2,1,11,2,1
OQ0uC,CPBLmi-2026-Jn,2026,二軍,2026-03-31,例行賽,樂天桃猿二軍,vuKtM,home,味全龍二軍,4,3,8,0,1
OQ0uC,CPBLmi-2026-Jn,2026,二軍,2026-03-31,例行賽,味全龍二軍,rCOyo,away,樂天桃猿二軍,3,4,5,2,0
JjnCp,CPBLmi-2026-Jn,2026,二軍,2026-03-31,例行賽,富邦悍將二軍,BdfPY,home,台鋼雄鷹二軍,4,4,8,1,
JjnCp,CPBLmi-2026-Jn,2026,二軍,2026-03-31,例行賽,台鋼雄鷹二軍,PFPC8,away,富邦悍將二軍,4,4,8,1,
yT08F,CPBLmi-2026-Jn,2026,二軍,2026-03-27,例行賽,味全龍二軍,rCOyo,home,富邦悍將二軍,4,5,11,2,0
yT08F,CPBLmi-2026-Jn,2026,二軍,2026-03-27,例行賽,富邦悍將二軍,BdfPY,away,味全龍二軍,5,4,10,1,1
BUITU,CPBLmi-2026-Jn,2026,二軍,2026-03-27,例行賽,台鋼雄鷹二軍,PFPC8,home,統一7-ELEVEn獅二軍,7,3,12,2,1
BUITU,CPBLmi-2026-Jn,2026,二軍,2026-03-27,例行賽,統一7-ELEVEn獅二軍,VNZYp,away,台鋼雄鷹二軍,3,7,8,1,0
02jLt,CPBLmi-2026-Jn,2026,二軍,2026-03-26,例行賽,味全龍二軍,rCOyo,home,富邦悍將二軍,1,4,7,2,0
02jLt,CPBLmi-2026-Jn,2026,二軍,2026-03-26,例行賽,富邦悍將二軍,BdfPY,away,味全龍二軍,4,1,8,1,1
mZybQ,CPBLmi-2026-Jn,2026,二軍,2026-03-26,例行賽,台鋼雄鷹二軍,PFPC8,home,統一7-ELEVEn獅二軍,4,1,4,0,1
mZybQ,CPBLmi-2026-Jn,2026,二軍,2026-03-26,例行賽,統一7-ELEVEn獅二軍,VNZYp,away,台鋼雄鷹二軍,1,4,8,0,0
gE6l4,CPBLmi-2025-xS,2025,二軍,2025-10-05,季後賽,富邦悍將二軍,MhOqi,home,台鋼雄鷹二軍,1,5,3,0,0
gE6l4,CPBLmi-2025-xS,2025,二軍,2025-10-05,季後賽,台鋼雄鷹二軍,51OCN,away,富邦悍將二軍,5,1,6,2,1
V1aLQ,CPBLmi-2025-xS,2025,二軍,2025-10-04,季後賽,台鋼雄鷹二軍,51OCN,home,富邦悍將二軍,6,5,7,0,1
V1aLQ,CPBLmi-2025-xS,2025,二軍,2025-10-04,季後賽,富邦悍將二軍,MhOqi,away,台鋼雄鷹二軍,5,6,10,0,0
S14Jt,CPBLmi-2025-xS,2025,二軍,2025-10-03,季後賽,台鋼雄鷹二軍,51OCN,home,富邦悍將二軍,1,2,5,0,0
S14Jt,CPBLmi-2025-xS,2025,二軍,2025-10-03,季後賽,富邦悍將二軍,MhOqi,away,台鋼雄鷹二軍,2,1,8,0,1
Jc1cD,CPBLmi-2025-xS,2025,二軍,2025-10-01,季後賽,富邦悍將二軍,MhOqi,home,台鋼雄鷹二軍,8,12,12,3,0
Jc1cD,CPBLmi-2025-xS,2025,二軍,2025-10-01,季後賽,台鋼雄鷹二軍,51OCN,away,富邦悍將二軍,12,8,12,0,1
8sXcQ,CPBLmi-2025-xS,2025,二軍,2025-09-30,季後賽,富邦悍將二軍,MhOqi,home,台鋼雄鷹二軍,5,2,12,1,1
8sXcQ,CPBLmi-2025-xS,2025,二軍,2025-09-30,季後賽,台鋼雄鷹二軍,51OCN,away,富邦悍將二軍,2,5,3,2,0
FpRqe,CPBLmi-2024-S4,2024,二軍,2024-10-07,季後賽,味全龍二軍,K6SGF,home,統一7-ELEVEn獅二軍,6,5,11,0,1
FpRqe,CPBLmi-2024-S4,2024,二軍,2024-10-07,季後賽,統一7-ELEVEn獅二軍,pvxGD,away,味全龍二軍,5,6,8,0,0
dzMZ9,CPBLmi-2024-S4,2024,二軍,2024-10-06,季後賽,味全龍二軍,K6SGF,home,統一7-ELEVEn獅二軍,5,2,9,0,1
dzMZ9,CPBLmi-2024-S4,2024,二軍,2024-10-06,季後賽,統一7-ELEVEn獅二軍,pvxGD,away,味全龍二軍,2,5,11,0,0
A1NgF,CPBLmi-2024-S4,2024,二軍,2024-10-05,季後賽,統一7-ELEVEn獅二軍,pvxGD,home,味全龍二軍,4,5,8,0,0
A1NgF,CPBLmi-2024-S4,2024,二軍,2024-10-05,季後賽,味全龍二軍,K6SGF,away,統一7-ELEVEn獅二軍,5,4,9,0,1
ie5xm,CPBLmi-2024-S4,2024,二軍,2024-10-04,季後賽,統一7-ELEVEn獅二軍,pvxGD,home,味全龍二軍,3,2,8,0,1
ie5xm,CPBLmi-2024-S4,2024,二軍,2024-10-04,季後賽,味全龍二軍,K6SGF,away,統一7-ELEVEn獅二軍,2,3,10,0,0
rX63V,CPBLmi-2024-S4,2024,二軍,2024-10-01,季後賽,味全龍二軍,K6SGF,home,統一7-ELEVEn獅二軍,0,4,5,0,0
rX63V,CPBLmi-2024-S4,2024,二軍,2024-10-01,季後賽,統一7-ELEVEn獅二軍,pvxGD,away,味全龍二軍,4,0,10,0,1
CKNkK,CPBLmi-2023-GP,2023,二軍,2023-10-14,例行賽,富邦悍將二軍,qwBXl,home,中信兄弟二軍,12,11,13,0,1
CKNkK,CPBLmi-2023-GP,2023,二軍,2023-10-14,例行賽,中信兄弟二軍,NCavq,away,富邦悍將二軍,11,12,15,0,0
oVI8s,CPBLmi-2023-GP,2023,二軍,2023-10-14,例行賽,味全龍二軍,HQ8OK,home,台鋼雄鷹,1,0,3,0,1
oVI8s,CPBLmi-2023-GP,2023,二軍,2023-10-14,例行賽,台鋼雄鷹,jnhaW,away,味全龍二軍,0,1,4,0,0
a6qXy,CPBLmi-2023-GP,2023,二軍,2023-10-12,例行賽,台鋼雄鷹,jnhaW,home,統一7-ELEVEn獅二軍,8,1,10,0,1
a6qXy,CPBLmi-2023-GP,2023,二軍,2023-10-12,例行賽,統一7-ELEVEn獅二軍,mcMYF,away,台鋼雄鷹,1,8,10,0,0
lKzre,CPBLmi-2023-GP,2023,二軍,2023-10-12,例行賽,中信兄弟二軍,NCavq,home,富邦悍將二軍,0,7,4,0,0
lKzre,CPBLmi-2023-GP,2023,二軍,2023-10-12,例行賽,富邦悍將二軍,qwBXl,away,中信兄弟二軍,7,0,10,0,1
WIYEu,CPBLmi-2023-GP,2023,二軍,2023-10-11,例行賽,味全龍二軍,HQ8OK,home,台鋼雄鷹,4,10,8,0,0
WIYEu,CPBLmi-2023-GP,2023,二軍,2023-10-11,例行賽,台鋼雄鷹,jnhaW,away,味全龍二軍,10,4,13,0,1
vfjYg,CPBLmi-2023-GP,2023,二軍,2023-10-11,例行賽,統一7-ELEVEn獅二軍,mcMYF,home,中信兄弟二軍,7,1,10,0,1
vfjYg,CPBLmi-2023-GP,2023,二軍,2023-10-11,例行賽,中信兄弟二軍,NCavq,away,統一7-ELEVEn獅二軍,1,7,7,0,0
hGDd9,CPBLmi-2023-GP,2023,二軍,2023-10-10,例行賽,台鋼雄鷹,jnhaW,home,中信兄弟二軍,11,1,12,0,1
hGDd9,CPBLmi-2023-GP,2023,二軍,2023-10-10,例行賽,中信兄弟二軍,NCavq,away,台鋼雄鷹,1,11,4,0,0
JtpjT,CPBLmi-2023-GP,2023,二軍,2023-10-10,例行賽,富邦悍將二軍,qwBXl,home,味全龍二軍,3,2,7,0,1
JtpjT,CPBLmi-2023-GP,2023,二軍,2023-10-10,例行賽,味全龍二軍,HQ8OK,away,富邦悍將二軍,2,3,9,0,0
RSrEo,CPBLmi-2023-GP,2023,二軍,2023-10-08,例行賽,台鋼雄鷹,jnhaW,home,味全龍二軍,4,5,6,0,0
RSrEo,CPBLmi-2023-GP,2023,二軍,2023-10-08,例行賽,味全龍二軍,HQ8OK,away,台鋼雄鷹,5,4,8,0,1
Hp242,CPBLmi-2023-GP,2023,二軍,2023-10-07,例行賽,富邦悍將二軍,qwBXl,home,樂天桃猿二軍,2,1,5,0,1
Hp242,CPBLmi-2023-GP,2023,二軍,2023-10-07,例行賽,樂天桃猿二軍,hIkqx,away,富邦悍將二軍,1,2,2,0,0
ridUA,CPBLmi-2023-GP,2023,二軍,2023-10-07,例行賽,中信兄弟二軍,NCavq,home,統一7-ELEVEn獅二軍,3,5,6,0,0
ridUA,CPBLmi-2023-GP,2023,二軍,2023-10-07,例行賽,統一7-ELEVEn獅二軍,mcMYF,away,中信兄弟二軍,5,3,8,0,1
fSX7D,CPBLmi-2023-GP,2023,二軍,2023-10-04,例行賽,統一7-ELEVEn獅二軍,mcMYF,home,富邦悍將二軍,6,3,11,0,1
fSX7D,CPBLmi-2023-GP,2023,二軍,2023-10-04,例行賽,富邦悍將二軍,qwBXl,away,統一7-ELEVEn獅二軍,3,6,9,0,0
Qma4D,CPBLmi-2023-GP,2023,二軍,2023-10-04,例行賽,中信兄弟二軍,NCavq,home,味全龍二軍,7,4,9,0,1
Qma4D,CPBLmi-2023-GP,2023,二軍,2023-10-04,例行賽,味全龍二軍,HQ8OK,away,中信兄弟二軍,4,7,10,0,0
sAayV,CPBLmi-2023-GP,2023,二軍,2023-10-03,例行賽,中信兄弟二軍,NCavq,home,樂天桃猿二軍,5,3,11,0,1
sAayV,CPBLmi-2023-GP,2023,二軍,2023-10-03,例行賽,樂天桃猿二軍,hIkqx,away,中信兄弟二軍,3,5,5,0,0
QiaTG,CPBLmi-2023-GP,2023,二軍,2023-10-03,例行賽,富邦悍將二軍,qwBXl,home,台鋼雄鷹,3,0,6,0,1
QiaTG,CPBLmi-2023-GP,2023,二軍,2023-10-03,例行賽,台鋼雄鷹,jnhaW,away,富邦悍將二軍,0,3,6,0,0
qI0SV,CPBLmi-2023-GP,2023,二軍,2023-09-30,例行賽,樂天桃猿二軍,hIkqx,home,富邦悍將二軍,5,2,10,0,1
qI0SV,CPBLmi-2023-GP,2023,二軍,2023-09-30,例行賽,富邦悍將二軍,qwBXl,away,樂天桃猿二軍,2,5,6,0,0
xy5bT,CPBLmi-2023-GP,2023,二軍,2023-09-30,例行賽,統一7-ELEVEn獅二軍,mcMYF,home,台鋼雄鷹,2,6,3,0,0
xy5bT,CPBLmi-2023-GP,2023,二軍,2023-09-30,例行賽,台鋼雄鷹,jnhaW,away,統一7-ELEVEn獅二軍,6,2,12,0,1
heq3g,CPBLmi-2023-GP,2023,二軍,2023-09-29,例行賽,味全龍二軍,HQ8OK,home,樂天桃猿二軍,2,3,6,0,0
heq3g,CPBLmi-2023-GP,2023,二軍,2023-09-29,例行賽,樂天桃猿二軍,hIkqx,away,味全龍二軍,3,2,9,0,1
tUFV3,CPBLmi-2023-GP,2023,二軍,2023-09-29,例行賽,台鋼雄鷹,jnhaW,home,富邦悍將二軍,4,6,6,0,0
tUFV3,CPBLmi-2023-GP,2023,二軍,2023-09-29,例行賽,富邦悍將二軍,qwBXl,away,台鋼雄鷹,6,4,10,0,1
EoKGr,CPBLmi-2023-GP,2023,二軍,2023-09-28,例行賽,味全龍二軍,HQ8OK,home,中信兄弟二軍,3,8,10,0,0
EoKGr,CPBLmi-2023-GP,2023,二軍,2023-09-28,例行賽,中信兄弟二軍,NCavq,away,味全龍二軍,8,3,14,0,1
eUHhv,CPBLmi-2023-GP,2023,二軍,2023-09-28,例行賽,台鋼雄鷹,jnhaW,home,統一7-ELEVEn獅二軍,2,4,7,0,0
eUHhv,CPBLmi-2023-GP,2023,二軍,2023-09-28,例行賽,統一7-ELEVEn獅二軍,mcMYF,away,台鋼雄鷹,4,2,6,0,1
E2VRz,CPBLmi-2023-GP,2023,二軍,2023-09-27,例行賽,樂天桃猿二軍,hIkqx,home,統一7-ELEVEn獅二軍,2,1,7,0,1
E2VRz,CPBLmi-2023-GP,2023,二軍,2023-09-27,例行賽,統一7-ELEVEn獅二軍,mcMYF,away,樂天桃猿二軍,1,2,8,0,0
1413v,CPBLmi-2023-GP,2023,二軍,2023-09-26,例行賽,樂天桃猿二軍,hIkqx,home,台鋼雄鷹,1,10,6,0,0
1413v,CPBLmi-2023-GP,2023,二軍,2023-09-26,例行賽,台鋼雄鷹,jnhaW,away,樂天桃猿二軍,10,1,12,0,1
Jn23v,CPBLmi-2023-GP,2023,二軍,2023-09-26,例行賽,富邦悍將二軍,qwBXl,home,味全龍二軍,1,2,2,0,0
Jn23v,CPBLmi-2023-GP,2023,二軍,2023-09-26,例行賽,味全龍二軍,HQ8OK,away,富邦悍將二軍,2,1,3,0,1
i2WIB,CPBLmi-2023-GP,2023,二軍,2023-09-24,例行賽,台鋼雄鷹,jnhaW,home,味全龍二軍,2,13,6,0,0
i2WIB,CPBLmi-2023-GP,2023,二軍,2023-09-24,例行賽,味全龍二軍,HQ8OK,away,台鋼雄鷹,13,2,17,0,1
ea6gh,CPBLmi-2023-GP,2023,二軍,2023-09-23,例行賽,統一7-ELEVEn獅二軍,mcMYF,home,中信兄弟二軍,0,8,1,0,0
ea6gh,CPBLmi-2023-GP,2023,二軍,2023-09-23,例行賽,中信兄弟二軍,NCavq,away,統一7-ELEVEn獅二軍,8,0,8,0,1
EaufF,CPBLmi-2023-GP,2023,二軍,2023-09-23,例行賽,台鋼雄鷹,jnhaW,home,味全龍二軍,5,4,12,0,1
EaufF,CPBLmi-2023-GP,2023,二軍,2023-09-23,例行賽,味全龍二軍,HQ8OK,away,台鋼雄鷹,4,5,11,0,0
Y4Lrc,CPBLmi-2023-GP,2023,二軍,2023-09-22,例行賽,富邦悍將二軍,qwBXl,home,統一7-ELEVEn獅二軍,4,7,6,0,0
Y4Lrc,CPBLmi-2023-GP,2023,二軍,2023-09-22,例行賽,統一7-ELEVEn獅二軍,mcMYF,away,富邦悍將二軍,7,4,8,0,1
SJxc7,CPBLmi-2023-GP,2023,二軍,2023-09-22,例行賽,樂天桃猿二軍,hIkqx,home,中信兄弟二軍,8,1,8,0,1
SJxc7,CPBLmi-2023-GP,2023,二軍,2023-09-22,例行賽,中信兄弟二軍,NCavq,away,樂天桃猿二軍,1,8,6,0,0
0nUH4,CPBLmi-2023-GP,2023,二軍,2023-09-21,例行賽,富邦悍將二軍,qwBXl,home,台鋼雄鷹,1,8,8,0,0
0nUH4,CPBLmi-2023-GP,2023,二軍,2023-09-21,例行賽,台鋼雄鷹,jnhaW,away,富邦悍將二軍,8,1,13,0,1
EVuKM,CPBLmi-2023-GP,2023,二軍,2023-09-21,例行賽,樂天桃猿二軍,hIkqx,home,味全龍二軍,3,1,7,0,1
EVuKM,CPBLmi-2023-GP,2023,二軍,2023-09-21,例行賽,味全龍二軍,HQ8OK,away,樂天桃猿二軍,1,3,6,0,0
usXPG,CPBLmi-2023-GP,2023,二軍,2023-09-20,例行賽,統一7-ELEVEn獅二軍,mcMYF,home,味全龍二軍,3,8,6,0,0
usXPG,CPBLmi-2023-GP,2023,二軍,2023-09-20,例行賽,味全龍二軍,HQ8OK,away,統一7-ELEVEn獅二軍,8,3,12,0,1
bPnnh,CPBLmi-2023-GP,2023,二軍,2023-09-20,例行賽,中信兄弟二軍,NCavq,home,台鋼雄鷹,10,3,13,0,1
bPnnh,CPBLmi-2023-GP,2023,二軍,2023-09-20,例行賽,台鋼雄鷹,jnhaW,away,中信兄弟二軍,3,10,11,0,0
l5Szc,CPBLmi-2023-GP,2023,二軍,2023-09-19,例行賽,統一7-ELEVEn獅二軍,mcMYF,home,樂天桃猿二軍,7,6,8,0,1
l5Szc,CPBLmi-2023-GP,2023,二軍,2023-09-19,例行賽,樂天桃猿二軍,hIkqx,away,統一7-ELEVEn獅二軍,6,7,9,0,0
LD13C,CPBLmi-2023-GP,2023,二軍,2023-09-19,例行賽,中信兄弟二軍,NCavq,home,富邦悍將二軍,10,10,14,0,
LD13C,CPBLmi-2023-GP,2023,二軍,2023-09-19,例行賽,富邦悍將二軍,qwBXl,away,中信兄弟二軍,10,10,10,0,
WdWJa,CPBLmi-2023-GP,2023,二軍,2023-09-17,例行賽,樂天桃猿二軍,hIkqx,home,富邦悍將二軍,5,10,11,0,0
WdWJa,CPBLmi-2023-GP,2023,二軍,2023-09-17,例行賽,富邦悍將二軍,qwBXl,away,樂天桃猿二軍,10,5,14,0,1
hgU7C,CPBLmi-2023-GP,2023,二軍,2023-09-16,例行賽,味全龍二軍,HQ8OK,home,台鋼雄鷹,0,12,6,0,0
hgU7C,CPBLmi-2023-GP,2023,二軍,2023-09-16,例行賽,台鋼雄鷹,jnhaW,away,味全龍二軍,12,0,13,0,1
84GR5,CPBLmi-2023-GP,2023,二軍,2023-09-16,例行賽,統一7-ELEVEn獅二軍,mcMYF,home,富邦悍將二軍,8,1,12,0,1
84GR5,CPBLmi-2023-GP,2023,二軍,2023-09-16,例行賽,富邦悍將二軍,qwBXl,away,統一7-ELEVEn獅二軍,1,8,7,0,0
SAa3G,CPBLmi-2023-GP,2023,二軍,2023-09-15,例行賽,中信兄弟二軍,NCavq,home,味全龍二軍,2,0,6,0,1
SAa3G,CPBLmi-2023-GP,2023,二軍,2023-09-15,例行賽,味全龍二軍,HQ8OK,away,中信兄弟二軍,0,2,3,0,0
kXlWF,CPBLmi-2023-GP,2023,二軍,2023-09-15,例行賽,統一7-ELEVEn獅二軍,mcMYF,home,台鋼雄鷹,1,6,6,0,0
kXlWF,CPBLmi-2023-GP,2023,二軍,2023-09-15,例行賽,台鋼雄鷹,jnhaW,away,統一7-ELEVEn獅二軍,6,1,12,0,1
UHzhh,CPBLmi-2023-GP,2023,二軍,2023-09-14,例行賽,中信兄弟二軍,NCavq,home,樂天桃猿二軍,7,6,15,0,1
UHzhh,CPBLmi-2023-GP,2023,二軍,2023-09-14,例行賽,樂天桃猿二軍,hIkqx,away,中信兄弟二軍,6,7,12,0,0
RZDFy,CPBLmi-2023-GP,2023,二軍,2023-09-14,例行賽,統一7-ELEVEn獅二軍,mcMYF,home,富邦悍將二軍,3,3,7,0,
RZDFy,CPBLmi-2023-GP,2023,二軍,2023-09-14,例行賽,富邦悍將二軍,qwBXl,away,統一7-ELEVEn獅二軍,3,3,11,0,
tok43,CPBLmi-2023-GP,2023,二軍,2023-09-13,例行賽,味全龍二軍,HQ8OK,home,富邦悍將二軍,0,2,4,0,0
tok43,CPBLmi-2023-GP,2023,二軍,2023-09-13,例行賽,富邦悍將二軍,qwBXl,away,味全龍二軍,2,0,8,0,1
JVQeY,CPBLmi-2023-GP,2023,二軍,2023-09-13,例行賽,台鋼雄鷹,jnhaW,home,樂天桃猿二軍,9,4,10,0,1
JVQeY,CPBLmi-2023-GP,2023,二軍,2023-09-13,例行賽,樂天桃猿二軍,hIkqx,away,台鋼雄鷹,4,9,13,0,0
zlU4u,CPBLmi-2023-GP,2023,二軍,2023-09-12,例行賽,味全龍二軍,HQ8OK,home,統一7-ELEVEn獅二軍,4,3,5,0,1
zlU4u,CPBLmi-2023-GP,2023,二軍,2023-09-12,例行賽,統一7-ELEVEn獅二軍,mcMYF,away,味全龍二軍,3,4,9,0,0
ZN7Ul,CPBLmi-2023-GP,2023,二軍,2023-09-12,例行賽,台鋼雄鷹,jnhaW,home,中信兄弟二軍,7,3,13,0,1
ZN7Ul,CPBLmi-2023-GP,2023,二軍,2023-09-12,例行賽,中信兄弟二軍,NCavq,away,台鋼雄鷹,3,7,5,0,0
rutqE,CPBLmi-2023-GP,2023,二軍,2023-09-10,例行賽,統一7-ELEVEn獅二軍,mcMYF,home,中信兄弟二軍,3,7,8,0,0
rutqE,CPBLmi-2023-GP,2023,二軍,2023-09-10,例行賽,中信兄弟二軍,NCavq,away,統一7-ELEVEn獅二軍,7,3,8,0,1
83mYN,CPBLmi-2023-GP,2023,二軍,2023-09-09,例行賽,富邦悍將二軍,qwBXl,home,樂天桃猿二軍,3,1,5,0,1
83mYN,CPBLmi-2023-GP,2023,二軍,2023-09-09,例行賽,樂天桃猿二軍,hIkqx,away,富邦悍將二軍,1,3,10,0,0
WrqL7,CPBLmi-2023-GP,2023,二軍,2023-09-09,例行賽,味全龍二軍,HQ8OK,home,中信兄弟二軍,9,5,13,0,1
WrqL7,CPBLmi-2023-GP,2023,二軍,2023-09-09,例行賽,中信兄弟二軍,NCavq,away,味全龍二軍,5,9,9,0,0
TjxC3,CPBLmi-2023-GP,2023,二軍,2023-09-08,例行賽,台鋼雄鷹,jnhaW,home,富邦悍將二軍,1,4,7,0,0
TjxC3,CPBLmi-2023-GP,2023,二軍,2023-09-08,例行賽,富邦悍將二軍,qwBXl,away,台鋼雄鷹,4,1,10,0,1
uiVGb,CPBLmi-2023-GP,2023,二軍,2023-09-08,例行賽,味全龍二軍,HQ8OK,home,樂天桃猿二軍,2,5,4,0,0
uiVGb,CPBLmi-2023-GP,2023,二軍,2023-09-08,例行賽,樂天桃猿二軍,hIkqx,away,味全龍二軍,5,2,13,0,1
HVlyS,CPBLmi-2023-GP,2023,二軍,2023-09-06,例行賽,樂天桃猿二軍,hIkqx,home,統一7-ELEVEn獅二軍,1,6,7,0,0
HVlyS,CPBLmi-2023-GP,2023,二軍,2023-09-06,例行賽,統一7-ELEVEn獅二軍,mcMYF,away,樂天桃猿二軍,6,1,7,0,1
0d9yy,CPBLmi-2023-GP,2023,二軍,2023-09-05,例行賽,富邦悍將二軍,qwBXl,home,味全龍二軍,5,2,6,0,1
0d9yy,CPBLmi-2023-GP,2023,二軍,2023-09-05,例行賽,味全龍二軍,HQ8OK,away,富邦悍將二軍,2,5,7,0,0
m5UXO,CPBLmi-2023-GP,2023,二軍,2023-09-05,例行賽,樂天桃猿二軍,hIkqx,home,台鋼雄鷹,7,8,11,0,0
m5UXO,CPBLmi-2023-GP,2023,二軍,2023-09-05,例行賽,台鋼雄鷹,jnhaW,away,樂天桃猿二軍,8,7,12,0,1
cNeBx,CPBLmi-2023-GP,2023,二軍,2023-09-02,例行賽,中信兄弟二軍,NCavq,home,統一7-ELEVEn獅二軍,5,3,10,0,1
cNeBx,CPBLmi-2023-GP,2023,二軍,2023-09-02,例行賽,統一7-ELEVEn獅二軍,mcMYF,away,中信兄弟二軍,3,5,7,0,0
XJ7gU,CPBLmi-2023-GP,2023,二軍,2023-09-02,例行賽,味全龍二軍,HQ8OK,home,富邦悍將二軍,7,8,12,0,0
XJ7gU,CPBLmi-2023-GP,2023,二軍,2023-09-02,例行賽,富邦悍將二軍,qwBXl,away,味全龍二軍,8,7,10,0,1
U8D1f,CPBLmi-2023-GP,2023,二軍,2023-09-01,例行賽,樂天桃猿二軍,hIkqx,home,中信兄弟二軍,3,6,7,0,0
U8D1f,CPBLmi-2023-GP,2023,二軍,2023-09-01,例行賽,中信兄弟二軍,NCavq,away,樂天桃猿二軍,6,3,6,0,1
wx5vR,CPBLmi-2023-GP,2023,二軍,2023-09-01,例行賽,富邦悍將二軍,qwBXl,home,統一7-ELEVEn獅二軍,5,7,12,0,0
wx5vR,CPBLmi-2023-GP,2023,二軍,2023-09-01,例行賽,統一7-ELEVEn獅二軍,mcMYF,away,富邦悍將二軍,7,5,9,0,1
QSG1n,CPBLmi-2023-GP,2023,二軍,2023-08-31,例行賽,樂天桃猿二軍,hIkqx,home,味全龍二軍,6,6,9,0,
QSG1n,CPBLmi-2023-GP,2023,二軍,2023-08-31,例行賽,味全龍二軍,HQ8OK,away,樂天桃猿二軍,6,6,5,0,
rKeFt,CPBLmi-2023-GP,2023,二軍,2023-08-31,例行賽,富邦悍將二軍,qwBXl,home,台鋼雄鷹,3,0,9,0,1
rKeFt,CPBLmi-2023-GP,2023,二軍,2023-08-31,例行賽,台鋼雄鷹,jnhaW,away,富邦悍將二軍,0,3,6,0,0
CcBF1,CPBLmi-2023-GP,2023,二軍,2023-08-30,例行賽,中信兄弟二軍,NCavq,home,台鋼雄鷹,8,1,10,0,1
CcBF1,CPBLmi-2023-GP,2023,二軍,2023-08-30,例行賽,台鋼雄鷹,jnhaW,away,中信兄弟二軍,1,8,2,0,0
vuAj7,CPBLmi-2023-GP,2023,二軍,2023-08-30,例行賽,統一7-ELEVEn獅二軍,mcMYF,home,味全龍二軍,5,2,8,0,1
vuAj7,CPBLmi-2023-GP,2023,二軍,2023-08-30,例行賽,味全龍二軍,HQ8OK,away,統一7-ELEVEn獅二軍,2,5,7,0,0
PdD8U,CPBLmi-2023-GP,2023,二軍,2023-08-29,例行賽,統一7-ELEVEn獅二軍,mcMYF,home,樂天桃猿二軍,1,4,5,0,0
PdD8U,CPBLmi-2023-GP,2023,二軍,2023-08-29,例行賽,樂天桃猿二軍,hIkqx,away,統一7-ELEVEn獅二軍,4,1,8,0,1
Lpz3W,CPBLmi-2023-GP,2023,二軍,2023-08-26,例行賽,統一7-ELEVEn獅二軍,mcMYF,home,中信兄弟二軍,3,5,9,0,0
Lpz3W,CPBLmi-2023-GP,2023,二軍,2023-08-26,例行賽,中信兄弟二軍,NCavq,away,統一7-ELEVEn獅二軍,5,3,10,0,1
naycL,CPBLmi-2023-GP,2023,二軍,2023-08-25,例行賽,統一7-ELEVEn獅二軍,mcMYF,home,台鋼雄鷹,8,6,12,0,1
naycL,CPBLmi-2023-GP,2023,二軍,2023-08-25,例行賽,台鋼雄鷹,jnhaW,away,統一7-ELEVEn獅二軍,6,8,13,0,0
Ntnuv,CPBLmi-2023-GP,2023,二軍,2023-08-25,例行賽,中信兄弟二軍,NCavq,home,味全龍二軍,1,4,6,0,0
Ntnuv,CPBLmi-2023-GP,2023,二軍,2023-08-25,例行賽,味全龍二軍,HQ8OK,away,中信兄弟二軍,4,1,4,0,1
eCK09,CPBLmi-2023-GP,2023,二軍,2023-08-24,例行賽,統一7-ELEVEn獅二軍,mcMYF,home,富邦悍將二軍,3,5,8,0,0
eCK09,CPBLmi-2023-GP,2023,二軍,2023-08-24,例行賽,富邦悍將二軍,qwBXl,away,統一7-ELEVEn獅二軍,5,3,8,0,1
nauIM,CPBLmi-2023-GP,2023,二軍,2023-08-24,例行賽,中信兄弟二軍,NCavq,home,樂天桃猿二軍,5,2,12,0,1
nauIM,CPBLmi-2023-GP,2023,二軍,2023-08-24,例行賽,樂天桃猿二軍,hIkqx,away,中信兄弟二軍,2,5,7,0,0
ww30f,CPBLmi-2023-GP,2023,二軍,2023-08-23,例行賽,台鋼雄鷹,jnhaW,home,樂天桃猿二軍,6,3,11,0,1
ww30f,CPBLmi-2023-GP,2023,二軍,2023-08-23,例行賽,樂天桃猿二軍,hIkqx,away,台鋼雄鷹,3,6,12,0,0
aBQ0C,CPBLmi-2023-GP,2023,二軍,2023-08-23,例行賽,味全龍二軍,HQ8OK,home,富邦悍將二軍,3,8,5,0,0
aBQ0C,CPBLmi-2023-GP,2023,二軍,2023-08-23,例行賽,富邦悍將二軍,qwBXl,away,味全龍二軍,8,3,12,0,1
q9Lyh,CPBLmi-2023-GP,2023,二軍,2023-08-22,例行賽,台鋼雄鷹,jnhaW,home,中信兄弟二軍,6,3,12,0,1
q9Lyh,CPBLmi-2023-GP,2023,二軍,2023-08-22,例行賽,中信兄弟二軍,NCavq,away,台鋼雄鷹,3,6,7,0,0
4pvO6,CPBLmi-2023-GP,2023,二軍,2023-08-22,例行賽,味全龍二軍,HQ8OK,home,統一7-ELEVEn獅二軍,3,6,11,0,0
4pvO6,CPBLmi-2023-GP,2023,二軍,2023-08-22,例行賽,統一7-ELEVEn獅二軍,mcMYF,away,味全龍二軍,6,3,12,0,1
rKAOw,CPBLmi-2023-GP,2023,二軍,2023-08-20,例行賽,樂天桃猿二軍,hIkqx,home,中信兄弟二軍,2,0,9,0,1
rKAOw,CPBLmi-2023-GP,2023,二軍,2023-08-20,例行賽,中信兄弟二軍,NCavq,away,樂天桃猿二軍,0,2,7,0,0
KBHSr,CPBLmi-2023-GP,2023,二軍,2023-08-19,例行賽,台鋼雄鷹,jnhaW,home,富邦悍將二軍,0,1,6,0,0
KBHSr,CPBLmi-2023-GP,2023,二軍,2023-08-19,例行賽,富邦悍將二軍,qwBXl,away,台鋼雄鷹,1,0,5,0,1
otA2Q,CPBLmi-2023-GP,2023,二軍,2023-08-19,例行賽,中信兄弟二軍,NCavq,home,統一7-ELEVEn獅二軍,5,1,16,0,1
otA2Q,CPBLmi-2023-GP,2023,二軍,2023-08-19,例行賽,統一7-ELEVEn獅二軍,mcMYF,away,中信兄弟二軍,1,5,2,0,0
LUXHq,CPBLmi-2023-GP,2023,二軍,2023-08-18,例行賽,味全龍二軍,HQ8OK,home,台鋼雄鷹,4,8,9,0,0
LUXHq,CPBLmi-2023-GP,2023,二軍,2023-08-18,例行賽,台鋼雄鷹,jnhaW,away,味全龍二軍,8,4,13,0,1
4ek3h,CPBLmi-2023-GP,2023,二軍,2023-08-18,例行賽,統一7-ELEVEn獅二軍,mcMYF,home,富邦悍將二軍,5,2,9,0,1
4ek3h,CPBLmi-2023-GP,2023,二軍,2023-08-18,例行賽,富邦悍將二軍,qwBXl,away,統一7-ELEVEn獅二軍,2,5,6,0,0
8Mz8Y,CPBLmi-2023-GP,2023,二軍,2023-08-17,例行賽,味全龍二軍,HQ8OK,home,樂天桃猿二軍,13,7,18,0,1
8Mz8Y,CPBLmi-2023-GP,2023,二軍,2023-08-17,例行賽,樂天桃猿二軍,hIkqx,away,味全龍二軍,7,13,16,0,0
Y6quF,CPBLmi-2023-GP,2023,二軍,2023-08-16,例行賽,富邦悍將二軍,qwBXl,home,樂天桃猿二軍,6,6,10,0,
Y6quF,CPBLmi-2023-GP,2023,二軍,2023-08-16,例行賽,樂天桃猿二軍,hIkqx,away,富邦悍將二軍,6,6,14,0,
m7lgM,CPBLmi-2023-GP,2023,二軍,2023-08-15,例行賽,台鋼雄鷹,jnhaW,home,統一7-ELEVEn獅二軍,9,2,13,0,1
m7lgM,CPBLmi-2023-GP,2023,二軍,2023-08-15,例行賽,統一7-ELEVEn獅二軍,mcMYF,away,台鋼雄鷹,2,9,10,0,0
aN1d3,CPBLmi-2023-GP,2023,二軍,2023-08-13,例行賽,統一7-ELEVEn獅二軍,mcMYF,home,味全龍二軍,2,9,4,0,0
aN1d3,CPBLmi-2023-GP,2023,二軍,2023-08-13,例行賽,味全龍二軍,HQ8OK,away,統一7-ELEVEn獅二軍,9,2,14,0,1
AQDXy,CPBLmi-2023-GP,2023,二軍,2023-08-12,例行賽,中信兄弟二軍,NCavq,home,樂天桃猿二軍,1,4,6,0,0
AQDXy,CPBLmi-2023-GP,2023,二軍,2023-08-12,例行賽,樂天桃猿二軍,hIkqx,away,中信兄弟二軍,4,1,8,0,1
HEnpN,CPBLmi-2023-GP,2023,二軍,2023-08-12,例行賽,富邦悍將二軍,qwBXl,home,味全龍二軍,3,2,7,0,1
HEnpN,CPBLmi-2023-GP,2023,二軍,2023-08-12,例行賽,味全龍二軍,HQ8OK,away,富邦悍將二軍,2,3,4,0,0
icB1A,CPBLmi-2023-GP,2023,二軍,2023-08-11,例行賽,富邦悍將二軍,qwBXl,home,中信兄弟二軍,3,4,8,0,0
icB1A,CPBLmi-2023-GP,2023,二軍,2023-08-11,例行賽,中信兄弟二軍,NCavq,away,富邦悍將二軍,4,3,7,0,1
JdGyE,CPBLmi-2023-GP,2023,二軍,2023-08-11,例行賽,台鋼雄鷹,jnhaW,home,樂天桃猿二軍,15,14,20,0,1
JdGyE,CPBLmi-2023-GP,2023,二軍,2023-08-11,例行賽,樂天桃猿二軍,hIkqx,away,台鋼雄鷹,14,15,18,0,0
44jOj,CPBLmi-2023-GP,2023,二軍,2023-08-10,例行賽,富邦悍將二軍,qwBXl,home,統一7-ELEVEn獅二軍,3,0,6,0,1
44jOj,CPBLmi-2023-GP,2023,二軍,2023-08-10,例行賽,統一7-ELEVEn獅二軍,mcMYF,away,富邦悍將二軍,0,3,7,0,0
fF6aK,CPBLmi-2023-GP,2023,二軍,2023-08-10,例行賽,台鋼雄鷹,jnhaW,home,味全龍二軍,4,3,8,0,1
fF6aK,CPBLmi-2023-GP,2023,二軍,2023-08-10,例行賽,味全龍二軍,HQ8OK,away,台鋼雄鷹,3,4,8,0,0
PkPqf,CPBLmi-2023-GP,2023,二軍,2023-08-09,例行賽,中信兄弟二軍,NCavq,home,味全龍二軍,2,3,7,0,0
PkPqf,CPBLmi-2023-GP,2023,二軍,2023-08-09,例行賽,味全龍二軍,HQ8OK,away,中信兄弟二軍,3,2,11,0,1
rkm0O,CPBLmi-2023-GP,2023,二軍,2023-08-09,例行賽,樂天桃猿二軍,hIkqx,home,統一7-ELEVEn獅二軍,4,6,9,0,0
rkm0O,CPBLmi-2023-GP,2023,二軍,2023-08-09,例行賽,統一7-ELEVEn獅二軍,mcMYF,away,樂天桃猿二軍,6,4,9,0,1
A2HmN,CPBLmi-2023-GP,2023,二軍,2023-08-08,例行賽,中信兄弟二軍,NCavq,home,台鋼雄鷹,3,11,8,0,0
A2HmN,CPBLmi-2023-GP,2023,二軍,2023-08-08,例行賽,台鋼雄鷹,jnhaW,away,中信兄弟二軍,11,3,13,0,1
e1WpH,CPBLmi-2023-GP,2023,二軍,2023-08-08,例行賽,樂天桃猿二軍,hIkqx,home,富邦悍將二軍,3,6,13,0,0
e1WpH,CPBLmi-2023-GP,2023,二軍,2023-08-08,例行賽,富邦悍將二軍,qwBXl,away,樂天桃猿二軍,6,3,11,0,1
htuNz,CPBLmi-2023-GP,2023,二軍,2023-08-06,例行賽,台鋼雄鷹,jnhaW,home,富邦悍將二軍,7,6,16,0,1
htuNz,CPBLmi-2023-GP,2023,二軍,2023-08-06,例行賽,富邦悍將二軍,qwBXl,away,台鋼雄鷹,6,7,11,0,0
bVdCT,CPBLmi-2023-GP,2023,二軍,2023-08-05,例行賽,味全龍二軍,HQ8OK,home,統一7-ELEVEn獅二軍,8,5,11,0,1
bVdCT,CPBLmi-2023-GP,2023,二軍,2023-08-05,例行賽,統一7-ELEVEn獅二軍,mcMYF,away,味全龍二軍,5,8,9,0,0
KyRaM,CPBLmi-2023-GP,2023,二軍,2023-08-05,例行賽,中信兄弟二軍,NCavq,home,富邦悍將二軍,3,7,8,0,0
KyRaM,CPBLmi-2023-GP,2023,二軍,2023-08-05,例行賽,富邦悍將二軍,qwBXl,away,中信兄弟二軍,7,3,11,0,1
Gj5gW,CPBLmi-2023-GP,2023,二軍,2023-08-04,例行賽,樂天桃猿二軍,hIkqx,home,味全龍二軍,5,10,10,0,0
Gj5gW,CPBLmi-2023-GP,2023,二軍,2023-08-04,例行賽,味全龍二軍,HQ8OK,away,樂天桃猿二軍,10,5,13,0,1
UIrP5,CPBLmi-2023-GP,2023,二軍,2023-08-03,例行賽,樂天桃猿二軍,hIkqx,home,台鋼雄鷹,5,7,10,0,0
UIrP5,CPBLmi-2023-GP,2023,二軍,2023-08-03,例行賽,台鋼雄鷹,jnhaW,away,樂天桃猿二軍,7,5,11,0,1
bdJN7,CPBLmi-2023-GP,2023,二軍,2023-08-03,例行賽,中信兄弟二軍,NCavq,home,富邦悍將二軍,6,10,11,0,0
bdJN7,CPBLmi-2023-GP,2023,二軍,2023-08-03,例行賽,富邦悍將二軍,qwBXl,away,中信兄弟二軍,10,6,13,0,1
ewzdj,CPBLmi-2023-GP,2023,二軍,2023-08-02,例行賽,味全龍二軍,HQ8OK,home,富邦悍將二軍,6,1,11,0,1
ewzdj,CPBLmi-2023-GP,2023,二軍,2023-08-02,例行賽,富邦悍將二軍,qwBXl,away,味全龍二軍,1,6,6,0,0
9815D,CPBLmi-2023-GP,2023,二軍,2023-08-02,例行賽,統一7-ELEVEn獅二軍,mcMYF,home,台鋼雄鷹,8,1,9,0,1
9815D,CPBLmi-2023-GP,2023,二軍,2023-08-02,例行賽,台鋼雄鷹,jnhaW,away,統一7-ELEVEn獅二軍,1,8,4,0,0
mwBjh,CPBLmi-2023-GP,2023,二軍,2023-08-01,例行賽,味全龍二軍,HQ8OK,home,中信兄弟二軍,5,5,8,0,
mwBjh,CPBLmi-2023-GP,2023,二軍,2023-08-01,例行賽,中信兄弟二軍,NCavq,away,味全龍二軍,5,5,11,0,
Gz5FJ,CPBLmi-2023-GP,2023,二軍,2023-08-01,例行賽,統一7-ELEVEn獅二軍,mcMYF,home,樂天桃猿二軍,3,1,11,0,1
Gz5FJ,CPBLmi-2023-GP,2023,二軍,2023-08-01,例行賽,樂天桃猿二軍,hIkqx,away,統一7-ELEVEn獅二軍,1,3,7,0,0
kBnmY,CPBLmi-2023-GP,2023,二軍,2023-07-27,例行賽,味全龍二軍,HQ8OK,home,樂天桃猿二軍,11,9,16,0,1
kBnmY,CPBLmi-2023-GP,2023,二軍,2023-07-27,例行賽,樂天桃猿二軍,hIkqx,away,味全龍二軍,9,11,13,0,0
ontiy,CPBLmi-2023-GP,2023,二軍,2023-07-26,例行賽,富邦悍將二軍,qwBXl,home,樂天桃猿二軍,4,9,11,0,0
ontiy,CPBLmi-2023-GP,2023,二軍,2023-07-26,例行賽,樂天桃猿二軍,hIkqx,away,富邦悍將二軍,9,4,12,0,1
lhL6J,CPBLmi-2023-GP,2023,二軍,2023-07-26,例行賽,台鋼雄鷹,jnhaW,home,中信兄弟二軍,2,1,8,0,1
lhL6J,CPBLmi-2023-GP,2023,二軍,2023-07-26,例行賽,中信兄弟二軍,NCavq,away,台鋼雄鷹,1,2,4,0,0
DLABU,CPBLmi-2023-GP,2023,二軍,2023-07-25,例行賽,富邦悍將二軍,qwBXl,home,味全龍二軍,4,4,9,0,
DLABU,CPBLmi-2023-GP,2023,二軍,2023-07-25,例行賽,味全龍二軍,HQ8OK,away,富邦悍將二軍,4,4,9,0,
LlWZv,CPBLmi-2023-GP,2023,二軍,2023-07-25,例行賽,台鋼雄鷹,jnhaW,home,統一7-ELEVEn獅二軍,4,5,11,0,0
LlWZv,CPBLmi-2023-GP,2023,二軍,2023-07-25,例行賽,統一7-ELEVEn獅二軍,mcMYF,away,台鋼雄鷹,5,4,11,0,1
6Uaq8,CPBLmi-2023-GP,2023,二軍,2023-07-23,例行賽,味全龍二軍,HQ8OK,home,統一7-ELEVEn獅二軍,2,9,9,0,0
6Uaq8,CPBLmi-2023-GP,2023,二軍,2023-07-23,例行賽,統一7-ELEVEn獅二軍,mcMYF,away,味全龍二軍,9,2,14,0,1
xUi5v,CPBLmi-2023-GP,2023,二軍,2023-07-22,例行賽,樂天桃猿二軍,hIkqx,home,中信兄弟二軍,6,3,9,0,1
xUi5v,CPBLmi-2023-GP,2023,二軍,2023-07-22,例行賽,中信兄弟二軍,NCavq,away,樂天桃猿二軍,3,6,5,0,0
6AQW2,CPBLmi-2023-GP,2023,二軍,2023-07-22,例行賽,味全龍二軍,HQ8OK,home,富邦悍將二軍,6,5,15,0,1
6AQW2,CPBLmi-2023-GP,2023,二軍,2023-07-22,例行賽,富邦悍將二軍,qwBXl,away,味全龍二軍,5,6,10,0,0
lhn4h,CPBLmi-2023-GP,2023,二軍,2023-07-21,例行賽,台鋼雄鷹,jnhaW,home,樂天桃猿二軍,7,3,17,0,1
lhn4h,CPBLmi-2023-GP,2023,二軍,2023-07-21,例行賽,樂天桃猿二軍,hIkqx,away,台鋼雄鷹,3,7,8,0,0
Y3wJZ,CPBLmi-2023-GP,2023,二軍,2023-07-21,例行賽,富邦悍將二軍,qwBXl,home,中信兄弟二軍,2,8,5,0,0
Y3wJZ,CPBLmi-2023-GP,2023,二軍,2023-07-21,例行賽,中信兄弟二軍,NCavq,away,富邦悍將二軍,8,2,15,0,1
iiXCf,CPBLmi-2023-GP,2023,二軍,2023-07-20,例行賽,富邦悍將二軍,qwBXl,home,統一7-ELEVEn獅二軍,3,0,4,0,1
iiXCf,CPBLmi-2023-GP,2023,二軍,2023-07-20,例行賽,統一7-ELEVEn獅二軍,mcMYF,away,富邦悍將二軍,0,3,7,0,0
8wkbS,CPBLmi-2023-GP,2023,二軍,2023-07-19,例行賽,樂天桃猿二軍,hIkqx,home,統一7-ELEVEn獅二軍,0,2,2,0,0
8wkbS,CPBLmi-2023-GP,2023,二軍,2023-07-19,例行賽,統一7-ELEVEn獅二軍,mcMYF,away,樂天桃猿二軍,2,0,6,0,1
1oepR,CPBLmi-2023-GP,2023,二軍,2023-07-18,例行賽,樂天桃猿二軍,hIkqx,home,富邦悍將二軍,1,0,6,0,1
1oepR,CPBLmi-2023-GP,2023,二軍,2023-07-18,例行賽,富邦悍將二軍,qwBXl,away,樂天桃猿二軍,0,1,5,0,0
Bq8Cx,CPBLmi-2023-GP,2023,二軍,2023-07-18,例行賽,中信兄弟二軍,NCavq,home,台鋼雄鷹,2,3,7,0,0
Bq8Cx,CPBLmi-2023-GP,2023,二軍,2023-07-18,例行賽,台鋼雄鷹,jnhaW,away,中信兄弟二軍,3,2,12,0,1
Mvpja,CPBLmi-2023-GP,2023,二軍,2023-07-16,例行賽,富邦悍將二軍,qwBXl,home,台鋼雄鷹,6,3,12,0,1
Mvpja,CPBLmi-2023-GP,2023,二軍,2023-07-16,例行賽,台鋼雄鷹,jnhaW,away,富邦悍將二軍,3,6,14,0,0
Pm5ZF,CPBLmi-2023-GP,2023,二軍,2023-07-15,例行賽,統一7-ELEVEn獅二軍,mcMYF,home,味全龍二軍,5,1,7,0,1
Pm5ZF,CPBLmi-2023-GP,2023,二軍,2023-07-15,例行賽,味全龍二軍,HQ8OK,away,統一7-ELEVEn獅二軍,1,5,6,0,0
GoUT3,CPBLmi-2023-GP,2023,二軍,2023-07-14,例行賽,中信兄弟二軍,NCavq,home,統一7-ELEVEn獅二軍,5,3,7,0,1
GoUT3,CPBLmi-2023-GP,2023,二軍,2023-07-14,例行賽,統一7-ELEVEn獅二軍,mcMYF,away,中信兄弟二軍,3,5,8,0,0
ejaEs,CPBLmi-2023-GP,2023,二軍,2023-07-14,例行賽,樂天桃猿二軍,hIkqx,home,味全龍二軍,1,1,5,0,
ejaEs,CPBLmi-2023-GP,2023,二軍,2023-07-14,例行賽,味全龍二軍,HQ8OK,away,樂天桃猿二軍,1,1,4,0,
3mWu6,CPBLmi-2023-GP,2023,二軍,2023-07-13,例行賽,樂天桃猿二軍,hIkqx,home,台鋼雄鷹,4,2,8,0,1
3mWu6,CPBLmi-2023-GP,2023,二軍,2023-07-13,例行賽,台鋼雄鷹,jnhaW,away,樂天桃猿二軍,2,4,7,0,0
RaZ8G,CPBLmi-2023-GP,2023,二軍,2023-07-11,例行賽,統一7-ELEVEn獅二軍,mcMYF,home,樂天桃猿二軍,0,4,3,0,0
RaZ8G,CPBLmi-2023-GP,2023,二軍,2023-07-11,例行賽,樂天桃猿二軍,hIkqx,away,統一7-ELEVEn獅二軍,4,0,11,0,1
qnr4C,CPBLmi-2023-GP,2023,二軍,2023-07-11,例行賽,味全龍二軍,HQ8OK,home,中信兄弟二軍,1,9,2,0,0
qnr4C,CPBLmi-2023-GP,2023,二軍,2023-07-11,例行賽,中信兄弟二軍,NCavq,away,味全龍二軍,9,1,14,0,1
foBBz,CPBLmi-2023-GP,2023,二軍,2023-07-09,例行賽,中信兄弟二軍,NCavq,home,富邦悍將二軍,4,9,8,0,0
foBBz,CPBLmi-2023-GP,2023,二軍,2023-07-09,例行賽,富邦悍將二軍,qwBXl,away,中信兄弟二軍,9,4,15,0,1
6V914,CPBLmi-2023-GP,2023,二軍,2023-07-08,例行賽,台鋼雄鷹,jnhaW,home,統一7-ELEVEn獅二軍,3,2,8,0,1
6V914,CPBLmi-2023-GP,2023,二軍,2023-07-08,例行賽,統一7-ELEVEn獅二軍,mcMYF,away,台鋼雄鷹,2,3,3,0,0
CW9U2,CPBLmi-2023-GP,2023,二軍,2023-07-07,例行賽,樂天桃猿二軍,hIkqx,home,台鋼雄鷹,4,1,8,0,1
CW9U2,CPBLmi-2023-GP,2023,二軍,2023-07-07,例行賽,台鋼雄鷹,jnhaW,away,樂天桃猿二軍,1,4,7,0,0
twEfT,CPBLmi-2023-GP,2023,二軍,2023-07-07,例行賽,味全龍二軍,HQ8OK,home,統一7-ELEVEn獅二軍,3,13,9,0,0
twEfT,CPBLmi-2023-GP,2023,二軍,2023-07-07,例行賽,統一7-ELEVEn獅二軍,mcMYF,away,味全龍二軍,13,3,14,0,1
gnmTZ,CPBLmi-2023-GP,2023,二軍,2023-07-06,例行賽,樂天桃猿二軍,hIkqx,home,中信兄弟二軍,1,13,7,0,0
gnmTZ,CPBLmi-2023-GP,2023,二軍,2023-07-06,例行賽,中信兄弟二軍,NCavq,away,樂天桃猿二軍,13,1,15,0,1
DFYHN,CPBLmi-2023-GP,2023,二軍,2023-07-06,例行賽,味全龍二軍,HQ8OK,home,富邦悍將二軍,3,9,12,0,0
DFYHN,CPBLmi-2023-GP,2023,二軍,2023-07-06,例行賽,富邦悍將二軍,qwBXl,away,味全龍二軍,9,3,10,0,1
BPwvH,CPBLmi-2023-GP,2023,二軍,2023-07-05,例行賽,台鋼雄鷹,jnhaW,home,富邦悍將二軍,0,6,3,0,0
BPwvH,CPBLmi-2023-GP,2023,二軍,2023-07-05,例行賽,富邦悍將二軍,qwBXl,away,台鋼雄鷹,6,0,12,0,1
wCKdW,CPBLmi-2023-GP,2023,二軍,2023-07-05,例行賽,統一7-ELEVEn獅二軍,mcMYF,home,中信兄弟二軍,5,18,10,0,0
wCKdW,CPBLmi-2023-GP,2023,二軍,2023-07-05,例行賽,中信兄弟二軍,NCavq,away,統一7-ELEVEn獅二軍,18,5,18,0,1
ATS1k,CPBLmi-2023-GP,2023,二軍,2023-07-04,例行賽,台鋼雄鷹,jnhaW,home,味全龍二軍,2,4,3,0,0
ATS1k,CPBLmi-2023-GP,2023,二軍,2023-07-04,例行賽,味全龍二軍,HQ8OK,away,台鋼雄鷹,4,2,7,0,1
6Wiuf,CPBLmi-2023-GP,2023,二軍,2023-07-04,例行賽,統一7-ELEVEn獅二軍,mcMYF,home,樂天桃猿二軍,5,11,7,0,0
6Wiuf,CPBLmi-2023-GP,2023,二軍,2023-07-04,例行賽,樂天桃猿二軍,hIkqx,away,統一7-ELEVEn獅二軍,11,5,14,0,1
iALrY,CPBLmi-2023-GP,2023,二軍,2023-07-02,例行賽,味全龍二軍,HQ8OK,home,樂天桃猿二軍,4,7,7,0,0
iALrY,CPBLmi-2023-GP,2023,二軍,2023-07-02,例行賽,樂天桃猿二軍,hIkqx,away,味全龍二軍,7,4,10,0,1
WHjtB,CPBLmi-2023-GP,2023,二軍,2023-07-01,例行賽,富邦悍將二軍,qwBXl,home,中信兄弟二軍,4,0,6,0,1
WHjtB,CPBLmi-2023-GP,2023,二軍,2023-07-01,例行賽,中信兄弟二軍,NCavq,away,富邦悍將二軍,0,4,2,0,0
tyza9,CPBLmi-2023-GP,2023,二軍,2023-06-30,例行賽,台鋼雄鷹,jnhaW,home,中信兄弟二軍,6,1,12,0,1
tyza9,CPBLmi-2023-GP,2023,二軍,2023-06-30,例行賽,中信兄弟二軍,NCavq,away,台鋼雄鷹,1,6,6,0,0
mHkkA,CPBLmi-2023-GP,2023,二軍,2023-06-29,例行賽,統一7-ELEVEn獅二軍,mcMYF,home,味全龍二軍,1,4,5,0,0
mHkkA,CPBLmi-2023-GP,2023,二軍,2023-06-29,例行賽,味全龍二軍,HQ8OK,away,統一7-ELEVEn獅二軍,4,1,10,0,1
371ql,CPBLmi-2023-GP,2023,二軍,2023-06-29,例行賽,台鋼雄鷹,jnhaW,home,樂天桃猿二軍,5,4,8,0,1
371ql,CPBLmi-2023-GP,2023,二軍,2023-06-29,例行賽,樂天桃猿二軍,hIkqx,away,台鋼雄鷹,4,5,7,0,0
7uS1g,CPBLmi-2023-GP,2023,二軍,2023-06-28,例行賽,富邦悍將二軍,qwBXl,home,樂天桃猿二軍,2,6,5,0,0
7uS1g,CPBLmi-2023-GP,2023,二軍,2023-06-28,例行賽,樂天桃猿二軍,hIkqx,away,富邦悍將二軍,6,2,13,0,1
CFCWR,CPBLmi-2023-GP,2023,二軍,2023-06-28,例行賽,中信兄弟二軍,NCavq,home,味全龍二軍,5,4,13,0,1
CFCWR,CPBLmi-2023-GP,2023,二軍,2023-06-28,例行賽,味全龍二軍,HQ8OK,away,中信兄弟二軍,4,5,10,0,0
I8Mq2,CPBLmi-2023-GP,2023,二軍,2023-06-27,例行賽,富邦悍將二軍,qwBXl,home,台鋼雄鷹,5,13,7,0,0
I8Mq2,CPBLmi-2023-GP,2023,二軍,2023-06-27,例行賽,台鋼雄鷹,jnhaW,away,富邦悍將二軍,13,5,17,0,1
LZX0o,CPBLmi-2023-GP,2023,二軍,2023-06-27,例行賽,中信兄弟二軍,NCavq,home,統一7-ELEVEn獅二軍,3,2,9,0,1
LZX0o,CPBLmi-2023-GP,2023,二軍,2023-06-27,例行賽,統一7-ELEVEn獅二軍,mcMYF,away,中信兄弟二軍,2,3,6,0,0
NJ9rL,CPBLmi-2023-GP,2023,二軍,2023-06-25,例行賽,台鋼雄鷹,jnhaW,home,統一7-ELEVEn獅二軍,8,6,14,0,1
NJ9rL,CPBLmi-2023-GP,2023,二軍,2023-06-25,例行賽,統一7-ELEVEn獅二軍,mcMYF,away,台鋼雄鷹,6,8,13,0,0
kTPZf,CPBLmi-2023-GP,2023,二軍,2023-06-24,例行賽,樂天桃猿二軍,hIkqx,home,味全龍二軍,8,6,8,0,1
kTPZf,CPBLmi-2023-GP,2023,二軍,2023-06-24,例行賽,味全龍二軍,HQ8OK,away,樂天桃猿二軍,6,8,9,0,0
qLbO2,CPBLmi-2023-GP,2023,二軍,2023-06-23,例行賽,中信兄弟二軍,NCavq,home,樂天桃猿二軍,5,3,5,0,1
qLbO2,CPBLmi-2023-GP,2023,二軍,2023-06-23,例行賽,樂天桃猿二軍,hIkqx,away,中信兄弟二軍,3,5,12,0,0
GTxUV,CPBLmi-2023-GP,2023,二軍,2023-06-23,例行賽,富邦悍將二軍,qwBXl,home,味全龍二軍,4,5,10,0,0
GTxUV,CPBLmi-2023-GP,2023,二軍,2023-06-23,例行賽,味全龍二軍,HQ8OK,away,富邦悍將二軍,5,4,10,0,1
4na5v,CPBLmi-2023-GP,2023,二軍,2023-06-22,例行賽,中信兄弟二軍,NCavq,home,台鋼雄鷹,8,5,9,0,1
4na5v,CPBLmi-2023-GP,2023,二軍,2023-06-22,例行賽,台鋼雄鷹,jnhaW,away,中信兄弟二軍,5,8,11,0,0
v4XST,CPBLmi-2023-GP,2023,二軍,2023-06-22,例行賽,富邦悍將二軍,qwBXl,home,統一7-ELEVEn獅二軍,0,7,4,0,0
v4XST,CPBLmi-2023-GP,2023,二軍,2023-06-22,例行賽,統一7-ELEVEn獅二軍,mcMYF,away,富邦悍將二軍,7,0,13,0,1
0MIqw,CPBLmi-2023-GP,2023,二軍,2023-06-21,例行賽,樂天桃猿二軍,hIkqx,home,統一7-ELEVEn獅二軍,0,8,3,0,0
0MIqw,CPBLmi-2023-GP,2023,二軍,2023-06-21,例行賽,統一7-ELEVEn獅二軍,mcMYF,away,樂天桃猿二軍,8,0,8,0,1
vof3b,CPBLmi-2023-GP,2023,二軍,2023-06-21,例行賽,味全龍二軍,HQ8OK,home,台鋼雄鷹,6,4,16,0,1
vof3b,CPBLmi-2023-GP,2023,二軍,2023-06-21,例行賽,台鋼雄鷹,jnhaW,away,味全龍二軍,4,6,8,0,0
hdusO,CPBLmi-2023-GP,2023,二軍,2023-06-20,例行賽,樂天桃猿二軍,hIkqx,home,富邦悍將二軍,1,5,1,0,0
hdusO,CPBLmi-2023-GP,2023,二軍,2023-06-20,例行賽,富邦悍將二軍,qwBXl,away,樂天桃猿二軍,5,1,7,0,1
XEJUG,CPBLmi-2023-GP,2023,二軍,2023-06-20,例行賽,味全龍二軍,HQ8OK,home,中信兄弟二軍,3,4,8,0,0
XEJUG,CPBLmi-2023-GP,2023,二軍,2023-06-20,例行賽,中信兄弟二軍,NCavq,away,味全龍二軍,4,3,8,0,1
DAq2S,CPBLmi-2023-GP,2023,二軍,2023-06-04,例行賽,富邦悍將二軍,qwBXl,home,中信兄弟二軍,1,3,6,0,0
DAq2S,CPBLmi-2023-GP,2023,二軍,2023-06-04,例行賽,中信兄弟二軍,NCavq,away,富邦悍將二軍,3,1,4,0,1
LVEBh,CPBLmi-2023-GP,2023,二軍,2023-06-03,例行賽,統一7-ELEVEn獅二軍,mcMYF,home,台鋼雄鷹,9,1,6,0,1
LVEBh,CPBLmi-2023-GP,2023,二軍,2023-06-03,例行賽,台鋼雄鷹,jnhaW,away,統一7-ELEVEn獅二軍,1,9,4,0,0
aqUyT,CPBLmi-2023-GP,2023,二軍,2023-06-02,例行賽,味全龍二軍,HQ8OK,home,統一7-ELEVEn獅二軍,4,4,13,0,
aqUyT,CPBLmi-2023-GP,2023,二軍,2023-06-02,例行賽,統一7-ELEVEn獅二軍,mcMYF,away,味全龍二軍,4,4,9,0,
GWDKm,CPBLmi-2023-GP,2023,二軍,2023-06-02,例行賽,樂天桃猿二軍,hIkqx,home,台鋼雄鷹,2,2,3,0,
GWDKm,CPBLmi-2023-GP,2023,二軍,2023-06-02,例行賽,台鋼雄鷹,jnhaW,away,樂天桃猿二軍,2,2,4,0,
DyRg7,CPBLmi-2023-GP,2023,二軍,2023-06-01,例行賽,味全龍二軍,HQ8OK,home,富邦悍將二軍,5,2,10,0,1
DyRg7,CPBLmi-2023-GP,2023,二軍,2023-06-01,例行賽,富邦悍將二軍,qwBXl,away,味全龍二軍,2,5,7,0,0
omF98,CPBLmi-2023-GP,2023,二軍,2023-06-01,例行賽,樂天桃猿二軍,hIkqx,home,中信兄弟二軍,6,4,10,0,1
omF98,CPBLmi-2023-GP,2023,二軍,2023-06-01,例行賽,中信兄弟二軍,NCavq,away,樂天桃猿二軍,4,6,8,0,0
J9suR,CPBLmi-2023-GP,2023,二軍,2023-05-31,例行賽,台鋼雄鷹,jnhaW,home,富邦悍將二軍,4,9,10,0,0
J9suR,CPBLmi-2023-GP,2023,二軍,2023-05-31,例行賽,富邦悍將二軍,qwBXl,away,台鋼雄鷹,9,4,13,0,1
GNVf5,CPBLmi-2023-GP,2023,二軍,2023-05-30,例行賽,統一7-ELEVEn獅二軍,mcMYF,home,樂天桃猿二軍,3,6,6,0,0
GNVf5,CPBLmi-2023-GP,2023,二軍,2023-05-30,例行賽,樂天桃猿二軍,hIkqx,away,統一7-ELEVEn獅二軍,6,3,10,0,1
oQgMP,CPBLmi-2023-GP,2023,二軍,2023-05-30,例行賽,台鋼雄鷹,jnhaW,home,味全龍二軍,3,4,5,0,0
oQgMP,CPBLmi-2023-GP,2023,二軍,2023-05-30,例行賽,味全龍二軍,HQ8OK,away,台鋼雄鷹,4,3,5,0,1
yqtWu,CPBLmi-2023-GP,2023,二軍,2023-05-28,例行賽,樂天桃猿二軍,hIkqx,home,味全龍二軍,1,4,4,0,0
yqtWu,CPBLmi-2023-GP,2023,二軍,2023-05-28,例行賽,味全龍二軍,HQ8OK,away,樂天桃猿二軍,4,1,8,0,1
7oa7k,CPBLmi-2023-GP,2023,二軍,2023-05-27,例行賽,中信兄弟二軍,NCavq,home,富邦悍將二軍,3,12,11,0,0
7oa7k,CPBLmi-2023-GP,2023,二軍,2023-05-27,例行賽,富邦悍將二軍,qwBXl,away,中信兄弟二軍,12,3,16,0,1
ndQpV,CPBLmi-2023-GP,2023,二軍,2023-05-26,例行賽,台鋼雄鷹,jnhaW,home,中信兄弟二軍,3,10,7,0,0
ndQpV,CPBLmi-2023-GP,2023,二軍,2023-05-26,例行賽,中信兄弟二軍,NCavq,away,台鋼雄鷹,10,3,12,0,1
hMeOH,CPBLmi-2023-GP,2023,二軍,2023-05-26,例行賽,統一7-ELEVEn獅二軍,mcMYF,home,富邦悍將二軍,4,7,7,0,0
hMeOH,CPBLmi-2023-GP,2023,二軍,2023-05-26,例行賽,富邦悍將二軍,qwBXl,away,統一7-ELEVEn獅二軍,7,4,12,0,1
I1FRd,CPBLmi-2023-GP,2023,二軍,2023-05-25,例行賽,台鋼雄鷹,jnhaW,home,樂天桃猿二軍,8,6,14,0,1
I1FRd,CPBLmi-2023-GP,2023,二軍,2023-05-25,例行賽,樂天桃猿二軍,hIkqx,away,台鋼雄鷹,6,8,11,0,0
G8CMn,CPBLmi-2023-GP,2023,二軍,2023-05-25,例行賽,統一7-ELEVEn獅二軍,mcMYF,home,味全龍二軍,10,4,16,0,1
G8CMn,CPBLmi-2023-GP,2023,二軍,2023-05-25,例行賽,味全龍二軍,HQ8OK,away,統一7-ELEVEn獅二軍,4,10,10,0,0
MtI7t,CPBLmi-2023-GP,2023,二軍,2023-05-24,例行賽,中信兄弟二軍,NCavq,home,味全龍二軍,6,8,12,0,0
MtI7t,CPBLmi-2023-GP,2023,二軍,2023-05-24,例行賽,味全龍二軍,HQ8OK,away,中信兄弟二軍,8,6,13,0,1
VQxnl,CPBLmi-2023-GP,2023,二軍,2023-05-24,例行賽,富邦悍將二軍,qwBXl,home,樂天桃猿二軍,7,5,10,0,1
VQxnl,CPBLmi-2023-GP,2023,二軍,2023-05-24,例行賽,樂天桃猿二軍,hIkqx,away,富邦悍將二軍,5,7,8,0,0
2xCbK,CPBLmi-2023-GP,2023,二軍,2023-05-23,例行賽,富邦悍將二軍,qwBXl,home,台鋼雄鷹,4,7,7,0,0
2xCbK,CPBLmi-2023-GP,2023,二軍,2023-05-23,例行賽,台鋼雄鷹,jnhaW,away,富邦悍將二軍,7,4,13,0,1
8QnZO,CPBLmi-2023-GP,2023,二軍,2023-05-21,例行賽,統一7-ELEVEn獅二軍,mcMYF,home,台鋼雄鷹,6,3,9,0,1
8QnZO,CPBLmi-2023-GP,2023,二軍,2023-05-21,例行賽,台鋼雄鷹,jnhaW,away,統一7-ELEVEn獅二軍,3,6,11,0,0
riOq6,CPBLmi-2023-GP,2023,二軍,2023-05-20,例行賽,味全龍二軍,HQ8OK,home,樂天桃猿二軍,7,6,11,0,1
riOq6,CPBLmi-2023-GP,2023,二軍,2023-05-20,例行賽,樂天桃猿二軍,hIkqx,away,味全龍二軍,6,7,8,0,0
xfIlv,CPBLmi-2023-GP,2023,二軍,2023-05-19,例行賽,中信兄弟二軍,NCavq,home,樂天桃猿二軍,4,0,9,0,1
xfIlv,CPBLmi-2023-GP,2023,二軍,2023-05-19,例行賽,樂天桃猿二軍,hIkqx,away,中信兄弟二軍,0,4,4,0,0
UmajQ,CPBLmi-2023-GP,2023,二軍,2023-05-18,例行賽,富邦悍將二軍,qwBXl,home,統一7-ELEVEn獅二軍,4,7,10,0,0
UmajQ,CPBLmi-2023-GP,2023,二軍,2023-05-18,例行賽,統一7-ELEVEn獅二軍,mcMYF,away,富邦悍將二軍,7,4,14,0,1
2fpwO,CPBLmi-2023-GP,2023,二軍,2023-05-18,例行賽,中信兄弟二軍,NCavq,home,台鋼雄鷹,6,4,7,0,1
2fpwO,CPBLmi-2023-GP,2023,二軍,2023-05-18,例行賽,台鋼雄鷹,jnhaW,away,中信兄弟二軍,4,6,6,0,0
7e4yx,CPBLmi-2023-GP,2023,二軍,2023-05-17,例行賽,味全龍二軍,HQ8OK,home,台鋼雄鷹,7,5,13,0,1
7e4yx,CPBLmi-2023-GP,2023,二軍,2023-05-17,例行賽,台鋼雄鷹,jnhaW,away,味全龍二軍,5,7,13,0,0
KQQse,CPBLmi-2023-GP,2023,二軍,2023-05-17,例行賽,樂天桃猿二軍,hIkqx,home,統一7-ELEVEn獅二軍,2,1,6,0,1
KQQse,CPBLmi-2023-GP,2023,二軍,2023-05-17,例行賽,統一7-ELEVEn獅二軍,mcMYF,away,樂天桃猿二軍,1,2,4,0,0
DxpEJ,CPBLmi-2023-GP,2023,二軍,2023-05-16,例行賽,味全龍二軍,HQ8OK,home,中信兄弟二軍,6,0,7,0,1
DxpEJ,CPBLmi-2023-GP,2023,二軍,2023-05-16,例行賽,中信兄弟二軍,NCavq,away,味全龍二軍,0,6,4,0,0
5CEaQ,CPBLmi-2023-GP,2023,二軍,2023-05-16,例行賽,樂天桃猿二軍,hIkqx,home,富邦悍將二軍,8,7,11,0,1
5CEaQ,CPBLmi-2023-GP,2023,二軍,2023-05-16,例行賽,富邦悍將二軍,qwBXl,away,樂天桃猿二軍,7,8,11,0,0
Zr0eN,CPBLmi-2023-GP,2023,二軍,2023-05-14,例行賽,台鋼雄鷹,jnhaW,home,中信兄弟二軍,4,3,7,0,1
Zr0eN,CPBLmi-2023-GP,2023,二軍,2023-05-14,例行賽,中信兄弟二軍,NCavq,away,台鋼雄鷹,3,4,8,0,0
alIbB,CPBLmi-2023-GP,2023,二軍,2023-05-13,例行賽,統一7-ELEVEn獅二軍,mcMYF,home,樂天桃猿二軍,2,4,3,0,0
alIbB,CPBLmi-2023-GP,2023,二軍,2023-05-13,例行賽,樂天桃猿二軍,hIkqx,away,統一7-ELEVEn獅二軍,4,2,9,0,1
dJZ4a,CPBLmi-2023-GP,2023,二軍,2023-05-13,例行賽,富邦悍將二軍,qwBXl,home,台鋼雄鷹,11,1,12,0,1
dJZ4a,CPBLmi-2023-GP,2023,二軍,2023-05-13,例行賽,台鋼雄鷹,jnhaW,away,富邦悍將二軍,1,11,6,0,0
4Zriu,CPBLmi-2023-GP,2023,二軍,2023-05-12,例行賽,富邦悍將二軍,qwBXl,home,統一7-ELEVEn獅二軍,1,3,6,0,0
4Zriu,CPBLmi-2023-GP,2023,二軍,2023-05-12,例行賽,統一7-ELEVEn獅二軍,mcMYF,away,富邦悍將二軍,3,1,11,0,1
BCTV5,CPBLmi-2023-GP,2023,二軍,2023-05-12,例行賽,味全龍二軍,HQ8OK,home,樂天桃猿二軍,1,6,4,0,0
BCTV5,CPBLmi-2023-GP,2023,二軍,2023-05-12,例行賽,樂天桃猿二軍,hIkqx,away,味全龍二軍,6,1,12,0,1
JhE1k,CPBLmi-2023-GP,2023,二軍,2023-05-11,例行賽,富邦悍將二軍,qwBXl,home,台鋼雄鷹,9,2,10,0,1
JhE1k,CPBLmi-2023-GP,2023,二軍,2023-05-11,例行賽,台鋼雄鷹,jnhaW,away,富邦悍將二軍,2,9,7,0,0
Kg1Zt,CPBLmi-2023-GP,2023,二軍,2023-05-11,例行賽,味全龍二軍,HQ8OK,home,中信兄弟二軍,3,0,4,0,1
Kg1Zt,CPBLmi-2023-GP,2023,二軍,2023-05-11,例行賽,中信兄弟二軍,NCavq,away,味全龍二軍,0,3,4,0,0
WYObe,CPBLmi-2023-GP,2023,二軍,2023-05-10,例行賽,統一7-ELEVEn獅二軍,mcMYF,home,中信兄弟二軍,2,8,5,0,0
WYObe,CPBLmi-2023-GP,2023,二軍,2023-05-10,例行賽,中信兄弟二軍,NCavq,away,統一7-ELEVEn獅二軍,8,2,13,0,1
rFkBR,CPBLmi-2023-GP,2023,二軍,2023-05-10,例行賽,樂天桃猿二軍,hIkqx,home,台鋼雄鷹,8,10,12,0,0
rFkBR,CPBLmi-2023-GP,2023,二軍,2023-05-10,例行賽,台鋼雄鷹,jnhaW,away,樂天桃猿二軍,10,8,9,0,1
k1oLZ,CPBLmi-2023-GP,2023,二軍,2023-05-09,例行賽,統一7-ELEVEn獅二軍,mcMYF,home,味全龍二軍,8,11,4,0,0
k1oLZ,CPBLmi-2023-GP,2023,二軍,2023-05-09,例行賽,味全龍二軍,HQ8OK,away,統一7-ELEVEn獅二軍,11,8,12,0,1
CxpBO,CPBLmi-2023-GP,2023,二軍,2023-05-09,例行賽,樂天桃猿二軍,hIkqx,home,富邦悍將二軍,3,1,8,0,1
CxpBO,CPBLmi-2023-GP,2023,二軍,2023-05-09,例行賽,富邦悍將二軍,qwBXl,away,樂天桃猿二軍,1,3,5,0,0
Trw7K,CPBLmi-2023-GP,2023,二軍,2023-05-06,例行賽,中信兄弟二軍,NCavq,home,台鋼雄鷹,5,0,8,0,1
Trw7K,CPBLmi-2023-GP,2023,二軍,2023-05-06,例行賽,台鋼雄鷹,jnhaW,away,中信兄弟二軍,0,5,6,0,0
EEYfR,CPBLmi-2023-GP,2023,二軍,2023-05-05,例行賽,樂天桃猿二軍,hIkqx,home,中信兄弟二軍,7,2,8,0,1
EEYfR,CPBLmi-2023-GP,2023,二軍,2023-05-05,例行賽,中信兄弟二軍,NCavq,away,樂天桃猿二軍,2,7,6,0,0
GB8Cn,CPBLmi-2023-GP,2023,二軍,2023-05-05,例行賽,統一7-ELEVEn獅二軍,mcMYF,home,台鋼雄鷹,11,7,13,0,1
GB8Cn,CPBLmi-2023-GP,2023,二軍,2023-05-05,例行賽,台鋼雄鷹,jnhaW,away,統一7-ELEVEn獅二軍,7,11,9,0,0
hRecV,CPBLmi-2023-GP,2023,二軍,2023-05-04,例行賽,樂天桃猿二軍,hIkqx,home,味全龍二軍,4,11,9,0,0
hRecV,CPBLmi-2023-GP,2023,二軍,2023-05-04,例行賽,味全龍二軍,HQ8OK,away,樂天桃猿二軍,11,4,17,0,1
CfZBu,CPBLmi-2023-GP,2023,二軍,2023-05-04,例行賽,統一7-ELEVEn獅二軍,mcMYF,home,富邦悍將二軍,2,2,4,0,
CfZBu,CPBLmi-2023-GP,2023,二軍,2023-05-04,例行賽,富邦悍將二軍,qwBXl,away,統一7-ELEVEn獅二軍,2,2,4,0,
ajpOJ,CPBLmi-2023-GP,2023,二軍,2023-05-03,例行賽,中信兄弟二軍,NCavq,home,富邦悍將二軍,4,5,8,0,0
ajpOJ,CPBLmi-2023-GP,2023,二軍,2023-05-03,例行賽,富邦悍將二軍,qwBXl,away,中信兄弟二軍,5,4,9,0,1
BMfRd,CPBLmi-2023-GP,2023,二軍,2023-05-03,例行賽,台鋼雄鷹,jnhaW,home,味全龍二軍,0,2,2,0,0
BMfRd,CPBLmi-2023-GP,2023,二軍,2023-05-03,例行賽,味全龍二軍,HQ8OK,away,台鋼雄鷹,2,0,8,0,1
shJeu,CPBLmi-2023-GP,2023,二軍,2023-05-02,例行賽,中信兄弟二軍,NCavq,home,統一7-ELEVEn獅二軍,0,8,5,0,0
shJeu,CPBLmi-2023-GP,2023,二軍,2023-05-02,例行賽,統一7-ELEVEn獅二軍,mcMYF,away,中信兄弟二軍,8,0,13,0,1
zI7Wm,CPBLmi-2023-GP,2023,二軍,2023-05-02,例行賽,台鋼雄鷹,jnhaW,home,樂天桃猿二軍,5,4,9,0,1
zI7Wm,CPBLmi-2023-GP,2023,二軍,2023-05-02,例行賽,樂天桃猿二軍,hIkqx,away,台鋼雄鷹,4,5,8,0,0
LROOx,CPBLmi-2023-GP,2023,二軍,2023-04-30,例行賽,統一7-ELEVEn獅二軍,mcMYF,home,樂天桃猿二軍,5,14,7,0,0
LROOx,CPBLmi-2023-GP,2023,二軍,2023-04-30,例行賽,樂天桃猿二軍,hIkqx,away,統一7-ELEVEn獅二軍,14,5,12,0,1
Ih0R1,CPBLmi-2023-GP,2023,二軍,2023-04-29,例行賽,富邦悍將二軍,qwBXl,home,味全龍二軍,3,0,3,0,1
Ih0R1,CPBLmi-2023-GP,2023,二軍,2023-04-29,例行賽,味全龍二軍,HQ8OK,away,富邦悍將二軍,0,3,5,0,0
HNZDm,CPBLmi-2023-GP,2023,二軍,2023-04-28,例行賽,台鋼雄鷹,jnhaW,home,富邦悍將二軍,0,2,3,0,0
HNZDm,CPBLmi-2023-GP,2023,二軍,2023-04-28,例行賽,富邦悍將二軍,qwBXl,away,台鋼雄鷹,2,0,6,0,1
DsSRY,CPBLmi-2023-GP,2023,二軍,2023-04-28,例行賽,中信兄弟二軍,NCavq,home,味全龍二軍,7,8,10,0,0
DsSRY,CPBLmi-2023-GP,2023,二軍,2023-04-28,例行賽,味全龍二軍,HQ8OK,away,中信兄弟二軍,8,7,14,0,1
srNMg,CPBLmi-2023-GP,2023,二軍,2023-04-27,例行賽,台鋼雄鷹,jnhaW,home,統一7-ELEVEn獅二軍,3,3,6,0,
srNMg,CPBLmi-2023-GP,2023,二軍,2023-04-27,例行賽,統一7-ELEVEn獅二軍,mcMYF,away,台鋼雄鷹,3,3,11,0,
GT4ye,CPBLmi-2023-GP,2023,二軍,2023-04-27,例行賽,中信兄弟二軍,NCavq,home,樂天桃猿二軍,6,7,12,0,0
GT4ye,CPBLmi-2023-GP,2023,二軍,2023-04-27,例行賽,樂天桃猿二軍,hIkqx,away,中信兄弟二軍,7,6,9,0,1
1MBOE,CPBLmi-2023-GP,2023,二軍,2023-04-26,例行賽,富邦悍將二軍,qwBXl,home,樂天桃猿二軍,4,3,8,0,1
1MBOE,CPBLmi-2023-GP,2023,二軍,2023-04-26,例行賽,樂天桃猿二軍,hIkqx,away,富邦悍將二軍,3,4,11,0,0
WPvhR,CPBLmi-2023-GP,2023,二軍,2023-04-26,例行賽,味全龍二軍,HQ8OK,home,統一7-ELEVEn獅二軍,0,4,5,0,0
WPvhR,CPBLmi-2023-GP,2023,二軍,2023-04-26,例行賽,統一7-ELEVEn獅二軍,mcMYF,away,味全龍二軍,4,0,6,0,1
5Kn5b,CPBLmi-2023-GP,2023,二軍,2023-04-25,例行賽,富邦悍將二軍,qwBXl,home,中信兄弟二軍,3,2,6,0,1
5Kn5b,CPBLmi-2023-GP,2023,二軍,2023-04-25,例行賽,中信兄弟二軍,NCavq,away,富邦悍將二軍,2,3,10,0,0
m2rZD,CPBLmi-2023-GP,2023,二軍,2023-04-25,例行賽,味全龍二軍,HQ8OK,home,台鋼雄鷹,4,3,11,0,1
m2rZD,CPBLmi-2023-GP,2023,二軍,2023-04-25,例行賽,台鋼雄鷹,jnhaW,away,味全龍二軍,3,4,9,0,0
EJHlA,CPBLmi-2023-GP,2023,二軍,2023-04-23,例行賽,中信兄弟二軍,NCavq,home,台鋼雄鷹,2,2,9,0,
EJHlA,CPBLmi-2023-GP,2023,二軍,2023-04-23,例行賽,台鋼雄鷹,jnhaW,away,中信兄弟二軍,2,2,9,0,
N0NJN,CPBLmi-2023-GP,2023,二軍,2023-04-22,例行賽,樂天桃猿二軍,hIkqx,home,統一7-ELEVEn獅二軍,2,3,5,0,0
N0NJN,CPBLmi-2023-GP,2023,二軍,2023-04-22,例行賽,統一7-ELEVEn獅二軍,mcMYF,away,樂天桃猿二軍,3,2,8,0,1
YTeh0,CPBLmi-2023-GP,2023,二軍,2023-04-21,例行賽,味全龍二軍,HQ8OK,home,樂天桃猿二軍,3,3,6,0,
YTeh0,CPBLmi-2023-GP,2023,二軍,2023-04-21,例行賽,樂天桃猿二軍,hIkqx,away,味全龍二軍,3,3,6,0,
qFxiT,CPBLmi-2023-GP,2023,二軍,2023-04-21,例行賽,富邦悍將二軍,qwBXl,home,統一7-ELEVEn獅二軍,5,4,9,0,1
qFxiT,CPBLmi-2023-GP,2023,二軍,2023-04-21,例行賽,統一7-ELEVEn獅二軍,mcMYF,away,富邦悍將二軍,4,5,5,0,0
ofvlF,CPBLmi-2023-GP,2023,二軍,2023-04-19,例行賽,樂天桃猿二軍,hIkqx,home,台鋼雄鷹,3,3,6,0,
ofvlF,CPBLmi-2023-GP,2023,二軍,2023-04-19,例行賽,台鋼雄鷹,jnhaW,away,樂天桃猿二軍,3,3,3,0,
D0AnW,CPBLmi-2023-GP,2023,二軍,2023-04-19,例行賽,統一7-ELEVEn獅二軍,mcMYF,home,中信兄弟二軍,0,10,4,0,0
D0AnW,CPBLmi-2023-GP,2023,二軍,2023-04-19,例行賽,中信兄弟二軍,NCavq,away,統一7-ELEVEn獅二軍,10,0,12,0,1
tBHP5,CPBLmi-2023-GP,2023,二軍,2023-04-18,例行賽,樂天桃猿二軍,hIkqx,home,富邦悍將二軍,6,2,14,0,1
tBHP5,CPBLmi-2023-GP,2023,二軍,2023-04-18,例行賽,富邦悍將二軍,qwBXl,away,樂天桃猿二軍,2,6,10,0,0
M3bJl,CPBLmi-2023-GP,2023,二軍,2023-04-18,例行賽,統一7-ELEVEn獅二軍,mcMYF,home,味全龍二軍,0,5,2,0,0
M3bJl,CPBLmi-2023-GP,2023,二軍,2023-04-18,例行賽,味全龍二軍,HQ8OK,away,統一7-ELEVEn獅二軍,5,0,7,0,1
BdUXD,CPBLmi-2023-GP,2023,二軍,2023-04-16,例行賽,富邦悍將二軍,qwBXl,home,味全龍二軍,5,7,11,0,0
BdUXD,CPBLmi-2023-GP,2023,二軍,2023-04-16,例行賽,味全龍二軍,HQ8OK,away,富邦悍將二軍,7,5,10,0,1
5th33,CPBLmi-2023-GP,2023,二軍,2023-04-15,例行賽,台鋼雄鷹,jnhaW,home,中信兄弟二軍,12,3,16,0,1
5th33,CPBLmi-2023-GP,2023,二軍,2023-04-15,例行賽,中信兄弟二軍,NCavq,away,台鋼雄鷹,3,12,6,0,0
CmeFr,CPBLmi-2023-GP,2023,二軍,2023-04-14,例行賽,統一7-ELEVEn獅二軍,mcMYF,home,台鋼雄鷹,0,2,2,0,0
CmeFr,CPBLmi-2023-GP,2023,二軍,2023-04-14,例行賽,台鋼雄鷹,jnhaW,away,統一7-ELEVEn獅二軍,2,0,4,0,1
W2ZgN,CPBLmi-2023-GP,2023,二軍,2023-04-14,例行賽,樂天桃猿二軍,hIkqx,home,中信兄弟二軍,11,10,15,0,1
W2ZgN,CPBLmi-2023-GP,2023,二軍,2023-04-14,例行賽,中信兄弟二軍,NCavq,away,樂天桃猿二軍,10,11,13,0,0
yFkXK,CPBLmi-2023-GP,2023,二軍,2023-04-13,例行賽,統一7-ELEVEn獅二軍,mcMYF,home,富邦悍將二軍,5,5,11,0,
yFkXK,CPBLmi-2023-GP,2023,二軍,2023-04-13,例行賽,富邦悍將二軍,qwBXl,away,統一7-ELEVEn獅二軍,5,5,7,0,
dOFrL,CPBLmi-2023-GP,2023,二軍,2023-04-13,例行賽,樂天桃猿二軍,hIkqx,home,味全龍二軍,0,14,3,0,0
dOFrL,CPBLmi-2023-GP,2023,二軍,2023-04-13,例行賽,味全龍二軍,HQ8OK,away,樂天桃猿二軍,14,0,19,0,1
p3koc,CPBLmi-2023-GP,2023,二軍,2023-04-12,例行賽,台鋼雄鷹,jnhaW,home,味全龍二軍,6,8,9,0,0
p3koc,CPBLmi-2023-GP,2023,二軍,2023-04-12,例行賽,味全龍二軍,HQ8OK,away,台鋼雄鷹,8,6,12,0,1
xgA95,CPBLmi-2023-GP,2023,二軍,2023-04-12,例行賽,中信兄弟二軍,NCavq,home,富邦悍將二軍,1,9,10,0,0
xgA95,CPBLmi-2023-GP,2023,二軍,2023-04-12,例行賽,富邦悍將二軍,qwBXl,away,中信兄弟二軍,9,1,9,0,1
hZ7T8,CPBLmi-2023-GP,2023,二軍,2023-04-11,例行賽,台鋼雄鷹,jnhaW,home,樂天桃猿二軍,11,3,13,0,1
hZ7T8,CPBLmi-2023-GP,2023,二軍,2023-04-11,例行賽,樂天桃猿二軍,hIkqx,away,台鋼雄鷹,3,11,10,0,0
d2nX1,CPBLmi-2023-GP,2023,二軍,2023-04-11,例行賽,中信兄弟二軍,NCavq,home,統一7-ELEVEn獅二軍,3,4,9,0,0
d2nX1,CPBLmi-2023-GP,2023,二軍,2023-04-11,例行賽,統一7-ELEVEn獅二軍,mcMYF,away,中信兄弟二軍,4,3,9,0,1
KkONc,CPBLmi-2023-GP,2023,二軍,2023-04-09,例行賽,樂天桃猿二軍,hIkqx,home,統一7-ELEVEn獅二軍,1,1,5,0,
KkONc,CPBLmi-2023-GP,2023,二軍,2023-04-09,例行賽,統一7-ELEVEn獅二軍,mcMYF,away,樂天桃猿二軍,1,1,4,0,
PvxZr,CPBLmi-2023-GP,2023,二軍,2023-04-08,例行賽,味全龍二軍,HQ8OK,home,富邦悍將二軍,2,4,7,0,0
PvxZr,CPBLmi-2023-GP,2023,二軍,2023-04-08,例行賽,富邦悍將二軍,qwBXl,away,味全龍二軍,4,2,10,0,1
G6Nsz,CPBLmi-2023-GP,2023,二軍,2023-04-07,例行賽,中信兄弟二軍,NCavq,home,味全龍二軍,1,3,6,0,0
G6Nsz,CPBLmi-2023-GP,2023,二軍,2023-04-07,例行賽,味全龍二軍,HQ8OK,away,中信兄弟二軍,3,1,7,0,1
TvcqP,CPBLmi-2023-GP,2023,二軍,2023-04-07,例行賽,台鋼雄鷹,jnhaW,home,富邦悍將二軍,4,2,5,0,1
TvcqP,CPBLmi-2023-GP,2023,二軍,2023-04-07,例行賽,富邦悍將二軍,qwBXl,away,台鋼雄鷹,2,4,7,0,0
PbGEY,CPBLmi-2023-GP,2023,二軍,2023-04-06,例行賽,中信兄弟二軍,NCavq,home,樂天桃猿二軍,3,6,8,0,0
PbGEY,CPBLmi-2023-GP,2023,二軍,2023-04-06,例行賽,樂天桃猿二軍,hIkqx,away,中信兄弟二軍,6,3,12,0,1
OpV1n,CPBLmi-2023-GP,2023,二軍,2023-04-06,例行賽,台鋼雄鷹,jnhaW,home,統一7-ELEVEn獅二軍,6,3,8,0,1
OpV1n,CPBLmi-2023-GP,2023,二軍,2023-04-06,例行賽,統一7-ELEVEn獅二軍,mcMYF,away,台鋼雄鷹,3,6,9,0,0
eJDA9,CPBLmi-2023-GP,2023,二軍,2023-04-05,例行賽,味全龍二軍,HQ8OK,home,統一7-ELEVEn獅二軍,1,4,6,0,0
eJDA9,CPBLmi-2023-GP,2023,二軍,2023-04-05,例行賽,統一7-ELEVEn獅二軍,mcMYF,away,味全龍二軍,4,1,8,0,1
uhoGH,CPBLmi-2023-GP,2023,二軍,2023-04-05,例行賽,富邦悍將二軍,qwBXl,home,樂天桃猿二軍,4,6,7,0,0
uhoGH,CPBLmi-2023-GP,2023,二軍,2023-04-05,例行賽,樂天桃猿二軍,hIkqx,away,富邦悍將二軍,6,4,16,0,1
BhYzl,CPBLmi-2023-GP,2023,二軍,2023-04-04,例行賽,味全龍二軍,HQ8OK,home,台鋼雄鷹,2,4,4,0,0
BhYzl,CPBLmi-2023-GP,2023,二軍,2023-04-04,例行賽,台鋼雄鷹,jnhaW,away,味全龍二軍,4,2,13,0,1
wqpno,CPBLmi-2023-GP,2023,二軍,2023-04-04,例行賽,富邦悍將二軍,qwBXl,home,中信兄弟二軍,3,6,7,0,0
wqpno,CPBLmi-2023-GP,2023,二軍,2023-04-04,例行賽,中信兄弟二軍,NCavq,away,富邦悍將二軍,6,3,12,0,1
udKDl,CPBLmi-2022-C2,2022,二軍,2022-10-15,例行賽,味全龍二軍,zpYrU,home,中信兄弟二軍,13,12,20,0,1
udKDl,CPBLmi-2022-C2,2022,二軍,2022-10-15,例行賽,中信兄弟二軍,WpwCs,away,味全龍二軍,12,13,14,0,0
x4vxx,CPBLmi-2022-C2,2022,二軍,2022-10-14,例行賽,樂天桃猿二軍,0gdgG,home,統一7-ELEVEn獅二軍,0,3,4,0,0
x4vxx,CPBLmi-2022-C2,2022,二軍,2022-10-14,例行賽,統一7-ELEVEn獅二軍,RqKUf,away,樂天桃猿二軍,3,0,10,0,1
6byzQ,CPBLmi-2022-C2,2022,二軍,2022-10-13,例行賽,富邦悍將二軍,64pmi,home,統一7-ELEVEn獅二軍,1,4,6,0,0
6byzQ,CPBLmi-2022-C2,2022,二軍,2022-10-13,例行賽,統一7-ELEVEn獅二軍,RqKUf,away,富邦悍將二軍,4,1,9,0,1
6zVFG,CPBLmi-2022-C2,2022,二軍,2022-10-12,例行賽,富邦悍將二軍,64pmi,home,統一7-ELEVEn獅二軍,7,6,8,0,1
6zVFG,CPBLmi-2022-C2,2022,二軍,2022-10-12,例行賽,統一7-ELEVEn獅二軍,RqKUf,away,富邦悍將二軍,6,7,12,0,0
JahGB,CPBLmi-2022-C2,2022,二軍,2022-10-11,例行賽,富邦悍將二軍,64pmi,home,中信兄弟二軍,0,5,3,0,0
JahGB,CPBLmi-2022-C2,2022,二軍,2022-10-11,例行賽,中信兄弟二軍,WpwCs,away,富邦悍將二軍,5,0,12,0,1
IGbVh,CPBLmi-2022-C2,2022,二軍,2022-10-10,例行賽,中信兄弟二軍,WpwCs,home,富邦悍將二軍,0,3,7,0,0
IGbVh,CPBLmi-2022-C2,2022,二軍,2022-10-10,例行賽,富邦悍將二軍,64pmi,away,中信兄弟二軍,3,0,8,0,1
Ppi4D,CPBLmi-2022-C2,2022,二軍,2022-10-09,例行賽,味全龍二軍,zpYrU,home,統一7-ELEVEn獅二軍,7,3,9,0,1
Ppi4D,CPBLmi-2022-C2,2022,二軍,2022-10-09,例行賽,統一7-ELEVEn獅二軍,RqKUf,away,味全龍二軍,3,7,8,0,0
h40To,CPBLmi-2022-C2,2022,二軍,2022-10-08,例行賽,中信兄弟二軍,WpwCs,home,富邦悍將二軍,1,1,5,0,
h40To,CPBLmi-2022-C2,2022,二軍,2022-10-08,例行賽,富邦悍將二軍,64pmi,away,中信兄弟二軍,1,1,4,0,
eThVP,CPBLmi-2022-C2,2022,二軍,2022-10-07,例行賽,統一7-ELEVEn獅二軍,RqKUf,home,樂天桃猿二軍,7,5,12,0,1
eThVP,CPBLmi-2022-C2,2022,二軍,2022-10-07,例行賽,樂天桃猿二軍,0gdgG,away,統一7-ELEVEn獅二軍,5,7,9,0,0
jUccL,CPBLmi-2022-C2,2022,二軍,2022-10-06,例行賽,味全龍二軍,zpYrU,home,富邦悍將二軍,8,7,11,0,1
jUccL,CPBLmi-2022-C2,2022,二軍,2022-10-06,例行賽,富邦悍將二軍,64pmi,away,味全龍二軍,7,8,8,0,0
MvSZd,CPBLmi-2022-C2,2022,二軍,2022-10-06,例行賽,統一7-ELEVEn獅二軍,RqKUf,home,中信兄弟二軍,4,2,6,0,1
MvSZd,CPBLmi-2022-C2,2022,二軍,2022-10-06,例行賽,中信兄弟二軍,WpwCs,away,統一7-ELEVEn獅二軍,2,4,4,0,0
fFSe8,CPBLmi-2022-C2,2022,二軍,2022-10-05,例行賽,樂天桃猿二軍,0gdgG,home,中信兄弟二軍,1,6,4,0,0
fFSe8,CPBLmi-2022-C2,2022,二軍,2022-10-05,例行賽,中信兄弟二軍,WpwCs,away,樂天桃猿二軍,6,1,7,0,1
VFf7X,CPBLmi-2022-C2,2022,二軍,2022-10-05,例行賽,富邦悍將二軍,64pmi,home,味全龍二軍,3,0,11,0,1
VFf7X,CPBLmi-2022-C2,2022,二軍,2022-10-05,例行賽,味全龍二軍,zpYrU,away,富邦悍將二軍,0,3,6,0,0
PPmlI,CPBLmi-2022-C2,2022,二軍,2022-10-04,例行賽,統一7-ELEVEn獅二軍,RqKUf,home,富邦悍將二軍,1,4,4,0,0
PPmlI,CPBLmi-2022-C2,2022,二軍,2022-10-04,例行賽,富邦悍將二軍,64pmi,away,統一7-ELEVEn獅二軍,4,1,8,0,1
CTR38,CPBLmi-2022-C2,2022,二軍,2022-10-04,例行賽,味全龍二軍,zpYrU,home,樂天桃猿二軍,5,2,13,0,1
CTR38,CPBLmi-2022-C2,2022,二軍,2022-10-04,例行賽,樂天桃猿二軍,0gdgG,away,味全龍二軍,2,5,6,0,0
rW2lP,CPBLmi-2022-C2,2022,二軍,2022-10-01,例行賽,富邦悍將二軍,64pmi,home,統一7-ELEVEn獅二軍,6,12,12,0,0
rW2lP,CPBLmi-2022-C2,2022,二軍,2022-10-01,例行賽,統一7-ELEVEn獅二軍,RqKUf,away,富邦悍將二軍,12,6,14,0,1
l8YNp,CPBLmi-2022-C2,2022,二軍,2022-09-29,例行賽,中信兄弟二軍,WpwCs,home,統一7-ELEVEn獅二軍,7,9,9,0,0
l8YNp,CPBLmi-2022-C2,2022,二軍,2022-09-29,例行賽,統一7-ELEVEn獅二軍,RqKUf,away,中信兄弟二軍,9,7,10,0,1
sDV1Z,CPBLmi-2022-C2,2022,二軍,2022-09-28,例行賽,味全龍二軍,zpYrU,home,富邦悍將二軍,7,5,13,0,1
sDV1Z,CPBLmi-2022-C2,2022,二軍,2022-09-28,例行賽,富邦悍將二軍,64pmi,away,味全龍二軍,5,7,8,0,0
Qcmjo,CPBLmi-2022-C2,2022,二軍,2022-09-28,例行賽,中信兄弟二軍,WpwCs,home,統一7-ELEVEn獅二軍,13,10,12,0,1
Qcmjo,CPBLmi-2022-C2,2022,二軍,2022-09-28,例行賽,統一7-ELEVEn獅二軍,RqKUf,away,中信兄弟二軍,10,13,14,0,0
7mFrY,CPBLmi-2022-C2,2022,二軍,2022-09-27,例行賽,樂天桃猿二軍,0gdgG,home,統一7-ELEVEn獅二軍,4,13,12,0,0
7mFrY,CPBLmi-2022-C2,2022,二軍,2022-09-27,例行賽,統一7-ELEVEn獅二軍,RqKUf,away,樂天桃猿二軍,13,4,16,0,1
ac6BH,CPBLmi-2022-C2,2022,二軍,2022-09-27,例行賽,中信兄弟二軍,WpwCs,home,味全龍二軍,7,6,9,0,1
ac6BH,CPBLmi-2022-C2,2022,二軍,2022-09-27,例行賽,味全龍二軍,zpYrU,away,中信兄弟二軍,6,7,11,0,0
6LFnR,CPBLmi-2022-C2,2022,二軍,2022-09-25,例行賽,富邦悍將二軍,64pmi,home,味全龍二軍,7,5,12,0,1
6LFnR,CPBLmi-2022-C2,2022,二軍,2022-09-25,例行賽,味全龍二軍,zpYrU,away,富邦悍將二軍,5,7,10,0,0
iZgMN,CPBLmi-2022-C2,2022,二軍,2022-09-24,例行賽,統一7-ELEVEn獅二軍,RqKUf,home,樂天桃猿二軍,6,6,12,0,
iZgMN,CPBLmi-2022-C2,2022,二軍,2022-09-24,例行賽,樂天桃猿二軍,0gdgG,away,統一7-ELEVEn獅二軍,6,6,10,0,
J5H94,CPBLmi-2022-C2,2022,二軍,2022-09-23,例行賽,味全龍二軍,zpYrU,home,中信兄弟二軍,2,1,9,0,1
J5H94,CPBLmi-2022-C2,2022,二軍,2022-09-23,例行賽,中信兄弟二軍,WpwCs,away,味全龍二軍,1,2,1,0,0
lC8gF,CPBLmi-2022-C2,2022,二軍,2022-09-22,例行賽,富邦悍將二軍,64pmi,home,樂天桃猿二軍,6,1,10,0,1
lC8gF,CPBLmi-2022-C2,2022,二軍,2022-09-22,例行賽,樂天桃猿二軍,0gdgG,away,富邦悍將二軍,1,6,7,0,0
cOE5c,CPBLmi-2022-C2,2022,二軍,2022-09-22,例行賽,味全龍二軍,zpYrU,home,統一7-ELEVEn獅二軍,3,1,12,0,1
cOE5c,CPBLmi-2022-C2,2022,二軍,2022-09-22,例行賽,統一7-ELEVEn獅二軍,RqKUf,away,味全龍二軍,1,3,5,0,0
SdaIn,CPBLmi-2022-C2,2022,二軍,2022-09-21,例行賽,中信兄弟二軍,WpwCs,home,統一7-ELEVEn獅二軍,3,7,9,0,0
SdaIn,CPBLmi-2022-C2,2022,二軍,2022-09-21,例行賽,統一7-ELEVEn獅二軍,RqKUf,away,中信兄弟二軍,7,3,12,0,1
hdkfw,CPBLmi-2022-C2,2022,二軍,2022-09-21,例行賽,富邦悍將二軍,64pmi,home,樂天桃猿二軍,3,6,12,0,0
hdkfw,CPBLmi-2022-C2,2022,二軍,2022-09-21,例行賽,樂天桃猿二軍,0gdgG,away,富邦悍將二軍,6,3,11,0,1
CmfM1,CPBLmi-2022-C2,2022,二軍,2022-09-20,例行賽,味全龍二軍,zpYrU,home,樂天桃猿二軍,2,12,5,0,0
CmfM1,CPBLmi-2022-C2,2022,二軍,2022-09-20,例行賽,樂天桃猿二軍,0gdgG,away,味全龍二軍,12,2,16,0,1
lzZo4,CPBLmi-2022-C2,2022,二軍,2022-09-18,例行賽,統一7-ELEVEn獅二軍,RqKUf,home,中信兄弟二軍,2,0,5,0,1
lzZo4,CPBLmi-2022-C2,2022,二軍,2022-09-18,例行賽,中信兄弟二軍,WpwCs,away,統一7-ELEVEn獅二軍,0,2,5,0,0
Fw0L1,CPBLmi-2022-C2,2022,二軍,2022-09-17,例行賽,樂天桃猿二軍,0gdgG,home,味全龍二軍,0,0,3,0,
Fw0L1,CPBLmi-2022-C2,2022,二軍,2022-09-17,例行賽,味全龍二軍,zpYrU,away,樂天桃猿二軍,0,0,1,0,
4QQR2,CPBLmi-2022-C2,2022,二軍,2022-09-16,例行賽,中信兄弟二軍,WpwCs,home,富邦悍將二軍,2,19,5,0,0
4QQR2,CPBLmi-2022-C2,2022,二軍,2022-09-16,例行賽,富邦悍將二軍,64pmi,away,中信兄弟二軍,19,2,16,0,1
0c8FE,CPBLmi-2022-C2,2022,二軍,2022-09-15,例行賽,統一7-ELEVEn獅二軍,RqKUf,home,味全龍二軍,3,4,7,0,0
0c8FE,CPBLmi-2022-C2,2022,二軍,2022-09-15,例行賽,味全龍二軍,zpYrU,away,統一7-ELEVEn獅二軍,4,3,9,0,1
8xfDt,CPBLmi-2022-C2,2022,二軍,2022-09-15,例行賽,中信兄弟二軍,WpwCs,home,樂天桃猿二軍,2,4,7,0,0
8xfDt,CPBLmi-2022-C2,2022,二軍,2022-09-15,例行賽,樂天桃猿二軍,0gdgG,away,中信兄弟二軍,4,2,8,0,1
oJE0j,CPBLmi-2022-C2,2022,二軍,2022-09-14,例行賽,富邦悍將二軍,64pmi,home,樂天桃猿二軍,4,1,12,0,1
oJE0j,CPBLmi-2022-C2,2022,二軍,2022-09-14,例行賽,樂天桃猿二軍,0gdgG,away,富邦悍將二軍,1,4,7,0,0
rAp0h,CPBLmi-2022-C2,2022,二軍,2022-09-14,例行賽,味全龍二軍,zpYrU,home,統一7-ELEVEn獅二軍,2,6,7,0,0
rAp0h,CPBLmi-2022-C2,2022,二軍,2022-09-14,例行賽,統一7-ELEVEn獅二軍,RqKUf,away,味全龍二軍,6,2,7,0,1
RXtjD,CPBLmi-2022-C2,2022,二軍,2022-09-13,例行賽,中信兄弟二軍,WpwCs,home,味全龍二軍,5,4,9,0,1
RXtjD,CPBLmi-2022-C2,2022,二軍,2022-09-13,例行賽,味全龍二軍,zpYrU,away,中信兄弟二軍,4,5,7,0,0
xa38w,CPBLmi-2022-C2,2022,二軍,2022-09-13,例行賽,統一7-ELEVEn獅二軍,RqKUf,home,富邦悍將二軍,3,7,7,0,0
xa38w,CPBLmi-2022-C2,2022,二軍,2022-09-13,例行賽,富邦悍將二軍,64pmi,away,統一7-ELEVEn獅二軍,7,3,11,0,1
1y3Sh,CPBLmi-2022-C2,2022,二軍,2022-09-11,例行賽,樂天桃猿二軍,0gdgG,home,富邦悍將二軍,2,2,9,0,
1y3Sh,CPBLmi-2022-C2,2022,二軍,2022-09-11,例行賽,富邦悍將二軍,64pmi,away,樂天桃猿二軍,2,2,8,0,
LAR0d,CPBLmi-2022-C2,2022,二軍,2022-09-10,例行賽,味全龍二軍,zpYrU,home,中信兄弟二軍,0,9,2,0,0
LAR0d,CPBLmi-2022-C2,2022,二軍,2022-09-10,例行賽,中信兄弟二軍,WpwCs,away,味全龍二軍,9,0,16,0,1
b82r2,CPBLmi-2022-C2,2022,二軍,2022-09-09,例行賽,富邦悍將二軍,64pmi,home,統一7-ELEVEn獅二軍,7,0,13,0,1
b82r2,CPBLmi-2022-C2,2022,二軍,2022-09-09,例行賽,統一7-ELEVEn獅二軍,RqKUf,away,富邦悍將二軍,0,7,2,0,0
Fzqw6,CPBLmi-2022-C2,2022,二軍,2022-09-08,例行賽,樂天桃猿二軍,0gdgG,home,中信兄弟二軍,3,1,9,0,1
Fzqw6,CPBLmi-2022-C2,2022,二軍,2022-09-08,例行賽,中信兄弟二軍,WpwCs,away,樂天桃猿二軍,1,3,2,0,0
xMQwb,CPBLmi-2022-C2,2022,二軍,2022-09-07,例行賽,統一7-ELEVEn獅二軍,RqKUf,home,味全龍二軍,1,4,4,0,0
xMQwb,CPBLmi-2022-C2,2022,二軍,2022-09-07,例行賽,味全龍二軍,zpYrU,away,統一7-ELEVEn獅二軍,4,1,5,0,1
3iwWR,CPBLmi-2022-C2,2022,二軍,2022-09-02,例行賽,中信兄弟二軍,WpwCs,home,樂天桃猿二軍,3,5,8,0,0
3iwWR,CPBLmi-2022-C2,2022,二軍,2022-09-02,例行賽,樂天桃猿二軍,0gdgG,away,中信兄弟二軍,5,3,7,0,1
FO6QG,CPBLmi-2022-C2,2022,二軍,2022-09-01,例行賽,味全龍二軍,zpYrU,home,樂天桃猿二軍,5,0,10,0,1
FO6QG,CPBLmi-2022-C2,2022,二軍,2022-09-01,例行賽,樂天桃猿二軍,0gdgG,away,味全龍二軍,0,5,3,0,0
X8ItJ,CPBLmi-2022-C2,2022,二軍,2022-08-31,例行賽,味全龍二軍,zpYrU,home,樂天桃猿二軍,2,9,13,0,0
X8ItJ,CPBLmi-2022-C2,2022,二軍,2022-08-31,例行賽,樂天桃猿二軍,0gdgG,away,味全龍二軍,9,2,12,0,1
EL9g3,CPBLmi-2022-C2,2022,二軍,2022-08-30,例行賽,統一7-ELEVEn獅二軍,RqKUf,home,中信兄弟二軍,7,3,14,0,1
EL9g3,CPBLmi-2022-C2,2022,二軍,2022-08-30,例行賽,中信兄弟二軍,WpwCs,away,統一7-ELEVEn獅二軍,3,7,7,0,0
LWdBV,CPBLmi-2022-C2,2022,二軍,2022-08-30,例行賽,樂天桃猿二軍,0gdgG,home,味全龍二軍,5,3,7,0,1
LWdBV,CPBLmi-2022-C2,2022,二軍,2022-08-30,例行賽,味全龍二軍,zpYrU,away,樂天桃猿二軍,3,5,8,0,0
o9iYE,CPBLmi-2022-C2,2022,二軍,2022-08-27,例行賽,樂天桃猿二軍,0gdgG,home,味全龍二軍,1,6,9,0,0
o9iYE,CPBLmi-2022-C2,2022,二軍,2022-08-27,例行賽,味全龍二軍,zpYrU,away,樂天桃猿二軍,6,1,11,0,1
HESI8,CPBLmi-2022-C2,2022,二軍,2022-08-26,例行賽,統一7-ELEVEn獅二軍,RqKUf,home,中信兄弟二軍,2,6,6,0,0
HESI8,CPBLmi-2022-C2,2022,二軍,2022-08-26,例行賽,中信兄弟二軍,WpwCs,away,統一7-ELEVEn獅二軍,6,2,13,0,1
EEVOC,CPBLmi-2022-C2,2022,二軍,2022-08-25,例行賽,富邦悍將二軍,64pmi,home,中信兄弟二軍,2,2,6,0,
EEVOC,CPBLmi-2022-C2,2022,二軍,2022-08-25,例行賽,中信兄弟二軍,WpwCs,away,富邦悍將二軍,2,2,11,0,
7Zn1n,CPBLmi-2022-C2,2022,二軍,2022-08-24,例行賽,富邦悍將二軍,64pmi,home,中信兄弟二軍,2,2,6,0,
7Zn1n,CPBLmi-2022-C2,2022,二軍,2022-08-24,例行賽,中信兄弟二軍,WpwCs,away,富邦悍將二軍,2,2,8,0,
PD3u1,CPBLmi-2022-C2,2022,二軍,2022-08-23,例行賽,中信兄弟二軍,WpwCs,home,富邦悍將二軍,0,6,2,0,0
PD3u1,CPBLmi-2022-C2,2022,二軍,2022-08-23,例行賽,富邦悍將二軍,64pmi,away,中信兄弟二軍,6,0,10,0,1
bQiv7,CPBLmi-2022-C2,2022,二軍,2022-08-21,例行賽,樂天桃猿二軍,0gdgG,home,味全龍二軍,2,9,9,0,0
bQiv7,CPBLmi-2022-C2,2022,二軍,2022-08-21,例行賽,味全龍二軍,zpYrU,away,樂天桃猿二軍,9,2,12,0,1
DdcMH,CPBLmi-2022-C2,2022,二軍,2022-08-20,例行賽,中信兄弟二軍,WpwCs,home,富邦悍將二軍,4,6,8,0,0
DdcMH,CPBLmi-2022-C2,2022,二軍,2022-08-20,例行賽,富邦悍將二軍,64pmi,away,中信兄弟二軍,6,4,11,0,1
qxqJb,CPBLmi-2022-C2,2022,二軍,2022-08-16,例行賽,富邦悍將二軍,64pmi,home,味全龍二軍,2,7,6,0,0
qxqJb,CPBLmi-2022-C2,2022,二軍,2022-08-16,例行賽,味全龍二軍,zpYrU,away,富邦悍將二軍,7,2,11,0,1
TrFRQ,CPBLmi-2022-C2,2022,二軍,2022-08-16,例行賽,統一7-ELEVEn獅二軍,RqKUf,home,樂天桃猿二軍,3,8,10,0,0
TrFRQ,CPBLmi-2022-C2,2022,二軍,2022-08-16,例行賽,樂天桃猿二軍,0gdgG,away,統一7-ELEVEn獅二軍,8,3,12,0,1
vOZPA,CPBLmi-2022-C2,2022,二軍,2022-08-14,例行賽,中信兄弟二軍,WpwCs,home,富邦悍將二軍,0,7,1,0,0
vOZPA,CPBLmi-2022-C2,2022,二軍,2022-08-14,例行賽,富邦悍將二軍,64pmi,away,中信兄弟二軍,7,0,13,0,1
IBQZR,CPBLmi-2022-C2,2022,二軍,2022-08-13,例行賽,統一7-ELEVEn獅二軍,RqKUf,home,樂天桃猿二軍,8,1,12,0,1
IBQZR,CPBLmi-2022-C2,2022,二軍,2022-08-13,例行賽,樂天桃猿二軍,0gdgG,away,統一7-ELEVEn獅二軍,1,8,3,0,0
JRCpk,CPBLmi-2022-C2,2022,二軍,2022-08-11,例行賽,富邦悍將二軍,64pmi,home,統一7-ELEVEn獅二軍,6,4,9,0,1
JRCpk,CPBLmi-2022-C2,2022,二軍,2022-08-11,例行賽,統一7-ELEVEn獅二軍,RqKUf,away,富邦悍將二軍,4,6,8,0,0
lUxz2,CPBLmi-2022-C2,2022,二軍,2022-08-10,例行賽,樂天桃猿二軍,0gdgG,home,統一7-ELEVEn獅二軍,0,9,7,0,0
lUxz2,CPBLmi-2022-C2,2022,二軍,2022-08-10,例行賽,統一7-ELEVEn獅二軍,RqKUf,away,樂天桃猿二軍,9,0,16,0,1
GQIBF,CPBLmi-2022-C2,2022,二軍,2022-08-07,例行賽,統一7-ELEVEn獅二軍,RqKUf,home,樂天桃猿二軍,4,5,6,0,0
GQIBF,CPBLmi-2022-C2,2022,二軍,2022-08-07,例行賽,樂天桃猿二軍,0gdgG,away,統一7-ELEVEn獅二軍,5,4,12,0,1
j3cok,CPBLmi-2022-C2,2022,二軍,2022-08-05,例行賽,樂天桃猿二軍,0gdgG,home,富邦悍將二軍,3,5,9,0,0
j3cok,CPBLmi-2022-C2,2022,二軍,2022-08-05,例行賽,富邦悍將二軍,64pmi,away,樂天桃猿二軍,5,3,10,0,1
6EXQS,CPBLmi-2022-C2,2022,二軍,2022-08-04,例行賽,統一7-ELEVEn獅二軍,RqKUf,home,富邦悍將二軍,6,0,13,0,1
6EXQS,CPBLmi-2022-C2,2022,二軍,2022-08-04,例行賽,富邦悍將二軍,64pmi,away,統一7-ELEVEn獅二軍,0,6,3,0,0
5IGHf,CPBLmi-2022-C2,2022,二軍,2022-08-04,例行賽,樂天桃猿二軍,0gdgG,home,味全龍二軍,0,4,0,0,0
5IGHf,CPBLmi-2022-C2,2022,二軍,2022-08-04,例行賽,味全龍二軍,zpYrU,away,樂天桃猿二軍,4,0,9,0,1
uIOO7,CPBLmi-2022-C2,2022,二軍,2022-08-02,例行賽,中信兄弟二軍,WpwCs,home,樂天桃猿二軍,5,12,9,0,0
uIOO7,CPBLmi-2022-C2,2022,二軍,2022-08-02,例行賽,樂天桃猿二軍,0gdgG,away,中信兄弟二軍,12,5,15,0,1
4f66S,CPBLmi-2022-C2,2022,二軍,2022-07-31,例行賽,富邦悍將二軍,64pmi,home,樂天桃猿二軍,4,2,7,0,1
4f66S,CPBLmi-2022-C2,2022,二軍,2022-07-31,例行賽,樂天桃猿二軍,0gdgG,away,富邦悍將二軍,2,4,2,0,0
4wjIY,CPBLmi-2022-C2,2022,二軍,2022-07-29,例行賽,樂天桃猿二軍,0gdgG,home,味全龍二軍,1,4,9,0,0
4wjIY,CPBLmi-2022-C2,2022,二軍,2022-07-29,例行賽,味全龍二軍,zpYrU,away,樂天桃猿二軍,4,1,12,0,1
5nfqM,CPBLmi-2022-C2,2022,二軍,2022-07-28,例行賽,富邦悍將二軍,64pmi,home,味全龍二軍,7,3,11,0,1
5nfqM,CPBLmi-2022-C2,2022,二軍,2022-07-28,例行賽,味全龍二軍,zpYrU,away,富邦悍將二軍,3,7,9,0,0
lWhHs,CPBLmi-2022-C2,2022,二軍,2022-07-28,例行賽,樂天桃猿二軍,0gdgG,home,中信兄弟二軍,12,11,14,0,1
lWhHs,CPBLmi-2022-C2,2022,二軍,2022-07-28,例行賽,中信兄弟二軍,WpwCs,away,樂天桃猿二軍,11,12,13,0,0
mOKVj,CPBLmi-2022-C2,2022,二軍,2022-07-27,例行賽,統一7-ELEVEn獅二軍,RqKUf,home,中信兄弟二軍,5,6,6,0,0
mOKVj,CPBLmi-2022-C2,2022,二軍,2022-07-27,例行賽,中信兄弟二軍,WpwCs,away,統一7-ELEVEn獅二軍,6,5,9,0,1
aq3Sq,CPBLmi-2022-C2,2022,二軍,2022-07-27,例行賽,味全龍二軍,zpYrU,home,富邦悍將二軍,3,7,9,0,0
aq3Sq,CPBLmi-2022-C2,2022,二軍,2022-07-27,例行賽,富邦悍將二軍,64pmi,away,味全龍二軍,7,3,14,0,1
Sy7gu,CPBLmi-2022-C2,2022,二軍,2022-07-26,例行賽,統一7-ELEVEn獅二軍,RqKUf,home,樂天桃猿二軍,3,7,6,0,0
Sy7gu,CPBLmi-2022-C2,2022,二軍,2022-07-26,例行賽,樂天桃猿二軍,0gdgG,away,統一7-ELEVEn獅二軍,7,3,10,0,1
0kmv8,CPBLmi-2022-C2,2022,二軍,2022-07-26,例行賽,味全龍二軍,zpYrU,home,富邦悍將二軍,4,2,9,0,1
0kmv8,CPBLmi-2022-C2,2022,二軍,2022-07-26,例行賽,富邦悍將二軍,64pmi,away,味全龍二軍,2,4,5,0,0
pWuA6,CPBLmi-2022-C2,2022,二軍,2022-07-24,例行賽,統一7-ELEVEn獅二軍,RqKUf,home,味全龍二軍,10,4,15,0,1
pWuA6,CPBLmi-2022-C2,2022,二軍,2022-07-24,例行賽,味全龍二軍,zpYrU,away,統一7-ELEVEn獅二軍,4,10,9,0,0
abMlf,CPBLmi-2022-C2,2022,二軍,2022-07-23,例行賽,富邦悍將二軍,64pmi,home,樂天桃猿二軍,13,6,14,0,1
abMlf,CPBLmi-2022-C2,2022,二軍,2022-07-23,例行賽,樂天桃猿二軍,0gdgG,away,富邦悍將二軍,6,13,12,0,0
AXvsU,CPBLmi-2022-C2,2022,二軍,2022-07-22,例行賽,味全龍二軍,zpYrU,home,中信兄弟二軍,6,6,9,0,
AXvsU,CPBLmi-2022-C2,2022,二軍,2022-07-22,例行賽,中信兄弟二軍,WpwCs,away,味全龍二軍,6,6,12,0,
3BkLY,CPBLmi-2022-C2,2022,二軍,2022-07-21,例行賽,統一7-ELEVEn獅二軍,RqKUf,home,中信兄弟二軍,0,5,6,0,0
3BkLY,CPBLmi-2022-C2,2022,二軍,2022-07-21,例行賽,中信兄弟二軍,WpwCs,away,統一7-ELEVEn獅二軍,5,0,8,0,1
FJLPm,CPBLmi-2022-C2,2022,二軍,2022-07-21,例行賽,味全龍二軍,zpYrU,home,富邦悍將二軍,2,5,8,0,0
FJLPm,CPBLmi-2022-C2,2022,二軍,2022-07-21,例行賽,富邦悍將二軍,64pmi,away,味全龍二軍,5,2,16,0,1
07v7D,CPBLmi-2022-C2,2022,二軍,2022-07-20,例行賽,樂天桃猿二軍,0gdgG,home,富邦悍將二軍,7,6,16,0,1
07v7D,CPBLmi-2022-C2,2022,二軍,2022-07-20,例行賽,富邦悍將二軍,64pmi,away,樂天桃猿二軍,6,7,11,0,0
6nRdb,CPBLmi-2022-C2,2022,二軍,2022-07-19,例行賽,樂天桃猿二軍,0gdgG,home,味全龍二軍,6,7,9,0,0
6nRdb,CPBLmi-2022-C2,2022,二軍,2022-07-19,例行賽,味全龍二軍,zpYrU,away,樂天桃猿二軍,7,6,13,0,1
FiPsg,CPBLmi-2022-C2,2022,二軍,2022-07-19,例行賽,中信兄弟二軍,WpwCs,home,統一7-ELEVEn獅二軍,12,4,12,0,1
FiPsg,CPBLmi-2022-C2,2022,二軍,2022-07-19,例行賽,統一7-ELEVEn獅二軍,RqKUf,away,中信兄弟二軍,4,12,6,0,0
gfjpw,CPBLmi-2022-C2,2022,二軍,2022-07-17,例行賽,樂天桃猿二軍,0gdgG,home,中信兄弟二軍,2,8,8,0,0
gfjpw,CPBLmi-2022-C2,2022,二軍,2022-07-17,例行賽,中信兄弟二軍,WpwCs,away,樂天桃猿二軍,8,2,11,0,1
QIdOc,CPBLmi-2022-C2,2022,二軍,2022-07-16,例行賽,統一7-ELEVEn獅二軍,RqKUf,home,味全龍二軍,3,0,10,0,1
QIdOc,CPBLmi-2022-C2,2022,二軍,2022-07-16,例行賽,味全龍二軍,zpYrU,away,統一7-ELEVEn獅二軍,0,3,5,0,0
Ww4fd,CPBLmi-2022-C2,2022,二軍,2022-07-15,例行賽,中信兄弟二軍,WpwCs,home,富邦悍將二軍,4,3,8,0,1
Ww4fd,CPBLmi-2022-C2,2022,二軍,2022-07-15,例行賽,富邦悍將二軍,64pmi,away,中信兄弟二軍,3,4,8,0,0
DgWnC,CPBLmi-2022-C2,2022,二軍,2022-07-14,例行賽,樂天桃猿二軍,0gdgG,home,富邦悍將二軍,5,15,9,0,0
DgWnC,CPBLmi-2022-C2,2022,二軍,2022-07-14,例行賽,富邦悍將二軍,64pmi,away,樂天桃猿二軍,15,5,19,0,1
Sz1Xg,CPBLmi-2022-C2,2022,二軍,2022-07-14,例行賽,中信兄弟二軍,WpwCs,home,統一7-ELEVEn獅二軍,8,4,12,0,1
Sz1Xg,CPBLmi-2022-C2,2022,二軍,2022-07-14,例行賽,統一7-ELEVEn獅二軍,RqKUf,away,中信兄弟二軍,4,8,8,0,0
qYD7r,CPBLmi-2022-C2,2022,二軍,2022-07-13,例行賽,味全龍二軍,zpYrU,home,統一7-ELEVEn獅二軍,6,5,8,0,1
qYD7r,CPBLmi-2022-C2,2022,二軍,2022-07-13,例行賽,統一7-ELEVEn獅二軍,RqKUf,away,味全龍二軍,5,6,9,0,0
mH4Qj,CPBLmi-2022-C2,2022,二軍,2022-07-13,例行賽,富邦悍將二軍,64pmi,home,樂天桃猿二軍,3,6,11,0,0
mH4Qj,CPBLmi-2022-C2,2022,二軍,2022-07-13,例行賽,樂天桃猿二軍,0gdgG,away,富邦悍將二軍,6,3,11,0,1
0qxpU,CPBLmi-2022-C2,2022,二軍,2022-07-12,例行賽,味全龍二軍,zpYrU,home,中信兄弟二軍,1,4,7,0,0
0qxpU,CPBLmi-2022-C2,2022,二軍,2022-07-12,例行賽,中信兄弟二軍,WpwCs,away,味全龍二軍,4,1,5,0,1
SA3g0,CPBLmi-2022-C2,2022,二軍,2022-07-12,例行賽,富邦悍將二軍,64pmi,home,樂天桃猿二軍,3,2,9,0,1
SA3g0,CPBLmi-2022-C2,2022,二軍,2022-07-12,例行賽,樂天桃猿二軍,0gdgG,away,富邦悍將二軍,2,3,7,0,0
L3p84,CPBLmi-2022-C2,2022,二軍,2022-07-10,例行賽,味全龍二軍,zpYrU,home,富邦悍將二軍,1,9,4,0,0
L3p84,CPBLmi-2022-C2,2022,二軍,2022-07-10,例行賽,富邦悍將二軍,64pmi,away,味全龍二軍,9,1,14,0,1
GJbjt,CPBLmi-2022-C2,2022,二軍,2022-07-09,例行賽,樂天桃猿二軍,0gdgG,home,中信兄弟二軍,3,7,7,0,0
GJbjt,CPBLmi-2022-C2,2022,二軍,2022-07-09,例行賽,中信兄弟二軍,WpwCs,away,樂天桃猿二軍,7,3,13,0,1
DgyAS,CPBLmi-2022-C2,2022,二軍,2022-07-06,例行賽,中信兄弟二軍,WpwCs,home,樂天桃猿二軍,8,1,8,0,1
DgyAS,CPBLmi-2022-C2,2022,二軍,2022-07-06,例行賽,樂天桃猿二軍,0gdgG,away,中信兄弟二軍,1,8,2,0,0
rY8hs,CPBLmi-2022-C2,2022,二軍,2022-07-01,例行賽,統一7-ELEVEn獅二軍,RqKUf,home,樂天桃猿二軍,5,9,9,0,0
rY8hs,CPBLmi-2022-C2,2022,二軍,2022-07-01,例行賽,樂天桃猿二軍,0gdgG,away,統一7-ELEVEn獅二軍,9,5,12,0,1
LBcEp,CPBLmi-2022-C2,2022,二軍,2022-06-30,例行賽,中信兄弟二軍,WpwCs,home,樂天桃猿二軍,2,2,9,0,
LBcEp,CPBLmi-2022-C2,2022,二軍,2022-06-30,例行賽,樂天桃猿二軍,0gdgG,away,中信兄弟二軍,2,2,7,0,
1BsY7,CPBLmi-2022-C2,2022,二軍,2022-06-28,例行賽,樂天桃猿二軍,0gdgG,home,中信兄弟二軍,4,4,7,0,
1BsY7,CPBLmi-2022-C2,2022,二軍,2022-06-28,例行賽,中信兄弟二軍,WpwCs,away,樂天桃猿二軍,4,4,8,0,
fSgR0,CPBLmi-2022-C2,2022,二軍,2022-06-26,例行賽,樂天桃猿二軍,0gdgG,home,統一7-ELEVEn獅二軍,2,0,5,0,1
fSgR0,CPBLmi-2022-C2,2022,二軍,2022-06-26,例行賽,統一7-ELEVEn獅二軍,RqKUf,away,樂天桃猿二軍,0,2,3,0,0
VYDrs,CPBLmi-2022-C2,2022,二軍,2022-06-23,例行賽,統一7-ELEVEn獅二軍,RqKUf,home,富邦悍將二軍,7,4,10,0,1
VYDrs,CPBLmi-2022-C2,2022,二軍,2022-06-23,例行賽,富邦悍將二軍,64pmi,away,統一7-ELEVEn獅二軍,4,7,11,0,0
Iflq2,CPBLmi-2022-C2,2022,二軍,2022-06-21,例行賽,中信兄弟二軍,WpwCs,home,統一7-ELEVEn獅二軍,7,5,13,0,1
Iflq2,CPBLmi-2022-C2,2022,二軍,2022-06-21,例行賽,統一7-ELEVEn獅二軍,RqKUf,away,中信兄弟二軍,5,7,11,0,0
ddfJQ,CPBLmi-2022-C2,2022,二軍,2022-06-19,例行賽,統一7-ELEVEn獅二軍,RqKUf,home,富邦悍將二軍,4,3,7,0,1
ddfJQ,CPBLmi-2022-C2,2022,二軍,2022-06-19,例行賽,富邦悍將二軍,64pmi,away,統一7-ELEVEn獅二軍,3,4,9,0,0
LbQW9,CPBLmi-2022-C2,2022,二軍,2022-06-19,例行賽,中信兄弟二軍,WpwCs,home,樂天桃猿二軍,1,3,4,0,0
LbQW9,CPBLmi-2022-C2,2022,二軍,2022-06-19,例行賽,樂天桃猿二軍,0gdgG,away,中信兄弟二軍,3,1,4,0,1
GCRSS,CPBLmi-2022-C2,2022,二軍,2022-06-18,例行賽,中信兄弟二軍,WpwCs,home,新北禾聯,4,6,8,0,0
GCRSS,CPBLmi-2022-C2,2022,二軍,2022-06-18,例行賽,新北禾聯,AeB2b,away,中信兄弟二軍,6,4,12,0,1
sN5v3,CPBLmi-2022-C2,2022,二軍,2022-06-18,例行賽,富邦悍將二軍,64pmi,home,合庫,12,9,13,0,1
sN5v3,CPBLmi-2022-C2,2022,二軍,2022-06-18,例行賽,合庫,gMCOL,away,富邦悍將二軍,9,12,10,0,0
vVY34,CPBLmi-2022-C2,2022,二軍,2022-06-17,例行賽,樂天桃猿二軍,0gdgG,home,桃園市,2,7,7,0,0
vVY34,CPBLmi-2022-C2,2022,二軍,2022-06-17,例行賽,桃園市,qZQql,away,樂天桃猿二軍,7,2,10,0,1
YiyzX,CPBLmi-2022-C2,2022,二軍,2022-06-16,例行賽,統一7-ELEVEn獅二軍,RqKUf,home,安永鮮物,9,1,10,0,1
YiyzX,CPBLmi-2022-C2,2022,二軍,2022-06-16,例行賽,安永鮮物,tAcHO,away,統一7-ELEVEn獅二軍,1,9,5,0,0
gWWyH,CPBLmi-2022-C2,2022,二軍,2022-06-16,例行賽,新北禾聯,AeB2b,home,富邦悍將二軍,4,8,13,0,0
gWWyH,CPBLmi-2022-C2,2022,二軍,2022-06-16,例行賽,富邦悍將二軍,64pmi,away,新北禾聯,8,4,12,0,1
Eymq1,CPBLmi-2022-C2,2022,二軍,2022-06-15,例行賽,安永鮮物,tAcHO,home,樂天桃猿二軍,0,6,5,0,0
Eymq1,CPBLmi-2022-C2,2022,二軍,2022-06-15,例行賽,樂天桃猿二軍,0gdgG,away,安永鮮物,6,0,6,0,1
Ngwh7,CPBLmi-2022-C2,2022,二軍,2022-06-14,例行賽,桃園市,qZQql,home,中信兄弟二軍,1,8,5,0,0
Ngwh7,CPBLmi-2022-C2,2022,二軍,2022-06-14,例行賽,中信兄弟二軍,WpwCs,away,桃園市,8,1,15,0,1
4Cdnq,CPBLmi-2022-C2,2022,二軍,2022-06-14,例行賽,臺北興富發,iXf2K,home,統一7-ELEVEn獅二軍,1,5,6,0,0
4Cdnq,CPBLmi-2022-C2,2022,二軍,2022-06-14,例行賽,統一7-ELEVEn獅二軍,RqKUf,away,臺北興富發,5,1,12,0,1
EGdsp,CPBLmi-2022-C2,2022,二軍,2022-06-13,例行賽,富邦悍將二軍,64pmi,home,桃園市,8,2,14,0,1
EGdsp,CPBLmi-2022-C2,2022,二軍,2022-06-13,例行賽,桃園市,qZQql,away,富邦悍將二軍,2,8,7,0,0
UcWUd,CPBLmi-2022-C2,2022,二軍,2022-06-13,例行賽,樂天桃猿二軍,0gdgG,home,新北禾聯,4,3,10,0,1
UcWUd,CPBLmi-2022-C2,2022,二軍,2022-06-13,例行賽,新北禾聯,AeB2b,away,樂天桃猿二軍,3,4,10,0,0
Y4eiJ,CPBLmi-2022-C2,2022,二軍,2022-06-12,例行賽,中信兄弟二軍,WpwCs,home,安永鮮物,19,7,18,0,1
Y4eiJ,CPBLmi-2022-C2,2022,二軍,2022-06-12,例行賽,安永鮮物,tAcHO,away,中信兄弟二軍,7,19,15,0,0
FbgAU,CPBLmi-2022-C2,2022,二軍,2022-06-12,例行賽,統一7-ELEVEn獅二軍,RqKUf,home,合庫,8,2,11,0,1
FbgAU,CPBLmi-2022-C2,2022,二軍,2022-06-12,例行賽,合庫,gMCOL,away,統一7-ELEVEn獅二軍,2,8,5,0,0
M8knE,CPBLmi-2022-C2,2022,二軍,2022-06-11,例行賽,樂天桃猿二軍,0gdgG,home,臺北興富發,1,1,6,0,
M8knE,CPBLmi-2022-C2,2022,二軍,2022-06-11,例行賽,臺北興富發,iXf2K,away,樂天桃猿二軍,1,1,5,0,
evmPW,CPBLmi-2022-C2,2022,二軍,2022-06-11,例行賽,桃園市,qZQql,home,味全龍二軍,0,5,4,0,0
evmPW,CPBLmi-2022-C2,2022,二軍,2022-06-11,例行賽,味全龍二軍,zpYrU,away,桃園市,5,0,12,0,1
OFw3N,CPBLmi-2022-C2,2022,二軍,2022-06-10,例行賽,新北禾聯,AeB2b,home,統一7-ELEVEn獅二軍,3,7,8,0,0
OFw3N,CPBLmi-2022-C2,2022,二軍,2022-06-10,例行賽,統一7-ELEVEn獅二軍,RqKUf,away,新北禾聯,7,3,10,0,1
0dgjY,CPBLmi-2022-C2,2022,二軍,2022-06-10,例行賽,安永鮮物,tAcHO,home,富邦悍將二軍,0,1,1,0,0
0dgjY,CPBLmi-2022-C2,2022,二軍,2022-06-10,例行賽,富邦悍將二軍,64pmi,away,安永鮮物,1,0,4,0,1
pIqie,CPBLmi-2022-C2,2022,二軍,2022-06-09,例行賽,合庫,gMCOL,home,樂天桃猿二軍,3,4,7,0,0
pIqie,CPBLmi-2022-C2,2022,二軍,2022-06-09,例行賽,樂天桃猿二軍,0gdgG,away,合庫,4,3,6,0,1
247GI,CPBLmi-2022-C2,2022,二軍,2022-06-09,例行賽,臺北興富發,iXf2K,home,中信兄弟二軍,0,0,4,0,
247GI,CPBLmi-2022-C2,2022,二軍,2022-06-09,例行賽,中信兄弟二軍,WpwCs,away,臺北興富發,0,0,5,0,
rK5wQ,CPBLmi-2022-C2,2022,二軍,2022-06-08,例行賽,味全龍二軍,zpYrU,home,安永鮮物,4,3,11,0,1
rK5wQ,CPBLmi-2022-C2,2022,二軍,2022-06-08,例行賽,安永鮮物,tAcHO,away,味全龍二軍,3,4,8,0,0
HYzrA,CPBLmi-2022-C2,2022,二軍,2022-06-08,例行賽,統一7-ELEVEn獅二軍,RqKUf,home,桃園市,6,4,6,0,1
HYzrA,CPBLmi-2022-C2,2022,二軍,2022-06-08,例行賽,桃園市,qZQql,away,統一7-ELEVEn獅二軍,4,6,9,0,0
O35qE,CPBLmi-2022-C2,2022,二軍,2022-06-07,例行賽,富邦悍將二軍,64pmi,home,臺北興富發,7,5,11,0,1
O35qE,CPBLmi-2022-C2,2022,二軍,2022-06-07,例行賽,臺北興富發,iXf2K,away,富邦悍將二軍,5,7,12,0,0
hAc8v,CPBLmi-2022-C2,2022,二軍,2022-06-06,例行賽,中信兄弟二軍,WpwCs,home,合庫,1,0,7,0,1
hAc8v,CPBLmi-2022-C2,2022,二軍,2022-06-06,例行賽,合庫,gMCOL,away,中信兄弟二軍,0,1,3,0,0
f3aTe,CPBLmi-2022-C2,2022,二軍,2022-06-05,例行賽,中信兄弟二軍,WpwCs,home,味全龍二軍,8,7,13,0,1
f3aTe,CPBLmi-2022-C2,2022,二軍,2022-06-05,例行賽,味全龍二軍,zpYrU,away,中信兄弟二軍,7,8,15,0,0
TU8V8,CPBLmi-2022-C2,2022,二軍,2022-06-03,例行賽,味全龍二軍,zpYrU,home,富邦悍將二軍,3,2,7,0,1
TU8V8,CPBLmi-2022-C2,2022,二軍,2022-06-03,例行賽,富邦悍將二軍,64pmi,away,味全龍二軍,2,3,7,0,0
xVQqB,CPBLmi-2022-C2,2022,二軍,2022-06-02,例行賽,中信兄弟二軍,WpwCs,home,富邦悍將二軍,3,1,10,0,1
xVQqB,CPBLmi-2022-C2,2022,二軍,2022-06-02,例行賽,富邦悍將二軍,64pmi,away,中信兄弟二軍,1,3,5,0,0
P3Iyz,CPBLmi-2022-C2,2022,二軍,2022-06-01,例行賽,富邦悍將二軍,64pmi,home,中信兄弟二軍,0,6,3,0,0
P3Iyz,CPBLmi-2022-C2,2022,二軍,2022-06-01,例行賽,中信兄弟二軍,WpwCs,away,富邦悍將二軍,6,0,15,0,1
sUz6G,CPBLmi-2022-C2,2022,二軍,2022-05-31,例行賽,富邦悍將二軍,64pmi,home,中信兄弟二軍,0,5,3,0,0
sUz6G,CPBLmi-2022-C2,2022,二軍,2022-05-31,例行賽,中信兄弟二軍,WpwCs,away,富邦悍將二軍,5,0,9,0,1
rl0vI,CPBLmi-2022-C2,2022,二軍,2022-05-28,例行賽,中信兄弟二軍,WpwCs,home,味全龍二軍,9,4,15,0,1
rl0vI,CPBLmi-2022-C2,2022,二軍,2022-05-28,例行賽,味全龍二軍,zpYrU,away,中信兄弟二軍,4,9,8,0,0
CDbOt,CPBLmi-2022-C2,2022,二軍,2022-05-25,例行賽,味全龍二軍,zpYrU,home,中信兄弟二軍,0,1,5,0,0
CDbOt,CPBLmi-2022-C2,2022,二軍,2022-05-25,例行賽,中信兄弟二軍,WpwCs,away,味全龍二軍,1,0,7,0,1
bzin8,CPBLmi-2022-C2,2022,二軍,2022-05-13,例行賽,中信兄弟二軍,WpwCs,home,統一7-ELEVEn獅二軍,4,3,9,0,1
bzin8,CPBLmi-2022-C2,2022,二軍,2022-05-13,例行賽,統一7-ELEVEn獅二軍,RqKUf,away,中信兄弟二軍,3,4,6,0,0
iIBC4,CPBLmi-2022-C2,2022,二軍,2022-05-10,例行賽,樂天桃猿二軍,0gdgG,home,中信兄弟二軍,6,0,10,0,1
iIBC4,CPBLmi-2022-C2,2022,二軍,2022-05-10,例行賽,中信兄弟二軍,WpwCs,away,樂天桃猿二軍,0,6,6,0,0
BeGIC,CPBLmi-2022-C2,2022,二軍,2022-05-10,例行賽,統一7-ELEVEn獅二軍,RqKUf,home,富邦悍將二軍,2,4,12,0,0
BeGIC,CPBLmi-2022-C2,2022,二軍,2022-05-10,例行賽,富邦悍將二軍,64pmi,away,統一7-ELEVEn獅二軍,4,2,10,0,1
1NN1X,CPBLmi-2022-C2,2022,二軍,2022-05-08,例行賽,味全龍二軍,zpYrU,home,統一7-ELEVEn獅二軍,5,7,13,0,0
1NN1X,CPBLmi-2022-C2,2022,二軍,2022-05-08,例行賽,統一7-ELEVEn獅二軍,RqKUf,away,味全龍二軍,7,5,11,0,1
XO6Jx,CPBLmi-2022-C2,2022,二軍,2022-05-07,例行賽,中信兄弟二軍,WpwCs,home,樂天桃猿二軍,3,3,5,0,
XO6Jx,CPBLmi-2022-C2,2022,二軍,2022-05-07,例行賽,樂天桃猿二軍,0gdgG,away,中信兄弟二軍,3,3,6,0,
uHSEY,CPBLmi-2022-C2,2022,二軍,2022-05-06,例行賽,統一7-ELEVEn獅二軍,RqKUf,home,富邦悍將二軍,5,3,4,0,1
uHSEY,CPBLmi-2022-C2,2022,二軍,2022-05-06,例行賽,富邦悍將二軍,64pmi,away,統一7-ELEVEn獅二軍,3,5,9,0,0
MH7RM,CPBLmi-2022-C2,2022,二軍,2022-05-05,例行賽,味全龍二軍,zpYrU,home,富邦悍將二軍,5,2,6,0,1
MH7RM,CPBLmi-2022-C2,2022,二軍,2022-05-05,例行賽,富邦悍將二軍,64pmi,away,味全龍二軍,2,5,7,0,0
jzYuS,CPBLmi-2022-C2,2022,二軍,2022-05-05,例行賽,統一7-ELEVEn獅二軍,RqKUf,home,中信兄弟二軍,15,9,13,0,1
jzYuS,CPBLmi-2022-C2,2022,二軍,2022-05-05,例行賽,中信兄弟二軍,WpwCs,away,統一7-ELEVEn獅二軍,9,15,10,0,0
fXSeI,CPBLmi-2022-C2,2022,二軍,2022-05-04,例行賽,樂天桃猿二軍,0gdgG,home,中信兄弟二軍,2,3,4,0,0
fXSeI,CPBLmi-2022-C2,2022,二軍,2022-05-04,例行賽,中信兄弟二軍,WpwCs,away,樂天桃猿二軍,3,2,6,0,1
xUVyx,CPBLmi-2022-C2,2022,二軍,2022-05-03,例行賽,樂天桃猿二軍,0gdgG,home,統一7-ELEVEn獅二軍,1,2,6,0,0
xUVyx,CPBLmi-2022-C2,2022,二軍,2022-05-03,例行賽,統一7-ELEVEn獅二軍,RqKUf,away,樂天桃猿二軍,2,1,8,0,1
gG7O5,CPBLmi-2022-C2,2022,二軍,2022-05-03,例行賽,富邦悍將二軍,64pmi,home,味全龍二軍,5,1,10,0,1
gG7O5,CPBLmi-2022-C2,2022,二軍,2022-05-03,例行賽,味全龍二軍,zpYrU,away,富邦悍將二軍,1,5,9,0,0
S4KQE,CPBLmi-2022-C2,2022,二軍,2022-05-01,例行賽,中信兄弟二軍,WpwCs,home,樂天桃猿二軍,11,4,15,0,1
S4KQE,CPBLmi-2022-C2,2022,二軍,2022-05-01,例行賽,樂天桃猿二軍,0gdgG,away,中信兄弟二軍,4,11,6,0,0
zsNtC,CPBLmi-2022-C2,2022,二軍,2022-04-30,例行賽,富邦悍將二軍,64pmi,home,味全龍二軍,8,0,11,0,1
zsNtC,CPBLmi-2022-C2,2022,二軍,2022-04-30,例行賽,味全龍二軍,zpYrU,away,富邦悍將二軍,0,8,1,0,0
ZeAl7,CPBLmi-2022-C2,2022,二軍,2022-04-29,例行賽,樂天桃猿二軍,0gdgG,home,統一7-ELEVEn獅二軍,8,5,11,0,1
ZeAl7,CPBLmi-2022-C2,2022,二軍,2022-04-29,例行賽,統一7-ELEVEn獅二軍,RqKUf,away,樂天桃猿二軍,5,8,9,0,0
Tbb7S,CPBLmi-2022-C2,2022,二軍,2022-04-28,例行賽,中信兄弟二軍,WpwCs,home,統一7-ELEVEn獅二軍,5,5,11,0,
Tbb7S,CPBLmi-2022-C2,2022,二軍,2022-04-28,例行賽,統一7-ELEVEn獅二軍,RqKUf,away,中信兄弟二軍,5,5,11,0,
xbgfL,CPBLmi-2022-C2,2022,二軍,2022-04-28,例行賽,樂天桃猿二軍,0gdgG,home,富邦悍將二軍,1,0,5,0,1
xbgfL,CPBLmi-2022-C2,2022,二軍,2022-04-28,例行賽,富邦悍將二軍,64pmi,away,樂天桃猿二軍,0,1,4,0,0
tZufJ,CPBLmi-2022-C2,2022,二軍,2022-04-27,例行賽,味全龍二軍,zpYrU,home,富邦悍將二軍,2,6,7,0,0
tZufJ,CPBLmi-2022-C2,2022,二軍,2022-04-27,例行賽,富邦悍將二軍,64pmi,away,味全龍二軍,6,2,11,0,1
o2lfJ,CPBLmi-2022-C2,2022,二軍,2022-04-26,例行賽,味全龍二軍,zpYrU,home,樂天桃猿二軍,0,5,4,0,0
o2lfJ,CPBLmi-2022-C2,2022,二軍,2022-04-26,例行賽,樂天桃猿二軍,0gdgG,away,味全龍二軍,5,0,8,0,1
rjwA1,CPBLmi-2022-C2,2022,二軍,2022-04-26,例行賽,統一7-ELEVEn獅二軍,RqKUf,home,中信兄弟二軍,5,0,8,0,1
rjwA1,CPBLmi-2022-C2,2022,二軍,2022-04-26,例行賽,中信兄弟二軍,WpwCs,away,統一7-ELEVEn獅二軍,0,5,6,0,0
xj7FR,CPBLmi-2022-C2,2022,二軍,2022-04-24,例行賽,富邦悍將二軍,64pmi,home,味全龍二軍,4,5,9,0,0
xj7FR,CPBLmi-2022-C2,2022,二軍,2022-04-24,例行賽,味全龍二軍,zpYrU,away,富邦悍將二軍,5,4,9,0,1
Bxumz,CPBLmi-2022-C2,2022,二軍,2022-04-23,例行賽,統一7-ELEVEn獅二軍,RqKUf,home,中信兄弟二軍,0,4,2,0,0
Bxumz,CPBLmi-2022-C2,2022,二軍,2022-04-23,例行賽,中信兄弟二軍,WpwCs,away,統一7-ELEVEn獅二軍,4,0,9,0,1
6Kq6q,CPBLmi-2022-C2,2022,二軍,2022-04-22,例行賽,味全龍二軍,zpYrU,home,樂天桃猿二軍,3,7,4,0,0
6Kq6q,CPBLmi-2022-C2,2022,二軍,2022-04-22,例行賽,樂天桃猿二軍,0gdgG,away,味全龍二軍,7,3,9,0,1
Rh9Iq,CPBLmi-2022-C2,2022,二軍,2022-04-21,例行賽,富邦悍將二軍,64pmi,home,樂天桃猿二軍,3,8,10,0,0
Rh9Iq,CPBLmi-2022-C2,2022,二軍,2022-04-21,例行賽,樂天桃猿二軍,0gdgG,away,富邦悍將二軍,8,3,11,0,1
DP5fM,CPBLmi-2022-C2,2022,二軍,2022-04-21,例行賽,味全龍二軍,zpYrU,home,統一7-ELEVEn獅二軍,4,2,7,0,1
DP5fM,CPBLmi-2022-C2,2022,二軍,2022-04-21,例行賽,統一7-ELEVEn獅二軍,RqKUf,away,味全龍二軍,2,4,5,0,0
FxVK4,CPBLmi-2022-C2,2022,二軍,2022-04-20,例行賽,中信兄弟二軍,WpwCs,home,統一7-ELEVEn獅二軍,5,2,10,0,1
FxVK4,CPBLmi-2022-C2,2022,二軍,2022-04-20,例行賽,統一7-ELEVEn獅二軍,RqKUf,away,中信兄弟二軍,2,5,4,0,0
3GWAw,CPBLmi-2022-C2,2022,二軍,2022-04-19,例行賽,中信兄弟二軍,WpwCs,home,味全龍二軍,6,1,9,0,1
3GWAw,CPBLmi-2022-C2,2022,二軍,2022-04-19,例行賽,味全龍二軍,zpYrU,away,中信兄弟二軍,1,6,5,0,0
dbcFX,CPBLmi-2022-C2,2022,二軍,2022-04-19,例行賽,樂天桃猿二軍,0gdgG,home,富邦悍將二軍,1,3,8,0,0
dbcFX,CPBLmi-2022-C2,2022,二軍,2022-04-19,例行賽,富邦悍將二軍,64pmi,away,樂天桃猿二軍,3,1,5,0,1
AjA7S,CPBLmi-2022-C2,2022,二軍,2022-04-17,例行賽,統一7-ELEVEn獅二軍,RqKUf,home,中信兄弟二軍,1,1,6,0,
AjA7S,CPBLmi-2022-C2,2022,二軍,2022-04-17,例行賽,中信兄弟二軍,WpwCs,away,統一7-ELEVEn獅二軍,1,1,8,0,
zOXCq,CPBLmi-2022-C2,2022,二軍,2022-04-16,例行賽,樂天桃猿二軍,0gdgG,home,富邦悍將二軍,12,8,12,0,1
zOXCq,CPBLmi-2022-C2,2022,二軍,2022-04-16,例行賽,富邦悍將二軍,64pmi,away,樂天桃猿二軍,8,12,17,0,0
K5Xzp,CPBLmi-2022-C2,2022,二軍,2022-04-15,例行賽,中信兄弟二軍,WpwCs,home,味全龍二軍,3,14,10,0,0
K5Xzp,CPBLmi-2022-C2,2022,二軍,2022-04-15,例行賽,味全龍二軍,zpYrU,away,中信兄弟二軍,14,3,14,0,1
yfz6R,CPBLmi-2022-C2,2022,二軍,2022-04-14,例行賽,統一7-ELEVEn獅二軍,RqKUf,home,味全龍二軍,11,8,13,0,1
yfz6R,CPBLmi-2022-C2,2022,二軍,2022-04-14,例行賽,味全龍二軍,zpYrU,away,統一7-ELEVEn獅二軍,8,11,11,0,0
y7M2z,CPBLmi-2022-C2,2022,二軍,2022-04-14,例行賽,中信兄弟二軍,WpwCs,home,樂天桃猿二軍,3,4,7,0,0
y7M2z,CPBLmi-2022-C2,2022,二軍,2022-04-14,例行賽,樂天桃猿二軍,0gdgG,away,中信兄弟二軍,4,3,10,0,1
TIrNR,CPBLmi-2022-C2,2022,二軍,2022-04-13,例行賽,富邦悍將二軍,64pmi,home,樂天桃猿二軍,3,3,7,0,
TIrNR,CPBLmi-2022-C2,2022,二軍,2022-04-13,例行賽,樂天桃猿二軍,0gdgG,away,富邦悍將二軍,3,3,9,0,
jP547,CPBLmi-2022-C2,2022,二軍,2022-04-12,例行賽,富邦悍將二軍,64pmi,home,中信兄弟二軍,7,7,14,0,
jP547,CPBLmi-2022-C2,2022,二軍,2022-04-12,例行賽,中信兄弟二軍,WpwCs,away,富邦悍將二軍,7,7,14,0,
Uii56,CPBLmi-2022-C2,2022,二軍,2022-04-12,例行賽,味全龍二軍,zpYrU,home,統一7-ELEVEn獅二軍,4,2,8,0,1
Uii56,CPBLmi-2022-C2,2022,二軍,2022-04-12,例行賽,統一7-ELEVEn獅二軍,RqKUf,away,味全龍二軍,2,4,7,0,0
1yZJL,CPBLmi-2022-C2,2022,二軍,2022-04-10,例行賽,樂天桃猿二軍,0gdgG,home,富邦悍將二軍,4,6,10,0,0
1yZJL,CPBLmi-2022-C2,2022,二軍,2022-04-10,例行賽,富邦悍將二軍,64pmi,away,樂天桃猿二軍,6,4,5,0,1
YM4g8,CPBLmi-2022-C2,2022,二軍,2022-04-09,例行賽,味全龍二軍,zpYrU,home,統一7-ELEVEn獅二軍,2,2,5,0,
YM4g8,CPBLmi-2022-C2,2022,二軍,2022-04-09,例行賽,統一7-ELEVEn獅二軍,RqKUf,away,味全龍二軍,2,2,6,0,
I1NoH,CPBLmi-2022-C2,2022,二軍,2022-04-08,例行賽,富邦悍將二軍,64pmi,home,中信兄弟二軍,4,1,7,0,1
I1NoH,CPBLmi-2022-C2,2022,二軍,2022-04-08,例行賽,中信兄弟二軍,WpwCs,away,富邦悍將二軍,1,4,5,0,0
zwYEb,CPBLmi-2022-C2,2022,二軍,2022-04-07,例行賽,樂天桃猿二軍,0gdgG,home,中信兄弟二軍,2,2,11,0,
zwYEb,CPBLmi-2022-C2,2022,二軍,2022-04-07,例行賽,中信兄弟二軍,WpwCs,away,樂天桃猿二軍,2,2,4,0,
xYqw7,CPBLmi-2022-C2,2022,二軍,2022-04-07,例行賽,富邦悍將二軍,64pmi,home,味全龍二軍,1,7,3,0,0
xYqw7,CPBLmi-2022-C2,2022,二軍,2022-04-07,例行賽,味全龍二軍,zpYrU,away,富邦悍將二軍,7,1,8,0,1
zIpr0,CPBLmi-2022-C2,2022,二軍,2022-04-06,例行賽,統一7-ELEVEn獅二軍,RqKUf,home,味全龍二軍,5,14,8,0,0
zIpr0,CPBLmi-2022-C2,2022,二軍,2022-04-06,例行賽,味全龍二軍,zpYrU,away,統一7-ELEVEn獅二軍,14,5,16,0,1
CfKib,CPBLmi-2022-C2,2022,二軍,2022-04-05,例行賽,統一7-ELEVEn獅二軍,RqKUf,home,富邦悍將二軍,6,5,9,0,1
CfKib,CPBLmi-2022-C2,2022,二軍,2022-04-05,例行賽,富邦悍將二軍,64pmi,away,統一7-ELEVEn獅二軍,5,6,12,0,0
2Hw8t,CPBLmi-2022-C2,2022,二軍,2022-04-05,例行賽,中信兄弟二軍,WpwCs,home,樂天桃猿二軍,3,1,7,0,1
2Hw8t,CPBLmi-2022-C2,2022,二軍,2022-04-05,例行賽,樂天桃猿二軍,0gdgG,away,中信兄弟二軍,1,3,7,0,0
